road_point_id,lat,lon,road_name,city,total_sewer_length,old_sewer_length,sewer_old30_ratio,average_sewer_age,sewer_match_status,has_nearby_repair,repair_id,last_repair_date,repair_type,distance_to_last_repair_m,nearby_repair_count,date,avg_temp,min_temp,max_temp,precipitation,snowfall,humidity,pothole_label
R00103,35.766707,127.205112,전주 데모도로,전주시,2081706.65,842.95,0.0004049321742811,7.742488395563824,matched,0,,,,,0,2026-07-20,25.542,17.05,36.34,23.06,0.0,66.218,0
R00436,35.415645,127.440729,남원 데모도로,남원시,670188.0,287953.6,0.4296609309626552,17.276260308101918,matched,0,,,,,0,2024-10-06,9.98,4.46,16.79,14.09,0.0,67.586,0
R00271,36.021575,126.682963,군산 데모도로,군산시,1384801.76,612246.21,0.442118307244208,14.853572251212228,matched,0,,,,,0,2025-06-16,26.226,20.4,35.22,16.71,0.0,61.164,0
R00107,35.781744,127.189963,전주 데모도로,전주시,2081706.65,842.95,0.0004049321742811,7.742488395563824,matched,0,,,,,0,2025-02-24,5.242,-5.58,14.35,0.0,2.79,56.315999999999995,0
R00072,35.759166,127.146231,전주 데모도로,전주시,2081706.65,842.95,0.0004049321742811,7.742488395563824,matched,0,,,,,0,2025-01-01,-1.8240000000000003,-9.51,3.0,3.56,1.02,51.948,0
R00021,35.825393,127.165179,전주 데모도로,전주시,2081706.65,842.95,0.0004049321742811,7.742488395563824,matched,0,,,,,0,2026-02-24,5.612,-0.55,12.76,22.32,0.71,68.096,0
R00615,35.499999,126.855537,정읍 데모도로,정읍시,845508.0,326882.92,0.3866112680187532,9.4307279162049,matched,0,,,,,0,2025-09-26,13.719999999999999,4.03,22.48,16.73,0.0,70.096,0
R00122,35.833722,127.138737,전주 데모도로,전주시,2081706.65,842.95,0.0004049321742811,7.742488395563824,matched,0,,,,,0,2026-04-12,14.184000000000001,6.32,20.98,0.0,0.0,58.14,0
R00467,35.442511,127.416527,남원 데모도로,남원시,670188.0,287953.6,0.4296609309626552,17.276260308101918,matched,0,,,,,0,2025-07-25,25.228,18.08,32.83,6.69,0.0,65.046,0
R00215,35.936584,126.736765,군산 데모도로,군산시,1384801.76,612246.21,0.442118307244208,14.853572251212228,matched,0,,,,,0,2026-07-23,23.1,16.23,31.38,14.530000000000001,0.0,59.636,0
R00331,35.9748,126.983332,익산 데모도로,익산시,1404068.0,1069912.0,0.7620086776423934,10.189728749446369,matched,0,,,,,0,2025-07-02,24.726,18.16,31.21,18.169999999999998,0.0,63.05999999999999,0
R00459,35.415242,127.388654,남원 데모도로,남원시,670188.0,287953.6,0.4296609309626552,17.276260308101918,matched,0,,,,,0,2026-04-28,19.369999999999997,11.71,27.45,0.0,0.0,53.717999999999996,0
R00088,35.835885,127.1478,전주 데모도로,전주시,2081706.65,842.95,0.0004049321742811,7.742488395563824,matched,0,,,,,0,2025-08-16,19.875999999999998,12.01,31.79,8.19,0.0,61.42999999999999,0
R00373,36.023019,126.958074,익산 데모도로,익산시,1404068.0,1069912.0,0.7620086776423934,10.189728749446369,matched,0,,,,,0,2025-09-04,16.456,9.53,22.57,0.0,0.0,54.684000000000005,1
R00100,35.893826,127.148815,전주 데모도로,전주시,2081706.65,842.95,0.0004049321742811,7.742488395563824,matched,0,,,,,0,2025-04-08,13.232,6.31,19.13,3.42,0.0,61.668000000000006,0
R00664,35.572029,126.855151,정읍 데모도로,정읍시,845508.0,326882.92,0.3866112680187532,9.4307279162049,matched,0,,,,,0,2025-07-28,23.758,15.4,33.71,3.39,0.0,57.048,0
R00131,35.863854,127.10724,전주 데모도로,전주시,2081706.65,842.95,0.0004049321742811,7.742488395563824,matched,0,,,,,0,2026-02-18,4.684,-1.99,14.4,17.59,0.0,65.59200000000001,0
R00662,35.563211,126.861169,정읍 데모도로,정읍시,845508.0,326882.92,0.3866112680187532,9.4307279162049,matched,0,,,,,0,2026-02-22,4.523999999999999,-1.51,11.1,9.78,0.0,48.736000000000004,0
R00309,35.898125,126.907981,익산 데모도로,익산시,1404068.0,1069912.0,0.7620086776423934,10.189728749446369,matched,0,,,,,0,2026-01-29,2.5799999999999996,-8.55,11.1,18.8,3.07,65.388,1
R00344,35.881631,126.957415,익산 데모도로,익산시,1404068.0,1069912.0,0.7620086776423934,10.189728749446369,matched,0,,,,,0,2026-03-12,8.274000000000001,2.27,17.29,48.99,0.0,66.502,1
R00492,35.407522,127.389588,남원 데모도로,남원시,670188.0,287953.6,0.4296609309626552,17.276260308101918,matched,0,,,,,0,2025-02-17,4.242,-4.37,12.28,0.0,0.0,60.605999999999995,0
R00414,35.416024,127.335612,남원 데모도로,남원시,670188.0,287953.6,0.4296609309626552,17.276260308101918,matched,0,,,,,0,2024-09-28,10.866,5.46,17.68,0.0,0.0,57.418000000000006,0
R00386,35.928879,126.975814,익산 데모도로,익산시,1404068.0,1069912.0,0.7620086776423934,10.189728749446369,matched,0,,,,,0,2026-02-20,4.668,-1.31,11.53,0.0,1.04,62.7,1
R00192,35.983184,126.751861,군산 데모도로,군산시,1384801.76,612246.21,0.442118307244208,14.853572251212228,matched,0,,,,,0,2025-09-19,12.801999999999998,6.78,19.61,0.0,0.0,63.528,0
R00277,35.947756,126.896589,익산 데모도로,익산시,1404068.0,1069912.0,0.7620086776423934,10.189728749446369,matched,0,,,,,0,2026-07-23,23.1,16.23,31.38,14.530000000000001,0.0,59.636,0
R00161,35.966337,126.774117,군산 데모도로,군산시,1384801.76,612246.21,0.442118307244208,14.853572251212228,matched,0,,,,,0,2025-12-25,-0.7779999999999999,-10.2,5.33,9.48,1.44,57.198,0
R00460,35.418368,127.392787,남원 데모도로,남원시,670188.0,287953.6,0.4296609309626552,17.276260308101918,matched,0,,,,,0,2026-06-08,25.612000000000002,19.68,32.31,30.86,0.0,53.616,0
R00314,35.914794,126.925322,익산 데모도로,익산시,1404068.0,1069912.0,0.7620086776423934,10.189728749446369,matched,0,,,,,0,2025-07-17,22.740000000000002,14.63,29.17,0.0,0.0,59.152,0
R00022,35.824024,127.169147,전주 데모도로,전주시,2081706.65,842.95,0.0004049321742811,7.742488395563824,matched,0,,,,,0,2024-12-23,-3.064,-11.08,5.12,0.0,2.01,62.352,0
R00253,35.959922,126.746219,군산 데모도로,군산시,1384801.76,612246.21,0.442118307244208,14.853572251212228,matched,0,,,,,0,2026-02-27,5.242,-3.16,10.47,35.11,0.0,62.71,0
R00561,35.570139,126.852906,정읍 데모도로,정읍시,845508.0,326882.92,0.3866112680187532,9.4307279162049,matched,0,,,,,0,2026-02-26,4.828,-1.55,11.79,0.0,0.0,57.912,0
R00475,35.469519,127.443091,남원 데모도로,남원시,670188.0,287953.6,0.4296609309626552,17.276260308101918,matched,0,,,,,0,2024-08-19,18.448,11.14,25.78,69.77000000000001,0.0,61.574,0
R00059,35.850445,127.173177,전주 데모도로,전주시,2081706.65,842.95,0.0004049321742811,7.742488395563824,matched,0,,,,,0,2025-02-02,1.5100000000000002,-4.87,6.96,9.91,0.0,65.52799999999999,0
R00511,35.360301,127.445956,남원 데모도로,남원시,670188.0,287953.6,0.4296609309626552,17.276260308101918,matched,0,,,,,0,2026-04-30,17.546,8.02,29.17,35.68,0.0,63.46,1
R00476,35.473934,127.448117,남원 데모도로,남원시,670188.0,287953.6,0.4296609309626552,17.276260308101918,matched,0,,,,,0,2024-09-06,16.064,8.28,24.71,1.73,0.0,56.646,0
R00190,35.97726,126.744251,군산 데모도로,군산시,1384801.76,612246.21,0.442118307244208,14.853572251212228,matched,0,,,,,0,2025-07-16,22.926,15.97,30.52,44.76,0.0,67.75399999999999,1
R00563,35.568981,126.862675,정읍 데모도로,정읍시,845508.0,326882.92,0.3866112680187532,9.4307279162049,matched,0,,,,,0,2026-03-25,13.262,6.5,21.24,1.4,0.0,55.553999999999995,0
R00567,35.56945,126.882423,정읍 데모도로,정읍시,845508.0,326882.92,0.3866112680187532,9.4307279162049,matched,0,,,,,0,2025-11-17,-0.021999999999999974,-7.54,9.11,13.18,0.0,68.096,0
R00244,35.927264,126.77607,군산 데모도로,군산시,1384801.76,612246.21,0.442118307244208,14.853572251212228,matched,0,,,,,0,2024-12-05,-1.6179999999999999,-11.19,3.6,7.62,0.0,58.233999999999995,0
R00505,35.472318,127.390957,남원 데모도로,남원시,670188.0,287953.6,0.4296609309626552,17.276260308101918,matched,0,,,,,0,2025-05-13,21.919999999999998,14.74,29.44,6.34,0.0,56.172000000000004,0
R00131,35.863854,127.10724,전주 데모도로,전주시,2081706.65,842.95,0.0004049321742811,7.742488395563824,matched,0,,,,,0,2025-11-06,3.554,-6.12,10.09,0.0,0.0,59.862,0
R00485,35.375685,127.391521,남원 데모도로,남원시,670188.0,287953.6,0.4296609309626552,17.276260308101918,matched,0,,,,,0,2025-04-15,14.602,3.74,23.98,11.18,0.0,63.068000000000005,0
R00647,35.514007,126.912451,정읍 데모도로,정읍시,845508.0,326882.92,0.3866112680187532,9.4307279162049,matched,0,,,,,0,2025-06-15,24.476,18.46,31.52,4.109999999999999,0.0,57.102,0
R00021,35.825393,127.165179,전주 데모도로,전주시,2081706.65,842.95,0.0004049321742811,7.742488395563824,matched,0,,,,,0,2026-04-12,14.184000000000001,6.32,20.98,0.0,0.0,58.14,0
R00167,35.966864,126.803036,군산 데모도로,군산시,1384801.76,612246.21,0.442118307244208,14.853572251212228,matched,0,,,,,0,2024-11-29,-0.95,-7.57,5.28,5.13,0.0,62.414,0
R00274,35.947598,126.881553,익산 데모도로,익산시,1404068.0,1069912.0,0.7620086776423934,10.189728749446369,matched,0,,,,,0,2025-04-25,17.694,9.42,23.75,0.0,0.0,54.251999999999995,0
R00388,35.936603,126.969941,익산 데모도로,익산시,1404068.0,1069912.0,0.7620086776423934,10.189728749446369,matched,0,,,,,0,2025-11-14,0.718,-5.89,6.75,43.419999999999995,0.0,62.952,1
R00601,35.589527,126.875097,정읍 데모도로,정읍시,845508.0,326882.92,0.3866112680187532,9.4307279162049,matched,0,,,,,0,2026-01-20,0.16400000000000015,-7.67,10.85,0.0,2.38,57.918000000000006,0
R00316,35.921075,126.932087,익산 데모도로,익산시,1404068.0,1069912.0,0.7620086776423934,10.189728749446369,matched,0,,,,,0,2025-01-18,2.2159999999999997,-4.72,9.05,13.81,3.35,60.888,1
R00014,35.823624,127.130986,전주 데모도로,전주시,2081706.65,842.95,0.0004049321742811,7.742488395563824,matched,0,,,,,0,2025-02-08,2.44,-4.62,9.16,27.66,0.35,65.684,0
R00242,35.921216,126.78377,군산 데모도로,군산시,1384801.76,612246.21,0.442118307244208,14.853572251212228,matched,0,,,,,0,2025-07-27,24.235999999999997,18.12,29.81,7.890000000000001,0.0,57.45,0
R00346,35.892252,126.957481,익산 데모도로,익산시,1404068.0,1069912.0,0.7620086776423934,10.189728749446369,matched,0,,,,,0,2026-06-19,24.666,18.03,31.25,29.11,0.0,62.238,1
R00565,35.570006,126.873685,정읍 데모도로,정읍시,845508.0,326882.92,0.3866112680187532,9.4307279162049,matched,0,,,,,0,2025-10-23,7.258,2.64,12.83,0.0,0.0,54.053999999999995,0
R00340,36.004894,127.013813,익산 데모도로,익산시,1404068.0,1069912.0,0.7620086776423934,10.189728749446369,matched,0,,,,,0,2026-08-15,22.642000000000003,15.13,30.29,0.0,0.0,57.614,0
R00092,35.855794,127.148422,전주 데모도로,전주시,2081706.65,842.95,0.0004049321742811,7.742488395563824,matched,0,,,,,0,2026-07-08,23.842,15.76,31.21,20.9,0.0,62.726,0
R00367,35.994823,126.95808,익산 데모도로,익산시,1404068.0,1069912.0,0.7620086776423934,10.189728749446369,matched,0,,,,,0,2026-07-06,24.566,17.36,31.2,6.64,0.0,60.081999999999994,0
R00455,35.401253,127.375306,남원 데모도로,남원시,670188.0,287953.6,0.4296609309626552,17.276260308101918,matched,0,,,,,0,2026-06-07,23.933999999999997,17.64,30.17,33.68,0.0,62.214,0
R00428,35.41588,127.402421,남원 데모도로,남원시,670188.0,287953.6,0.4296609309626552,17.276260308101918,matched,0,,,,,0,2025-07-08,24.436,16.3,30.74,0.0,0.0,53.303999999999995,0
R00509,35.490595,127.389924,남원 데모도로,남원시,670188.0,287953.6,0.4296609309626552,17.276260308101918,matched,0,,,,,0,2026-06-22,24.904,16.06,35.86,21.15,0.0,50.398,0
R00035,35.768569,127.091285,전주 데모도로,전주시,2081706.65,842.95,0.0004049321742811,7.742488395563824,matched,0,,,,,0,2026-05-19,21.038,15.25,28.73,0.0,0.0,53.34400000000001,0
R00206,35.894142,126.737256,군산 데모도로,군산시,1384801.76,612246.21,0.442118307244208,14.853572251212228,matched,0,,,,,0,2025-10-12,7.909999999999999,2.77,15.27,0.0,0.0,59.138,0
R00081,35.8024,127.147489,전주 데모도로,전주시,2081706.65,842.95,0.0004049321742811,7.742488395563824,matched,0,,,,,0,2026-04-04,11.884,2.73,22.32,17.04,0.0,55.748000000000005,0
R00562,35.569879,126.8594,정읍 데모도로,정읍시,845508.0,326882.92,0.3866112680187532,9.4307279162049,matched,0,,,,,0,2025-12-16,-0.8019999999999999,-6.99,5.8,0.0,3.97,65.644,0
R00388,35.936603,126.969941,익산 데모도로,익산시,1404068.0,1069912.0,0.7620086776423934,10.189728749446369,matched,0,,,,,0,2026-06-08,25.612000000000002,19.68,32.31,30.86,0.0,53.616,1
R00002,35.823858,127.073667,전주 데모도로,전주시,2081706.65,842.95,0.0004049321742811,7.742488395563824,matched,0,,,,,0,2025-10-04,9.968,2.23,19.0,4.08,0.0,59.678,0
R00390,35.942997,126.9622,익산 데모도로,익산시,1404068.0,1069912.0,0.7620086776423934,10.189728749446369,matched,0,,,,,0,2024-11-10,3.1719999999999997,-3.87,8.39,3.02,0.0,60.95399999999999,0
R00566,35.569344,126.877455,정읍 데모도로,정읍시,845508.0,326882.92,0.3866112680187532,9.4307279162049,matched,0,,,,,0,2024-12-09,-0.93,-10.13,6.8,0.0,2.63,55.77,0
R00106,35.776484,127.193677,전주 데모도로,전주시,2081706.65,842.95,0.0004049321742811,7.742488395563824,matched,0,,,,,0,2025-07-16,22.926,15.97,30.52,44.76,0.0,67.75399999999999,0
R00477,35.336331,127.39122,남원 데모도로,남원시,670188.0,287953.6,0.4296609309626552,17.276260308101918,matched,0,,,,,0,2025-08-31,15.608,8.49,24.9,0.0,0.0,58.384,0
R00402,35.984458,126.921808,익산 데모도로,익산시,1404068.0,1069912.0,0.7620086776423934,10.189728749446369,matched,0,,,,,0,2026-06-04,24.754,15.24,30.56,3.66,0.0,53.513999999999996,0
R00556,35.570216,126.829722,정읍 데모도로,정읍시,845508.0,326882.92,0.3866112680187532,9.4307279162049,matched,0,,,,,0,2024-09-28,10.866,5.46,17.68,0.0,0.0,57.418000000000006,0
R00162,35.96729,126.778488,군산 데모도로,군산시,1384801.76,612246.21,0.442118307244208,14.853572251212228,matched,0,,,,,0,2024-12-01,-0.08600000000000001,-7.43,6.88,16.439999999999998,0.0,55.522000000000006,0
R00202,36.018706,126.78486,군산 데모도로,군산시,1384801.76,612246.21,0.442118307244208,14.853572251212228,matched,0,,,,,0,2025-03-08,8.604,3.26,14.43,0.0,0.0,57.75600000000001,0
R00270,36.016519,126.687173,군산 데모도로,군산시,1384801.76,612246.21,0.442118307244208,14.853572251212228,matched,0,,,,,0,2025-11-11,2.754,-2.58,9.26,2.85,0.0,59.174,0
R00271,36.021575,126.682963,군산 데모도로,군산시,1384801.76,612246.21,0.442118307244208,14.853572251212228,matched,0,,,,,0,2025-05-11,20.302,12.1,31.0,0.0,0.0,54.754,0
R00456,35.405231,127.378934,남원 데모도로,남원시,670188.0,287953.6,0.4296609309626552,17.276260308101918,matched,0,,,,,0,2025-03-16,10.584,5.02,20.57,2.39,0.0,55.81,0
R00462,35.426601,127.399463,남원 데모도로,남원시,670188.0,287953.6,0.4296609309626552,17.276260308101918,matched,0,,,,,0,2026-03-04,8.379999999999999,2.49,14.5,0.0,0.0,57.69200000000001,0
R00252,35.955896,126.749596,군산 데모도로,군산시,1384801.76,612246.21,0.442118307244208,14.853572251212228,matched,0,,,,,0,2024-12-14,-3.322,-10.95,2.91,2.29,0.0,58.794000000000004,0
R00296,35.948379,126.988915,익산 데모도로,익산시,1404068.0,1069912.0,0.7620086776423934,10.189728749446369,matched,0,,,,,0,2026-08-01,22.81,15.9,32.35,0.0,0.0,51.664,0
R00338,35.998113,127.006219,익산 데모도로,익산시,1404068.0,1069912.0,0.7620086776423934,10.189728749446369,matched,0,,,,,0,2025-08-30,16.328,8.74,24.38,13.4,0.0,56.496,0
R00053,35.830333,127.153403,전주 데모도로,전주시,2081706.65,842.95,0.0004049321742811,7.742488395563824,matched,0,,,,,0,2026-02-20,4.668,-1.31,11.53,0.0,1.04,62.7,0
R00217,35.945693,126.737156,군산 데모도로,군산시,1384801.76,612246.21,0.442118307244208,14.853572251212228,matched,0,,,,,0,2026-02-09,2.654,-5.0,9.61,29.21,0.62,62.720000000000006,0
R00188,35.969049,126.738483,군산 데모도로,군산시,1384801.76,612246.21,0.442118307244208,14.853572251212228,matched,0,,,,,0,2024-11-10,3.1719999999999997,-3.87,8.39,3.02,0.0,60.95399999999999,0
R00380,35.908842,126.998177,익산 데모도로,익산시,1404068.0,1069912.0,0.7620086776423934,10.189728749446369,matched,0,,,,,0,2025-11-15,1.0,-7.74,9.14,10.95,0.0,58.092,1
R00493,35.414523,127.390643,남원 데모도로,남원시,670188.0,287953.6,0.4296609309626552,17.276260308101918,matched,0,,,,,0,2026-06-16,25.333999999999996,18.97,34.26,6.49,0.0,62.246,0
R00041,35.788013,127.111612,전주 데모도로,전주시,2081706.65,842.95,0.0004049321742811,7.742488395563824,matched,0,,,,,0,2026-05-09,19.878,8.17,28.89,0.0,0.0,57.11,0
R00157,35.968921,126.753601,군산 데모도로,군산시,1384801.76,612246.21,0.442118307244208,14.853572251212228,matched,0,,,,,0,2026-01-14,0.8400000000000001,-6.21,6.82,17.72,0.0,68.096,0
R00015,35.823135,127.13637,전주 데모도로,전주시,2081706.65,842.95,0.0004049321742811,7.742488395563824,matched,0,,,,,0,2026-04-15,16.182,9.17,25.0,0.0,0.0,63.977999999999994,0
R00065,35.871408,127.194156,전주 데모도로,전주시,2081706.65,842.95,0.0004049321742811,7.742488395563824,matched,0,,,,,0,2026-06-27,25.292,18.55,31.57,11.09,0.0,56.998000000000005,0
R00521,35.394619,127.412143,남원 데모도로,남원시,670188.0,287953.6,0.4296609309626552,17.276260308101918,matched,0,,,,,0,2025-09-09,16.008,7.92,25.16,0.0,0.0,64.644,0
R00344,35.881631,126.957415,익산 데모도로,익산시,1404068.0,1069912.0,0.7620086776423934,10.189728749446369,matched,0,,,,,0,2025-08-03,24.092000000000002,18.27,29.49,11.670000000000002,0.0,61.778,0
R00129,35.855777,127.114311,전주 데모도로,전주시,2081706.65,842.95,0.0004049321742811,7.742488395563824,matched,0,,,,,0,2025-06-10,23.113999999999997,15.64,30.37,24.5,0.0,60.81600000000001,0
R00648,35.516605,126.909882,정읍 데모도로,정읍시,845508.0,326882.92,0.3866112680187532,9.4307279162049,matched,1,F0063,2025-01-29,상온아스콘,35.41790110235762,1,2025-05-03,21.588,12.21,28.81,12.4,0.0,60.396,0
R00472,35.458538,127.433838,남원 데모도로,남원시,670188.0,287953.6,0.4296609309626552,17.276260308101918,matched,0,,,,,0,2024-11-07,4.122,-7.07,14.44,0.0,0.0,60.678,0
R00063,35.865229,127.186766,전주 데모도로,전주시,2081706.65,842.95,0.0004049321742811,7.742488395563824,matched,0,,,,,0,2025-05-13,21.919999999999998,14.74,29.44,6.34,0.0,56.172000000000004,0
R00139,35.967245,126.667504,군산 데모도로,군산시,1384801.76,612246.21,0.442118307244208,14.853572251212228,matched,0,,,,,0,2025-10-11,7.3420000000000005,-0.86,16.06,15.74,0.0,65.078,0
R00499,35.443614,127.389726,남원 데모도로,남원시,670188.0,287953.6,0.4296609309626552,17.276260308101918,matched,0,,,,,0,2025-04-10,14.813999999999998,2.4,22.94,8.9,0.0,61.484,0
R00593,35.560644,126.84654,정읍 데모도로,정읍시,845508.0,326882.92,0.3866112680187532,9.4307279162049,matched,0,,,,,0,2025-06-25,26.826,19.27,32.93,40.7,0.0,67.55600000000001,0
R00392,35.948941,126.957302,익산 데모도로,익산시,1404068.0,1069912.0,0.7620086776423934,10.189728749446369,matched,1,F0061,2024-05-03,덧씌우기,287.2705145235735,1,2025-08-10,19.872,13.26,27.43,41.95,0.0,64.85,1
R00675,35.608788,126.81545,정읍 데모도로,정읍시,845508.0,326882.92,0.3866112680187532,9.4307279162049,matched,0,,,,,0,2025-03-19,8.886,1.23,18.25,6.74,0.0,62.70399999999999,0
R00419,35.416927,127.35934,남원 데모도로,남원시,670188.0,287953.6,0.4296609309626552,17.276260308101918,matched,0,,,,,0,2026-03-15,9.226,2.59,14.71,9.86,0.0,57.538,0
R00289,35.947722,126.954865,익산 데모도로,익산시,1404068.0,1069912.0,0.7620086776423934,10.189728749446369,matched,0,,,,,0,2024-10-06,9.98,4.46,16.79,14.09,0.0,67.586,1
R00379,35.904996,127.000287,익산 데모도로,익산시,1404068.0,1069912.0,0.7620086776423934,10.189728749446369,matched,0,,,,,0,2024-12-23,-3.064,-11.08,5.12,0.0,2.01,62.352,1
R00490,35.399475,127.389946,남원 데모도로,남원시,670188.0,287953.6,0.4296609309626552,17.276260308101918,matched,0,,,,,0,2025-03-29,10.922,1.21,23.39,0.0,0.0,57.565999999999995,0
R00231,36.01351,126.737731,군산 데모도로,군산시,1384801.76,612246.21,0.442118307244208,14.853572251212228,matched,0,,,,,0,2025-05-24,24.182,17.41,30.13,0.0,0.0,58.626,0
R00041,35.788013,127.111612,전주 데모도로,전주시,2081706.65,842.95,0.0004049321742811,7.742488395563824,matched,0,,,,,0,2025-09-30,12.102,3.11,22.03,11.96,0.0,55.104,0
R00028,35.824172,127.198837,전주 데모도로,전주시,2081706.65,842.95,0.0004049321742811,7.742488395563824,matched,0,,,,,0,2026-01-05,-2.63,-9.58,3.28,0.0,0.62,48.93,0
R00135,35.87861,127.095273,전주 데모도로,전주시,2081706.65,842.95,0.0004049321742811,7.742488395563824,matched,0,,,,,0,2025-06-08,24.248,17.3,32.05,11.24,0.0,55.238,0
R00201,36.013271,126.78425,군산 데모도로,군산시,1384801.76,612246.21,0.442118307244208,14.853572251212228,matched,0,,,,,0,2025-05-22,21.502,15.12,27.22,0.0,0.0,54.848,0
R00033,35.823408,127.224027,전주 데모도로,전주시,2081706.65,842.95,0.0004049321742811,7.742488395563824,matched,0,,,,,0,2025-10-30,3.6800000000000006,-3.58,12.34,2.12,0.0,48.116,0
R00048,35.811944,127.135805,전주 데모도로,전주시,2081706.65,842.95,0.0004049321742811,7.742488395563824,matched,0,,,,,0,2024-12-03,-0.7879999999999999,-6.64,4.7,0.0,0.0,58.946000000000005,0
R00503,35.461896,127.390338,남원 데모도로,남원시,670188.0,287953.6,0.4296609309626552,17.276260308101918,matched,0,,,,,0,2026-06-07,23.933999999999997,17.64,30.17,33.68,0.0,62.214,1
R00407,36.00134,126.904199,익산 데모도로,익산시,1404068.0,1069912.0,0.7620086776423934,10.189728749446369,matched,0,,,,,0,2025-10-12,7.909999999999999,2.77,15.27,0.0,0.0,59.138,0
R00574,35.568805,126.916376,정읍 데모도로,정읍시,845508.0,326882.92,0.3866112680187532,9.4307279162049,matched,0,,,,,0,2026-04-21,17.887999999999998,11.08,24.27,0.0,0.0,59.486000000000004,0
R00099,35.890533,127.148617,전주 데모도로,전주시,2081706.65,842.95,0.0004049321742811,7.742488395563824,matched,0,,,,,0,2025-10-21,6.074,-1.59,12.75,27.66,0.0,64.19,0
R00547,35.570127,126.786581,정읍 데모도로,정읍시,845508.0,326882.92,0.3866112680187532,9.4307279162049,matched,0,,,,,0,2025-08-28,17.778,9.18,22.99,16.78,0.0,57.784000000000006,0
R00613,35.489736,126.855306,정읍 데모도로,정읍시,845508.0,326882.92,0.3866112680187532,9.4307279162049,matched,0,,,,,0,2024-10-30,5.9159999999999995,-2.85,15.7,12.5,0.0,65.576,0
R00462,35.426601,127.399463,남원 데모도로,남원시,670188.0,287953.6,0.4296609309626552,17.276260308101918,matched,0,,,,,0,2026-05-14,20.336000000000002,13.76,27.76,3.83,0.0,59.88199999999999,0
R00643,35.634857,126.855447,정읍 데모도로,정읍시,845508.0,326882.92,0.3866112680187532,9.4307279162049,matched,0,,,,,0,2024-09-17,12.78,6.1,20.95,12.51,0.0,62.896,0
R00005,35.82463,127.087153,전주 데모도로,전주시,2081706.65,842.95,0.0004049321742811,7.742488395563824,matched,0,,,,,0,2025-02-22,6.444,-5.93,14.0,20.799999999999997,0.0,58.67,0
R00218,35.950727,126.736954,군산 데모도로,군산시,1384801.76,612246.21,0.442118307244208,14.853572251212228,matched,0,,,,,0,2025-08-17,21.024,14.48,27.32,6.23,0.0,59.215999999999994,0
R00503,35.461896,127.390338,남원 데모도로,남원시,670188.0,287953.6,0.4296609309626552,17.276260308101918,matched,0,,,,,0,2025-11-12,3.5460000000000003,-4.43,11.62,0.0,0.0,60.428,0
R00398,35.971895,126.935194,익산 데모도로,익산시,1404068.0,1069912.0,0.7620086776423934,10.189728749446369,matched,0,,,,,0,2025-03-01,6.63,-3.82,17.17,0.0,0.0,55.246,0
R00393,35.953645,126.953148,익산 데모도로,익산시,1404068.0,1069912.0,0.7620086776423934,10.189728749446369,matched,0,,,,,0,2025-01-21,1.6039999999999999,-5.23,11.77,0.0,0.32,57.94,0
R00207,35.897151,126.736213,군산 데모도로,군산시,1384801.76,612246.21,0.442118307244208,14.853572251212228,matched,0,,,,,0,2025-02-06,2.5759999999999996,-5.99,12.37,31.44,0.5700000000000001,65.196,0
R00015,35.823135,127.13637,전주 데모도로,전주시,2081706.65,842.95,0.0004049321742811,7.742488395563824,matched,0,,,,,0,2024-09-28,10.866,5.46,17.68,0.0,0.0,57.418000000000006,0
R00554,35.570373,126.820252,정읍 데모도로,정읍시,845508.0,326882.92,0.3866112680187532,9.4307279162049,matched,0,,,,,0,2024-10-20,7.866,0.88,13.56,13.51,0.0,60.012,0
R00461,35.422041,127.396406,남원 데모도로,남원시,670188.0,287953.6,0.4296609309626552,17.276260308101918,matched,0,,,,,0,2024-09-10,16.454,8.6,24.29,0.0,0.0,50.426,0
R00575,35.570003,126.92076,정읍 데모도로,정읍시,845508.0,326882.92,0.3866112680187532,9.4307279162049,matched,0,,,,,0,2025-08-13,23.162,14.85,31.2,28.29,0.0,61.084,0
R00241,35.917537,126.786675,군산 데모도로,군산시,1384801.76,612246.21,0.442118307244208,14.853572251212228,matched,0,,,,,0,2024-11-01,4.578,-2.5,14.22,0.0,0.0,58.212,0
R00564,35.570503,126.868176,정읍 데모도로,정읍시,845508.0,326882.92,0.3866112680187532,9.4307279162049,matched,0,,,,,0,2026-03-01,4.79,-2.33,15.12,9.56,0.0,53.82000000000001,0
R00096,35.874516,127.146631,전주 데모도로,전주시,2081706.65,842.95,0.0004049321742811,7.742488395563824,matched,0,,,,,0,2026-06-21,25.214000000000002,16.6,33.5,3.79,0.0,61.996,0
R00485,35.375685,127.391521,남원 데모도로,남원시,670188.0,287953.6,0.4296609309626552,17.276260308101918,matched,0,,,,,0,2024-12-14,-3.322,-10.95,2.91,2.29,0.0,58.794000000000004,0
R00407,36.00134,126.904199,익산 데모도로,익산시,1404068.0,1069912.0,0.7620086776423934,10.189728749446369,matched,0,,,,,0,2026-04-22,17.02,9.82,24.75,6.54,0.0,58.065999999999995,0
R00231,36.01351,126.737731,군산 데모도로,군산시,1384801.76,612246.21,0.442118307244208,14.853572251212228,matched,0,,,,,0,2025-09-02,13.280000000000001,4.24,20.28,0.0,0.0,54.022000000000006,0
R00655,35.541394,126.88594,정읍 데모도로,정읍시,845508.0,326882.92,0.3866112680187532,9.4307279162049,matched,0,,,,,0,2026-06-28,25.796000000000003,17.81,31.33,6.23,0.0,59.129999999999995,0
R00171,35.911481,126.679997,군산 데모도로,군산시,1384801.76,612246.21,0.442118307244208,14.853572251212228,matched,0,,,,,0,2025-06-04,24.19,17.02,31.55,10.879999999999999,0.0,54.88199999999999,0
R00541,35.461847,127.343834,남원 데모도로,남원시,670188.0,287953.6,0.4296609309626552,17.276260308101918,matched,0,,,,,0,2025-11-01,4.340000000000001,-2.68,11.09,12.0,0.0,58.688,0
R00036,35.771193,127.095657,전주 데모도로,전주시,2081706.65,842.95,0.0004049321742811,7.742488395563824,matched,0,,,,,0,2026-06-17,27.778,20.79,35.48,24.11,0.0,64.8,0
R00525,35.407591,127.398556,남원 데모도로,남원시,670188.0,287953.6,0.4296609309626552,17.276260308101918,matched,0,,,,,0,2024-08-25,19.338,12.07,26.26,14.64,0.0,56.120000000000005,0
R00160,35.967518,126.766635,군산 데모도로,군산시,1384801.76,612246.21,0.442118307244208,14.853572251212228,matched,0,,,,,0,2025-03-02,6.118,-0.03,12.78,1.31,0.0,52.879999999999995,0
R00243,35.925042,126.779721,군산 데모도로,군산시,1384801.76,612246.21,0.442118307244208,14.853572251212228,matched,0,,,,,0,2025-10-13,7.648000000000001,1.02,14.41,2.56,0.0,60.775999999999996,0
R00086,35.826956,127.147903,전주 데모도로,전주시,2081706.65,842.95,0.0004049321742811,7.742488395563824,matched,0,,,,,0,2026-03-09,7.75,2.36,16.54,26.82,0.0,66.226,0
R00578,35.569823,126.936803,정읍 데모도로,정읍시,845508.0,326882.92,0.3866112680187532,9.4307279162049,matched,0,,,,,0,2025-02-27,7.167999999999999,1.77,12.96,14.46,0.0,59.970000000000006,0
R00557,35.569388,126.835449,정읍 데모도로,정읍시,845508.0,326882.92,0.3866112680187532,9.4307279162049,matched,0,,,,,0,2026-02-28,5.406000000000001,0.67,13.29,0.0,0.0,62.43399999999999,0
R00574,35.568805,126.916376,정읍 데모도로,정읍시,845508.0,326882.92,0.3866112680187532,9.4307279162049,matched,0,,,,,0,2025-01-13,-0.296,-9.06,5.59,0.0,1.87,58.653999999999996,0
R00646,35.649043,126.855421,정읍 데모도로,정읍시,845508.0,326882.92,0.3866112680187532,9.4307279162049,matched,0,,,,,0,2026-06-18,26.438,18.76,34.3,2.05,0.0,52.16799999999999,0
R00028,35.824172,127.198837,전주 데모도로,전주시,2081706.65,842.95,0.0004049321742811,7.742488395563824,matched,0,,,,,0,2025-03-08,8.604,3.26,14.43,0.0,0.0,57.75600000000001,0
R00620,35.52488,126.855818,정읍 데모도로,정읍시,845508.0,326882.92,0.3866112680187532,9.4307279162049,matched,0,,,,,0,2025-11-05,5.486,-2.03,13.46,2.37,0.0,58.996,0
R00556,35.570216,126.829722,정읍 데모도로,정읍시,845508.0,326882.92,0.3866112680187532,9.4307279162049,matched,0,,,,,0,2025-10-11,7.3420000000000005,-0.86,16.06,15.74,0.0,65.078,0
R00340,36.004894,127.013813,익산 데모도로,익산시,1404068.0,1069912.0,0.7620086776423934,10.189728749446369,matched,0,,,,,0,2025-10-19,6.14,-2.75,14.26,16.26,0.0,62.239999999999995,0
R00331,35.9748,126.983332,익산 데모도로,익산시,1404068.0,1069912.0,0.7620086776423934,10.189728749446369,matched,0,,,,,0,2025-12-10,0.708,-5.18,7.83,0.0,3.3000000000000003,55.46600000000001,1
R00640,35.618997,126.856267,정읍 데모도로,정읍시,845508.0,326882.92,0.3866112680187532,9.4307279162049,matched,0,,,,,0,2025-12-06,-2.322,-9.62,5.69,0.0,0.35,73.696,0
R00506,35.476204,127.390266,남원 데모도로,남원시,670188.0,287953.6,0.4296609309626552,17.276260308101918,matched,0,,,,,0,2024-12-22,-3.0300000000000002,-11.75,5.85,0.0,0.0,58.134,0
R00348,35.903309,126.958479,익산 데모도로,익산시,1404068.0,1069912.0,0.7620086776423934,10.189728749446369,matched,0,,,,,0,2025-09-17,14.122,7.99,20.77,3.63,0.0,59.80800000000001,1
R00473,35.463984,127.436665,남원 데모도로,남원시,670188.0,287953.6,0.4296609309626552,17.276260308101918,matched,0,,,,,0,2026-03-17,9.394,1.37,14.97,2.19,0.0,61.4,0
R00231,36.01351,126.737731,군산 데모도로,군산시,1384801.76,612246.21,0.442118307244208,14.853572251212228,matched,0,,,,,0,2025-07-09,24.966,19.0,31.05,50.85,0.0,57.85,1
R00190,35.97726,126.744251,군산 데모도로,군산시,1384801.76,612246.21,0.442118307244208,14.853572251212228,matched,0,,,,,0,2025-09-14,14.718,8.44,22.74,3.5,0.0,61.184000000000005,0
R00225,35.984812,126.735449,군산 데모도로,군산시,1384801.76,612246.21,0.442118307244208,14.853572251212228,matched,0,,,,,0,2026-07-07,25.698,19.37,32.81,0.0,0.0,69.218,0
R00385,35.925709,126.979276,익산 데모도로,익산시,1404068.0,1069912.0,0.7620086776423934,10.189728749446369,matched,0,,,,,0,2026-05-08,19.69,12.35,26.47,11.26,0.0,61.403999999999996,1
R00377,35.897537,127.008534,익산 데모도로,익산시,1404068.0,1069912.0,0.7620086776423934,10.189728749446369,matched,0,,,,,0,2025-11-01,4.340000000000001,-2.68,11.09,12.0,0.0,58.688,0
R00283,35.947534,126.925525,익산 데모도로,익산시,1404068.0,1069912.0,0.7620086776423934,10.189728749446369,matched,0,,,,,0,2025-03-10,8.422,1.77,14.91,0.0,0.0,62.39,1
R00633,35.586071,126.855575,정읍 데모도로,정읍시,845508.0,326882.92,0.3866112680187532,9.4307279162049,matched,0,,,,,0,2025-12-17,-1.544,-8.91,4.79,0.0,1.72,61.864,0
R00628,35.563004,126.856612,정읍 데모도로,정읍시,845508.0,326882.92,0.3866112680187532,9.4307279162049,matched,0,,,,,0,2024-09-18,13.23,5.64,23.28,0.0,0.0,62.855999999999995,0
R00259,35.978728,126.724062,군산 데모도로,군산시,1384801.76,612246.21,0.442118307244208,14.853572251212228,matched,0,,,,,0,2025-09-10,14.904,9.01,23.0,11.27,0.0,62.14,0
R00359,35.955181,126.958504,익산 데모도로,익산시,1404068.0,1069912.0,0.7620086776423934,10.189728749446369,matched,0,,,,,0,2026-05-05,20.44,14.49,26.34,30.8,0.0,59.291999999999994,1
R00456,35.405231,127.378934,남원 데모도로,남원시,670188.0,287953.6,0.4296609309626552,17.276260308101918,matched,0,,,,,0,2025-10-26,5.134,-1.86,11.49,0.0,0.0,56.705999999999996,0
R00411,35.415496,127.320334,남원 데모도로,남원시,670188.0,287953.6,0.4296609309626552,17.276260308101918,matched,0,,,,,0,2025-08-29,18.916,10.34,25.27,0.0,0.0,61.608000000000004,0
R00649,35.519548,126.904147,정읍 데모도로,정읍시,845508.0,326882.92,0.3866112680187532,9.4307279162049,matched,0,,,,,0,2025-07-28,23.758,15.4,33.71,3.39,0.0,57.048,0
R00318,35.929691,126.93936,익산 데모도로,익산시,1404068.0,1069912.0,0.7620086776423934,10.189728749446369,matched,0,,,,,0,2025-11-04,3.476,-3.44,10.42,1.85,0.0,66.17,1
R00677,35.616548,126.809821,정읍 데모도로,정읍시,845508.0,326882.92,0.3866112680187532,9.4307279162049,matched,1,F0067,2025-12-01,덧씌우기,5.691369928888043,2,2026-03-20,11.494,3.87,19.15,3.63,0.0,58.202,0
R00225,35.984812,126.735449,군산 데모도로,군산시,1384801.76,612246.21,0.442118307244208,14.853572251212228,matched,0,,,,,0,2024-11-01,4.578,-2.5,14.22,0.0,0.0,58.212,0
R00234,36.028437,126.737377,군산 데모도로,군산시,1384801.76,612246.21,0.442118307244208,14.853572251212228,matched,0,,,,,0,2026-02-26,4.828,-1.55,11.79,0.0,0.0,57.912,0
R00664,35.572029,126.855151,정읍 데모도로,정읍시,845508.0,326882.92,0.3866112680187532,9.4307279162049,matched,0,,,,,0,2026-06-15,25.894,17.68,33.82,12.2,0.0,54.04600000000001,0
R00374,36.027718,126.958239,익산 데모도로,익산시,1404068.0,1069912.0,0.7620086776423934,10.189728749446369,matched,0,,,,,0,2025-01-20,0.44399999999999995,-6.31,6.49,0.0,0.0,58.438,0
R00672,35.599161,126.826231,정읍 데모도로,정읍시,845508.0,326882.92,0.3866112680187532,9.4307279162049,matched,1,F0034,2025-09-20,임시보수,118.8733200867511,1,2025-10-22,6.042,-0.71,13.09,25.83,0.0,55.4,0
R00608,35.612504,126.898103,정읍 데모도로,정읍시,845508.0,326882.92,0.3866112680187532,9.4307279162049,matched,1,F0019,2025-12-11,덧씌우기,66.54379000810414,2,2025-08-16,19.875999999999998,12.01,31.79,8.19,0.0,61.42999999999999,0
R00472,35.458538,127.433838,남원 데모도로,남원시,670188.0,287953.6,0.4296609309626552,17.276260308101918,matched,0,,,,,0,2025-11-09,1.874,-4.95,10.41,5.62,0.0,64.374,0
R00233,36.02333,126.735904,군산 데모도로,군산시,1384801.76,612246.21,0.442118307244208,14.853572251212228,matched,0,,,,,0,2025-04-09,13.522,6.05,22.51,0.0,0.0,54.57000000000001,0
R00113,35.80096,127.170589,전주 데모도로,전주시,2081706.65,842.95,0.0004049321742811,7.742488395563824,matched,0,,,,,0,2026-03-04,8.379999999999999,2.49,14.5,0.0,0.0,57.69200000000001,0
R00497,35.433306,127.392192,남원 데모도로,남원시,670188.0,287953.6,0.4296609309626552,17.276260308101918,matched,0,,,,,0,2025-05-07,21.434,13.48,29.96,2.51,0.0,53.120000000000005,0
R00442,35.416187,127.470526,남원 데모도로,남원시,670188.0,287953.6,0.4296609309626552,17.276260308101918,matched,0,,,,,0,2024-12-21,-1.376,-7.93,4.12,11.26,6.4399999999999995,62.936,0
R00564,35.570503,126.868176,정읍 데모도로,정읍시,845508.0,326882.92,0.3866112680187532,9.4307279162049,matched,0,,,,,0,2025-04-20,15.736,8.78,24.26,7.36,0.0,63.402,0
R00268,36.01108,126.693329,군산 데모도로,군산시,1384801.76,612246.21,0.442118307244208,14.853572251212228,matched,0,,,,,0,2026-02-11,3.158,-6.96,13.41,0.0,1.43,55.152,0
R00510,35.495272,127.389493,남원 데모도로,남원시,670188.0,287953.6,0.4296609309626552,17.276260308101918,matched,0,,,,,0,2025-12-16,-0.8019999999999999,-6.99,5.8,0.0,3.97,65.644,0
R00386,35.928879,126.975814,익산 데모도로,익산시,1404068.0,1069912.0,0.7620086776423934,10.189728749446369,matched,0,,,,,0,2024-12-18,1.4620000000000002,-5.45,10.04,3.67,0.0,53.288,0
R00387,35.933129,126.972868,익산 데모도로,익산시,1404068.0,1069912.0,0.7620086776423934,10.189728749446369,matched,0,,,,,0,2024-12-21,-1.376,-7.93,4.12,11.26,6.4399999999999995,62.936,0
R00113,35.80096,127.170589,전주 데모도로,전주시,2081706.65,842.95,0.0004049321742811,7.742488395563824,matched,0,,,,,0,2026-02-18,4.684,-1.99,14.4,17.59,0.0,65.59200000000001,0
R00613,35.489736,126.855306,정읍 데모도로,정읍시,845508.0,326882.92,0.3866112680187532,9.4307279162049,matched,0,,,,,0,2025-02-04,0.37,-5.66,7.68,0.0,0.39,57.052,0
R00625,35.547901,126.856598,정읍 데모도로,정읍시,845508.0,326882.92,0.3866112680187532,9.4307279162049,matched,0,,,,,0,2024-12-20,-0.5119999999999999,-6.69,8.11,0.0,0.0,54.342,0
R00081,35.8024,127.147489,전주 데모도로,전주시,2081706.65,842.95,0.0004049321742811,7.742488395563824,matched,0,,,,,0,2024-09-22,11.542,6.11,18.06,0.0,0.0,61.75600000000001,0
R00113,35.80096,127.170589,전주 데모도로,전주시,2081706.65,842.95,0.0004049321742811,7.742488395563824,matched,0,,,,,0,2024-11-13,4.782,-5.43,14.16,23.79,0.0,64.852,0
R00002,35.823858,127.073667,전주 데모도로,전주시,2081706.65,842.95,0.0004049321742811,7.742488395563824,matched,0,,,,,0,2026-05-26,22.854,14.77,29.12,0.0,0.0,56.727999999999994,0
R00642,35.630783,126.856529,정읍 데모도로,정읍시,845508.0,326882.92,0.3866112680187532,9.4307279162049,matched,0,,,,,0,2026-07-27,20.988,12.97,27.48,11.58,0.0,58.541999999999994,0
R00220,35.960287,126.7373,군산 데모도로,군산시,1384801.76,612246.21,0.442118307244208,14.853572251212228,matched,0,,,,,0,2025-03-07,6.906000000000001,-0.44,14.27,0.0,0.0,62.662,0
R00566,35.569344,126.877455,정읍 데모도로,정읍시,845508.0,326882.92,0.3866112680187532,9.4307279162049,matched,0,,,,,0,2025-08-22,17.246000000000002,9.97,22.92,42.76,0.0,60.166,1
R00225,35.984812,126.735449,군산 데모도로,군산시,1384801.76,612246.21,0.442118307244208,14.853572251212228,matched,0,,,,,0,2024-11-03,3.274,-3.0,10.81,0.0,0.0,56.012,0
R00385,35.925709,126.979276,익산 데모도로,익산시,1404068.0,1069912.0,0.7620086776423934,10.189728749446369,matched,0,,,,,0,2024-10-16,8.306000000000001,-0.0,15.46,5.87,0.0,59.998000000000005,0
R00403,35.987727,126.918278,익산 데모도로,익산시,1404068.0,1069912.0,0.7620086776423934,10.189728749446369,matched,0,,,,,0,2025-10-23,7.258,2.64,12.83,0.0,0.0,54.053999999999995,0
R00638,35.611337,126.855431,정읍 데모도로,정읍시,845508.0,326882.92,0.3866112680187532,9.4307279162049,matched,0,,,,,0,2026-05-18,20.494,12.82,28.53,0.0,0.0,54.084,0
R00130,35.860353,127.112973,전주 데모도로,전주시,2081706.65,842.95,0.0004049321742811,7.742488395563824,matched,0,,,,,0,2025-12-31,0.43999999999999995,-7.07,7.5,44.95,2.01,66.624,0
R00053,35.830333,127.153403,전주 데모도로,전주시,2081706.65,842.95,0.0004049321742811,7.742488395563824,matched,0,,,,,0,2024-12-05,-1.6179999999999999,-11.19,3.6,7.62,0.0,58.233999999999995,0
R00672,35.599161,126.826231,정읍 데모도로,정읍시,845508.0,326882.92,0.3866112680187532,9.4307279162049,matched,1,F0034,2025-09-20,임시보수,118.8733200867511,1,2025-05-23,22.682,16.9,29.02,5.35,0.0,58.815999999999995,0
R00416,35.415383,127.343861,남원 데모도로,남원시,670188.0,287953.6,0.4296609309626552,17.276260308101918,matched,0,,,,,0,2024-10-25,4.9,-2.35,11.22,0.0,0.0,60.013999999999996,0
R00247,35.938556,126.764753,군산 데모도로,군산시,1384801.76,612246.21,0.442118307244208,14.853572251212228,matched,0,,,,,0,2024-10-26,4.816,-3.97,15.2,13.04,0.0,55.984,0
R00439,35.415641,127.456388,남원 데모도로,남원시,670188.0,287953.6,0.4296609309626552,17.276260308101918,matched,0,,,,,0,2025-01-30,2.134,-5.28,10.26,23.24,0.0,62.488,0
R00203,36.020964,126.790234,군산 데모도로,군산시,1384801.76,612246.21,0.442118307244208,14.853572251212228,matched,0,,,,,0,2025-12-20,-2.35,-11.6,5.5,0.0,0.0,65.46000000000001,0
R00184,35.955983,126.724956,군산 데모도로,군산시,1384801.76,612246.21,0.442118307244208,14.853572251212228,matched,0,,,,,0,2025-06-19,24.294,18.45,30.23,40.42,0.0,64.894,0
R00123,35.837549,127.13678,전주 데모도로,전주시,2081706.65,842.95,0.0004049321742811,7.742488395563824,matched,0,,,,,0,2026-06-23,25.330000000000002,17.92,34.2,11.26,0.0,60.04600000000001,0
R00401,35.98252,126.925258,익산 데모도로,익산시,1404068.0,1069912.0,0.7620086776423934,10.189728749446369,matched,0,,,,,0,2025-08-18,21.302,14.43,29.23,14.149999999999999,0.0,70.252,0
R00294,35.948785,126.978924,익산 데모도로,익산시,1404068.0,1069912.0,0.7620086776423934,10.189728749446369,matched,0,,,,,0,2025-09-01,15.318000000000001,5.96,21.21,1.37,0.0,60.354,0
R00280,35.949088,126.912102,익산 데모도로,익산시,1404068.0,1069912.0,0.7620086776423934,10.189728749446369,matched,0,,,,,0,2025-07-27,24.235999999999997,18.12,29.81,7.890000000000001,0.0,57.45,0
R00610,35.619172,126.905011,정읍 데모도로,정읍시,845508.0,326882.92,0.3866112680187532,9.4307279162049,matched,0,,,,,0,2026-02-23,6.026,-1.24,12.04,0.0,0.0,59.95,0
R00198,36.004298,126.772459,군산 데모도로,군산시,1384801.76,612246.21,0.442118307244208,14.853572251212228,matched,0,,,,,0,2025-08-07,21.674,14.7,31.75,0.0,0.0,52.16799999999999,0
R00511,35.360301,127.445956,남원 데모도로,남원시,670188.0,287953.6,0.4296609309626552,17.276260308101918,matched,0,,,,,0,2025-10-08,9.548,1.74,18.31,5.89,0.0,58.342000000000006,0
R00144,35.967729,126.690468,군산 데모도로,군산시,1384801.76,612246.21,0.442118307244208,14.853572251212228,matched,0,,,,,0,2024-12-05,-1.6179999999999999,-11.19,3.6,7.62,0.0,58.233999999999995,0
R00609,35.615869,126.902275,정읍 데모도로,정읍시,845508.0,326882.92,0.3866112680187532,9.4307279162049,matched,0,,,,,0,2026-03-04,8.379999999999999,2.49,14.5,0.0,0.0,57.69200000000001,0
R00201,36.013271,126.78425,군산 데모도로,군산시,1384801.76,612246.21,0.442118307244208,14.853572251212228,matched,0,,,,,0,2025-12-28,1.256,-6.4,7.95,7.88,0.0,60.49400000000001,0
R00124,35.839379,127.13237,전주 데모도로,전주시,2081706.65,842.95,0.0004049321742811,7.742488395563824,matched,0,,,,,0,2025-07-25,25.228,18.08,32.83,6.69,0.0,65.046,0
R00187,35.965956,126.734873,군산 데모도로,군산시,1384801.76,612246.21,0.442118307244208,14.853572251212228,matched,1,F0011,2024-03-26,임시보수,187.10632243644343,1,2025-09-05,17.880000000000003,8.69,24.71,0.0,0.0,60.4,0
R00326,35.956457,126.964735,익산 데모도로,익산시,1404068.0,1069912.0,0.7620086776423934,10.189728749446369,matched,0,,,,,0,2026-02-02,3.368,-5.63,15.21,4.06,3.48,55.726,1
R00464,35.432156,127.406257,남원 데모도로,남원시,670188.0,287953.6,0.4296609309626552,17.276260308101918,matched,0,,,,,0,2025-06-14,25.184,17.46,32.24,3.45,0.0,56.339999999999996,0
R00349,35.907068,126.957013,익산 데모도로,익산시,1404068.0,1069912.0,0.7620086776423934,10.189728749446369,matched,0,,,,,0,2025-01-04,-1.258,-7.23,5.2,0.0,0.56,59.724000000000004,0
R00660,35.557868,126.868173,정읍 데모도로,정읍시,845508.0,326882.92,0.3866112680187532,9.4307279162049,matched,1,F0078,2024-04-02,상온아스콘,104.19575292623712,1,2025-08-12,21.7,13.86,29.52,26.779999999999998,0.0,68.63,0
R00403,35.987727,126.918278,익산 데모도로,익산시,1404068.0,1069912.0,0.7620086776423934,10.189728749446369,matched,0,,,,,0,2025-12-30,2.59,-4.43,10.06,4.47,0.89,59.04600000000001,0
R00346,35.892252,126.957481,익산 데모도로,익산시,1404068.0,1069912.0,0.7620086776423934,10.189728749446369,matched,0,,,,,0,2025-09-07,15.975999999999999,8.4,24.06,0.0,0.0,56.794000000000004,0
R00511,35.360301,127.445956,남원 데모도로,남원시,670188.0,287953.6,0.4296609309626552,17.276260308101918,matched,0,,,,,0,2026-04-14,16.894,11.15,23.08,4.41,0.0,63.61,0
R00147,35.967717,126.705126,군산 데모도로,군산시,1384801.76,612246.21,0.442118307244208,14.853572251212228,matched,0,,,,,0,2025-05-25,22.688,15.47,31.57,12.11,0.0,62.686,0
R00148,35.967447,126.709582,군산 데모도로,군산시,1384801.76,612246.21,0.442118307244208,14.853572251212228,matched,0,,,,,0,2026-05-17,21.912,14.33,32.17,18.310000000000002,0.0,65.526,0
R00489,35.394854,127.389632,남원 데모도로,남원시,670188.0,287953.6,0.4296609309626552,17.276260308101918,matched,0,,,,,0,2025-12-14,-1.316,-8.49,4.96,0.0,0.52,60.158,0
R00640,35.618997,126.856267,정읍 데모도로,정읍시,845508.0,326882.92,0.3866112680187532,9.4307279162049,matched,0,,,,,0,2024-12-07,-1.718,-9.87,5.9,25.98,0.0,58.846000000000004,0
R00551,35.570304,126.804958,정읍 데모도로,정읍시,845508.0,326882.92,0.3866112680187532,9.4307279162049,matched,0,,,,,0,2025-01-04,-1.258,-7.23,5.2,0.0,0.56,59.724000000000004,0
R00338,35.998113,127.006219,익산 데모도로,익산시,1404068.0,1069912.0,0.7620086776423934,10.189728749446369,matched,0,,,,,0,2025-10-27,5.132,-2.19,13.42,0.0,0.0,61.86800000000001,1
R00641,35.625455,126.856992,정읍 데모도로,정읍시,845508.0,326882.92,0.3866112680187532,9.4307279162049,matched,0,,,,,0,2026-01-09,-0.384,-8.96,9.44,0.0,0.0,56.812,0
R00473,35.463984,127.436665,남원 데모도로,남원시,670188.0,287953.6,0.4296609309626552,17.276260308101918,matched,0,,,,,0,2025-05-18,22.054000000000002,14.29,28.84,0.0,0.0,62.041999999999994,0
R00151,35.967403,126.724237,군산 데모도로,군산시,1384801.76,612246.21,0.442118307244208,14.853572251212228,matched,0,,,,,0,2024-11-25,0.2920000000000001,-6.72,9.02,0.0,0.0,59.99400000000001,0
R00415,35.416555,127.338949,남원 데모도로,남원시,670188.0,287953.6,0.4296609309626552,17.276260308101918,matched,0,,,,,0,2024-11-30,-0.5039999999999999,-7.61,5.51,0.0,0.0,60.004,0
R00298,35.94776,126.999644,익산 데모도로,익산시,1404068.0,1069912.0,0.7620086776423934,10.189728749446369,matched,0,,,,,0,2025-03-20,9.952000000000002,1.79,18.49,4.51,0.0,57.312,0
R00611,35.623332,126.908436,정읍 데모도로,정읍시,845508.0,326882.92,0.3866112680187532,9.4307279162049,matched,0,,,,,0,2026-06-13,25.532,18.05,34.13,70.91,0.0,63.17,0
R00263,35.993332,126.711143,군산 데모도로,군산시,1384801.76,612246.21,0.442118307244208,14.853572251212228,matched,0,,,,,0,2025-01-30,2.134,-5.28,10.26,23.24,0.0,62.488,0
R00144,35.967729,126.690468,군산 데모도로,군산시,1384801.76,612246.21,0.442118307244208,14.853572251212228,matched,0,,,,,0,2026-01-20,0.16400000000000015,-7.67,10.85,0.0,2.38,57.918000000000006,0
R00346,35.892252,126.957481,익산 데모도로,익산시,1404068.0,1069912.0,0.7620086776423934,10.189728749446369,matched,0,,,,,0,2025-05-29,23.316,14.59,30.81,8.6,0.0,57.105999999999995,1
R00624,35.543849,126.857448,정읍 데모도로,정읍시,845508.0,326882.92,0.3866112680187532,9.4307279162049,matched,0,,,,,0,2026-01-17,-0.23399999999999999,-5.18,6.24,3.43,0.0,63.36999999999999,0
R00572,35.569716,126.907516,정읍 데모도로,정읍시,845508.0,326882.92,0.3866112680187532,9.4307279162049,matched,0,,,,,0,2026-06-06,26.826,19.56,32.41,19.91,0.0,69.934,0
R00002,35.823858,127.073667,전주 데모도로,전주시,2081706.65,842.95,0.0004049321742811,7.742488395563824,matched,0,,,,,0,2026-04-23,17.972,12.55,23.13,2.31,0.0,64.53,0
R00304,35.948469,127.027629,익산 데모도로,익산시,1404068.0,1069912.0,0.7620086776423934,10.189728749446369,matched,0,,,,,0,2025-01-29,2.006,-4.05,7.42,2.13,0.0,62.275999999999996,1
R00254,35.963515,126.742837,군산 데모도로,군산시,1384801.76,612246.21,0.442118307244208,14.853572251212228,matched,0,,,,,0,2026-06-08,25.612000000000002,19.68,32.31,30.86,0.0,53.616,0
R00652,35.531185,126.895541,정읍 데모도로,정읍시,845508.0,326882.92,0.3866112680187532,9.4307279162049,matched,0,,,,,0,2024-10-21,4.38,-2.35,12.85,14.2,0.0,58.664,1
R00453,35.394212,127.368537,남원 데모도로,남원시,670188.0,287953.6,0.4296609309626552,17.276260308101918,matched,0,,,,,0,2024-11-17,1.766,-5.95,10.02,8.98,0.0,59.336,0
R00037,35.775645,127.09899,전주 데모도로,전주시,2081706.65,842.95,0.0004049321742811,7.742488395563824,matched,0,,,,,0,2024-12-13,-0.3579999999999999,-8.71,4.83,0.71,0.52,60.220000000000006,0
R00160,35.967518,126.766635,군산 데모도로,군산시,1384801.76,612246.21,0.442118307244208,14.853572251212228,matched,0,,,,,0,2025-05-12,21.285999999999998,15.36,28.48,28.93,0.0,61.802,0
R00009,35.82294,127.106375,전주 데모도로,전주시,2081706.65,842.95,0.0004049321742811,7.742488395563824,matched,0,,,,,0,2026-07-04,25.018,18.6,30.48,0.0,0.0,62.176,0
R00233,36.02333,126.735904,군산 데모도로,군산시,1384801.76,612246.21,0.442118307244208,14.853572251212228,matched,0,,,,,0,2026-02-28,5.406000000000001,0.67,13.29,0.0,0.0,62.43399999999999,0
R00099,35.890533,127.148617,전주 데모도로,전주시,2081706.65,842.95,0.0004049321742811,7.742488395563824,matched,0,,,,,0,2025-01-05,-1.4620000000000002,-10.43,5.84,0.0,0.0,62.61,0
R00659,35.555263,126.870762,정읍 데모도로,정읍시,845508.0,326882.92,0.3866112680187532,9.4307279162049,matched,0,,,,,0,2025-04-21,17.05,8.27,23.78,0.0,0.0,60.826,0
R00208,35.903116,126.736045,군산 데모도로,군산시,1384801.76,612246.21,0.442118307244208,14.853572251212228,matched,0,,,,,0,2026-06-10,22.886000000000003,14.41,30.88,15.33,0.0,55.694,0
R00131,35.863854,127.10724,전주 데모도로,전주시,2081706.65,842.95,0.0004049321742811,7.742488395563824,matched,0,,,,,0,2025-09-17,14.122,7.99,20.77,3.63,0.0,59.80800000000001,0
R00404,35.991681,126.914419,익산 데모도로,익산시,1404068.0,1069912.0,0.7620086776423934,10.189728749446369,matched,0,,,,,0,2025-12-18,-1.534,-11.03,7.85,31.27,0.0,66.53999999999999,0
R00152,35.967444,126.730199,군산 데모도로,군산시,1384801.76,612246.21,0.442118307244208,14.853572251212228,matched,0,,,,,0,2025-12-07,-1.65,-12.37,5.36,0.0,0.96,65.474,0
R00054,35.833718,127.15628,전주 데모도로,전주시,2081706.65,842.95,0.0004049321742811,7.742488395563824,matched,0,,,,,0,2026-01-17,-0.23399999999999999,-5.18,6.24,3.43,0.0,63.36999999999999,0
R00120,35.825854,127.146328,전주 데모도로,전주시,2081706.65,842.95,0.0004049321742811,7.742488395563824,matched,0,,,,,0,2025-02-18,4.542,-6.13,13.3,2.61,1.83,50.757999999999996,0
R00673,35.60303,126.823845,정읍 데모도로,정읍시,845508.0,326882.92,0.3866112680187532,9.4307279162049,matched,0,,,,,0,2024-09-07,15.702000000000002,8.12,26.15,3.8,0.0,64.44800000000001,0
R00628,35.563004,126.856612,정읍 데모도로,정읍시,845508.0,326882.92,0.3866112680187532,9.4307279162049,matched,0,,,,,0,2026-02-27,5.242,-3.16,10.47,35.11,0.0,62.71,0
R00587,35.54115,126.827787,정읍 데모도로,정읍시,845508.0,326882.92,0.3866112680187532,9.4307279162049,matched,0,,,,,0,2026-01-24,-0.19199999999999995,-8.98,7.5,13.41,1.35,53.012,0
R00625,35.547901,126.856598,정읍 데모도로,정읍시,845508.0,326882.92,0.3866112680187532,9.4307279162049,matched,0,,,,,0,2026-03-23,11.144,2.87,17.96,10.43,0.0,62.176,0
R00420,35.415574,127.363675,남원 데모도로,남원시,670188.0,287953.6,0.4296609309626552,17.276260308101918,matched,0,,,,,0,2026-01-29,2.5799999999999996,-8.55,11.1,18.8,3.07,65.388,0
R00422,35.415203,127.373522,남원 데모도로,남원시,670188.0,287953.6,0.4296609309626552,17.276260308101918,matched,0,,,,,0,2025-01-12,0.4299999999999999,-7.18,6.53,7.06,2.18,65.738,0
R00104,35.770905,127.201572,전주 데모도로,전주시,2081706.65,842.95,0.0004049321742811,7.742488395563824,matched,0,,,,,0,2026-06-15,25.894,17.68,33.82,12.2,0.0,54.04600000000001,0
R00254,35.963515,126.742837,군산 데모도로,군산시,1384801.76,612246.21,0.442118307244208,14.853572251212228,matched,0,,,,,0,2025-06-18,25.36,18.42,33.48,14.03,0.0,62.298,0
R00227,35.994827,126.737227,군산 데모도로,군산시,1384801.76,612246.21,0.442118307244208,14.853572251212228,matched,0,,,,,0,2026-04-30,17.546,8.02,29.17,35.68,0.0,63.46,0
R00112,35.800445,127.174046,전주 데모도로,전주시,2081706.65,842.95,0.0004049321742811,7.742488395563824,matched,0,,,,,0,2026-03-23,11.144,2.87,17.96,10.43,0.0,62.176,0
R00510,35.495272,127.389493,남원 데모도로,남원시,670188.0,287953.6,0.4296609309626552,17.276260308101918,matched,0,,,,,0,2026-07-14,24.988,18.45,31.72,0.0,0.0,51.636,0
R00473,35.463984,127.436665,남원 데모도로,남원시,670188.0,287953.6,0.4296609309626552,17.276260308101918,matched,0,,,,,0,2025-04-03,13.168000000000001,6.52,21.64,11.89,0.0,62.65599999999999,0
R00099,35.890533,127.148617,전주 데모도로,전주시,2081706.65,842.95,0.0004049321742811,7.742488395563824,matched,0,,,,,0,2024-11-28,0.6979999999999998,-5.99,9.85,2.23,0.0,62.028,0
R00153,35.96705,126.73437,군산 데모도로,군산시,1384801.76,612246.21,0.442118307244208,14.853572251212228,matched,1,F0011,2024-03-26,임시보수,271.61629231644616,1,2026-03-28,14.2,6.29,21.3,6.78,0.0,57.666,0
R00338,35.998113,127.006219,익산 데모도로,익산시,1404068.0,1069912.0,0.7620086776423934,10.189728749446369,matched,0,,,,,0,2025-10-09,10.464,1.58,19.17,7.0,0.0,54.386,1
R00163,35.966578,126.781928,군산 데모도로,군산시,1384801.76,612246.21,0.442118307244208,14.853572251212228,matched,0,,,,,0,2025-03-22,10.226,2.84,16.99,15.4,0.0,61.388,0
R00161,35.966337,126.774117,군산 데모도로,군산시,1384801.76,612246.21,0.442118307244208,14.853572251212228,matched,0,,,,,0,2025-09-29,9.288,3.21,14.67,1.77,0.0,58.836,0
R00580,35.517298,126.803773,정읍 데모도로,정읍시,845508.0,326882.92,0.3866112680187532,9.4307279162049,matched,0,,,,,0,2025-09-21,12.982,3.23,22.69,0.0,0.0,55.717999999999996,0
R00398,35.971895,126.935194,익산 데모도로,익산시,1404068.0,1069912.0,0.7620086776423934,10.189728749446369,matched,0,,,,,0,2026-08-03,21.392000000000003,14.34,27.25,19.25,0.0,60.052,1
R00277,35.947756,126.896589,익산 데모도로,익산시,1404068.0,1069912.0,0.7620086776423934,10.189728749446369,matched,0,,,,,0,2026-07-23,23.1,16.23,31.38,14.530000000000001,0.0,59.636,0
R00504,35.466249,127.390625,남원 데모도로,남원시,670188.0,287953.6,0.4296609309626552,17.276260308101918,matched,0,,,,,0,2025-12-30,2.59,-4.43,10.06,4.47,0.89,59.04600000000001,0
R00392,35.948941,126.957302,익산 데모도로,익산시,1404068.0,1069912.0,0.7620086776423934,10.189728749446369,matched,1,F0061,2024-05-03,덧씌우기,287.2705145235735,1,2025-11-26,0.06399999999999997,-8.03,9.27,1.66,0.0,64.03,0
R00135,35.87861,127.095273,전주 데모도로,전주시,2081706.65,842.95,0.0004049321742811,7.742488395563824,matched,0,,,,,0,2026-07-10,24.958,16.69,32.44,0.0,0.0,61.008,0
R00195,35.995053,126.762328,군산 데모도로,군산시,1384801.76,612246.21,0.442118307244208,14.853572251212228,matched,0,,,,,0,2024-11-08,2.81,-4.62,8.95,5.33,0.0,62.306000000000004,0
R00401,35.98252,126.925258,익산 데모도로,익산시,1404068.0,1069912.0,0.7620086776423934,10.189728749446369,matched,0,,,,,0,2026-04-14,16.894,11.15,23.08,4.41,0.0,63.61,1
R00640,35.618997,126.856267,정읍 데모도로,정읍시,845508.0,326882.92,0.3866112680187532,9.4307279162049,matched,0,,,,,0,2026-07-06,24.566,17.36,31.2,6.64,0.0,60.081999999999994,0
R00033,35.823408,127.224027,전주 데모도로,전주시,2081706.65,842.95,0.0004049321742811,7.742488395563824,matched,0,,,,,0,2025-08-18,21.302,14.43,29.23,14.149999999999999,0.0,70.252,0
R00460,35.418368,127.392787,남원 데모도로,남원시,670188.0,287953.6,0.4296609309626552,17.276260308101918,matched,0,,,,,0,2025-01-28,-0.030000000000000006,-7.47,7.4,0.0,0.0,57.63000000000001,0
R00470,35.452903,127.426837,남원 데모도로,남원시,670188.0,287953.6,0.4296609309626552,17.276260308101918,matched,0,,,,,0,2024-10-05,10.366,1.79,18.6,11.58,0.0,54.39,0
R00375,35.891777,127.014449,익산 데모도로,익산시,1404068.0,1069912.0,0.7620086776423934,10.189728749446369,matched,0,,,,,0,2026-01-11,-0.1200000000000001,-9.1,8.85,5.62,4.9,72.292,0
R00022,35.824024,127.169147,전주 데모도로,전주시,2081706.65,842.95,0.0004049321742811,7.742488395563824,matched,0,,,,,0,2025-07-13,24.728,18.8,31.61,0.0,0.0,49.251999999999995,0
R00670,35.591932,126.833874,정읍 데모도로,정읍시,845508.0,326882.92,0.3866112680187532,9.4307279162049,matched,0,,,,,0,2024-12-12,0.162,-5.05,6.16,12.64,0.08,55.322,0
R00038,35.778085,127.100754,전주 데모도로,전주시,2081706.65,842.95,0.0004049321742811,7.742488395563824,matched,0,,,,,0,2025-07-21,24.928,15.83,31.21,22.22,0.0,63.55799999999999,0
R00230,36.008837,126.73561,군산 데모도로,군산시,1384801.76,612246.21,0.442118307244208,14.853572251212228,matched,0,,,,,0,2025-01-12,0.4299999999999999,-7.18,6.53,7.06,2.18,65.738,0
R00365,35.983286,126.957562,익산 데모도로,익산시,1404068.0,1069912.0,0.7620086776423934,10.189728749446369,matched,0,,,,,0,2026-03-16,9.303999999999998,1.31,18.17,22.64,0.0,56.474000000000004,1
R00563,35.568981,126.862675,정읍 데모도로,정읍시,845508.0,326882.92,0.3866112680187532,9.4307279162049,matched,0,,,,,0,2025-07-07,25.380000000000003,17.88,33.01,7.96,0.0,54.038,0
R00438,35.417725,127.450021,남원 데모도로,남원시,670188.0,287953.6,0.4296609309626552,17.276260308101918,matched,0,,,,,0,2025-11-04,3.476,-3.44,10.42,1.85,0.0,66.17,0
R00283,35.947534,126.925525,익산 데모도로,익산시,1404068.0,1069912.0,0.7620086776423934,10.189728749446369,matched,0,,,,,0,2024-08-31,18.718,11.44,25.75,10.0,0.0,64.686,0
R00027,35.82491,127.194303,전주 데모도로,전주시,2081706.65,842.95,0.0004049321742811,7.742488395563824,matched,0,,,,,0,2025-12-25,-0.7779999999999999,-10.2,5.33,9.48,1.44,57.198,0
R00226,35.989253,126.735337,군산 데모도로,군산시,1384801.76,612246.21,0.442118307244208,14.853572251212228,matched,0,,,,,0,2026-07-20,25.542,17.05,36.34,23.06,0.0,66.218,0
R00277,35.947756,126.896589,익산 데모도로,익산시,1404068.0,1069912.0,0.7620086776423934,10.189728749446369,matched,0,,,,,0,2025-06-01,22.222,14.26,30.46,36.93,0.0,63.802,1
R00609,35.615869,126.902275,정읍 데모도로,정읍시,845508.0,326882.92,0.3866112680187532,9.4307279162049,matched,0,,,,,0,2026-08-08,20.162,13.62,28.4,12.51,0.0,54.56,0
R00284,35.947861,126.930646,익산 데모도로,익산시,1404068.0,1069912.0,0.7620086776423934,10.189728749446369,matched,0,,,,,0,2024-12-10,0.5360000000000001,-6.66,8.63,3.51,0.0,56.470000000000006,1
R00481,35.357294,127.39005,남원 데모도로,남원시,670188.0,287953.6,0.4296609309626552,17.276260308101918,matched,1,F0038,2024-12-02,상온아스콘,21.613938761646885,1,2025-12-11,-1.048,-11.07,8.27,0.02,0.96,53.83,0
R00453,35.394212,127.368537,남원 데모도로,남원시,670188.0,287953.6,0.4296609309626552,17.276260308101918,matched,0,,,,,0,2024-09-09,15.232,8.75,24.25,0.0,0.0,62.06,0
R00659,35.555263,126.870762,정읍 데모도로,정읍시,845508.0,326882.92,0.3866112680187532,9.4307279162049,matched,0,,,,,0,2025-08-02,21.97,12.53,31.4,45.44,0.0,62.224000000000004,1
R00516,35.37662,127.430309,남원 데모도로,남원시,670188.0,287953.6,0.4296609309626552,17.276260308101918,matched,0,,,,,0,2026-08-14,20.234,13.76,26.31,0.0,0.0,61.044,0
R00547,35.570127,126.786581,정읍 데모도로,정읍시,845508.0,326882.92,0.3866112680187532,9.4307279162049,matched,0,,,,,0,2026-07-02,26.201999999999998,15.58,34.2,0.0,0.0,58.354,0
R00192,35.983184,126.751861,군산 데모도로,군산시,1384801.76,612246.21,0.442118307244208,14.853572251212228,matched,0,,,,,0,2026-03-07,7.264,-3.91,18.32,0.0,0.0,51.839999999999996,0
R00049,35.814873,127.139872,전주 데모도로,전주시,2081706.65,842.95,0.0004049321742811,7.742488395563824,matched,0,,,,,0,2025-07-04,25.558,19.82,34.18,2.36,0.0,51.302,0
R00512,35.363478,127.443558,남원 데모도로,남원시,670188.0,287953.6,0.4296609309626552,17.276260308101918,matched,0,,,,,0,2024-12-22,-3.0300000000000002,-11.75,5.85,0.0,0.0,58.134,0
R00017,35.824821,127.145805,전주 데모도로,전주시,2081706.65,842.95,0.0004049321742811,7.742488395563824,matched,0,,,,,0,2025-05-22,21.502,15.12,27.22,0.0,0.0,54.848,0
R00172,35.91448,126.685149,군산 데모도로,군산시,1384801.76,612246.21,0.442118307244208,14.853572251212228,matched,0,,,,,0,2025-03-10,8.422,1.77,14.91,0.0,0.0,62.39,0
R00220,35.960287,126.7373,군산 데모도로,군산시,1384801.76,612246.21,0.442118307244208,14.853572251212228,matched,0,,,,,0,2025-02-28,8.203999999999999,0.94,14.75,39.31,0.0,56.872,1
R00158,35.966508,126.758865,군산 데모도로,군산시,1384801.76,612246.21,0.442118307244208,14.853572251212228,matched,0,,,,,0,2026-06-30,25.514,15.97,34.5,26.34,0.0,57.641999999999996,0
R00477,35.336331,127.39122,남원 데모도로,남원시,670188.0,287953.6,0.4296609309626552,17.276260308101918,matched,0,,,,,0,2026-06-13,25.532,18.05,34.13,70.91,0.0,63.17,1
R00046,35.805234,127.129248,전주 데모도로,전주시,2081706.65,842.95,0.0004049321742811,7.742488395563824,matched,0,,,,,0,2026-02-16,4.296,-5.94,11.18,0.0,0.3,61.004,0
R00373,36.023019,126.958074,익산 데모도로,익산시,1404068.0,1069912.0,0.7620086776423934,10.189728749446369,matched,0,,,,,0,2026-07-15,25.326,17.0,32.51,11.41,0.0,61.686,0
R00518,35.384008,127.421749,남원 데모도로,남원시,670188.0,287953.6,0.4296609309626552,17.276260308101918,matched,0,,,,,0,2025-05-31,23.812,16.31,32.84,46.02,0.0,65.31,0
R00099,35.890533,127.148617,전주 데모도로,전주시,2081706.65,842.95,0.0004049321742811,7.742488395563824,matched,0,,,,,0,2024-10-14,8.474,2.87,19.67,11.629999999999999,0.0,65.94200000000001,0
R00037,35.775645,127.09899,전주 데모도로,전주시,2081706.65,842.95,0.0004049321742811,7.742488395563824,matched,0,,,,,0,2025-06-17,23.088,16.51,30.12,22.35,0.0,63.477999999999994,0
R00280,35.949088,126.912102,익산 데모도로,익산시,1404068.0,1069912.0,0.7620086776423934,10.189728749446369,matched,0,,,,,0,2025-01-28,-0.030000000000000006,-7.47,7.4,0.0,0.0,57.63000000000001,0
R00349,35.907068,126.957013,익산 데모도로,익산시,1404068.0,1069912.0,0.7620086776423934,10.189728749446369,matched,0,,,,,0,2024-09-06,16.064,8.28,24.71,1.73,0.0,56.646,1
R00497,35.433306,127.392192,남원 데모도로,남원시,670188.0,287953.6,0.4296609309626552,17.276260308101918,matched,0,,,,,0,2025-08-23,18.784,13.07,30.05,0.55,0.0,66.25399999999999,0
R00302,35.947529,127.017443,익산 데모도로,익산시,1404068.0,1069912.0,0.7620086776423934,10.189728749446369,matched,0,,,,,0,2025-05-09,21.622,13.74,28.98,0.0,0.0,56.24400000000001,1
R00181,35.945464,126.714632,군산 데모도로,군산시,1384801.76,612246.21,0.442118307244208,14.853572251212228,matched,0,,,,,0,2024-12-09,-0.93,-10.13,6.8,0.0,2.63,55.77,0
R00607,35.609827,126.896187,정읍 데모도로,정읍시,845508.0,326882.92,0.3866112680187532,9.4307279162049,matched,0,,,,,0,2025-12-19,-0.26799999999999996,-7.97,8.63,18.28,1.8199999999999998,58.924,0
R00099,35.890533,127.148617,전주 데모도로,전주시,2081706.65,842.95,0.0004049321742811,7.742488395563824,matched,0,,,,,0,2025-07-11,24.978,18.8,31.75,4.49,0.0,57.024,0
R00116,35.812461,127.158257,전주 데모도로,전주시,2081706.65,842.95,0.0004049321742811,7.742488395563824,matched,0,,,,,0,2026-02-11,3.158,-6.96,13.41,0.0,1.43,55.152,0
R00191,35.978885,126.748397,군산 데모도로,군산시,1384801.76,612246.21,0.442118307244208,14.853572251212228,matched,0,,,,,0,2026-05-27,22.372,15.62,26.84,0.0,0.0,50.727999999999994,0
R00253,35.959922,126.746219,군산 데모도로,군산시,1384801.76,612246.21,0.442118307244208,14.853572251212228,matched,0,,,,,0,2026-03-20,11.494,3.87,19.15,3.63,0.0,58.202,0
R00161,35.966337,126.774117,군산 데모도로,군산시,1384801.76,612246.21,0.442118307244208,14.853572251212228,matched,0,,,,,0,2024-10-22,8.086,-2.07,19.1,12.67,0.0,60.95,0
R00256,35.970267,126.735865,군산 데모도로,군산시,1384801.76,612246.21,0.442118307244208,14.853572251212228,matched,0,,,,,0,2025-06-06,24.398,16.1,30.58,1.58,0.0,55.260000000000005,0
R00323,35.94691,126.956026,익산 데모도로,익산시,1404068.0,1069912.0,0.7620086776423934,10.189728749446369,matched,1,F0051,2025-03-31,덧씌우기,282.78321484119584,1,2024-09-12,13.907999999999998,2.89,22.31,11.27,0.0,69.30799999999999,0
R00128,35.853217,127.119876,전주 데모도로,전주시,2081706.65,842.95,0.0004049321742811,7.742488395563824,matched,0,,,,,0,2026-02-18,4.684,-1.99,14.4,17.59,0.0,65.59200000000001,0
R00018,35.824759,127.148978,전주 데모도로,전주시,2081706.65,842.95,0.0004049321742811,7.742488395563824,matched,0,,,,,0,2024-08-19,18.448,11.14,25.78,69.77000000000001,0.0,61.574,0
R00566,35.569344,126.877455,정읍 데모도로,정읍시,845508.0,326882.92,0.3866112680187532,9.4307279162049,matched,0,,,,,0,2026-02-18,4.684,-1.99,14.4,17.59,0.0,65.59200000000001,0
R00570,35.570881,126.896782,정읍 데모도로,정읍시,845508.0,326882.92,0.3866112680187532,9.4307279162049,matched,0,,,,,0,2025-01-06,-3.44,-12.24,8.59,0.0,0.0,55.672000000000004,0
R00323,35.94691,126.956026,익산 데모도로,익산시,1404068.0,1069912.0,0.7620086776423934,10.189728749446369,matched,1,F0051,2025-03-31,덧씌우기,282.78321484119584,1,2026-05-28,23.846,15.86,31.94,0.0,0.0,54.705999999999996,0
R00626,35.55397,126.856146,정읍 데모도로,정읍시,845508.0,326882.92,0.3866112680187532,9.4307279162049,matched,0,,,,,0,2025-02-22,6.444,-5.93,14.0,20.799999999999997,0.0,58.67,0
R00288,35.947123,126.951077,익산 데모도로,익산시,1404068.0,1069912.0,0.7620086776423934,10.189728749446369,matched,0,,,,,0,2024-12-24,-2.692,-11.93,2.43,3.27,0.39,60.136,1
R00663,35.566414,126.857825,정읍 데모도로,정읍시,845508.0,326882.92,0.3866112680187532,9.4307279162049,matched,0,,,,,0,2025-03-07,6.906000000000001,-0.44,14.27,0.0,0.0,62.662,0
R00639,35.616456,126.856128,정읍 데모도로,정읍시,845508.0,326882.92,0.3866112680187532,9.4307279162049,matched,0,,,,,0,2024-12-23,-3.064,-11.08,5.12,0.0,2.01,62.352,0
R00155,35.967871,126.743913,군산 데모도로,군산시,1384801.76,612246.21,0.442118307244208,14.853572251212228,matched,0,,,,,0,2025-05-02,18.125999999999998,8.34,26.16,1.94,0.0,63.702,0
R00490,35.399475,127.389946,남원 데모도로,남원시,670188.0,287953.6,0.4296609309626552,17.276260308101918,matched,0,,,,,0,2026-06-25,24.668,18.55,32.29,2.25,0.0,60.39,0
R00386,35.928879,126.975814,익산 데모도로,익산시,1404068.0,1069912.0,0.7620086776423934,10.189728749446369,matched,0,,,,,0,2026-02-16,4.296,-5.94,11.18,0.0,0.3,61.004,1
R00104,35.770905,127.201572,전주 데모도로,전주시,2081706.65,842.95,0.0004049321742811,7.742488395563824,matched,0,,,,,0,2025-02-28,8.203999999999999,0.94,14.75,39.31,0.0,56.872,0
R00393,35.953645,126.953148,익산 데모도로,익산시,1404068.0,1069912.0,0.7620086776423934,10.189728749446369,matched,0,,,,,0,2026-07-22,22.756,16.26,31.99,6.35,0.0,62.45,0
R00246,35.934975,126.769475,군산 데모도로,군산시,1384801.76,612246.21,0.442118307244208,14.853572251212228,matched,0,,,,,0,2024-11-30,-0.5039999999999999,-7.61,5.51,0.0,0.0,60.004,0
R00176,35.927913,126.697188,군산 데모도로,군산시,1384801.76,612246.21,0.442118307244208,14.853572251212228,matched,0,,,,,0,2026-02-04,0.21599999999999991,-8.34,5.67,15.78,0.0,67.786,0
R00039,35.779927,127.10576,전주 데모도로,전주시,2081706.65,842.95,0.0004049321742811,7.742488395563824,matched,0,,,,,0,2025-05-10,18.922,10.49,27.24,7.9,0.0,59.814,0
R00477,35.336331,127.39122,남원 데모도로,남원시,670188.0,287953.6,0.4296609309626552,17.276260308101918,matched,0,,,,,0,2025-09-06,15.968,4.45,22.74,9.15,0.0,59.016,0
R00538,35.451203,127.353755,남원 데모도로,남원시,670188.0,287953.6,0.4296609309626552,17.276260308101918,matched,0,,,,,0,2025-05-05,21.901999999999997,14.22,28.68,4.62,0.0,53.251999999999995,0
R00408,36.005646,126.900915,익산 데모도로,익산시,1404068.0,1069912.0,0.7620086776423934,10.189728749446369,matched,0,,,,,0,2025-10-06,9.724,1.46,18.32,11.07,0.0,51.720000000000006,1
R00525,35.407591,127.398556,남원 데모도로,남원시,670188.0,287953.6,0.4296609309626552,17.276260308101918,matched,0,,,,,0,2025-08-11,20.322,12.16,27.21,0.0,0.0,59.815999999999995,0
R00506,35.476204,127.390266,남원 데모도로,남원시,670188.0,287953.6,0.4296609309626552,17.276260308101918,matched,0,,,,,0,2024-11-01,4.578,-2.5,14.22,0.0,0.0,58.212,0
R00036,35.771193,127.095657,전주 데모도로,전주시,2081706.65,842.95,0.0004049321742811,7.742488395563824,matched,0,,,,,0,2025-08-08,21.816,14.78,26.98,18.26,0.0,63.507999999999996,0
R00020,35.824556,127.161415,전주 데모도로,전주시,2081706.65,842.95,0.0004049321742811,7.742488395563824,matched,0,,,,,0,2026-03-25,13.262,6.5,21.24,1.4,0.0,55.553999999999995,0
R00321,35.93962,126.948668,익산 데모도로,익산시,1404068.0,1069912.0,0.7620086776423934,10.189728749446369,matched,0,,,,,0,2025-02-22,6.444,-5.93,14.0,20.799999999999997,0.0,58.67,1
R00512,35.363478,127.443558,남원 데모도로,남원시,670188.0,287953.6,0.4296609309626552,17.276260308101918,matched,0,,,,,0,2026-07-04,25.018,18.6,30.48,0.0,0.0,62.176,0
R00400,35.979538,126.929792,익산 데모도로,익산시,1404068.0,1069912.0,0.7620086776423934,10.189728749446369,matched,0,,,,,0,2025-06-04,24.19,17.02,31.55,10.879999999999999,0.0,54.88199999999999,1
R00654,35.536421,126.888782,정읍 데모도로,정읍시,845508.0,326882.92,0.3866112680187532,9.4307279162049,matched,0,,,,,0,2024-10-02,10.67,3.46,18.41,10.18,0.0,58.174,0
R00471,35.456455,127.430377,남원 데모도로,남원시,670188.0,287953.6,0.4296609309626552,17.276260308101918,matched,0,,,,,0,2026-03-14,9.168000000000001,-1.95,17.62,0.0,0.0,58.362,0
R00143,35.967487,126.685226,군산 데모도로,군산시,1384801.76,612246.21,0.442118307244208,14.853572251212228,matched,0,,,,,0,2024-11-09,2.504,-2.57,7.3,12.06,0.0,57.1,0
R00092,35.855794,127.148422,전주 데모도로,전주시,2081706.65,842.95,0.0004049321742811,7.742488395563824,matched,0,,,,,0,2024-12-19,-1.8219999999999998,-12.33,5.58,2.14,0.0,53.2,0
R00354,35.931685,126.958902,익산 데모도로,익산시,1404068.0,1069912.0,0.7620086776423934,10.189728749446369,matched,1,F0076,2025-01-27,상온아스콘,76.92133332542402,2,2025-08-11,20.322,12.16,27.21,0.0,0.0,59.815999999999995,0
R00051,35.822437,127.146151,전주 데모도로,전주시,2081706.65,842.95,0.0004049321742811,7.742488395563824,matched,0,,,,,0,2026-01-28,0.9039999999999999,-7.19,9.15,13.78,3.7399999999999998,54.596000000000004,0
R00665,35.574607,126.85097,정읍 데모도로,정읍시,845508.0,326882.92,0.3866112680187532,9.4307279162049,matched,0,,,,,0,2024-10-23,5.3260000000000005,-1.65,12.6,5.79,0.0,57.36,0
R00575,35.570003,126.92076,정읍 데모도로,정읍시,845508.0,326882.92,0.3866112680187532,9.4307279162049,matched,0,,,,,0,2026-06-06,26.826,19.56,32.41,19.91,0.0,69.934,0
R00190,35.97726,126.744251,군산 데모도로,군산시,1384801.76,612246.21,0.442118307244208,14.853572251212228,matched,0,,,,,0,2025-08-28,17.778,9.18,22.99,16.78,0.0,57.784000000000006,0
R00125,35.843201,127.129563,전주 데모도로,전주시,2081706.65,842.95,0.0004049321742811,7.742488395563824,matched,0,,,,,0,2025-01-27,0.614,-5.7,8.1,0.0,0.0,65.652,0
R00150,35.967208,126.720263,군산 데모도로,군산시,1384801.76,612246.21,0.442118307244208,14.853572251212228,matched,0,,,,,0,2025-09-02,13.280000000000001,4.24,20.28,0.0,0.0,54.022000000000006,0
R00314,35.914794,126.925322,익산 데모도로,익산시,1404068.0,1069912.0,0.7620086776423934,10.189728749446369,matched,0,,,,,0,2026-06-05,23.374000000000002,16.05,30.8,5.659999999999999,0.0,69.11,0
R00570,35.570881,126.896782,정읍 데모도로,정읍시,845508.0,326882.92,0.3866112680187532,9.4307279162049,matched,0,,,,,0,2025-08-11,20.322,12.16,27.21,0.0,0.0,59.815999999999995,0
R00342,35.872336,126.957771,익산 데모도로,익산시,1404068.0,1069912.0,0.7620086776423934,10.189728749446369,matched,0,,,,,0,2025-02-22,6.444,-5.93,14.0,20.799999999999997,0.0,58.67,1
R00305,35.948167,127.032524,익산 데모도로,익산시,1404068.0,1069912.0,0.7620086776423934,10.189728749446369,matched,0,,,,,0,2025-07-06,25.582,18.6,30.96,4.71,0.0,54.678,0
R00054,35.833718,127.15628,전주 데모도로,전주시,2081706.65,842.95,0.0004049321742811,7.742488395563824,matched,0,,,,,0,2025-11-11,2.754,-2.58,9.26,2.85,0.0,59.174,0
R00444,35.363118,127.336984,남원 데모도로,남원시,670188.0,287953.6,0.4296609309626552,17.276260308101918,matched,0,,,,,0,2025-12-05,-0.542,-8.4,8.16,8.95,0.0,57.914,0
R00613,35.489736,126.855306,정읍 데모도로,정읍시,845508.0,326882.92,0.3866112680187532,9.4307279162049,matched,0,,,,,0,2024-08-31,18.718,11.44,25.75,10.0,0.0,64.686,0
R00264,35.997116,126.706867,군산 데모도로,군산시,1384801.76,612246.21,0.442118307244208,14.853572251212228,matched,0,,,,,0,2025-02-18,4.542,-6.13,13.3,2.61,1.83,50.757999999999996,0
R00053,35.830333,127.153403,전주 데모도로,전주시,2081706.65,842.95,0.0004049321742811,7.742488395563824,matched,0,,,,,0,2024-12-07,-1.718,-9.87,5.9,25.98,0.0,58.846000000000004,0
R00572,35.569716,126.907516,정읍 데모도로,정읍시,845508.0,326882.92,0.3866112680187532,9.4307279162049,matched,0,,,,,0,2026-01-08,-2.552,-9.39,2.5,6.09,0.0,61.766,0
R00620,35.52488,126.855818,정읍 데모도로,정읍시,845508.0,326882.92,0.3866112680187532,9.4307279162049,matched,0,,,,,0,2025-06-04,24.19,17.02,31.55,10.879999999999999,0.0,54.88199999999999,0
R00005,35.82463,127.087153,전주 데모도로,전주시,2081706.65,842.95,0.0004049321742811,7.742488395563824,matched,0,,,,,0,2025-06-09,24.848000000000003,16.91,32.86,9.24,0.0,56.04200000000001,0
R00103,35.766707,127.205112,전주 데모도로,전주시,2081706.65,842.95,0.0004049321742811,7.742488395563824,matched,0,,,,,0,2025-11-12,3.5460000000000003,-4.43,11.62,0.0,0.0,60.428,0
R00196,35.997577,126.765335,군산 데모도로,군산시,1384801.76,612246.21,0.442118307244208,14.853572251212228,matched,0,,,,,0,2025-03-21,11.352,2.81,18.17,3.84,0.0,60.504,0
R00350,35.911942,126.958567,익산 데모도로,익산시,1404068.0,1069912.0,0.7620086776423934,10.189728749446369,matched,0,,,,,0,2026-05-12,22.22,14.5,31.08,2.09,0.0,55.77,1
R00047,35.809363,127.132389,전주 데모도로,전주시,2081706.65,842.95,0.0004049321742811,7.742488395563824,matched,0,,,,,0,2026-03-08,6.276,-3.39,14.12,0.0,0.0,55.934000000000005,0
R00656,35.544692,126.882072,정읍 데모도로,정읍시,845508.0,326882.92,0.3866112680187532,9.4307279162049,matched,0,,,,,0,2024-09-14,14.95,8.15,21.07,5.68,0.0,61.738,0
R00269,36.013538,126.690229,군산 데모도로,군산시,1384801.76,612246.21,0.442118307244208,14.853572251212228,matched,0,,,,,0,2026-05-10,19.828,11.73,24.72,0.0,0.0,51.215999999999994,0
R00370,36.009178,126.957255,익산 데모도로,익산시,1404068.0,1069912.0,0.7620086776423934,10.189728749446369,matched,0,,,,,0,2025-04-06,13.004,6.02,23.53,5.15,0.0,60.6,0
R00636,35.600874,126.854656,정읍 데모도로,정읍시,845508.0,326882.92,0.3866112680187532,9.4307279162049,matched,0,,,,,0,2026-03-06,9.044,3.32,15.96,0.12,0.0,60.13199999999999,0
R00106,35.776484,127.193677,전주 데모도로,전주시,2081706.65,842.95,0.0004049321742811,7.742488395563824,matched,0,,,,,0,2025-07-05,25.064,18.12,34.15,52.339999999999996,0.0,62.153999999999996,0
R00670,35.591932,126.833874,정읍 데모도로,정읍시,845508.0,326882.92,0.3866112680187532,9.4307279162049,matched,0,,,,,0,2025-04-08,13.232,6.31,19.13,3.42,0.0,61.668000000000006,0
R00659,35.555263,126.870762,정읍 데모도로,정읍시,845508.0,326882.92,0.3866112680187532,9.4307279162049,matched,0,,,,,0,2026-06-19,24.666,18.03,31.25,29.11,0.0,62.238,0
R00657,35.546399,126.878274,정읍 데모도로,정읍시,845508.0,326882.92,0.3866112680187532,9.4307279162049,matched,0,,,,,0,2025-10-29,5.837999999999999,-4.44,14.51,30.669999999999998,0.0,63.842,0
R00120,35.825854,127.146328,전주 데모도로,전주시,2081706.65,842.95,0.0004049321742811,7.742488395563824,matched,0,,,,,0,2026-02-02,3.368,-5.63,15.21,4.06,3.48,55.726,0
R00604,35.59853,126.885311,정읍 데모도로,정읍시,845508.0,326882.92,0.3866112680187532,9.4307279162049,matched,0,,,,,0,2025-09-25,13.709999999999999,4.57,21.73,0.0,0.0,58.19000000000001,0
R00058,35.846005,127.171492,전주 데모도로,전주시,2081706.65,842.95,0.0004049321742811,7.742488395563824,matched,0,,,,,0,2024-10-10,9.234,1.34,17.18,3.34,0.0,57.42,0
R00346,35.892252,126.957481,익산 데모도로,익산시,1404068.0,1069912.0,0.7620086776423934,10.189728749446369,matched,0,,,,,0,2025-06-27,24.418,16.53,31.12,15.66,0.0,69.01599999999999,0
R00474,35.467161,127.43947,남원 데모도로,남원시,670188.0,287953.6,0.4296609309626552,17.276260308101918,matched,0,,,,,0,2025-05-26,23.064,16.06,30.81,10.87,0.0,62.824,0
R00117,35.814964,127.156567,전주 데모도로,전주시,2081706.65,842.95,0.0004049321742811,7.742488395563824,matched,0,,,,,0,2026-08-14,20.234,13.76,26.31,0.0,0.0,61.044,0
R00127,35.850219,127.120805,전주 데모도로,전주시,2081706.65,842.95,0.0004049321742811,7.742488395563824,matched,0,,,,,0,2024-09-18,13.23,5.64,23.28,0.0,0.0,62.855999999999995,0
R00393,35.953645,126.953148,익산 데모도로,익산시,1404068.0,1069912.0,0.7620086776423934,10.189728749446369,matched,0,,,,,0,2025-07-21,24.928,15.83,31.21,22.22,0.0,63.55799999999999,0
R00641,35.625455,126.856992,정읍 데모도로,정읍시,845508.0,326882.92,0.3866112680187532,9.4307279162049,matched,0,,,,,0,2025-02-17,4.242,-4.37,12.28,0.0,0.0,60.605999999999995,0
R00058,35.846005,127.171492,전주 데모도로,전주시,2081706.65,842.95,0.0004049321742811,7.742488395563824,matched,0,,,,,0,2024-09-10,16.454,8.6,24.29,0.0,0.0,50.426,0
R00634,35.593203,126.855944,정읍 데모도로,정읍시,845508.0,326882.92,0.3866112680187532,9.4307279162049,matched,0,,,,,0,2026-02-13,3.084,-4.39,11.51,4.76,0.0,64.50800000000001,0
R00513,35.366316,127.440271,남원 데모도로,남원시,670188.0,287953.6,0.4296609309626552,17.276260308101918,matched,0,,,,,0,2025-11-07,2.622,-5.1,9.77,0.0,0.0,66.22,0
R00096,35.874516,127.146631,전주 데모도로,전주시,2081706.65,842.95,0.0004049321742811,7.742488395563824,matched,0,,,,,0,2024-10-31,4.8660000000000005,-2.98,13.89,33.65,0.0,62.35600000000001,0
R00638,35.611337,126.855431,정읍 데모도로,정읍시,845508.0,326882.92,0.3866112680187532,9.4307279162049,matched,0,,,,,0,2024-08-28,17.407999999999998,6.87,23.33,0.0,0.0,56.862,0
R00118,35.818803,127.152232,전주 데모도로,전주시,2081706.65,842.95,0.0004049321742811,7.742488395563824,matched,0,,,,,0,2025-12-15,-0.868,-8.62,5.87,8.42,0.7,56.431999999999995,0
R00560,35.5695,126.848822,정읍 데모도로,정읍시,845508.0,326882.92,0.3866112680187532,9.4307279162049,matched,0,,,,,0,2025-11-17,-0.021999999999999974,-7.54,9.11,13.18,0.0,68.096,0
R00601,35.589527,126.875097,정읍 데모도로,정읍시,845508.0,326882.92,0.3866112680187532,9.4307279162049,matched,0,,,,,0,2026-03-07,7.264,-3.91,18.32,0.0,0.0,51.839999999999996,0
R00488,35.390359,127.389866,남원 데모도로,남원시,670188.0,287953.6,0.4296609309626552,17.276260308101918,matched,0,,,,,0,2026-03-05,5.762,-0.14,14.49,13.36,0.0,62.224000000000004,0
R00237,36.043414,126.736115,군산 데모도로,군산시,1384801.76,612246.21,0.442118307244208,14.853572251212228,matched,0,,,,,0,2026-06-09,24.226,17.51,30.26,12.44,0.0,61.081999999999994,0
R00272,36.024573,126.679591,군산 데모도로,군산시,1384801.76,612246.21,0.442118307244208,14.853572251212228,matched,0,,,,,0,2025-01-25,0.04800000000000004,-8.04,10.06,7.91,2.54,65.724,0
R00189,35.973478,126.742574,군산 데모도로,군산시,1384801.76,612246.21,0.442118307244208,14.853572251212228,matched,0,,,,,0,2024-09-01,17.29,9.79,25.48,0.0,0.0,61.186,0
R00447,35.372185,127.346964,남원 데모도로,남원시,670188.0,287953.6,0.4296609309626552,17.276260308101918,matched,0,,,,,0,2025-02-12,2.354,-4.34,8.76,1.21,0.0,54.29600000000001,0
R00581,35.519509,126.805886,정읍 데모도로,정읍시,845508.0,326882.92,0.3866112680187532,9.4307279162049,matched,1,F0068,2025-12-28,상온아스콘,39.29216474944008,1,2025-10-04,9.968,2.23,19.0,4.08,0.0,59.678,0
R00247,35.938556,126.764753,군산 데모도로,군산시,1384801.76,612246.21,0.442118307244208,14.853572251212228,matched,0,,,,,0,2024-10-10,9.234,1.34,17.18,3.34,0.0,57.42,0
R00076,35.778204,127.148321,전주 데모도로,전주시,2081706.65,842.95,0.0004049321742811,7.742488395563824,matched,0,,,,,0,2025-09-30,12.102,3.11,22.03,11.96,0.0,55.104,0
R00154,35.967652,126.739072,군산 데모도로,군산시,1384801.76,612246.21,0.442118307244208,14.853572251212228,matched,1,F0011,2024-03-26,임시보수,284.1412180574434,1,2024-09-09,15.232,8.75,24.25,0.0,0.0,62.06,0
R00656,35.544692,126.882072,정읍 데모도로,정읍시,845508.0,326882.92,0.3866112680187532,9.4307279162049,matched,0,,,,,0,2024-09-17,12.78,6.1,20.95,12.51,0.0,62.896,0
R00435,35.414387,127.436407,남원 데모도로,남원시,670188.0,287953.6,0.4296609309626552,17.276260308101918,matched,0,,,,,0,2026-07-22,22.756,16.26,31.99,6.35,0.0,62.45,0
R00086,35.826956,127.147903,전주 데모도로,전주시,2081706.65,842.95,0.0004049321742811,7.742488395563824,matched,0,,,,,0,2025-05-05,21.901999999999997,14.22,28.68,4.62,0.0,53.251999999999995,0
R00285,35.948289,126.936453,익산 데모도로,익산시,1404068.0,1069912.0,0.7620086776423934,10.189728749446369,matched,0,,,,,0,2025-03-11,8.968,2.23,16.13,22.860000000000003,0.0,68.592,1
R00220,35.960287,126.7373,군산 데모도로,군산시,1384801.76,612246.21,0.442118307244208,14.853572251212228,matched,0,,,,,0,2024-10-16,8.306000000000001,-0.0,15.46,5.87,0.0,59.998000000000005,0
R00069,35.745471,127.149299,전주 데모도로,전주시,2081706.65,842.95,0.0004049321742811,7.742488395563824,matched,0,,,,,0,2025-12-02,-0.6280000000000001,-9.71,6.78,3.5,1.08,65.564,0
R00047,35.809363,127.132389,전주 데모도로,전주시,2081706.65,842.95,0.0004049321742811,7.742488395563824,matched,0,,,,,0,2025-11-27,1.2079999999999997,-9.88,11.76,0.0,0.0,51.972,0
R00094,35.864987,127.148523,전주 데모도로,전주시,2081706.65,842.95,0.0004049321742811,7.742488395563824,matched,0,,,,,0,2024-08-30,17.608,10.33,23.51,7.75,0.0,64.22,0
R00453,35.394212,127.368537,남원 데모도로,남원시,670188.0,287953.6,0.4296609309626552,17.276260308101918,matched,0,,,,,0,2026-05-11,20.174,11.09,29.75,39.150000000000006,0.0,65.93199999999999,1
R00204,36.024578,126.794229,군산 데모도로,군산시,1384801.76,612246.21,0.442118307244208,14.853572251212228,matched,0,,,,,0,2025-06-04,24.19,17.02,31.55,10.879999999999999,0.0,54.88199999999999,0
R00218,35.950727,126.736954,군산 데모도로,군산시,1384801.76,612246.21,0.442118307244208,14.853572251212228,matched,0,,,,,0,2025-08-07,21.674,14.7,31.75,0.0,0.0,52.16799999999999,0
R00474,35.467161,127.43947,남원 데모도로,남원시,670188.0,287953.6,0.4296609309626552,17.276260308101918,matched,0,,,,,0,2026-05-19,21.038,15.25,28.73,0.0,0.0,53.34400000000001,0
R00432,35.416519,127.421833,남원 데모도로,남원시,670188.0,287953.6,0.4296609309626552,17.276260308101918,matched,0,,,,,0,2024-11-01,4.578,-2.5,14.22,0.0,0.0,58.212,0
R00341,35.869422,126.9565,익산 데모도로,익산시,1404068.0,1069912.0,0.7620086776423934,10.189728749446369,matched,0,,,,,0,2026-08-04,22.424,16.15,30.38,7.57,0.0,58.874,1
R00551,35.570304,126.804958,정읍 데모도로,정읍시,845508.0,326882.92,0.3866112680187532,9.4307279162049,matched,0,,,,,0,2026-03-02,6.517999999999999,0.26,12.71,1.12,0.0,58.474000000000004,0
R00612,35.625395,126.911783,정읍 데모도로,정읍시,845508.0,326882.92,0.3866112680187532,9.4307279162049,matched,0,,,,,0,2026-04-01,13.042000000000002,6.94,22.34,15.030000000000001,0.0,66.798,1
R00289,35.947722,126.954865,익산 데모도로,익산시,1404068.0,1069912.0,0.7620086776423934,10.189728749446369,matched,0,,,,,0,2025-11-02,3.3579999999999997,-4.35,10.67,16.13,0.0,62.88199999999999,0
R00254,35.963515,126.742837,군산 데모도로,군산시,1384801.76,612246.21,0.442118307244208,14.853572251212228,matched,0,,,,,0,2025-04-16,15.219999999999999,7.6,23.3,25.87,0.0,56.022000000000006,1
R00357,35.945171,126.956855,익산 데모도로,익산시,1404068.0,1069912.0,0.7620086776423934,10.189728749446369,matched,1,F0051,2025-03-31,덧씌우기,79.51234609783661,1,2025-01-19,-1.0559999999999998,-8.87,10.91,11.97,1.51,62.672000000000004,0
R00023,35.823867,127.174381,전주 데모도로,전주시,2081706.65,842.95,0.0004049321742811,7.742488395563824,matched,0,,,,,0,2024-11-22,1.374,-6.14,10.6,0.65,0.0,58.25599999999999,0
R00522,35.396977,127.409231,남원 데모도로,남원시,670188.0,287953.6,0.4296609309626552,17.276260308101918,matched,0,,,,,0,2026-08-14,20.234,13.76,26.31,0.0,0.0,61.044,0
R00100,35.893826,127.148815,전주 데모도로,전주시,2081706.65,842.95,0.0004049321742811,7.742488395563824,matched,0,,,,,0,2025-06-08,24.248,17.3,32.05,11.24,0.0,55.238,0
R00180,35.942233,126.712116,군산 데모도로,군산시,1384801.76,612246.21,0.442118307244208,14.853572251212228,matched,0,,,,,0,2025-03-15,11.252,2.63,18.98,27.98,0.0,65.434,1
R00223,35.975607,126.737077,군산 데모도로,군산시,1384801.76,612246.21,0.442118307244208,14.853572251212228,matched,0,,,,,0,2025-07-27,24.235999999999997,18.12,29.81,7.890000000000001,0.0,57.45,0
R00659,35.555263,126.870762,정읍 데모도로,정읍시,845508.0,326882.92,0.3866112680187532,9.4307279162049,matched,0,,,,,0,2024-11-14,1.3800000000000001,-5.5,10.15,5.47,0.0,60.16600000000001,0
R00442,35.416187,127.470526,남원 데모도로,남원시,670188.0,287953.6,0.4296609309626552,17.276260308101918,matched,0,,,,,0,2025-09-12,15.514,8.16,25.19,0.0,0.0,54.220000000000006,0
R00608,35.612504,126.898103,정읍 데모도로,정읍시,845508.0,326882.92,0.3866112680187532,9.4307279162049,matched,1,F0019,2025-12-11,덧씌우기,66.54379000810414,2,2025-07-09,24.966,19.0,31.05,50.85,0.0,57.85,0
R00325,35.952676,126.962377,익산 데모도로,익산시,1404068.0,1069912.0,0.7620086776423934,10.189728749446369,matched,0,,,,,0,2025-01-22,1.9759999999999998,-4.22,9.26,25.29,0.79,64.952,1
R00516,35.37662,127.430309,남원 데모도로,남원시,670188.0,287953.6,0.4296609309626552,17.276260308101918,matched,0,,,,,0,2026-06-17,27.778,20.79,35.48,24.11,0.0,64.8,0
R00016,35.823803,127.140991,전주 데모도로,전주시,2081706.65,842.95,0.0004049321742811,7.742488395563824,matched,0,,,,,0,2026-05-31,23.694,14.02,31.19,3.69,0.0,59.06,0
R00336,35.990952,127.00024,익산 데모도로,익산시,1404068.0,1069912.0,0.7620086776423934,10.189728749446369,matched,0,,,,,0,2026-05-13,22.22,14.68,32.53,20.63,0.0,75.936,1
R00258,35.976324,126.729322,군산 데모도로,군산시,1384801.76,612246.21,0.442118307244208,14.853572251212228,matched,0,,,,,0,2026-03-18,11.138,1.29,17.98,0.0,0.0,52.738,0
R00497,35.433306,127.392192,남원 데모도로,남원시,670188.0,287953.6,0.4296609309626552,17.276260308101918,matched,0,,,,,0,2026-04-29,17.766,8.84,27.03,5.23,0.0,58.128,0
R00160,35.967518,126.766635,군산 데모도로,군산시,1384801.76,612246.21,0.442118307244208,14.853572251212228,matched,0,,,,,0,2026-06-08,25.612000000000002,19.68,32.31,30.86,0.0,53.616,1
R00475,35.469519,127.443091,남원 데모도로,남원시,670188.0,287953.6,0.4296609309626552,17.276260308101918,matched,0,,,,,0,2025-01-02,-2.092,-9.71,6.4,0.0,0.52,59.589999999999996,0
R00664,35.572029,126.855151,정읍 데모도로,정읍시,845508.0,326882.92,0.3866112680187532,9.4307279162049,matched,0,,,,,0,2026-06-23,25.330000000000002,17.92,34.2,11.26,0.0,60.04600000000001,0
R00675,35.608788,126.81545,정읍 데모도로,정읍시,845508.0,326882.92,0.3866112680187532,9.4307279162049,matched,0,,,,,0,2025-10-20,6.556,-2.06,15.03,0.0,0.0,58.736000000000004,0
R00380,35.908842,126.998177,익산 데모도로,익산시,1404068.0,1069912.0,0.7620086776423934,10.189728749446369,matched,0,,,,,0,2025-11-13,4.0,-1.49,9.23,19.659999999999997,0.0,59.303999999999995,0
R00545,35.569579,126.775467,정읍 데모도로,정읍시,845508.0,326882.92,0.3866112680187532,9.4307279162049,matched,0,,,,,0,2026-04-22,17.02,9.82,24.75,6.54,0.0,58.065999999999995,0
R00427,35.415612,127.397951,남원 데모도로,남원시,670188.0,287953.6,0.4296609309626552,17.276260308101918,matched,0,,,,,0,2025-01-06,-3.44,-12.24,8.59,0.0,0.0,55.672000000000004,0
R00613,35.489736,126.855306,정읍 데모도로,정읍시,845508.0,326882.92,0.3866112680187532,9.4307279162049,matched,0,,,,,0,2024-11-09,2.504,-2.57,7.3,12.06,0.0,57.1,0
R00268,36.01108,126.693329,군산 데모도로,군산시,1384801.76,612246.21,0.442118307244208,14.853572251212228,matched,0,,,,,0,2025-02-11,2.252,-8.67,11.84,0.0,0.27,58.902,0
R00577,35.56953,126.93166,정읍 데모도로,정읍시,845508.0,326882.92,0.3866112680187532,9.4307279162049,matched,0,,,,,0,2025-03-04,6.843999999999999,0.5,11.78,8.86,0.0,56.588,0
R00417,35.415874,127.349843,남원 데모도로,남원시,670188.0,287953.6,0.4296609309626552,17.276260308101918,matched,0,,,,,0,2026-05-04,20.009999999999998,10.01,27.03,37.75,0.0,61.212,0
R00168,35.968797,126.806176,군산 데모도로,군산시,1384801.76,612246.21,0.442118307244208,14.853572251212228,matched,0,,,,,0,2026-03-09,7.75,2.36,16.54,26.82,0.0,66.226,0
R00043,35.795211,127.118698,전주 데모도로,전주시,2081706.65,842.95,0.0004049321742811,7.742488395563824,matched,0,,,,,0,2026-07-10,24.958,16.69,32.44,0.0,0.0,61.008,0
R00556,35.570216,126.829722,정읍 데모도로,정읍시,845508.0,326882.92,0.3866112680187532,9.4307279162049,matched,0,,,,,0,2025-10-13,7.648000000000001,1.02,14.41,2.56,0.0,60.775999999999996,0
R00285,35.948289,126.936453,익산 데모도로,익산시,1404068.0,1069912.0,0.7620086776423934,10.189728749446369,matched,0,,,,,0,2025-09-23,12.628,7.12,21.28,8.24,0.0,57.934000000000005,0
R00397,35.965969,126.938281,익산 데모도로,익산시,1404068.0,1069912.0,0.7620086776423934,10.189728749446369,matched,0,,,,,0,2026-07-17,23.316,15.07,31.14,0.0,0.0,56.251999999999995,1
R00012,35.824178,127.120984,전주 데모도로,전주시,2081706.65,842.95,0.0004049321742811,7.742488395563824,matched,0,,,,,0,2025-12-02,-0.6280000000000001,-9.71,6.78,3.5,1.08,65.564,0
R00607,35.609827,126.896187,정읍 데모도로,정읍시,845508.0,326882.92,0.3866112680187532,9.4307279162049,matched,0,,,,,0,2025-03-24,9.678,2.09,19.11,0.0,0.0,64.572,0
R00302,35.947529,127.017443,익산 데모도로,익산시,1404068.0,1069912.0,0.7620086776423934,10.189728749446369,matched,0,,,,,0,2026-05-12,22.22,14.5,31.08,2.09,0.0,55.77,0
R00253,35.959922,126.746219,군산 데모도로,군산시,1384801.76,612246.21,0.442118307244208,14.853572251212228,matched,0,,,,,0,2025-02-09,2.45,-4.02,10.55,10.98,0.0,64.322,1
R00499,35.443614,127.389726,남원 데모도로,남원시,670188.0,287953.6,0.4296609309626552,17.276260308101918,matched,0,,,,,0,2024-09-10,16.454,8.6,24.29,0.0,0.0,50.426,0
R00035,35.768569,127.091285,전주 데모도로,전주시,2081706.65,842.95,0.0004049321742811,7.742488395563824,matched,0,,,,,0,2026-08-13,21.938,14.66,31.3,53.269999999999996,0.0,67.676,0
R00090,35.846595,127.147731,전주 데모도로,전주시,2081706.65,842.95,0.0004049321742811,7.742488395563824,matched,0,,,,,0,2025-04-10,14.813999999999998,2.4,22.94,8.9,0.0,61.484,0
R00605,35.602529,126.88987,정읍 데모도로,정읍시,845508.0,326882.92,0.3866112680187532,9.4307279162049,matched,0,,,,,0,2024-08-31,18.718,11.44,25.75,10.0,0.0,64.686,0
R00602,35.591617,126.876758,정읍 데모도로,정읍시,845508.0,326882.92,0.3866112680187532,9.4307279162049,matched,0,,,,,0,2024-11-27,-0.7080000000000001,-6.76,6.01,6.56,0.0,63.112,0
R00418,35.417109,127.353301,남원 데모도로,남원시,670188.0,287953.6,0.4296609309626552,17.276260308101918,matched,1,F0013,2025-03-31,임시보수,37.24219377630799,2,2026-02-05,2.634,-4.07,11.59,0.0,0.0,61.852,0
R00115,35.809502,127.16284,전주 데모도로,전주시,2081706.65,842.95,0.0004049321742811,7.742488395563824,matched,0,,,,,0,2026-01-23,0.9740000000000002,-9.24,8.41,9.17,2.05,61.775999999999996,0
R00617,35.509753,126.856622,정읍 데모도로,정읍시,845508.0,326882.92,0.3866112680187532,9.4307279162049,matched,0,,,,,0,2025-11-13,4.0,-1.49,9.23,19.659999999999997,0.0,59.303999999999995,0
R00196,35.997577,126.765335,군산 데모도로,군산시,1384801.76,612246.21,0.442118307244208,14.853572251212228,matched,0,,,,,0,2025-10-23,7.258,2.64,12.83,0.0,0.0,54.053999999999995,0
R00501,35.453295,127.390161,남원 데모도로,남원시,670188.0,287953.6,0.4296609309626552,17.276260308101918,matched,0,,,,,0,2026-04-16,16.368000000000002,6.9,24.12,28.09,0.0,64.22999999999999,0
R00626,35.55397,126.856146,정읍 데모도로,정읍시,845508.0,326882.92,0.3866112680187532,9.4307279162049,matched,0,,,,,0,2026-08-01,22.81,15.9,32.35,0.0,0.0,51.664,0
R00493,35.414523,127.390643,남원 데모도로,남원시,670188.0,287953.6,0.4296609309626552,17.276260308101918,matched,0,,,,,0,2026-02-02,3.368,-5.63,15.21,4.06,3.48,55.726,0
R00075,35.773982,127.148347,전주 데모도로,전주시,2081706.65,842.95,0.0004049321742811,7.742488395563824,matched,0,,,,,0,2026-08-11,20.894,11.25,28.85,5.03,0.0,62.608000000000004,0
R00413,35.415453,127.328731,남원 데모도로,남원시,670188.0,287953.6,0.4296609309626552,17.276260308101918,matched,0,,,,,0,2026-06-01,23.47,15.38,31.21,6.67,0.0,58.903999999999996,0
R00376,35.893913,127.009165,익산 데모도로,익산시,1404068.0,1069912.0,0.7620086776423934,10.189728749446369,matched,0,,,,,0,2025-06-07,25.862000000000002,16.61,34.0,11.83,0.0,62.388,0
R00420,35.415574,127.363675,남원 데모도로,남원시,670188.0,287953.6,0.4296609309626552,17.276260308101918,matched,0,,,,,0,2024-11-27,-0.7080000000000001,-6.76,6.01,6.56,0.0,63.112,0
R00277,35.947756,126.896589,익산 데모도로,익산시,1404068.0,1069912.0,0.7620086776423934,10.189728749446369,matched,0,,,,,0,2026-01-02,-0.962,-7.71,5.67,28.95,0.0,64.838,1
R00676,35.612337,126.81311,정읍 데모도로,정읍시,845508.0,326882.92,0.3866112680187532,9.4307279162049,matched,0,,,,,0,2025-06-18,25.36,18.42,33.48,14.03,0.0,62.298,0
R00394,35.957479,126.949461,익산 데모도로,익산시,1404068.0,1069912.0,0.7620086776423934,10.189728749446369,matched,0,,,,,0,2026-02-09,2.654,-5.0,9.61,29.21,0.62,62.720000000000006,1
R00457,35.407786,127.382301,남원 데모도로,남원시,670188.0,287953.6,0.4296609309626552,17.276260308101918,matched,0,,,,,0,2026-02-22,4.523999999999999,-1.51,11.1,9.78,0.0,48.736000000000004,0
R00192,35.983184,126.751861,군산 데모도로,군산시,1384801.76,612246.21,0.442118307244208,14.853572251212228,matched,0,,,,,0,2025-08-08,21.816,14.78,26.98,18.26,0.0,63.507999999999996,0
R00099,35.890533,127.148617,전주 데모도로,전주시,2081706.65,842.95,0.0004049321742811,7.742488395563824,matched,0,,,,,0,2025-06-17,23.088,16.51,30.12,22.35,0.0,63.477999999999994,0
R00548,35.569502,126.790119,정읍 데모도로,정읍시,845508.0,326882.92,0.3866112680187532,9.4307279162049,matched,0,,,,,0,2025-12-27,-1.4780000000000002,-8.21,7.32,25.38,0.0,70.164,0
R00096,35.874516,127.146631,전주 데모도로,전주시,2081706.65,842.95,0.0004049321742811,7.742488395563824,matched,0,,,,,0,2026-06-07,23.933999999999997,17.64,30.17,33.68,0.0,62.214,0
R00664,35.572029,126.855151,정읍 데모도로,정읍시,845508.0,326882.92,0.3866112680187532,9.4307279162049,matched,0,,,,,0,2025-04-02,13.219999999999999,5.5,19.69,11.64,0.0,62.205999999999996,0
R00663,35.566414,126.857825,정읍 데모도로,정읍시,845508.0,326882.92,0.3866112680187532,9.4307279162049,matched,0,,,,,0,2025-04-11,15.044,7.88,21.09,0.0,0.0,56.646,0
R00190,35.97726,126.744251,군산 데모도로,군산시,1384801.76,612246.21,0.442118307244208,14.853572251212228,matched,0,,,,,0,2025-11-16,1.714,-5.49,10.98,9.41,0.0,62.88199999999999,0
R00037,35.775645,127.09899,전주 데모도로,전주시,2081706.65,842.95,0.0004049321742811,7.742488395563824,matched,0,,,,,0,2024-08-31,18.718,11.44,25.75,10.0,0.0,64.686,0
R00369,36.003218,126.956802,익산 데모도로,익산시,1404068.0,1069912.0,0.7620086776423934,10.189728749446369,matched,0,,,,,0,2025-03-16,10.584,5.02,20.57,2.39,0.0,55.81,0
R00525,35.407591,127.398556,남원 데모도로,남원시,670188.0,287953.6,0.4296609309626552,17.276260308101918,matched,0,,,,,0,2025-09-19,12.801999999999998,6.78,19.61,0.0,0.0,63.528,0
R00279,35.94886,126.906278,익산 데모도로,익산시,1404068.0,1069912.0,0.7620086776423934,10.189728749446369,matched,0,,,,,0,2024-11-26,1.326,-8.2,9.22,0.0,0.0,66.394,1
R00217,35.945693,126.737156,군산 데모도로,군산시,1384801.76,612246.21,0.442118307244208,14.853572251212228,matched,0,,,,,0,2024-09-18,13.23,5.64,23.28,0.0,0.0,62.855999999999995,0
R00273,35.947588,126.879039,익산 데모도로,익산시,1404068.0,1069912.0,0.7620086776423934,10.189728749446369,matched,0,,,,,0,2026-01-28,0.9039999999999999,-7.19,9.15,13.78,3.7399999999999998,54.596000000000004,0
R00062,35.860978,127.183322,전주 데모도로,전주시,2081706.65,842.95,0.0004049321742811,7.742488395563824,matched,0,,,,,0,2026-05-29,24.68,18.18,34.2,8.52,0.0,61.166,0
R00596,35.572019,126.857827,정읍 데모도로,정읍시,845508.0,326882.92,0.3866112680187532,9.4307279162049,matched,0,,,,,0,2025-07-13,24.728,18.8,31.61,0.0,0.0,49.251999999999995,0
R00342,35.872336,126.957771,익산 데모도로,익산시,1404068.0,1069912.0,0.7620086776423934,10.189728749446369,matched,0,,,,,0,2025-01-31,4.516,-2.19,13.65,4.86,0.41,60.077999999999996,0
R00397,35.965969,126.938281,익산 데모도로,익산시,1404068.0,1069912.0,0.7620086776423934,10.189728749446369,matched,0,,,,,0,2025-11-20,-0.9179999999999999,-6.41,6.37,20.88,0.0,62.432,1
R00019,35.823855,127.156045,전주 데모도로,전주시,2081706.65,842.95,0.0004049321742811,7.742488395563824,matched,0,,,,,0,2024-11-26,1.326,-8.2,9.22,0.0,0.0,66.394,0
R00177,35.930958,126.701131,군산 데모도로,군산시,1384801.76,612246.21,0.442118307244208,14.853572251212228,matched,0,,,,,0,2026-05-01,19.18,9.72,26.28,0.0,0.0,59.955999999999996,0
R00612,35.625395,126.911783,정읍 데모도로,정읍시,845508.0,326882.92,0.3866112680187532,9.4307279162049,matched,0,,,,,0,2025-02-07,3.024,-4.92,9.91,0.0,0.0,58.99000000000001,0
R00396,35.963618,126.941575,익산 데모도로,익산시,1404068.0,1069912.0,0.7620086776423934,10.189728749446369,matched,0,,,,,0,2025-01-27,0.614,-5.7,8.1,0.0,0.0,65.652,0
R00445,35.366323,127.341717,남원 데모도로,남원시,670188.0,287953.6,0.4296609309626552,17.276260308101918,matched,0,,,,,0,2026-08-16,22.456,15.56,29.56,18.47,0.0,62.512,0
R00233,36.02333,126.735904,군산 데모도로,군산시,1384801.76,612246.21,0.442118307244208,14.853572251212228,matched,0,,,,,0,2025-05-08,21.604000000000003,14.48,32.33,11.68,0.0,67.17999999999999,0
R00076,35.778204,127.148321,전주 데모도로,전주시,2081706.65,842.95,0.0004049321742811,7.742488395563824,matched,0,,,,,0,2025-05-19,22.968,15.0,30.14,0.0,0.0,62.84400000000001,0
R00265,36.000204,126.70455,군산 데모도로,군산시,1384801.76,612246.21,0.442118307244208,14.853572251212228,matched,0,,,,,0,2024-08-21,19.701999999999998,11.62,26.07,8.58,0.0,61.91799999999999,0
R00455,35.401253,127.375306,남원 데모도로,남원시,670188.0,287953.6,0.4296609309626552,17.276260308101918,matched,0,,,,,0,2024-09-15,13.687999999999999,6.69,20.2,32.38,0.0,61.684000000000005,0
R00384,35.92321,126.983204,익산 데모도로,익산시,1404068.0,1069912.0,0.7620086776423934,10.189728749446369,matched,0,,,,,0,2025-07-10,23.44,14.35,31.36,13.680000000000001,0.0,56.342,0
R00564,35.570503,126.868176,정읍 데모도로,정읍시,845508.0,326882.92,0.3866112680187532,9.4307279162049,matched,0,,,,,0,2025-01-14,-3.226,-9.8,2.78,15.47,4.05,56.532,0
R00506,35.476204,127.390266,남원 데모도로,남원시,670188.0,287953.6,0.4296609309626552,17.276260308101918,matched,0,,,,,0,2026-02-09,2.654,-5.0,9.61,29.21,0.62,62.720000000000006,0
R00367,35.994823,126.95808,익산 데모도로,익산시,1404068.0,1069912.0,0.7620086776423934,10.189728749446369,matched,0,,,,,0,2025-12-19,-0.26799999999999996,-7.97,8.63,18.28,1.8199999999999998,58.924,0
R00144,35.967729,126.690468,군산 데모도로,군산시,1384801.76,612246.21,0.442118307244208,14.853572251212228,matched,0,,,,,0,2025-10-30,3.6800000000000006,-3.58,12.34,2.12,0.0,48.116,0
R00069,35.745471,127.149299,전주 데모도로,전주시,2081706.65,842.95,0.0004049321742811,7.742488395563824,matched,0,,,,,0,2024-10-22,8.086,-2.07,19.1,12.67,0.0,60.95,0
R00099,35.890533,127.148617,전주 데모도로,전주시,2081706.65,842.95,0.0004049321742811,7.742488395563824,matched,0,,,,,0,2025-08-09,20.622,15.49,26.49,8.69,0.0,61.19199999999999,0
R00396,35.963618,126.941575,익산 데모도로,익산시,1404068.0,1069912.0,0.7620086776423934,10.189728749446369,matched,0,,,,,0,2026-02-02,3.368,-5.63,15.21,4.06,3.48,55.726,0
R00025,35.824481,127.185551,전주 데모도로,전주시,2081706.65,842.95,0.0004049321742811,7.742488395563824,matched,0,,,,,0,2025-04-27,18.076,10.63,25.89,30.14,0.0,59.257999999999996,0
R00469,35.449458,127.423413,남원 데모도로,남원시,670188.0,287953.6,0.4296609309626552,17.276260308101918,matched,0,,,,,0,2025-04-10,14.813999999999998,2.4,22.94,8.9,0.0,61.484,0
R00484,35.371566,127.390788,남원 데모도로,남원시,670188.0,287953.6,0.4296609309626552,17.276260308101918,matched,0,,,,,0,2025-04-02,13.219999999999999,5.5,19.69,11.64,0.0,62.205999999999996,0
R00565,35.570006,126.873685,정읍 데모도로,정읍시,845508.0,326882.92,0.3866112680187532,9.4307279162049,matched,0,,,,,0,2026-01-25,0.19,-6.42,6.34,13.02,4.6899999999999995,55.714,0
R00151,35.967403,126.724237,군산 데모도로,군산시,1384801.76,612246.21,0.442118307244208,14.853572251212228,matched,0,,,,,0,2025-06-27,24.418,16.53,31.12,15.66,0.0,69.01599999999999,0
R00144,35.967729,126.690468,군산 데모도로,군산시,1384801.76,612246.21,0.442118307244208,14.853572251212228,matched,0,,,,,0,2024-10-06,9.98,4.46,16.79,14.09,0.0,67.586,0
R00569,35.569064,126.891408,정읍 데모도로,정읍시,845508.0,326882.92,0.3866112680187532,9.4307279162049,matched,0,,,,,0,2024-12-14,-3.322,-10.95,2.91,2.29,0.0,58.794000000000004,0
R00039,35.779927,127.10576,전주 데모도로,전주시,2081706.65,842.95,0.0004049321742811,7.742488395563824,matched,0,,,,,0,2024-10-11,7.703999999999999,-1.21,15.13,3.73,0.0,63.726,0
R00109,35.788213,127.185125,전주 데모도로,전주시,2081706.65,842.95,0.0004049321742811,7.742488395563824,matched,0,,,,,0,2026-05-30,25.268,18.22,34.47,0.0,0.0,51.824,0
R00042,35.791222,127.116183,전주 데모도로,전주시,2081706.65,842.95,0.0004049321742811,7.742488395563824,matched,0,,,,,0,2026-03-06,9.044,3.32,15.96,0.12,0.0,60.13199999999999,0
R00186,35.96196,126.730818,군산 데모도로,군산시,1384801.76,612246.21,0.442118307244208,14.853572251212228,matched,0,,,,,0,2024-10-01,10.328,1.06,17.39,17.25,0.0,64.09400000000001,0
R00398,35.971895,126.935194,익산 데모도로,익산시,1404068.0,1069912.0,0.7620086776423934,10.189728749446369,matched,0,,,,,0,2024-10-10,9.234,1.34,17.18,3.34,0.0,57.42,1
R00223,35.975607,126.737077,군산 데모도로,군산시,1384801.76,612246.21,0.442118307244208,14.853572251212228,matched,0,,,,,0,2026-03-27,11.57,5.76,17.86,0.0,0.0,56.918000000000006,0
R00634,35.593203,126.855944,정읍 데모도로,정읍시,845508.0,326882.92,0.3866112680187532,9.4307279162049,matched,0,,,,,0,2026-02-27,5.242,-3.16,10.47,35.11,0.0,62.71,0
R00133,35.869658,127.101812,전주 데모도로,전주시,2081706.65,842.95,0.0004049321742811,7.742488395563824,matched,0,,,,,0,2026-01-25,0.19,-6.42,6.34,13.02,4.6899999999999995,55.714,0
R00163,35.966578,126.781928,군산 데모도로,군산시,1384801.76,612246.21,0.442118307244208,14.853572251212228,matched,0,,,,,0,2026-06-26,26.6,19.76,33.57,0.0,0.0,63.076,0
R00215,35.936584,126.736765,군산 데모도로,군산시,1384801.76,612246.21,0.442118307244208,14.853572251212228,matched,0,,,,,0,2024-11-28,0.6979999999999998,-5.99,9.85,2.23,0.0,62.028,0
R00235,36.033441,126.73549,군산 데모도로,군산시,1384801.76,612246.21,0.442118307244208,14.853572251212228,matched,1,F0015,2025-12-07,임시보수,62.68638319725091,1,2025-09-20,13.888,6.78,19.2,23.19,0.0,60.85999999999999,0
R00658,35.550374,126.875754,정읍 데모도로,정읍시,845508.0,326882.92,0.3866112680187532,9.4307279162049,matched,0,,,,,0,2025-01-03,-0.11799999999999997,-9.99,7.38,13.25,7.52,60.803999999999995,0
R00588,35.544153,126.829581,정읍 데모도로,정읍시,845508.0,326882.92,0.3866112680187532,9.4307279162049,matched,0,,,,,0,2026-06-24,25.544,17.99,32.61,0.0,0.0,58.236000000000004,0
R00009,35.82294,127.106375,전주 데모도로,전주시,2081706.65,842.95,0.0004049321742811,7.742488395563824,matched,0,,,,,0,2025-09-09,16.008,7.92,25.16,0.0,0.0,64.644,0
R00074,35.768304,127.147497,전주 데모도로,전주시,2081706.65,842.95,0.0004049321742811,7.742488395563824,matched,0,,,,,0,2024-12-07,-1.718,-9.87,5.9,25.98,0.0,58.846000000000004,0
R00492,35.407522,127.389588,남원 데모도로,남원시,670188.0,287953.6,0.4296609309626552,17.276260308101918,matched,0,,,,,0,2026-04-24,18.962,10.49,28.48,10.82,0.0,57.024,0
R00253,35.959922,126.746219,군산 데모도로,군산시,1384801.76,612246.21,0.442118307244208,14.853572251212228,matched,0,,,,,0,2024-09-04,16.5,9.17,23.7,9.05,0.0,62.562,0
R00230,36.008837,126.73561,군산 데모도로,군산시,1384801.76,612246.21,0.442118307244208,14.853572251212228,matched,0,,,,,0,2025-02-16,3.964,-6.09,11.98,25.65,0.0,60.51800000000001,0
R00519,35.38702,127.419466,남원 데모도로,남원시,670188.0,287953.6,0.4296609309626552,17.276260308101918,matched,0,,,,,0,2026-02-05,2.634,-4.07,11.59,0.0,0.0,61.852,0
R00174,35.922429,126.69067,군산 데모도로,군산시,1384801.76,612246.21,0.442118307244208,14.853572251212228,matched,0,,,,,0,2026-02-10,3.6079999999999997,-2.81,9.52,0.0,0.0,55.001999999999995,0
R00653,35.534174,126.892292,정읍 데모도로,정읍시,845508.0,326882.92,0.3866112680187532,9.4307279162049,matched,0,,,,,0,2025-02-05,1.8780000000000001,-4.52,7.7,4.16,0.7,61.358000000000004,0
R00168,35.968797,126.806176,군산 데모도로,군산시,1384801.76,612246.21,0.442118307244208,14.853572251212228,matched,0,,,,,0,2025-10-01,9.83,2.62,16.97,39.05,0.0,70.944,0
R00170,35.967938,126.816473,군산 데모도로,군산시,1384801.76,612246.21,0.442118307244208,14.853572251212228,matched,0,,,,,0,2025-08-31,15.608,8.49,24.9,0.0,0.0,58.384,0
R00393,35.953645,126.953148,익산 데모도로,익산시,1404068.0,1069912.0,0.7620086776423934,10.189728749446369,matched,0,,,,,0,2025-02-22,6.444,-5.93,14.0,20.799999999999997,0.0,58.67,1
R00634,35.593203,126.855944,정읍 데모도로,정읍시,845508.0,326882.92,0.3866112680187532,9.4307279162049,matched,0,,,,,0,2025-04-05,14.126,6.99,21.96,0.0,0.0,57.084,0
R00194,35.990323,126.757954,군산 데모도로,군산시,1384801.76,612246.21,0.442118307244208,14.853572251212228,matched,0,,,,,0,2024-12-15,-0.788,-9.14,5.61,0.0,4.58,55.513999999999996,0
R00517,35.380783,127.424563,남원 데모도로,남원시,670188.0,287953.6,0.4296609309626552,17.276260308101918,matched,0,,,,,0,2025-01-21,1.6039999999999999,-5.23,11.77,0.0,0.32,57.94,0
R00029,35.82406,127.204213,전주 데모도로,전주시,2081706.65,842.95,0.0004049321742811,7.742488395563824,matched,0,,,,,0,2026-07-06,24.566,17.36,31.2,6.64,0.0,60.081999999999994,0
R00165,35.968076,126.792348,군산 데모도로,군산시,1384801.76,612246.21,0.442118307244208,14.853572251212228,matched,1,F0020,2026-01-04,임시보수,9.795677699861187,1,2025-11-26,0.06399999999999997,-8.03,9.27,1.66,0.0,64.03,0
R00422,35.415203,127.373522,남원 데모도로,남원시,670188.0,287953.6,0.4296609309626552,17.276260308101918,matched,0,,,,,0,2024-11-30,-0.5039999999999999,-7.61,5.51,0.0,0.0,60.004,0
R00339,36.000872,127.010002,익산 데모도로,익산시,1404068.0,1069912.0,0.7620086776423934,10.189728749446369,matched,0,,,,,0,2026-04-14,16.894,11.15,23.08,4.41,0.0,63.61,1
R00648,35.516605,126.909882,정읍 데모도로,정읍시,845508.0,326882.92,0.3866112680187532,9.4307279162049,matched,1,F0063,2025-01-29,상온아스콘,35.41790110235762,1,2026-07-17,23.316,15.07,31.14,0.0,0.0,56.251999999999995,0
R00496,35.42844,127.390172,남원 데모도로,남원시,670188.0,287953.6,0.4296609309626552,17.276260308101918,matched,1,F0041,2025-12-21,덧씌우기,133.6078740843646,2,2026-01-02,-0.962,-7.71,5.67,28.95,0.0,64.838,0
R00365,35.983286,126.957562,익산 데모도로,익산시,1404068.0,1069912.0,0.7620086776423934,10.189728749446369,matched,0,,,,,0,2026-07-12,25.818,17.15,31.85,0.0,0.0,53.062,1
R00342,35.872336,126.957771,익산 데모도로,익산시,1404068.0,1069912.0,0.7620086776423934,10.189728749446369,matched,0,,,,,0,2026-07-01,26.006,19.85,33.59,30.97,0.0,60.984,1
R00500,35.446799,127.389979,남원 데모도로,남원시,670188.0,287953.6,0.4296609309626552,17.276260308101918,matched,0,,,,,0,2026-07-18,25.034,17.45,30.97,7.03,0.0,63.58399999999999,0
R00657,35.546399,126.878274,정읍 데모도로,정읍시,845508.0,326882.92,0.3866112680187532,9.4307279162049,matched,0,,,,,0,2025-02-09,2.45,-4.02,10.55,10.98,0.0,64.322,0
R00511,35.360301,127.445956,남원 데모도로,남원시,670188.0,287953.6,0.4296609309626552,17.276260308101918,matched,0,,,,,0,2026-06-23,25.330000000000002,17.92,34.2,11.26,0.0,60.04600000000001,0
R00327,35.959917,126.970373,익산 데모도로,익산시,1404068.0,1069912.0,0.7620086776423934,10.189728749446369,matched,0,,,,,0,2025-10-13,7.648000000000001,1.02,14.41,2.56,0.0,60.775999999999996,0
R00217,35.945693,126.737156,군산 데모도로,군산시,1384801.76,612246.21,0.442118307244208,14.853572251212228,matched,0,,,,,0,2024-12-30,-0.9299999999999999,-8.96,6.33,16.79,0.35,55.31,0
R00301,35.948673,127.013247,익산 데모도로,익산시,1404068.0,1069912.0,0.7620086776423934,10.189728749446369,matched,0,,,,,0,2025-09-13,12.472,4.45,17.97,18.21,0.0,61.157999999999994,1
R00132,35.865877,127.105213,전주 데모도로,전주시,2081706.65,842.95,0.0004049321742811,7.742488395563824,matched,0,,,,,0,2026-01-01,-0.796,-7.43,5.39,0.76,0.0,56.279999999999994,0
R00070,35.748865,127.147329,전주 데모도로,전주시,2081706.65,842.95,0.0004049321742811,7.742488395563824,matched,0,,,,,0,2026-06-14,22.582,14.59,33.77,0.0,0.0,59.782,0
R00252,35.955896,126.749596,군산 데모도로,군산시,1384801.76,612246.21,0.442118307244208,14.853572251212228,matched,0,,,,,0,2024-09-20,11.946000000000002,6.12,20.75,21.82,0.0,56.964,0
R00415,35.416555,127.338949,남원 데모도로,남원시,670188.0,287953.6,0.4296609309626552,17.276260308101918,matched,0,,,,,0,2024-10-12,7.8420000000000005,0.04,14.47,20.49,0.0,63.83399999999999,0
R00445,35.366323,127.341717,남원 데모도로,남원시,670188.0,287953.6,0.4296609309626552,17.276260308101918,matched,0,,,,,0,2026-01-19,-0.18000000000000008,-7.9,7.93,1.58,0.0,62.230000000000004,0
R00182,35.948679,126.717391,군산 데모도로,군산시,1384801.76,612246.21,0.442118307244208,14.853572251212228,matched,0,,,,,0,2026-05-18,20.494,12.82,28.53,0.0,0.0,54.084,0
R00167,35.966864,126.803036,군산 데모도로,군산시,1384801.76,612246.21,0.442118307244208,14.853572251212228,matched,0,,,,,0,2024-08-30,17.608,10.33,23.51,7.75,0.0,64.22,0
R00091,35.851923,127.148471,전주 데모도로,전주시,2081706.65,842.95,0.0004049321742811,7.742488395563824,matched,1,F0028,2025-01-06,임시보수,43.30526227990157,1,2026-01-28,0.9039999999999999,-7.19,9.15,13.78,3.7399999999999998,54.596000000000004,0
R00531,35.42817,127.378571,남원 데모도로,남원시,670188.0,287953.6,0.4296609309626552,17.276260308101918,matched,0,,,,,0,2026-08-08,20.162,13.62,28.4,12.51,0.0,54.56,0
R00039,35.779927,127.10576,전주 데모도로,전주시,2081706.65,842.95,0.0004049321742811,7.742488395563824,matched,0,,,,,0,2026-02-24,5.612,-0.55,12.76,22.32,0.71,68.096,0
R00126,35.847251,127.124777,전주 데모도로,전주시,2081706.65,842.95,0.0004049321742811,7.742488395563824,matched,0,,,,,0,2025-08-26,16.844,9.72,22.65,7.04,0.0,59.818000000000005,0
R00451,35.387313,127.36206,남원 데모도로,남원시,670188.0,287953.6,0.4296609309626552,17.276260308101918,matched,0,,,,,0,2025-12-15,-0.868,-8.62,5.87,8.42,0.7,56.431999999999995,0
R00173,35.917621,126.688036,군산 데모도로,군산시,1384801.76,612246.21,0.442118307244208,14.853572251212228,matched,0,,,,,0,2026-05-27,22.372,15.62,26.84,0.0,0.0,50.727999999999994,0
R00653,35.534174,126.892292,정읍 데모도로,정읍시,845508.0,326882.92,0.3866112680187532,9.4307279162049,matched,0,,,,,0,2025-04-03,13.168000000000001,6.52,21.64,11.89,0.0,62.65599999999999,0
R00220,35.960287,126.7373,군산 데모도로,군산시,1384801.76,612246.21,0.442118307244208,14.853572251212228,matched,0,,,,,0,2026-05-03,17.752000000000002,10.12,25.47,14.85,0.0,67.428,0
R00638,35.611337,126.855431,정읍 데모도로,정읍시,845508.0,326882.92,0.3866112680187532,9.4307279162049,matched,0,,,,,0,2025-06-21,25.098,18.61,34.14,22.72,0.0,61.462,0
R00058,35.846005,127.171492,전주 데모도로,전주시,2081706.65,842.95,0.0004049321742811,7.742488395563824,matched,0,,,,,0,2025-11-18,1.796,-5.66,10.42,2.51,0.0,62.528,0
R00660,35.557868,126.868173,정읍 데모도로,정읍시,845508.0,326882.92,0.3866112680187532,9.4307279162049,matched,1,F0078,2024-04-02,상온아스콘,104.19575292623712,1,2025-01-25,0.04800000000000004,-8.04,10.06,7.91,2.54,65.724,0
R00476,35.473934,127.448117,남원 데모도로,남원시,670188.0,287953.6,0.4296609309626552,17.276260308101918,matched,0,,,,,0,2025-07-15,24.982,14.27,34.49,5.99,0.0,71.56800000000001,0
R00456,35.405231,127.378934,남원 데모도로,남원시,670188.0,287953.6,0.4296609309626552,17.276260308101918,matched,0,,,,,0,2025-03-31,11.943999999999999,4.57,18.99,20.41,0.0,58.946000000000005,0
R00361,35.965113,126.957936,익산 데모도로,익산시,1404068.0,1069912.0,0.7620086776423934,10.189728749446369,matched,0,,,,,0,2026-01-04,-0.6399999999999999,-8.98,9.29,0.0,0.07,63.370000000000005,0
R00001,35.82239,127.068752,전주 데모도로,전주시,2081706.65,842.95,0.0004049321742811,7.742488395563824,matched,0,,,,,0,2025-11-17,-0.021999999999999974,-7.54,9.11,13.18,0.0,68.096,0
R00387,35.933129,126.972868,익산 데모도로,익산시,1404068.0,1069912.0,0.7620086776423934,10.189728749446369,matched,0,,,,,0,2024-10-02,10.67,3.46,18.41,10.18,0.0,58.174,1
R00348,35.903309,126.958479,익산 데모도로,익산시,1404068.0,1069912.0,0.7620086776423934,10.189728749446369,matched,0,,,,,0,2025-03-20,9.952000000000002,1.79,18.49,4.51,0.0,57.312,1
R00190,35.97726,126.744251,군산 데모도로,군산시,1384801.76,612246.21,0.442118307244208,14.853572251212228,matched,0,,,,,0,2024-10-16,8.306000000000001,-0.0,15.46,5.87,0.0,59.998000000000005,0
R00505,35.472318,127.390957,남원 데모도로,남원시,670188.0,287953.6,0.4296609309626552,17.276260308101918,matched,0,,,,,0,2026-05-24,21.72,16.17,27.72,12.99,0.0,59.709999999999994,0
R00191,35.978885,126.748397,군산 데모도로,군산시,1384801.76,612246.21,0.442118307244208,14.853572251212228,matched,0,,,,,0,2026-04-26,18.728,11.47,27.23,2.98,0.0,52.874,0
R00508,35.48774,127.390175,남원 데모도로,남원시,670188.0,287953.6,0.4296609309626552,17.276260308101918,matched,0,,,,,0,2025-03-01,6.63,-3.82,17.17,0.0,0.0,55.246,0
R00369,36.003218,126.956802,익산 데모도로,익산시,1404068.0,1069912.0,0.7620086776423934,10.189728749446369,matched,0,,,,,0,2025-12-20,-2.35,-11.6,5.5,0.0,0.0,65.46000000000001,0
R00409,35.417212,127.310544,남원 데모도로,남원시,670188.0,287953.6,0.4296609309626552,17.276260308101918,matched,0,,,,,0,2025-01-22,1.9759999999999998,-4.22,9.26,25.29,0.79,64.952,0
R00117,35.814964,127.156567,전주 데모도로,전주시,2081706.65,842.95,0.0004049321742811,7.742488395563824,matched,0,,,,,0,2026-04-20,17.762,10.22,24.86,0.0,0.0,54.83,0
R00134,35.874049,127.097945,전주 데모도로,전주시,2081706.65,842.95,0.0004049321742811,7.742488395563824,matched,0,,,,,0,2025-04-01,12.522,5.37,19.74,16.46,0.0,61.662,0
R00058,35.846005,127.171492,전주 데모도로,전주시,2081706.65,842.95,0.0004049321742811,7.742488395563824,matched,0,,,,,0,2025-10-04,9.968,2.23,19.0,4.08,0.0,59.678,0
R00556,35.570216,126.829722,정읍 데모도로,정읍시,845508.0,326882.92,0.3866112680187532,9.4307279162049,matched,0,,,,,0,2025-03-11,8.968,2.23,16.13,22.860000000000003,0.0,68.592,0
R00672,35.599161,126.826231,정읍 데모도로,정읍시,845508.0,326882.92,0.3866112680187532,9.4307279162049,matched,1,F0034,2025-09-20,임시보수,118.8733200867511,1,2024-11-05,3.252,-2.16,9.62,15.25,0.0,61.54600000000001,0
R00173,35.917621,126.688036,군산 데모도로,군산시,1384801.76,612246.21,0.442118307244208,14.853572251212228,matched,0,,,,,0,2024-12-20,-0.5119999999999999,-6.69,8.11,0.0,0.0,54.342,0
R00149,35.967056,126.713692,군산 데모도로,군산시,1384801.76,612246.21,0.442118307244208,14.853572251212228,matched,0,,,,,0,2025-12-02,-0.6280000000000001,-9.71,6.78,3.5,1.08,65.564,0
R00080,35.796415,127.147441,전주 데모도로,전주시,2081706.65,842.95,0.0004049321742811,7.742488395563824,matched,0,,,,,0,2025-03-24,9.678,2.09,19.11,0.0,0.0,64.572,0
R00213,35.926701,126.737487,군산 데모도로,군산시,1384801.76,612246.21,0.442118307244208,14.853572251212228,matched,0,,,,,0,2026-01-16,-0.8640000000000001,-6.97,9.27,20.57,0.98,61.814,0
R00203,36.020964,126.790234,군산 데모도로,군산시,1384801.76,612246.21,0.442118307244208,14.853572251212228,matched,0,,,,,0,2026-04-12,14.184000000000001,6.32,20.98,0.0,0.0,58.14,0
R00229,36.004741,126.735496,군산 데모도로,군산시,1384801.76,612246.21,0.442118307244208,14.853572251212228,matched,0,,,,,0,2024-11-30,-0.5039999999999999,-7.61,5.51,0.0,0.0,60.004,0
R00676,35.612337,126.81311,정읍 데모도로,정읍시,845508.0,326882.92,0.3866112680187532,9.4307279162049,matched,0,,,,,0,2025-09-15,14.703999999999999,8.9,20.41,1.33,0.0,52.339999999999996,0
R00227,35.994827,126.737227,군산 데모도로,군산시,1384801.76,612246.21,0.442118307244208,14.853572251212228,matched,0,,,,,0,2026-05-11,20.174,11.09,29.75,39.150000000000006,0.0,65.93199999999999,0
R00659,35.555263,126.870762,정읍 데모도로,정읍시,845508.0,326882.92,0.3866112680187532,9.4307279162049,matched,0,,,,,0,2026-05-25,24.314,15.75,33.97,1.53,0.0,61.836,0
R00532,35.431679,127.375993,남원 데모도로,남원시,670188.0,287953.6,0.4296609309626552,17.276260308101918,matched,0,,,,,0,2026-04-18,16.740000000000002,8.89,23.55,3.63,0.0,61.482000000000006,0
R00441,35.416321,127.465452,남원 데모도로,남원시,670188.0,287953.6,0.4296609309626552,17.276260308101918,matched,0,,,,,0,2025-10-26,5.134,-1.86,11.49,0.0,0.0,56.705999999999996,0
R00402,35.984458,126.921808,익산 데모도로,익산시,1404068.0,1069912.0,0.7620086776423934,10.189728749446369,matched,0,,,,,0,2025-07-15,24.982,14.27,34.49,5.99,0.0,71.56800000000001,0
R00047,35.809363,127.132389,전주 데모도로,전주시,2081706.65,842.95,0.0004049321742811,7.742488395563824,matched,0,,,,,0,2025-01-08,-0.674,-7.91,6.2,0.0,2.85,61.818000000000005,0
R00233,36.02333,126.735904,군산 데모도로,군산시,1384801.76,612246.21,0.442118307244208,14.853572251212228,matched,0,,,,,0,2026-02-09,2.654,-5.0,9.61,29.21,0.62,62.720000000000006,0
R00305,35.948167,127.032524,익산 데모도로,익산시,1404068.0,1069912.0,0.7620086776423934,10.189728749446369,matched,0,,,,,0,2025-05-23,22.682,16.9,29.02,5.35,0.0,58.815999999999995,1
R00526,35.412661,127.395166,남원 데모도로,남원시,670188.0,287953.6,0.4296609309626552,17.276260308101918,matched,0,,,,,0,2025-04-08,13.232,6.31,19.13,3.42,0.0,61.668000000000006,0
R00143,35.967487,126.685226,군산 데모도로,군산시,1384801.76,612246.21,0.442118307244208,14.853572251212228,matched,0,,,,,0,2026-01-29,2.5799999999999996,-8.55,11.1,18.8,3.07,65.388,0
R00415,35.416555,127.338949,남원 데모도로,남원시,670188.0,287953.6,0.4296609309626552,17.276260308101918,matched,0,,,,,0,2026-03-12,8.274000000000001,2.27,17.29,48.99,0.0,66.502,0
R00513,35.366316,127.440271,남원 데모도로,남원시,670188.0,287953.6,0.4296609309626552,17.276260308101918,matched,0,,,,,0,2024-11-16,1.2520000000000002,-4.44,9.96,13.58,0.0,60.69199999999999,0
R00373,36.023019,126.958074,익산 데모도로,익산시,1404068.0,1069912.0,0.7620086776423934,10.189728749446369,matched,0,,,,,0,2025-12-23,-1.94,-11.43,7.08,33.61,0.0,57.722,0
R00566,35.569344,126.877455,정읍 데모도로,정읍시,845508.0,326882.92,0.3866112680187532,9.4307279162049,matched,0,,,,,0,2025-03-05,6.0440000000000005,-1.02,12.7,0.0,0.0,57.779999999999994,0
R00259,35.978728,126.724062,군산 데모도로,군산시,1384801.76,612246.21,0.442118307244208,14.853572251212228,matched,0,,,,,0,2025-08-15,21.456,15.07,31.34,1.37,0.0,58.986000000000004,0
R00656,35.544692,126.882072,정읍 데모도로,정읍시,845508.0,326882.92,0.3866112680187532,9.4307279162049,matched,0,,,,,0,2025-11-02,3.3579999999999997,-4.35,10.67,16.13,0.0,62.88199999999999,0
R00471,35.456455,127.430377,남원 데모도로,남원시,670188.0,287953.6,0.4296609309626552,17.276260308101918,matched,0,,,,,0,2024-09-13,16.384,8.7,24.55,0.0,0.0,65.03200000000001,0
R00012,35.824178,127.120984,전주 데모도로,전주시,2081706.65,842.95,0.0004049321742811,7.742488395563824,matched,0,,,,,0,2024-09-12,13.907999999999998,2.89,22.31,11.27,0.0,69.30799999999999,0
R00330,35.969842,126.979209,익산 데모도로,익산시,1404068.0,1069912.0,0.7620086776423934,10.189728749446369,matched,0,,,,,0,2025-09-16,13.734,4.39,22.97,2.53,0.0,65.082,1
R00358,35.950792,126.957663,익산 데모도로,익산시,1404068.0,1069912.0,0.7620086776423934,10.189728749446369,matched,0,,,,,0,2026-01-07,-0.3499999999999999,-10.93,7.3,9.62,0.0,55.428,0
R00408,36.005646,126.900915,익산 데모도로,익산시,1404068.0,1069912.0,0.7620086776423934,10.189728749446369,matched,0,,,,,0,2025-06-15,24.476,18.46,31.52,4.109999999999999,0.0,57.102,0
R00668,35.584904,126.840671,정읍 데모도로,정읍시,845508.0,326882.92,0.3866112680187532,9.4307279162049,matched,1,F0060,2025-09-13,상온아스콘,107.8272115992774,1,2025-07-23,23.36,16.25,30.22,10.51,0.0,57.06,0
R00373,36.023019,126.958074,익산 데모도로,익산시,1404068.0,1069912.0,0.7620086776423934,10.189728749446369,matched,0,,,,,0,2025-05-12,21.285999999999998,15.36,28.48,28.93,0.0,61.802,0
R00008,35.823561,127.101636,전주 데모도로,전주시,2081706.65,842.95,0.0004049321742811,7.742488395563824,matched,0,,,,,0,2025-11-22,1.264,-7.15,12.33,0.0,0.0,54.94199999999999,0
R00122,35.833722,127.138737,전주 데모도로,전주시,2081706.65,842.95,0.0004049321742811,7.742488395563824,matched,0,,,,,0,2026-07-12,25.818,17.15,31.85,0.0,0.0,53.062,0
R00348,35.903309,126.958479,익산 데모도로,익산시,1404068.0,1069912.0,0.7620086776423934,10.189728749446369,matched,0,,,,,0,2025-11-17,-0.021999999999999974,-7.54,9.11,13.18,0.0,68.096,1
R00676,35.612337,126.81311,정읍 데모도로,정읍시,845508.0,326882.92,0.3866112680187532,9.4307279162049,matched,0,,,,,0,2025-08-13,23.162,14.85,31.2,28.29,0.0,61.084,0
R00090,35.846595,127.147731,전주 데모도로,전주시,2081706.65,842.95,0.0004049321742811,7.742488395563824,matched,0,,,,,0,2024-10-25,4.9,-2.35,11.22,0.0,0.0,60.013999999999996,0
R00648,35.516605,126.909882,정읍 데모도로,정읍시,845508.0,326882.92,0.3866112680187532,9.4307279162049,matched,1,F0063,2025-01-29,상온아스콘,35.41790110235762,1,2025-10-04,9.968,2.23,19.0,4.08,0.0,59.678,0
R00316,35.921075,126.932087,익산 데모도로,익산시,1404068.0,1069912.0,0.7620086776423934,10.189728749446369,matched,0,,,,,0,2025-12-22,-1.0459999999999998,-6.5,5.11,63.00999999999999,0.0,68.492,1
R00178,35.93582,126.704849,군산 데모도로,군산시,1384801.76,612246.21,0.442118307244208,14.853572251212228,matched,0,,,,,0,2024-10-06,9.98,4.46,16.79,14.09,0.0,67.586,0
R00540,35.458624,127.347198,남원 데모도로,남원시,670188.0,287953.6,0.4296609309626552,17.276260308101918,matched,0,,,,,0,2026-07-06,24.566,17.36,31.2,6.64,0.0,60.081999999999994,0
R00041,35.788013,127.111612,전주 데모도로,전주시,2081706.65,842.95,0.0004049321742811,7.742488395563824,matched,0,,,,,0,2026-03-05,5.762,-0.14,14.49,13.36,0.0,62.224000000000004,0
R00502,35.45745,127.391038,남원 데모도로,남원시,670188.0,287953.6,0.4296609309626552,17.276260308101918,matched,0,,,,,0,2024-11-28,0.6979999999999998,-5.99,9.85,2.23,0.0,62.028,0
R00145,35.966917,126.695091,군산 데모도로,군산시,1384801.76,612246.21,0.442118307244208,14.853572251212228,matched,0,,,,,0,2025-03-22,10.226,2.84,16.99,15.4,0.0,61.388,0
R00201,36.013271,126.78425,군산 데모도로,군산시,1384801.76,612246.21,0.442118307244208,14.853572251212228,matched,0,,,,,0,2025-10-30,3.6800000000000006,-3.58,12.34,2.12,0.0,48.116,0
R00461,35.422041,127.396406,남원 데모도로,남원시,670188.0,287953.6,0.4296609309626552,17.276260308101918,matched,0,,,,,0,2026-07-19,23.728,17.56,32.04,26.18,0.0,64.31,0
R00558,35.569036,126.839247,정읍 데모도로,정읍시,845508.0,326882.92,0.3866112680187532,9.4307279162049,matched,0,,,,,0,2026-03-10,7.481999999999999,-0.2,14.12,0.0,0.0,59.71,0
R00547,35.570127,126.786581,정읍 데모도로,정읍시,845508.0,326882.92,0.3866112680187532,9.4307279162049,matched,0,,,,,0,2026-02-28,5.406000000000001,0.67,13.29,0.0,0.0,62.43399999999999,0
R00253,35.959922,126.746219,군산 데모도로,군산시,1384801.76,612246.21,0.442118307244208,14.853572251212228,matched,0,,,,,0,2025-01-24,1.03,-6.65,10.85,0.0,2.19,57.056,0
R00390,35.942997,126.9622,익산 데모도로,익산시,1404068.0,1069912.0,0.7620086776423934,10.189728749446369,matched,0,,,,,0,2025-12-20,-2.35,-11.6,5.5,0.0,0.0,65.46000000000001,0
R00594,35.563548,126.851691,정읍 데모도로,정읍시,845508.0,326882.92,0.3866112680187532,9.4307279162049,matched,0,,,,,0,2026-07-05,26.442,18.27,33.56,6.22,0.0,61.88199999999999,1
R00256,35.970267,126.735865,군산 데모도로,군산시,1384801.76,612246.21,0.442118307244208,14.853572251212228,matched,0,,,,,0,2025-04-17,15.876,8.39,24.02,0.0,0.0,58.02,0
R00450,35.384808,127.358371,남원 데모도로,남원시,670188.0,287953.6,0.4296609309626552,17.276260308101918,matched,0,,,,,0,2024-08-23,18.252000000000002,10.79,27.06,4.82,0.0,60.336,0
R00010,35.823175,127.11063,전주 데모도로,전주시,2081706.65,842.95,0.0004049321742811,7.742488395563824,matched,0,,,,,0,2026-04-06,14.6,6.77,21.98,0.0,0.0,51.446000000000005,0
R00242,35.921216,126.78377,군산 데모도로,군산시,1384801.76,612246.21,0.442118307244208,14.853572251212228,matched,0,,,,,0,2025-08-14,21.18,13.54,28.62,43.94,0.0,65.774,0
R00251,35.952319,126.752702,군산 데모도로,군산시,1384801.76,612246.21,0.442118307244208,14.853572251212228,matched,0,,,,,0,2025-11-20,-0.9179999999999999,-6.41,6.37,20.88,0.0,62.432,0
R00005,35.82463,127.087153,전주 데모도로,전주시,2081706.65,842.95,0.0004049321742811,7.742488395563824,matched,0,,,,,0,2025-04-23,19.088,13.06,26.9,0.0,0.0,55.010000000000005,0
R00119,35.822136,127.149945,전주 데모도로,전주시,2081706.65,842.95,0.0004049321742811,7.742488395563824,matched,1,F0016,2025-06-20,상온아스콘,107.16910328454772,2,2026-03-07,7.264,-3.91,18.32,0.0,0.0,51.839999999999996,0
R00374,36.027718,126.958239,익산 데모도로,익산시,1404068.0,1069912.0,0.7620086776423934,10.189728749446369,matched,0,,,,,0,2026-06-22,24.904,16.06,35.86,21.15,0.0,50.398,0
R00065,35.871408,127.194156,전주 데모도로,전주시,2081706.65,842.95,0.0004049321742811,7.742488395563824,matched,0,,,,,0,2025-10-14,7.714,2.19,15.88,14.5,0.0,57.138,0
R00146,35.968127,126.700955,군산 데모도로,군산시,1384801.76,612246.21,0.442118307244208,14.853572251212228,matched,0,,,,,0,2024-09-02,17.556,12.26,26.08,0.0,0.0,51.36800000000001,0
R00224,35.980116,126.737311,군산 데모도로,군산시,1384801.76,612246.21,0.442118307244208,14.853572251212228,matched,1,F0062,2024-05-21,상온아스콘,46.28867242259897,2,2026-03-14,9.168000000000001,-1.95,17.62,0.0,0.0,58.362,0
R00239,35.911523,126.793331,군산 데모도로,군산시,1384801.76,612246.21,0.442118307244208,14.853572251212228,matched,0,,,,,0,2024-12-18,1.4620000000000002,-5.45,10.04,3.67,0.0,53.288,0
R00177,35.930958,126.701131,군산 데모도로,군산시,1384801.76,612246.21,0.442118307244208,14.853572251212228,matched,0,,,,,0,2025-05-22,21.502,15.12,27.22,0.0,0.0,54.848,0
R00282,35.948375,126.92239,익산 데모도로,익산시,1404068.0,1069912.0,0.7620086776423934,10.189728749446369,matched,0,,,,,0,2026-02-27,5.242,-3.16,10.47,35.11,0.0,62.71,1
R00063,35.865229,127.186766,전주 데모도로,전주시,2081706.65,842.95,0.0004049321742811,7.742488395563824,matched,0,,,,,0,2025-11-14,0.718,-5.89,6.75,43.419999999999995,0.0,62.952,0
R00217,35.945693,126.737156,군산 데모도로,군산시,1384801.76,612246.21,0.442118307244208,14.853572251212228,matched,0,,,,,0,2025-09-12,15.514,8.16,25.19,0.0,0.0,54.220000000000006,0
R00461,35.422041,127.396406,남원 데모도로,남원시,670188.0,287953.6,0.4296609309626552,17.276260308101918,matched,0,,,,,0,2025-06-08,24.248,17.3,32.05,11.24,0.0,55.238,0
R00610,35.619172,126.905011,정읍 데모도로,정읍시,845508.0,326882.92,0.3866112680187532,9.4307279162049,matched,0,,,,,0,2026-03-15,9.226,2.59,14.71,9.86,0.0,57.538,0
R00105,35.774689,127.198096,전주 데모도로,전주시,2081706.65,842.95,0.0004049321742811,7.742488395563824,matched,0,,,,,0,2026-04-08,16.108,9.1,22.39,0.0,0.0,59.3,0
R00099,35.890533,127.148617,전주 데모도로,전주시,2081706.65,842.95,0.0004049321742811,7.742488395563824,matched,0,,,,,0,2025-11-07,2.622,-5.1,9.77,0.0,0.0,66.22,0
R00511,35.360301,127.445956,남원 데모도로,남원시,670188.0,287953.6,0.4296609309626552,17.276260308101918,matched,0,,,,,0,2025-03-16,10.584,5.02,20.57,2.39,0.0,55.81,0
R00385,35.925709,126.979276,익산 데모도로,익산시,1404068.0,1069912.0,0.7620086776423934,10.189728749446369,matched,0,,,,,0,2026-03-31,13.498000000000001,4.67,21.09,5.69,0.0,68.354,0
R00405,35.993619,126.911571,익산 데모도로,익산시,1404068.0,1069912.0,0.7620086776423934,10.189728749446369,matched,0,,,,,0,2026-08-02,22.698,13.5,30.5,54.949999999999996,0.0,65.47200000000001,0
R00518,35.384008,127.421749,남원 데모도로,남원시,670188.0,287953.6,0.4296609309626552,17.276260308101918,matched,0,,,,,0,2025-06-16,26.226,20.4,35.22,16.71,0.0,61.164,0
R00476,35.473934,127.448117,남원 데모도로,남원시,670188.0,287953.6,0.4296609309626552,17.276260308101918,matched,0,,,,,0,2025-03-29,10.922,1.21,23.39,0.0,0.0,57.565999999999995,0
R00645,35.645988,126.855893,정읍 데모도로,정읍시,845508.0,326882.92,0.3866112680187532,9.4307279162049,matched,0,,,,,0,2024-08-21,19.701999999999998,11.62,26.07,8.58,0.0,61.91799999999999,0
R00437,35.417432,127.445895,남원 데모도로,남원시,670188.0,287953.6,0.4296609309626552,17.276260308101918,matched,0,,,,,0,2026-01-18,0.01200000000000001,-6.47,6.93,12.73,0.79,71.02000000000001,0
R00023,35.823867,127.174381,전주 데모도로,전주시,2081706.65,842.95,0.0004049321742811,7.742488395563824,matched,0,,,,,0,2024-11-19,-0.8999999999999998,-8.41,7.25,22.86,0.0,64.65599999999999,0
R00565,35.570006,126.873685,정읍 데모도로,정읍시,845508.0,326882.92,0.3866112680187532,9.4307279162049,matched,0,,,,,0,2026-01-20,0.16400000000000015,-7.67,10.85,0.0,2.38,57.918000000000006,0
R00677,35.616548,126.809821,정읍 데모도로,정읍시,845508.0,326882.92,0.3866112680187532,9.4307279162049,matched,1,F0067,2025-12-01,덧씌우기,5.691369928888043,2,2025-10-20,6.556,-2.06,15.03,0.0,0.0,58.736000000000004,0
R00458,35.411116,127.38536,남원 데모도로,남원시,670188.0,287953.6,0.4296609309626552,17.276260308101918,matched,0,,,,,0,2025-12-24,-3.214,-11.79,5.82,22.41,0.0,56.996,0
R00083,35.811975,127.14672,전주 데모도로,전주시,2081706.65,842.95,0.0004049321742811,7.742488395563824,matched,0,,,,,0,2025-04-10,14.813999999999998,2.4,22.94,8.9,0.0,61.484,0
R00145,35.966917,126.695091,군산 데모도로,군산시,1384801.76,612246.21,0.442118307244208,14.853572251212228,matched,0,,,,,0,2026-04-30,17.546,8.02,29.17,35.68,0.0,63.46,0
R00085,35.821804,127.148389,전주 데모도로,전주시,2081706.65,842.95,0.0004049321742811,7.742488395563824,matched,1,F0016,2025-06-20,상온아스콘,89.21257688824713,2,2025-01-26,0.568,-6.43,5.74,31.27,0.0,64.288,0
R00078,35.788345,127.14824,전주 데모도로,전주시,2081706.65,842.95,0.0004049321742811,7.742488395563824,matched,0,,,,,0,2026-08-09,20.036,14.89,24.7,11.07,0.0,63.336,0
R00457,35.407786,127.382301,남원 데모도로,남원시,670188.0,287953.6,0.4296609309626552,17.276260308101918,matched,0,,,,,0,2025-07-15,24.982,14.27,34.49,5.99,0.0,71.56800000000001,0
R00001,35.82239,127.068752,전주 데모도로,전주시,2081706.65,842.95,0.0004049321742811,7.742488395563824,matched,0,,,,,0,2025-07-17,22.740000000000002,14.63,29.17,0.0,0.0,59.152,0
R00051,35.822437,127.146151,전주 데모도로,전주시,2081706.65,842.95,0.0004049321742811,7.742488395563824,matched,0,,,,,0,2024-10-07,9.376,3.15,14.21,2.43,0.0,58.074,0
R00446,35.3706,127.342787,남원 데모도로,남원시,670188.0,287953.6,0.4296609309626552,17.276260308101918,matched,0,,,,,0,2026-01-23,0.9740000000000002,-9.24,8.41,9.17,2.05,61.775999999999996,0
R00449,35.380762,127.354279,남원 데모도로,남원시,670188.0,287953.6,0.4296609309626552,17.276260308101918,matched,0,,,,,0,2026-06-17,27.778,20.79,35.48,24.11,0.0,64.8,0
R00488,35.390359,127.389866,남원 데모도로,남원시,670188.0,287953.6,0.4296609309626552,17.276260308101918,matched,0,,,,,0,2025-12-23,-1.94,-11.43,7.08,33.61,0.0,57.722,0
R00034,35.824927,127.226609,전주 데모도로,전주시,2081706.65,842.95,0.0004049321742811,7.742488395563824,matched,0,,,,,0,2026-03-23,11.144,2.87,17.96,10.43,0.0,62.176,0
R00348,35.903309,126.958479,익산 데모도로,익산시,1404068.0,1069912.0,0.7620086776423934,10.189728749446369,matched,0,,,,,0,2026-06-30,25.514,15.97,34.5,26.34,0.0,57.641999999999996,0
R00095,35.870317,127.147904,전주 데모도로,전주시,2081706.65,842.95,0.0004049321742811,7.742488395563824,matched,0,,,,,0,2025-05-17,21.214,14.56,31.1,2.45,0.0,58.053999999999995,0
R00072,35.759166,127.146231,전주 데모도로,전주시,2081706.65,842.95,0.0004049321742811,7.742488395563824,matched,0,,,,,0,2026-03-21,8.442,0.05,15.13,0.0,0.0,69.096,0
R00551,35.570304,126.804958,정읍 데모도로,정읍시,845508.0,326882.92,0.3866112680187532,9.4307279162049,matched,0,,,,,0,2025-04-27,18.076,10.63,25.89,30.14,0.0,59.257999999999996,0
R00154,35.967652,126.739072,군산 데모도로,군산시,1384801.76,612246.21,0.442118307244208,14.853572251212228,matched,1,F0011,2024-03-26,임시보수,284.1412180574434,1,2026-03-01,4.79,-2.33,15.12,9.56,0.0,53.82000000000001,0
R00250,35.948556,126.755141,군산 데모도로,군산시,1384801.76,612246.21,0.442118307244208,14.853572251212228,matched,0,,,,,0,2026-07-15,25.326,17.0,32.51,11.41,0.0,61.686,0
R00674,35.605363,126.820151,정읍 데모도로,정읍시,845508.0,326882.92,0.3866112680187532,9.4307279162049,matched,0,,,,,0,2026-07-18,25.034,17.45,30.97,7.03,0.0,63.58399999999999,0
R00438,35.417725,127.450021,남원 데모도로,남원시,670188.0,287953.6,0.4296609309626552,17.276260308101918,matched,0,,,,,0,2024-11-16,1.2520000000000002,-4.44,9.96,13.58,0.0,60.69199999999999,0
R00118,35.818803,127.152232,전주 데모도로,전주시,2081706.65,842.95,0.0004049321742811,7.742488395563824,matched,0,,,,,0,2025-11-07,2.622,-5.1,9.77,0.0,0.0,66.22,0
R00306,35.947077,127.037643,익산 데모도로,익산시,1404068.0,1069912.0,0.7620086776423934,10.189728749446369,matched,0,,,,,0,2025-07-16,22.926,15.97,30.52,44.76,0.0,67.75399999999999,1
R00268,36.01108,126.693329,군산 데모도로,군산시,1384801.76,612246.21,0.442118307244208,14.853572251212228,matched,0,,,,,0,2025-01-04,-1.258,-7.23,5.2,0.0,0.56,59.724000000000004,0
R00054,35.833718,127.15628,전주 데모도로,전주시,2081706.65,842.95,0.0004049321742811,7.742488395563824,matched,0,,,,,0,2025-08-10,19.872,13.26,27.43,41.95,0.0,64.85,0
R00236,36.038076,126.735261,군산 데모도로,군산시,1384801.76,612246.21,0.442118307244208,14.853572251212228,matched,0,,,,,0,2026-04-11,15.13,6.78,21.6,0.0,0.0,67.2,0
R00389,35.938987,126.965408,익산 데모도로,익산시,1404068.0,1069912.0,0.7620086776423934,10.189728749446369,matched,0,,,,,0,2025-05-19,22.968,15.0,30.14,0.0,0.0,62.84400000000001,0
R00401,35.98252,126.925258,익산 데모도로,익산시,1404068.0,1069912.0,0.7620086776423934,10.189728749446369,matched,0,,,,,0,2024-09-06,16.064,8.28,24.71,1.73,0.0,56.646,0
R00624,35.543849,126.857448,정읍 데모도로,정읍시,845508.0,326882.92,0.3866112680187532,9.4307279162049,matched,0,,,,,0,2025-06-25,26.826,19.27,32.93,40.7,0.0,67.55600000000001,0
R00303,35.948759,127.023477,익산 데모도로,익산시,1404068.0,1069912.0,0.7620086776423934,10.189728749446369,matched,0,,,,,0,2025-01-19,-1.0559999999999998,-8.87,10.91,11.97,1.51,62.672000000000004,1
R00207,35.897151,126.736213,군산 데모도로,군산시,1384801.76,612246.21,0.442118307244208,14.853572251212228,matched,0,,,,,0,2025-09-12,15.514,8.16,25.19,0.0,0.0,54.220000000000006,0
R00229,36.004741,126.735496,군산 데모도로,군산시,1384801.76,612246.21,0.442118307244208,14.853572251212228,matched,0,,,,,0,2025-05-05,21.901999999999997,14.22,28.68,4.62,0.0,53.251999999999995,0
R00578,35.569823,126.936803,정읍 데모도로,정읍시,845508.0,326882.92,0.3866112680187532,9.4307279162049,matched,0,,,,,0,2026-04-30,17.546,8.02,29.17,35.68,0.0,63.46,0
R00075,35.773982,127.148347,전주 데모도로,전주시,2081706.65,842.95,0.0004049321742811,7.742488395563824,matched,0,,,,,0,2026-03-12,8.274000000000001,2.27,17.29,48.99,0.0,66.502,0
R00435,35.414387,127.436407,남원 데모도로,남원시,670188.0,287953.6,0.4296609309626552,17.276260308101918,matched,0,,,,,0,2024-12-21,-1.376,-7.93,4.12,11.26,6.4399999999999995,62.936,0
R00103,35.766707,127.205112,전주 데모도로,전주시,2081706.65,842.95,0.0004049321742811,7.742488395563824,matched,0,,,,,0,2025-08-07,21.674,14.7,31.75,0.0,0.0,52.16799999999999,0
R00422,35.415203,127.373522,남원 데모도로,남원시,670188.0,287953.6,0.4296609309626552,17.276260308101918,matched,0,,,,,0,2025-05-18,22.054000000000002,14.29,28.84,0.0,0.0,62.041999999999994,0
R00306,35.947077,127.037643,익산 데모도로,익산시,1404068.0,1069912.0,0.7620086776423934,10.189728749446369,matched,0,,,,,0,2026-04-29,17.766,8.84,27.03,5.23,0.0,58.128,1
R00098,35.884505,127.14753,전주 데모도로,전주시,2081706.65,842.95,0.0004049321742811,7.742488395563824,matched,0,,,,,0,2025-04-20,15.736,8.78,24.26,7.36,0.0,63.402,0
R00335,35.987871,126.998088,익산 데모도로,익산시,1404068.0,1069912.0,0.7620086776423934,10.189728749446369,matched,1,F0003,2025-03-05,상온아스콘,20.06007090848022,2,2025-11-11,2.754,-2.58,9.26,2.85,0.0,59.174,0
R00435,35.414387,127.436407,남원 데모도로,남원시,670188.0,287953.6,0.4296609309626552,17.276260308101918,matched,0,,,,,0,2025-04-22,17.97,10.09,24.92,0.0,0.0,60.588,0
R00447,35.372185,127.346964,남원 데모도로,남원시,670188.0,287953.6,0.4296609309626552,17.276260308101918,matched,0,,,,,0,2026-01-20,0.16400000000000015,-7.67,10.85,0.0,2.38,57.918000000000006,0
R00308,35.896398,126.903757,익산 데모도로,익산시,1404068.0,1069912.0,0.7620086776423934,10.189728749446369,matched,0,,,,,0,2025-01-06,-3.44,-12.24,8.59,0.0,0.0,55.672000000000004,0
R00249,35.945551,126.758944,군산 데모도로,군산시,1384801.76,612246.21,0.442118307244208,14.853572251212228,matched,0,,,,,0,2025-08-15,21.456,15.07,31.34,1.37,0.0,58.986000000000004,0
R00166,35.967555,126.79673,군산 데모도로,군산시,1384801.76,612246.21,0.442118307244208,14.853572251212228,matched,1,F0053,2025-11-12,상온아스콘,89.18513329030091,2,2024-08-26,17.304,11.05,23.97,12.54,0.0,54.928,0
R00481,35.357294,127.39005,남원 데모도로,남원시,670188.0,287953.6,0.4296609309626552,17.276260308101918,matched,1,F0038,2024-12-02,상온아스콘,21.613938761646885,1,2025-12-09,-0.002000000000000046,-7.78,8.04,0.0,1.48,62.653999999999996,0
R00335,35.987871,126.998088,익산 데모도로,익산시,1404068.0,1069912.0,0.7620086776423934,10.189728749446369,matched,1,F0003,2025-03-05,상온아스콘,20.06007090848022,2,2025-08-05,22.804,17.06,32.11,14.18,0.0,61.870000000000005,1
R00542,35.465325,127.341219,남원 데모도로,남원시,670188.0,287953.6,0.4296609309626552,17.276260308101918,matched,0,,,,,0,2025-12-26,-0.24600000000000005,-6.77,6.86,0.0,2.48,66.628,0
R00106,35.776484,127.193677,전주 데모도로,전주시,2081706.65,842.95,0.0004049321742811,7.742488395563824,matched,0,,,,,0,2026-04-16,16.368000000000002,6.9,24.12,28.09,0.0,64.22999999999999,0
R00563,35.568981,126.862675,정읍 데모도로,정읍시,845508.0,326882.92,0.3866112680187532,9.4307279162049,matched,0,,,,,0,2025-10-19,6.14,-2.75,14.26,16.26,0.0,62.239999999999995,0
R00081,35.8024,127.147489,전주 데모도로,전주시,2081706.65,842.95,0.0004049321742811,7.742488395563824,matched,0,,,,,0,2024-09-26,11.996,3.92,20.05,32.959999999999994,0.0,63.278,0
R00133,35.869658,127.101812,전주 데모도로,전주시,2081706.65,842.95,0.0004049321742811,7.742488395563824,matched,0,,,,,0,2026-04-03,14.99,7.87,21.12,23.03,0.0,65.524,0
R00138,35.967492,126.661925,군산 데모도로,군산시,1384801.76,612246.21,0.442118307244208,14.853572251212228,matched,0,,,,,0,2025-02-21,5.965999999999999,0.4,12.56,5.6899999999999995,0.0,54.632000000000005,0
R00184,35.955983,126.724956,군산 데모도로,군산시,1384801.76,612246.21,0.442118307244208,14.853572251212228,matched,0,,,,,0,2026-04-06,14.6,6.77,21.98,0.0,0.0,51.446000000000005,0
R00401,35.98252,126.925258,익산 데모도로,익산시,1404068.0,1069912.0,0.7620086776423934,10.189728749446369,matched,0,,,,,0,2026-04-10,16.798,7.08,24.06,20.240000000000002,0.0,58.434000000000005,1
R00330,35.969842,126.979209,익산 데모도로,익산시,1404068.0,1069912.0,0.7620086776423934,10.189728749446369,matched,0,,,,,0,2024-11-19,-0.8999999999999998,-8.41,7.25,22.86,0.0,64.65599999999999,1
R00508,35.48774,127.390175,남원 데모도로,남원시,670188.0,287953.6,0.4296609309626552,17.276260308101918,matched,0,,,,,0,2024-11-12,2.834,-4.03,9.84,40.1,0.0,61.652,0
R00069,35.745471,127.149299,전주 데모도로,전주시,2081706.65,842.95,0.0004049321742811,7.742488395563824,matched,0,,,,,0,2024-10-01,10.328,1.06,17.39,17.25,0.0,64.09400000000001,0
R00546,35.570073,126.781282,정읍 데모도로,정읍시,845508.0,326882.92,0.3866112680187532,9.4307279162049,matched,0,,,,,0,2025-01-02,-2.092,-9.71,6.4,0.0,0.52,59.589999999999996,0
R00053,35.830333,127.153403,전주 데모도로,전주시,2081706.65,842.95,0.0004049321742811,7.742488395563824,matched,0,,,,,0,2025-10-13,7.648000000000001,1.02,14.41,2.56,0.0,60.775999999999996,0
R00450,35.384808,127.358371,남원 데모도로,남원시,670188.0,287953.6,0.4296609309626552,17.276260308101918,matched,0,,,,,0,2024-10-31,4.8660000000000005,-2.98,13.89,33.65,0.0,62.35600000000001,1
R00205,35.888615,126.736786,군산 데모도로,군산시,1384801.76,612246.21,0.442118307244208,14.853572251212228,matched,0,,,,,0,2026-02-17,3.886,-3.59,9.89,4.14,1.61,62.068000000000005,0
R00126,35.847251,127.124777,전주 데모도로,전주시,2081706.65,842.95,0.0004049321742811,7.742488395563824,matched,0,,,,,0,2026-04-23,17.972,12.55,23.13,2.31,0.0,64.53,0
R00043,35.795211,127.118698,전주 데모도로,전주시,2081706.65,842.95,0.0004049321742811,7.742488395563824,matched,0,,,,,0,2026-01-12,-0.10600000000000001,-6.24,6.78,7.3,3.36,60.914,0
R00111,35.795652,127.178417,전주 데모도로,전주시,2081706.65,842.95,0.0004049321742811,7.742488395563824,matched,0,,,,,0,2025-01-21,1.6039999999999999,-5.23,11.77,0.0,0.32,57.94,0
R00663,35.566414,126.857825,정읍 데모도로,정읍시,845508.0,326882.92,0.3866112680187532,9.4307279162049,matched,0,,,,,0,2025-04-30,19.06,13.18,28.73,1.09,0.0,58.714,0
R00183,35.952733,126.721098,군산 데모도로,군산시,1384801.76,612246.21,0.442118307244208,14.853572251212228,matched,0,,,,,0,2025-02-05,1.8780000000000001,-4.52,7.7,4.16,0.7,61.358000000000004,0
R00095,35.870317,127.147904,전주 데모도로,전주시,2081706.65,842.95,0.0004049321742811,7.742488395563824,matched,0,,,,,0,2026-08-16,22.456,15.56,29.56,18.47,0.0,62.512,0
R00374,36.027718,126.958239,익산 데모도로,익산시,1404068.0,1069912.0,0.7620086776423934,10.189728749446369,matched,0,,,,,0,2025-02-04,0.37,-5.66,7.68,0.0,0.39,57.052,0
R00520,35.390441,127.416464,남원 데모도로,남원시,670188.0,287953.6,0.4296609309626552,17.276260308101918,matched,0,,,,,0,2025-07-06,25.582,18.6,30.96,4.71,0.0,54.678,0
R00360,35.960141,126.956274,익산 데모도로,익산시,1404068.0,1069912.0,0.7620086776423934,10.189728749446369,matched,0,,,,,0,2026-03-08,6.276,-3.39,14.12,0.0,0.0,55.934000000000005,1
R00281,35.948433,126.915978,익산 데모도로,익산시,1404068.0,1069912.0,0.7620086776423934,10.189728749446369,matched,0,,,,,0,2025-11-17,-0.021999999999999974,-7.54,9.11,13.18,0.0,68.096,1
R00195,35.995053,126.762328,군산 데모도로,군산시,1384801.76,612246.21,0.442118307244208,14.853572251212228,matched,0,,,,,0,2026-04-13,16.448,7.76,23.3,3.97,0.0,57.702,0
R00195,35.995053,126.762328,군산 데모도로,군산시,1384801.76,612246.21,0.442118307244208,14.853572251212228,matched,0,,,,,0,2026-04-23,17.972,12.55,23.13,2.31,0.0,64.53,0
R00667,35.58254,126.844193,정읍 데모도로,정읍시,845508.0,326882.92,0.3866112680187532,9.4307279162049,matched,0,,,,,0,2025-01-20,0.44399999999999995,-6.31,6.49,0.0,0.0,58.438,0
R00093,35.860091,127.146524,전주 데모도로,전주시,2081706.65,842.95,0.0004049321742811,7.742488395563824,matched,0,,,,,0,2025-08-02,21.97,12.53,31.4,45.44,0.0,62.224000000000004,0
R00672,35.599161,126.826231,정읍 데모도로,정읍시,845508.0,326882.92,0.3866112680187532,9.4307279162049,matched,1,F0034,2025-09-20,임시보수,118.8733200867511,1,2025-11-12,3.5460000000000003,-4.43,11.62,0.0,0.0,60.428,0
R00061,35.856379,127.180453,전주 데모도로,전주시,2081706.65,842.95,0.0004049321742811,7.742488395563824,matched,0,,,,,0,2026-06-02,21.872,15.91,30.42,5.98,0.0,58.577999999999996,0
R00634,35.593203,126.855944,정읍 데모도로,정읍시,845508.0,326882.92,0.3866112680187532,9.4307279162049,matched,0,,,,,0,2025-02-07,3.024,-4.92,9.91,0.0,0.0,58.99000000000001,0
R00051,35.822437,127.146151,전주 데모도로,전주시,2081706.65,842.95,0.0004049321742811,7.742488395563824,matched,0,,,,,0,2024-08-28,17.407999999999998,6.87,23.33,0.0,0.0,56.862,0
R00403,35.987727,126.918278,익산 데모도로,익산시,1404068.0,1069912.0,0.7620086776423934,10.189728749446369,matched,0,,,,,0,2025-05-10,18.922,10.49,27.24,7.9,0.0,59.814,0
R00005,35.82463,127.087153,전주 데모도로,전주시,2081706.65,842.95,0.0004049321742811,7.742488395563824,matched,0,,,,,0,2025-10-30,3.6800000000000006,-3.58,12.34,2.12,0.0,48.116,0
R00466,35.439744,127.41398,남원 데모도로,남원시,670188.0,287953.6,0.4296609309626552,17.276260308101918,matched,0,,,,,0,2025-04-22,17.97,10.09,24.92,0.0,0.0,60.588,0
R00604,35.59853,126.885311,정읍 데모도로,정읍시,845508.0,326882.92,0.3866112680187532,9.4307279162049,matched,0,,,,,0,2026-06-16,25.333999999999996,18.97,34.26,6.49,0.0,62.246,0
R00534,35.438364,127.367754,남원 데모도로,남원시,670188.0,287953.6,0.4296609309626552,17.276260308101918,matched,1,F0031,2024-01-15,상온아스콘,16.74323945473795,1,2026-02-15,1.7420000000000002,-5.13,6.84,36.81,2.24,60.146,0
R00405,35.993619,126.911571,익산 데모도로,익산시,1404068.0,1069912.0,0.7620086776423934,10.189728749446369,matched,0,,,,,0,2025-12-30,2.59,-4.43,10.06,4.47,0.89,59.04600000000001,0
R00513,35.366316,127.440271,남원 데모도로,남원시,670188.0,287953.6,0.4296609309626552,17.276260308101918,matched,0,,,,,0,2024-12-25,-0.20199999999999996,-6.3,5.51,0.0,0.0,65.62,0
R00645,35.645988,126.855893,정읍 데모도로,정읍시,845508.0,326882.92,0.3866112680187532,9.4307279162049,matched,0,,,,,0,2026-06-21,25.214000000000002,16.6,33.5,3.79,0.0,61.996,0
R00233,36.02333,126.735904,군산 데모도로,군산시,1384801.76,612246.21,0.442118307244208,14.853572251212228,matched,0,,,,,0,2026-04-11,15.13,6.78,21.6,0.0,0.0,67.2,0
R00524,35.405344,127.401345,남원 데모도로,남원시,670188.0,287953.6,0.4296609309626552,17.276260308101918,matched,0,,,,,0,2026-04-15,16.182,9.17,25.0,0.0,0.0,63.977999999999994,0
R00346,35.892252,126.957481,익산 데모도로,익산시,1404068.0,1069912.0,0.7620086776423934,10.189728749446369,matched,0,,,,,0,2025-07-11,24.978,18.8,31.75,4.49,0.0,57.024,0
R00046,35.805234,127.129248,전주 데모도로,전주시,2081706.65,842.95,0.0004049321742811,7.742488395563824,matched,0,,,,,0,2025-09-26,13.719999999999999,4.03,22.48,16.73,0.0,70.096,0
R00546,35.570073,126.781282,정읍 데모도로,정읍시,845508.0,326882.92,0.3866112680187532,9.4307279162049,matched,0,,,,,0,2026-05-09,19.878,8.17,28.89,0.0,0.0,57.11,0
R00078,35.788345,127.14824,전주 데모도로,전주시,2081706.65,842.95,0.0004049321742811,7.742488395563824,matched,0,,,,,0,2026-04-16,16.368000000000002,6.9,24.12,28.09,0.0,64.22999999999999,0
R00073,35.765804,127.148793,전주 데모도로,전주시,2081706.65,842.95,0.0004049321742811,7.742488395563824,matched,0,,,,,0,2026-06-24,25.544,17.99,32.61,0.0,0.0,58.236000000000004,0
R00249,35.945551,126.758944,군산 데모도로,군산시,1384801.76,612246.21,0.442118307244208,14.853572251212228,matched,0,,,,,0,2026-04-21,17.887999999999998,11.08,24.27,0.0,0.0,59.486000000000004,0
R00047,35.809363,127.132389,전주 데모도로,전주시,2081706.65,842.95,0.0004049321742811,7.742488395563824,matched,0,,,,,0,2026-05-05,20.44,14.49,26.34,30.8,0.0,59.291999999999994,0
R00121,35.829855,127.142617,전주 데모도로,전주시,2081706.65,842.95,0.0004049321742811,7.742488395563824,matched,1,F0047,2024-09-26,덧씌우기,120.37828454162783,1,2025-08-12,21.7,13.86,29.52,26.779999999999998,0.0,68.63,0
R00214,35.931778,126.737521,군산 데모도로,군산시,1384801.76,612246.21,0.442118307244208,14.853572251212228,matched,0,,,,,0,2026-04-13,16.448,7.76,23.3,3.97,0.0,57.702,0
R00239,35.911523,126.793331,군산 데모도로,군산시,1384801.76,612246.21,0.442118307244208,14.853572251212228,matched,0,,,,,0,2026-08-06,21.872,15.31,28.89,42.2,0.0,65.336,1
R00056,35.840218,127.163224,전주 데모도로,전주시,2081706.65,842.95,0.0004049321742811,7.742488395563824,matched,1,F0002,2025-10-19,상온아스콘,117.388877606805,2,2024-09-04,16.5,9.17,23.7,9.05,0.0,62.562,0
R00350,35.911942,126.958567,익산 데모도로,익산시,1404068.0,1069912.0,0.7620086776423934,10.189728749446369,matched,0,,,,,0,2025-05-19,22.968,15.0,30.14,0.0,0.0,62.84400000000001,0
R00107,35.781744,127.189963,전주 데모도로,전주시,2081706.65,842.95,0.0004049321742811,7.742488395563824,matched,0,,,,,0,2026-07-04,25.018,18.6,30.48,0.0,0.0,62.176,0
R00048,35.811944,127.135805,전주 데모도로,전주시,2081706.65,842.95,0.0004049321742811,7.742488395563824,matched,0,,,,,0,2024-12-12,0.162,-5.05,6.16,12.64,0.08,55.322,0
R00573,35.570077,126.911682,정읍 데모도로,정읍시,845508.0,326882.92,0.3866112680187532,9.4307279162049,matched,0,,,,,0,2026-07-12,25.818,17.15,31.85,0.0,0.0,53.062,0
R00337,35.995591,127.004573,익산 데모도로,익산시,1404068.0,1069912.0,0.7620086776423934,10.189728749446369,matched,0,,,,,0,2024-11-17,1.766,-5.95,10.02,8.98,0.0,59.336,0
R00026,35.824853,127.188986,전주 데모도로,전주시,2081706.65,842.95,0.0004049321742811,7.742488395563824,matched,0,,,,,0,2024-11-08,2.81,-4.62,8.95,5.33,0.0,62.306000000000004,0
R00257,35.972303,126.731918,군산 데모도로,군산시,1384801.76,612246.21,0.442118307244208,14.853572251212228,matched,0,,,,,0,2025-07-08,24.436,16.3,30.74,0.0,0.0,53.303999999999995,0
R00008,35.823561,127.101636,전주 데모도로,전주시,2081706.65,842.95,0.0004049321742811,7.742488395563824,matched,0,,,,,0,2024-12-10,0.5360000000000001,-6.66,8.63,3.51,0.0,56.470000000000006,0
R00625,35.547901,126.856598,정읍 데모도로,정읍시,845508.0,326882.92,0.3866112680187532,9.4307279162049,matched,0,,,,,0,2024-10-15,8.22,0.76,15.11,0.4,0.0,68.268,0
R00253,35.959922,126.746219,군산 데모도로,군산시,1384801.76,612246.21,0.442118307244208,14.853572251212228,matched,0,,,,,0,2025-01-19,-1.0559999999999998,-8.87,10.91,11.97,1.51,62.672000000000004,0
R00303,35.948759,127.023477,익산 데모도로,익산시,1404068.0,1069912.0,0.7620086776423934,10.189728749446369,matched,0,,,,,0,2025-09-26,13.719999999999999,4.03,22.48,16.73,0.0,70.096,1
R00639,35.616456,126.856128,정읍 데모도로,정읍시,845508.0,326882.92,0.3866112680187532,9.4307279162049,matched,0,,,,,0,2026-05-08,19.69,12.35,26.47,11.26,0.0,61.403999999999996,0
R00056,35.840218,127.163224,전주 데모도로,전주시,2081706.65,842.95,0.0004049321742811,7.742488395563824,matched,1,F0002,2025-10-19,상온아스콘,117.388877606805,2,2025-05-11,20.302,12.1,31.0,0.0,0.0,54.754,0
R00526,35.412661,127.395166,남원 데모도로,남원시,670188.0,287953.6,0.4296609309626552,17.276260308101918,matched,0,,,,,0,2025-06-29,25.136,17.38,32.46,25.03,0.0,70.982,0
R00474,35.467161,127.43947,남원 데모도로,남원시,670188.0,287953.6,0.4296609309626552,17.276260308101918,matched,0,,,,,0,2026-08-03,21.392000000000003,14.34,27.25,19.25,0.0,60.052,0
R00028,35.824172,127.198837,전주 데모도로,전주시,2081706.65,842.95,0.0004049321742811,7.742488395563824,matched,0,,,,,0,2024-09-28,10.866,5.46,17.68,0.0,0.0,57.418000000000006,0
R00078,35.788345,127.14824,전주 데모도로,전주시,2081706.65,842.95,0.0004049321742811,7.742488395563824,matched,0,,,,,0,2024-12-01,-0.08600000000000001,-7.43,6.88,16.439999999999998,0.0,55.522000000000006,0
R00216,35.941799,126.73834,군산 데모도로,군산시,1384801.76,612246.21,0.442118307244208,14.853572251212228,matched,0,,,,,0,2025-02-27,7.167999999999999,1.77,12.96,14.46,0.0,59.970000000000006,0
R00386,35.928879,126.975814,익산 데모도로,익산시,1404068.0,1069912.0,0.7620086776423934,10.189728749446369,matched,0,,,,,0,2025-09-23,12.628,7.12,21.28,8.24,0.0,57.934000000000005,0
R00365,35.983286,126.957562,익산 데모도로,익산시,1404068.0,1069912.0,0.7620086776423934,10.189728749446369,matched,0,,,,,0,2025-05-23,22.682,16.9,29.02,5.35,0.0,58.815999999999995,1
R00666,35.578927,126.846606,정읍 데모도로,정읍시,845508.0,326882.92,0.3866112680187532,9.4307279162049,matched,0,,,,,0,2025-08-07,21.674,14.7,31.75,0.0,0.0,52.16799999999999,0
R00526,35.412661,127.395166,남원 데모도로,남원시,670188.0,287953.6,0.4296609309626552,17.276260308101918,matched,0,,,,,0,2026-03-21,8.442,0.05,15.13,0.0,0.0,69.096,0
R00312,35.90739,126.918092,익산 데모도로,익산시,1404068.0,1069912.0,0.7620086776423934,10.189728749446369,matched,0,,,,,0,2026-07-28,24.759999999999998,16.84,31.15,0.0,0.0,57.312,0
R00007,35.824622,127.0969,전주 데모도로,전주시,2081706.65,842.95,0.0004049321742811,7.742488395563824,matched,0,,,,,0,2025-05-01,18.458,12.28,27.41,0.0,0.0,54.57000000000001,0
R00003,35.824446,127.078537,전주 데모도로,전주시,2081706.65,842.95,0.0004049321742811,7.742488395563824,matched,1,F0025,2024-12-21,임시보수,74.05669924623368,1,2026-05-31,23.694,14.02,31.19,3.69,0.0,59.06,0
R00623,35.53753,126.854753,정읍 데모도로,정읍시,845508.0,326882.92,0.3866112680187532,9.4307279162049,matched,0,,,,,0,2026-06-10,22.886000000000003,14.41,30.88,15.33,0.0,55.694,0
R00363,35.976012,126.95682,익산 데모도로,익산시,1404068.0,1069912.0,0.7620086776423934,10.189728749446369,matched,0,,,,,0,2024-11-25,0.2920000000000001,-6.72,9.02,0.0,0.0,59.99400000000001,0
R00508,35.48774,127.390175,남원 데모도로,남원시,670188.0,287953.6,0.4296609309626552,17.276260308101918,matched,0,,,,,0,2026-03-29,12.440000000000001,6.45,18.58,43.76,0.0,63.848,1
R00274,35.947598,126.881553,익산 데모도로,익산시,1404068.0,1069912.0,0.7620086776423934,10.189728749446369,matched,0,,,,,0,2025-05-27,23.344,16.48,30.45,4.27,0.0,55.834,0
R00506,35.476204,127.390266,남원 데모도로,남원시,670188.0,287953.6,0.4296609309626552,17.276260308101918,matched,0,,,,,0,2025-09-25,13.709999999999999,4.57,21.73,0.0,0.0,58.19000000000001,0
R00015,35.823135,127.13637,전주 데모도로,전주시,2081706.65,842.95,0.0004049321742811,7.742488395563824,matched,0,,,,,0,2024-12-05,-1.6179999999999999,-11.19,3.6,7.62,0.0,58.233999999999995,0
R00192,35.983184,126.751861,군산 데모도로,군산시,1384801.76,612246.21,0.442118307244208,14.853572251212228,matched,0,,,,,0,2026-07-19,23.728,17.56,32.04,26.18,0.0,64.31,0
R00631,35.577801,126.855101,정읍 데모도로,정읍시,845508.0,326882.92,0.3866112680187532,9.4307279162049,matched,0,,,,,0,2025-03-05,6.0440000000000005,-1.02,12.7,0.0,0.0,57.779999999999994,0
R00485,35.375685,127.391521,남원 데모도로,남원시,670188.0,287953.6,0.4296609309626552,17.276260308101918,matched,0,,,,,0,2025-06-17,23.088,16.51,30.12,22.35,0.0,63.477999999999994,0
R00028,35.824172,127.198837,전주 데모도로,전주시,2081706.65,842.95,0.0004049321742811,7.742488395563824,matched,0,,,,,0,2025-07-11,24.978,18.8,31.75,4.49,0.0,57.024,0
R00039,35.779927,127.10576,전주 데모도로,전주시,2081706.65,842.95,0.0004049321742811,7.742488395563824,matched,0,,,,,0,2025-01-19,-1.0559999999999998,-8.87,10.91,11.97,1.51,62.672000000000004,0
R00273,35.947588,126.879039,익산 데모도로,익산시,1404068.0,1069912.0,0.7620086776423934,10.189728749446369,matched,0,,,,,0,2026-02-21,4.866,-4.39,13.38,12.51,0.0,61.298,1
R00231,36.01351,126.737731,군산 데모도로,군산시,1384801.76,612246.21,0.442118307244208,14.853572251212228,matched,0,,,,,0,2026-05-25,24.314,15.75,33.97,1.53,0.0,61.836,0
R00086,35.826956,127.147903,전주 데모도로,전주시,2081706.65,842.95,0.0004049321742811,7.742488395563824,matched,0,,,,,0,2025-09-27,10.762,4.57,16.12,22.5,0.0,58.902,0
R00474,35.467161,127.43947,남원 데모도로,남원시,670188.0,287953.6,0.4296609309626552,17.276260308101918,matched,0,,,,,0,2025-11-23,1.884,-8.75,11.52,12.26,0.0,55.52,0
R00126,35.847251,127.124777,전주 데모도로,전주시,2081706.65,842.95,0.0004049321742811,7.742488395563824,matched,0,,,,,0,2024-12-28,-0.914,-9.31,8.64,7.43,0.0,52.69,0
R00537,35.449099,127.358081,남원 데모도로,남원시,670188.0,287953.6,0.4296609309626552,17.276260308101918,matched,0,,,,,0,2024-11-10,3.1719999999999997,-3.87,8.39,3.02,0.0,60.95399999999999,0
R00145,35.966917,126.695091,군산 데모도로,군산시,1384801.76,612246.21,0.442118307244208,14.853572251212228,matched,0,,,,,0,2025-09-21,12.982,3.23,22.69,0.0,0.0,55.717999999999996,0
R00525,35.407591,127.398556,남원 데모도로,남원시,670188.0,287953.6,0.4296609309626552,17.276260308101918,matched,0,,,,,0,2026-05-08,19.69,12.35,26.47,11.26,0.0,61.403999999999996,0
R00212,35.921356,126.738014,군산 데모도로,군산시,1384801.76,612246.21,0.442118307244208,14.853572251212228,matched,0,,,,,0,2024-12-05,-1.6179999999999999,-11.19,3.6,7.62,0.0,58.233999999999995,0
R00025,35.824481,127.185551,전주 데모도로,전주시,2081706.65,842.95,0.0004049321742811,7.742488395563824,matched,0,,,,,0,2025-03-27,11.866,2.0,20.07,0.0,0.0,48.218,0
R00580,35.517298,126.803773,정읍 데모도로,정읍시,845508.0,326882.92,0.3866112680187532,9.4307279162049,matched,0,,,,,0,2026-02-22,4.523999999999999,-1.51,11.1,9.78,0.0,48.736000000000004,0
R00394,35.957479,126.949461,익산 데모도로,익산시,1404068.0,1069912.0,0.7620086776423934,10.189728749446369,matched,0,,,,,0,2025-08-21,18.954,12.75,24.58,14.66,0.0,63.628,0
R00067,35.877436,127.200233,전주 데모도로,전주시,2081706.65,842.95,0.0004049321742811,7.742488395563824,matched,0,,,,,0,2025-01-12,0.4299999999999999,-7.18,6.53,7.06,2.18,65.738,0
R00233,36.02333,126.735904,군산 데모도로,군산시,1384801.76,612246.21,0.442118307244208,14.853572251212228,matched,0,,,,,0,2024-12-08,-3.2640000000000002,-11.52,4.54,0.0,1.74,60.358000000000004,0
R00109,35.788213,127.185125,전주 데모도로,전주시,2081706.65,842.95,0.0004049321742811,7.742488395563824,matched,0,,,,,0,2026-04-25,18.308,9.71,27.8,7.44,0.0,61.114,0
R00146,35.968127,126.700955,군산 데모도로,군산시,1384801.76,612246.21,0.442118307244208,14.853572251212228,matched,0,,,,,0,2026-02-27,5.242,-3.16,10.47,35.11,0.0,62.71,0
R00111,35.795652,127.178417,전주 데모도로,전주시,2081706.65,842.95,0.0004049321742811,7.742488395563824,matched,0,,,,,0,2025-12-25,-0.7779999999999999,-10.2,5.33,9.48,1.44,57.198,0
R00228,35.999874,126.736942,군산 데모도로,군산시,1384801.76,612246.21,0.442118307244208,14.853572251212228,matched,0,,,,,0,2026-01-05,-2.63,-9.58,3.28,0.0,0.62,48.93,0
R00111,35.795652,127.178417,전주 데모도로,전주시,2081706.65,842.95,0.0004049321742811,7.742488395563824,matched,0,,,,,0,2025-12-06,-2.322,-9.62,5.69,0.0,0.35,73.696,0
R00470,35.452903,127.426837,남원 데모도로,남원시,670188.0,287953.6,0.4296609309626552,17.276260308101918,matched,0,,,,,0,2025-05-16,22.158,13.82,30.72,0.0,0.0,60.09400000000001,0
R00034,35.824927,127.226609,전주 데모도로,전주시,2081706.65,842.95,0.0004049321742811,7.742488395563824,matched,0,,,,,0,2025-10-13,7.648000000000001,1.02,14.41,2.56,0.0,60.775999999999996,0
R00623,35.53753,126.854753,정읍 데모도로,정읍시,845508.0,326882.92,0.3866112680187532,9.4307279162049,matched,0,,,,,0,2026-07-26,24.791999999999998,17.42,33.51,14.23,0.0,58.178,0
R00369,36.003218,126.956802,익산 데모도로,익산시,1404068.0,1069912.0,0.7620086776423934,10.189728749446369,matched,0,,,,,0,2025-08-20,18.206,12.45,24.7,24.73,0.0,57.970000000000006,1
R00595,35.567602,126.854519,정읍 데모도로,정읍시,845508.0,326882.92,0.3866112680187532,9.4307279162049,matched,0,,,,,0,2025-05-25,22.688,15.47,31.57,12.11,0.0,62.686,0
R00554,35.570373,126.820252,정읍 데모도로,정읍시,845508.0,326882.92,0.3866112680187532,9.4307279162049,matched,0,,,,,0,2025-05-28,24.142000000000003,17.72,35.86,25.45,0.0,66.91799999999999,0
R00425,35.416254,127.38818,남원 데모도로,남원시,670188.0,287953.6,0.4296609309626552,17.276260308101918,matched,0,,,,,0,2024-09-27,11.892,5.46,21.33,27.39,0.0,63.839999999999996,0
R00613,35.489736,126.855306,정읍 데모도로,정읍시,845508.0,326882.92,0.3866112680187532,9.4307279162049,matched,0,,,,,0,2025-02-23,7.364,1.04,14.52,3.63,0.0,65.286,0
R00518,35.384008,127.421749,남원 데모도로,남원시,670188.0,287953.6,0.4296609309626552,17.276260308101918,matched,0,,,,,0,2025-01-29,2.006,-4.05,7.42,2.13,0.0,62.275999999999996,0
R00282,35.948375,126.92239,익산 데모도로,익산시,1404068.0,1069912.0,0.7620086776423934,10.189728749446369,matched,0,,,,,0,2026-02-05,2.634,-4.07,11.59,0.0,0.0,61.852,0
R00320,35.934892,126.945135,익산 데모도로,익산시,1404068.0,1069912.0,0.7620086776423934,10.189728749446369,matched,1,F0055,2024-12-23,상온아스콘,82.4759824508526,2,2026-02-05,2.634,-4.07,11.59,0.0,0.0,61.852,0
R00443,35.360281,127.334962,남원 데모도로,남원시,670188.0,287953.6,0.4296609309626552,17.276260308101918,matched,0,,,,,0,2024-08-22,20.830000000000002,13.2,30.72,45.82,0.0,66.944,0
R00315,35.920392,126.928644,익산 데모도로,익산시,1404068.0,1069912.0,0.7620086776423934,10.189728749446369,matched,0,,,,,0,2025-06-04,24.19,17.02,31.55,10.879999999999999,0.0,54.88199999999999,0
R00377,35.897537,127.008534,익산 데모도로,익산시,1404068.0,1069912.0,0.7620086776423934,10.189728749446369,matched,0,,,,,0,2025-10-25,4.704,-4.92,11.69,0.0,0.0,65.934,0
R00289,35.947722,126.954865,익산 데모도로,익산시,1404068.0,1069912.0,0.7620086776423934,10.189728749446369,matched,0,,,,,0,2025-12-02,-0.6280000000000001,-9.71,6.78,3.5,1.08,65.564,0
R00437,35.417432,127.445895,남원 데모도로,남원시,670188.0,287953.6,0.4296609309626552,17.276260308101918,matched,0,,,,,0,2025-02-15,3.076,-4.06,10.45,12.31,0.06,62.215999999999994,0
R00662,35.563211,126.861169,정읍 데모도로,정읍시,845508.0,326882.92,0.3866112680187532,9.4307279162049,matched,0,,,,,0,2025-04-23,19.088,13.06,26.9,0.0,0.0,55.010000000000005,0
R00277,35.947756,126.896589,익산 데모도로,익산시,1404068.0,1069912.0,0.7620086776423934,10.189728749446369,matched,0,,,,,0,2026-05-08,19.69,12.35,26.47,11.26,0.0,61.403999999999996,1
R00582,35.523206,126.809624,정읍 데모도로,정읍시,845508.0,326882.92,0.3866112680187532,9.4307279162049,matched,0,,,,,0,2025-05-24,24.182,17.41,30.13,0.0,0.0,58.626,0
R00503,35.461896,127.390338,남원 데모도로,남원시,670188.0,287953.6,0.4296609309626552,17.276260308101918,matched,0,,,,,0,2026-03-22,12.553999999999998,5.7,21.27,0.79,0.0,55.001999999999995,0
R00624,35.543849,126.857448,정읍 데모도로,정읍시,845508.0,326882.92,0.3866112680187532,9.4307279162049,matched,0,,,,,0,2025-04-29,17.68,9.8,28.01,0.15,0.0,65.784,0
R00516,35.37662,127.430309,남원 데모도로,남원시,670188.0,287953.6,0.4296609309626552,17.276260308101918,matched,0,,,,,0,2025-02-15,3.076,-4.06,10.45,12.31,0.06,62.215999999999994,0
R00350,35.911942,126.958567,익산 데모도로,익산시,1404068.0,1069912.0,0.7620086776423934,10.189728749446369,matched,0,,,,,0,2026-06-30,25.514,15.97,34.5,26.34,0.0,57.641999999999996,0
R00446,35.3706,127.342787,남원 데모도로,남원시,670188.0,287953.6,0.4296609309626552,17.276260308101918,matched,0,,,,,0,2026-01-09,-0.384,-8.96,9.44,0.0,0.0,56.812,0
R00350,35.911942,126.958567,익산 데모도로,익산시,1404068.0,1069912.0,0.7620086776423934,10.189728749446369,matched,0,,,,,0,2026-07-19,23.728,17.56,32.04,26.18,0.0,64.31,1
R00607,35.609827,126.896187,정읍 데모도로,정읍시,845508.0,326882.92,0.3866112680187532,9.4307279162049,matched,0,,,,,0,2026-03-07,7.264,-3.91,18.32,0.0,0.0,51.839999999999996,0
R00664,35.572029,126.855151,정읍 데모도로,정읍시,845508.0,326882.92,0.3866112680187532,9.4307279162049,matched,0,,,,,0,2025-07-10,23.44,14.35,31.36,13.680000000000001,0.0,56.342,0
R00137,35.967595,126.656464,군산 데모도로,군산시,1384801.76,612246.21,0.442118307244208,14.853572251212228,matched,0,,,,,0,2025-08-10,19.872,13.26,27.43,41.95,0.0,64.85,0
R00243,35.925042,126.779721,군산 데모도로,군산시,1384801.76,612246.21,0.442118307244208,14.853572251212228,matched,0,,,,,0,2026-05-30,25.268,18.22,34.47,0.0,0.0,51.824,0
R00543,35.469876,127.337365,남원 데모도로,남원시,670188.0,287953.6,0.4296609309626552,17.276260308101918,matched,1,F0050,2025-03-01,상온아스콘,58.17664296622837,1,2026-06-29,25.086000000000002,17.46,31.6,0.0,0.0,59.544000000000004,0
R00040,35.785713,127.108003,전주 데모도로,전주시,2081706.65,842.95,0.0004049321742811,7.742488395563824,matched,0,,,,,0,2025-09-13,12.472,4.45,17.97,18.21,0.0,61.157999999999994,0
R00229,36.004741,126.735496,군산 데모도로,군산시,1384801.76,612246.21,0.442118307244208,14.853572251212228,matched,0,,,,,0,2026-04-25,18.308,9.71,27.8,7.44,0.0,61.114,0
R00548,35.569502,126.790119,정읍 데모도로,정읍시,845508.0,326882.92,0.3866112680187532,9.4307279162049,matched,0,,,,,0,2024-11-11,1.9780000000000002,-4.52,8.63,0.0,0.0,61.314,0
R00223,35.975607,126.737077,군산 데모도로,군산시,1384801.76,612246.21,0.442118307244208,14.853572251212228,matched,0,,,,,0,2025-07-01,22.082,15.09,29.14,8.23,0.0,60.0,0
R00006,35.825016,127.092656,전주 데모도로,전주시,2081706.65,842.95,0.0004049321742811,7.742488395563824,matched,0,,,,,0,2025-03-18,12.190000000000001,3.8,17.75,0.0,0.0,58.260000000000005,0
R00322,35.942679,126.952855,익산 데모도로,익산시,1404068.0,1069912.0,0.7620086776423934,10.189728749446369,matched,0,,,,,0,2026-01-15,-1.468,-7.86,5.66,0.76,0.0,57.645999999999994,0
R00468,35.445372,127.419546,남원 데모도로,남원시,670188.0,287953.6,0.4296609309626552,17.276260308101918,matched,1,F0043,2024-04-11,임시보수,22.83920998847246,1,2025-09-06,15.968,4.45,22.74,9.15,0.0,59.016,0
R00075,35.773982,127.148347,전주 데모도로,전주시,2081706.65,842.95,0.0004049321742811,7.742488395563824,matched,0,,,,,0,2026-07-10,24.958,16.69,32.44,0.0,0.0,61.008,0
R00004,35.824761,127.08082,전주 데모도로,전주시,2081706.65,842.95,0.0004049321742811,7.742488395563824,matched,1,F0025,2024-12-21,임시보수,232.6316133835872,1,2025-07-26,24.824,18.17,31.29,10.58,0.0,59.398,0
R00646,35.649043,126.855421,정읍 데모도로,정읍시,845508.0,326882.92,0.3866112680187532,9.4307279162049,matched,0,,,,,0,2024-09-25,10.07,4.04,18.16,0.0,0.0,61.70399999999999,0
R00118,35.818803,127.152232,전주 데모도로,전주시,2081706.65,842.95,0.0004049321742811,7.742488395563824,matched,0,,,,,0,2026-01-11,-0.1200000000000001,-9.1,8.85,5.62,4.9,72.292,0
R00606,35.606236,126.893335,정읍 데모도로,정읍시,845508.0,326882.92,0.3866112680187532,9.4307279162049,matched,0,,,,,0,2025-10-12,7.909999999999999,2.77,15.27,0.0,0.0,59.138,0
R00504,35.466249,127.390625,남원 데모도로,남원시,670188.0,287953.6,0.4296609309626552,17.276260308101918,matched,0,,,,,0,2025-02-03,2.294,-2.98,10.37,7.66,0.0,55.08,0
R00574,35.568805,126.916376,정읍 데모도로,정읍시,845508.0,326882.92,0.3866112680187532,9.4307279162049,matched,0,,,,,0,2025-07-27,24.235999999999997,18.12,29.81,7.890000000000001,0.0,57.45,0
R00441,35.416321,127.465452,남원 데모도로,남원시,670188.0,287953.6,0.4296609309626552,17.276260308101918,matched,0,,,,,0,2025-06-20,24.674,15.83,33.62,11.78,0.0,62.92,0
R00194,35.990323,126.757954,군산 데모도로,군산시,1384801.76,612246.21,0.442118307244208,14.853572251212228,matched,0,,,,,0,2026-02-11,3.158,-6.96,13.41,0.0,1.43,55.152,0
R00392,35.948941,126.957302,익산 데모도로,익산시,1404068.0,1069912.0,0.7620086776423934,10.189728749446369,matched,1,F0061,2024-05-03,덧씌우기,287.2705145235735,1,2026-07-21,24.092000000000002,17.33,32.88,20.560000000000002,0.0,62.18399999999999,1
R00026,35.824853,127.188986,전주 데모도로,전주시,2081706.65,842.95,0.0004049321742811,7.742488395563824,matched,0,,,,,0,2026-02-06,4.4,-2.08,10.64,0.0,0.0,66.35,0
R00435,35.414387,127.436407,남원 데모도로,남원시,670188.0,287953.6,0.4296609309626552,17.276260308101918,matched,0,,,,,0,2024-12-08,-3.2640000000000002,-11.52,4.54,0.0,1.74,60.358000000000004,0
R00173,35.917621,126.688036,군산 데모도로,군산시,1384801.76,612246.21,0.442118307244208,14.853572251212228,matched,0,,,,,0,2025-10-03,9.362,1.85,17.16,6.9,0.0,53.226,0
R00300,35.948754,127.008242,익산 데모도로,익산시,1404068.0,1069912.0,0.7620086776423934,10.189728749446369,matched,0,,,,,0,2025-03-12,8.458,-0.23,15.93,0.0,0.0,47.730000000000004,1
R00645,35.645988,126.855893,정읍 데모도로,정읍시,845508.0,326882.92,0.3866112680187532,9.4307279162049,matched,0,,,,,0,2025-02-19,4.736,-1.42,10.85,17.86,0.67,55.366,0
R00326,35.956457,126.964735,익산 데모도로,익산시,1404068.0,1069912.0,0.7620086776423934,10.189728749446369,matched,0,,,,,0,2025-09-04,16.456,9.53,22.57,0.0,0.0,54.684000000000005,1
R00410,35.416338,127.315359,남원 데모도로,남원시,670188.0,287953.6,0.4296609309626552,17.276260308101918,matched,0,,,,,0,2025-12-27,-1.4780000000000002,-8.21,7.32,25.38,0.0,70.164,0
R00118,35.818803,127.152232,전주 데모도로,전주시,2081706.65,842.95,0.0004049321742811,7.742488395563824,matched,0,,,,,0,2025-09-01,15.318000000000001,5.96,21.21,1.37,0.0,60.354,0
R00225,35.984812,126.735449,군산 데모도로,군산시,1384801.76,612246.21,0.442118307244208,14.853572251212228,matched,0,,,,,0,2024-10-04,10.528,3.27,18.24,13.73,0.0,64.562,0
R00532,35.431679,127.375993,남원 데모도로,남원시,670188.0,287953.6,0.4296609309626552,17.276260308101918,matched,0,,,,,0,2026-02-20,4.668,-1.31,11.53,0.0,1.04,62.7,0
R00113,35.80096,127.170589,전주 데모도로,전주시,2081706.65,842.95,0.0004049321742811,7.742488395563824,matched,0,,,,,0,2026-01-28,0.9039999999999999,-7.19,9.15,13.78,3.7399999999999998,54.596000000000004,0
R00140,35.967178,126.671296,군산 데모도로,군산시,1384801.76,612246.21,0.442118307244208,14.853572251212228,matched,0,,,,,0,2026-01-04,-0.6399999999999999,-8.98,9.29,0.0,0.07,63.370000000000005,0
R00559,35.568964,126.84381,정읍 데모도로,정읍시,845508.0,326882.92,0.3866112680187532,9.4307279162049,matched,1,F0021,2024-02-23,덧씌우기,46.37641616568677,1,2024-09-09,15.232,8.75,24.25,0.0,0.0,62.06,0
R00001,35.82239,127.068752,전주 데모도로,전주시,2081706.65,842.95,0.0004049321742811,7.742488395563824,matched,0,,,,,0,2025-03-19,8.886,1.23,18.25,6.74,0.0,62.70399999999999,0
R00090,35.846595,127.147731,전주 데모도로,전주시,2081706.65,842.95,0.0004049321742811,7.742488395563824,matched,0,,,,,0,2025-06-24,25.416,19.27,32.09,6.74,0.0,56.839999999999996,0
R00654,35.536421,126.888782,정읍 데모도로,정읍시,845508.0,326882.92,0.3866112680187532,9.4307279162049,matched,0,,,,,0,2026-06-10,22.886000000000003,14.41,30.88,15.33,0.0,55.694,0
R00320,35.934892,126.945135,익산 데모도로,익산시,1404068.0,1069912.0,0.7620086776423934,10.189728749446369,matched,1,F0055,2024-12-23,상온아스콘,82.4759824508526,2,2025-05-17,21.214,14.56,31.1,2.45,0.0,58.053999999999995,0
R00550,35.569727,126.801535,정읍 데모도로,정읍시,845508.0,326882.92,0.3866112680187532,9.4307279162049,matched,0,,,,,0,2026-03-12,8.274000000000001,2.27,17.29,48.99,0.0,66.502,0
R00139,35.967245,126.667504,군산 데모도로,군산시,1384801.76,612246.21,0.442118307244208,14.853572251212228,matched,0,,,,,0,2025-03-08,8.604,3.26,14.43,0.0,0.0,57.75600000000001,0
R00511,35.360301,127.445956,남원 데모도로,남원시,670188.0,287953.6,0.4296609309626552,17.276260308101918,matched,0,,,,,0,2024-09-19,13.276,1.82,22.94,24.7,0.0,62.65,0
R00259,35.978728,126.724062,군산 데모도로,군산시,1384801.76,612246.21,0.442118307244208,14.853572251212228,matched,0,,,,,0,2025-11-04,3.476,-3.44,10.42,1.85,0.0,66.17,0
R00673,35.60303,126.823845,정읍 데모도로,정읍시,845508.0,326882.92,0.3866112680187532,9.4307279162049,matched,0,,,,,0,2025-01-27,0.614,-5.7,8.1,0.0,0.0,65.652,0
R00010,35.823175,127.11063,전주 데모도로,전주시,2081706.65,842.95,0.0004049321742811,7.742488395563824,matched,0,,,,,0,2025-04-29,17.68,9.8,28.01,0.15,0.0,65.784,0
R00261,35.988141,126.717713,군산 데모도로,군산시,1384801.76,612246.21,0.442118307244208,14.853572251212228,matched,1,F0010,2025-01-17,임시보수,89.25965130574198,2,2026-01-21,-1.1720000000000002,-8.73,7.87,21.2,4.43,62.30799999999999,0
R00650,35.52302,126.902453,정읍 데모도로,정읍시,845508.0,326882.92,0.3866112680187532,9.4307279162049,matched,0,,,,,0,2026-05-31,23.694,14.02,31.19,3.69,0.0,59.06,0
R00172,35.91448,126.685149,군산 데모도로,군산시,1384801.76,612246.21,0.442118307244208,14.853572251212228,matched,0,,,,,0,2025-12-11,-1.048,-11.07,8.27,0.02,0.96,53.83,0
R00013,35.823537,127.12596,전주 데모도로,전주시,2081706.65,842.95,0.0004049321742811,7.742488395563824,matched,0,,,,,0,2024-08-28,17.407999999999998,6.87,23.33,0.0,0.0,56.862,0
R00168,35.968797,126.806176,군산 데모도로,군산시,1384801.76,612246.21,0.442118307244208,14.853572251212228,matched,0,,,,,0,2026-08-14,20.234,13.76,26.31,0.0,0.0,61.044,0
R00642,35.630783,126.856529,정읍 데모도로,정읍시,845508.0,326882.92,0.3866112680187532,9.4307279162049,matched,0,,,,,0,2026-01-05,-2.63,-9.58,3.28,0.0,0.62,48.93,0
R00596,35.572019,126.857827,정읍 데모도로,정읍시,845508.0,326882.92,0.3866112680187532,9.4307279162049,matched,0,,,,,0,2026-03-01,4.79,-2.33,15.12,9.56,0.0,53.82000000000001,0
R00321,35.93962,126.948668,익산 데모도로,익산시,1404068.0,1069912.0,0.7620086776423934,10.189728749446369,matched,0,,,,,0,2025-10-28,4.086,-3.77,11.6,0.0,0.0,54.24400000000001,1
R00319,35.932404,126.941022,익산 데모도로,익산시,1404068.0,1069912.0,0.7620086776423934,10.189728749446369,matched,1,F0072,2025-06-12,임시보수,23.032660345809123,1,2024-12-07,-1.718,-9.87,5.9,25.98,0.0,58.846000000000004,0
R00613,35.489736,126.855306,정읍 데모도로,정읍시,845508.0,326882.92,0.3866112680187532,9.4307279162049,matched,0,,,,,0,2025-01-18,2.2159999999999997,-4.72,9.05,13.81,3.35,60.888,0
R00329,35.967248,126.97747,익산 데모도로,익산시,1404068.0,1069912.0,0.7620086776423934,10.189728749446369,matched,0,,,,,0,2026-05-15,22.898000000000003,14.65,30.02,16.05,0.0,57.394000000000005,0
R00550,35.569727,126.801535,정읍 데모도로,정읍시,845508.0,326882.92,0.3866112680187532,9.4307279162049,matched,0,,,,,0,2024-11-28,0.6979999999999998,-5.99,9.85,2.23,0.0,62.028,0
R00419,35.416927,127.35934,남원 데모도로,남원시,670188.0,287953.6,0.4296609309626552,17.276260308101918,matched,0,,,,,0,2025-02-25,3.732,-4.08,11.07,9.1,0.0,57.75,0
R00606,35.606236,126.893335,정읍 데모도로,정읍시,845508.0,326882.92,0.3866112680187532,9.4307279162049,matched,0,,,,,0,2026-03-04,8.379999999999999,2.49,14.5,0.0,0.0,57.69200000000001,0
R00095,35.870317,127.147904,전주 데모도로,전주시,2081706.65,842.95,0.0004049321742811,7.742488395563824,matched,0,,,,,0,2024-11-07,4.122,-7.07,14.44,0.0,0.0,60.678,0
R00581,35.519509,126.805886,정읍 데모도로,정읍시,845508.0,326882.92,0.3866112680187532,9.4307279162049,matched,1,F0068,2025-12-28,상온아스콘,39.29216474944008,1,2025-12-20,-2.35,-11.6,5.5,0.0,0.0,65.46000000000001,0
R00318,35.929691,126.93936,익산 데모도로,익산시,1404068.0,1069912.0,0.7620086776423934,10.189728749446369,matched,0,,,,,0,2024-11-14,1.3800000000000001,-5.5,10.15,5.47,0.0,60.16600000000001,0
R00236,36.038076,126.735261,군산 데모도로,군산시,1384801.76,612246.21,0.442118307244208,14.853572251212228,matched,0,,,,,0,2025-02-28,8.203999999999999,0.94,14.75,39.31,0.0,56.872,0
R00334,35.983692,126.993823,익산 데모도로,익산시,1404068.0,1069912.0,0.7620086776423934,10.189728749446369,matched,0,,,,,0,2024-11-30,-0.5039999999999999,-7.61,5.51,0.0,0.0,60.004,0
R00376,35.893913,127.009165,익산 데모도로,익산시,1404068.0,1069912.0,0.7620086776423934,10.189728749446369,matched,0,,,,,0,2024-11-22,1.374,-6.14,10.6,0.65,0.0,58.25599999999999,0
R00459,35.415242,127.388654,남원 데모도로,남원시,670188.0,287953.6,0.4296609309626552,17.276260308101918,matched,0,,,,,0,2025-10-15,8.202,1.29,14.58,0.0,0.0,55.806,0
R00137,35.967595,126.656464,군산 데모도로,군산시,1384801.76,612246.21,0.442118307244208,14.853572251212228,matched,0,,,,,0,2025-03-04,6.843999999999999,0.5,11.78,8.86,0.0,56.588,0
R00588,35.544153,126.829581,정읍 데모도로,정읍시,845508.0,326882.92,0.3866112680187532,9.4307279162049,matched,0,,,,,0,2024-08-19,18.448,11.14,25.78,69.77000000000001,0.0,61.574,1
R00547,35.570127,126.786581,정읍 데모도로,정읍시,845508.0,326882.92,0.3866112680187532,9.4307279162049,matched,0,,,,,0,2025-09-29,9.288,3.21,14.67,1.77,0.0,58.836,0
R00513,35.366316,127.440271,남원 데모도로,남원시,670188.0,287953.6,0.4296609309626552,17.276260308101918,matched,0,,,,,0,2025-08-31,15.608,8.49,24.9,0.0,0.0,58.384,0
R00296,35.948379,126.988915,익산 데모도로,익산시,1404068.0,1069912.0,0.7620086776423934,10.189728749446369,matched,0,,,,,0,2025-02-01,3.0380000000000003,-4.65,9.81,2.65,0.0,65.772,0
R00320,35.934892,126.945135,익산 데모도로,익산시,1404068.0,1069912.0,0.7620086776423934,10.189728749446369,matched,1,F0055,2024-12-23,상온아스콘,82.4759824508526,2,2026-01-09,-0.384,-8.96,9.44,0.0,0.0,56.812,0
R00572,35.569716,126.907516,정읍 데모도로,정읍시,845508.0,326882.92,0.3866112680187532,9.4307279162049,matched,0,,,,,0,2026-05-18,20.494,12.82,28.53,0.0,0.0,54.084,0
R00349,35.907068,126.957013,익산 데모도로,익산시,1404068.0,1069912.0,0.7620086776423934,10.189728749446369,matched,0,,,,,0,2025-06-27,24.418,16.53,31.12,15.66,0.0,69.01599999999999,1
R00229,36.004741,126.735496,군산 데모도로,군산시,1384801.76,612246.21,0.442118307244208,14.853572251212228,matched,0,,,,,0,2026-04-03,14.99,7.87,21.12,23.03,0.0,65.524,0
R00270,36.016519,126.687173,군산 데모도로,군산시,1384801.76,612246.21,0.442118307244208,14.853572251212228,matched,0,,,,,0,2025-10-10,8.709999999999999,1.47,15.83,27.67,0.0,62.54,0
R00291,35.948641,126.964972,익산 데모도로,익산시,1404068.0,1069912.0,0.7620086776423934,10.189728749446369,matched,1,F0018,2025-12-31,덧씌우기,53.87184894734594,1,2026-06-30,25.514,15.97,34.5,26.34,0.0,57.641999999999996,0
R00165,35.968076,126.792348,군산 데모도로,군산시,1384801.76,612246.21,0.442118307244208,14.853572251212228,matched,1,F0020,2026-01-04,임시보수,9.795677699861187,1,2025-12-08,-0.18,-6.01,7.4,2.52,1.99,51.372,0
R00005,35.82463,127.087153,전주 데모도로,전주시,2081706.65,842.95,0.0004049321742811,7.742488395563824,matched,0,,,,,0,2024-10-30,5.9159999999999995,-2.85,15.7,12.5,0.0,65.576,0
R00379,35.904996,127.000287,익산 데모도로,익산시,1404068.0,1069912.0,0.7620086776423934,10.189728749446369,matched,0,,,,,0,2025-01-06,-3.44,-12.24,8.59,0.0,0.0,55.672000000000004,0
R00078,35.788345,127.14824,전주 데모도로,전주시,2081706.65,842.95,0.0004049321742811,7.742488395563824,matched,0,,,,,0,2026-03-23,11.144,2.87,17.96,10.43,0.0,62.176,0
R00410,35.416338,127.315359,남원 데모도로,남원시,670188.0,287953.6,0.4296609309626552,17.276260308101918,matched,0,,,,,0,2025-05-07,21.434,13.48,29.96,2.51,0.0,53.120000000000005,0
R00574,35.568805,126.916376,정읍 데모도로,정읍시,845508.0,326882.92,0.3866112680187532,9.4307279162049,matched,0,,,,,0,2025-07-24,22.612000000000002,15.38,29.4,0.0,0.0,54.774,0
R00132,35.865877,127.105213,전주 데모도로,전주시,2081706.65,842.95,0.0004049321742811,7.742488395563824,matched,0,,,,,0,2025-06-22,25.27,17.92,33.24,69.1,0.0,70.016,0
R00601,35.589527,126.875097,정읍 데모도로,정읍시,845508.0,326882.92,0.3866112680187532,9.4307279162049,matched,0,,,,,0,2025-04-20,15.736,8.78,24.26,7.36,0.0,63.402,0
R00042,35.791222,127.116183,전주 데모도로,전주시,2081706.65,842.95,0.0004049321742811,7.742488395563824,matched,0,,,,,0,2026-01-15,-1.468,-7.86,5.66,0.76,0.0,57.645999999999994,0
R00089,35.841654,127.148283,전주 데모도로,전주시,2081706.65,842.95,0.0004049321742811,7.742488395563824,matched,0,,,,,0,2025-07-21,24.928,15.83,31.21,22.22,0.0,63.55799999999999,0
R00402,35.984458,126.921808,익산 데모도로,익산시,1404068.0,1069912.0,0.7620086776423934,10.189728749446369,matched,0,,,,,0,2026-03-16,9.303999999999998,1.31,18.17,22.64,0.0,56.474000000000004,0
R00296,35.948379,126.988915,익산 데모도로,익산시,1404068.0,1069912.0,0.7620086776423934,10.189728749446369,matched,0,,,,,0,2026-03-02,6.517999999999999,0.26,12.71,1.12,0.0,58.474000000000004,0
R00295,35.949822,126.983505,익산 데모도로,익산시,1404068.0,1069912.0,0.7620086776423934,10.189728749446369,matched,0,,,,,0,2024-11-02,3.768,-3.66,11.01,0.0,0.0,56.40599999999999,0
R00616,35.503533,126.855597,정읍 데모도로,정읍시,845508.0,326882.92,0.3866112680187532,9.4307279162049,matched,0,,,,,0,2025-02-09,2.45,-4.02,10.55,10.98,0.0,64.322,0
R00526,35.412661,127.395166,남원 데모도로,남원시,670188.0,287953.6,0.4296609309626552,17.276260308101918,matched,0,,,,,0,2024-12-05,-1.6179999999999999,-11.19,3.6,7.62,0.0,58.233999999999995,0
R00637,35.606627,126.855358,정읍 데모도로,정읍시,845508.0,326882.92,0.3866112680187532,9.4307279162049,matched,0,,,,,0,2025-02-17,4.242,-4.37,12.28,0.0,0.0,60.605999999999995,0
R00422,35.415203,127.373522,남원 데모도로,남원시,670188.0,287953.6,0.4296609309626552,17.276260308101918,matched,0,,,,,0,2025-02-26,5.956,-2.27,12.35,10.2,0.0,47.464,0
R00023,35.823867,127.174381,전주 데모도로,전주시,2081706.65,842.95,0.0004049321742811,7.742488395563824,matched,0,,,,,0,2024-10-22,8.086,-2.07,19.1,12.67,0.0,60.95,0
R00575,35.570003,126.92076,정읍 데모도로,정읍시,845508.0,326882.92,0.3866112680187532,9.4307279162049,matched,0,,,,,0,2025-12-05,-0.542,-8.4,8.16,8.95,0.0,57.914,0
R00143,35.967487,126.685226,군산 데모도로,군산시,1384801.76,612246.21,0.442118307244208,14.853572251212228,matched,0,,,,,0,2024-11-26,1.326,-8.2,9.22,0.0,0.0,66.394,0
R00665,35.574607,126.85097,정읍 데모도로,정읍시,845508.0,326882.92,0.3866112680187532,9.4307279162049,matched,0,,,,,0,2026-02-13,3.084,-4.39,11.51,4.76,0.0,64.50800000000001,0
R00145,35.966917,126.695091,군산 데모도로,군산시,1384801.76,612246.21,0.442118307244208,14.853572251212228,matched,0,,,,,0,2024-12-24,-2.692,-11.93,2.43,3.27,0.39,60.136,0
R00225,35.984812,126.735449,군산 데모도로,군산시,1384801.76,612246.21,0.442118307244208,14.853572251212228,matched,0,,,,,0,2025-11-13,4.0,-1.49,9.23,19.659999999999997,0.0,59.303999999999995,0
R00503,35.461896,127.390338,남원 데모도로,남원시,670188.0,287953.6,0.4296609309626552,17.276260308101918,matched,0,,,,,0,2025-08-22,17.246000000000002,9.97,22.92,42.76,0.0,60.166,0
R00616,35.503533,126.855597,정읍 데모도로,정읍시,845508.0,326882.92,0.3866112680187532,9.4307279162049,matched,0,,,,,0,2024-09-30,9.081999999999999,-0.94,16.76,42.089999999999996,0.0,65.5,0
R00104,35.770905,127.201572,전주 데모도로,전주시,2081706.65,842.95,0.0004049321742811,7.742488395563824,matched,0,,,,,0,2025-10-11,7.3420000000000005,-0.86,16.06,15.74,0.0,65.078,0
R00039,35.779927,127.10576,전주 데모도로,전주시,2081706.65,842.95,0.0004049321742811,7.742488395563824,matched,0,,,,,0,2025-12-19,-0.26799999999999996,-7.97,8.63,18.28,1.8199999999999998,58.924,0
R00198,36.004298,126.772459,군산 데모도로,군산시,1384801.76,612246.21,0.442118307244208,14.853572251212228,matched,0,,,,,0,2024-11-04,5.71,-1.34,12.3,0.0,0.0,63.2,0
R00646,35.649043,126.855421,정읍 데모도로,정읍시,845508.0,326882.92,0.3866112680187532,9.4307279162049,matched,0,,,,,0,2025-05-15,21.916,13.09,32.04,3.07,0.0,50.648,0
R00579,35.514755,126.798666,정읍 데모도로,정읍시,845508.0,326882.92,0.3866112680187532,9.4307279162049,matched,1,F0073,2024-07-27,임시보수,72.95949834242464,1,2026-06-23,25.330000000000002,17.92,34.2,11.26,0.0,60.04600000000001,0
R00391,35.94597,126.960501,익산 데모도로,익산시,1404068.0,1069912.0,0.7620086776423934,10.189728749446369,matched,1,F0061,2024-05-03,덧씌우기,241.20594308246731,1,2026-07-20,25.542,17.05,36.34,23.06,0.0,66.218,1
R00179,35.938291,126.706717,군산 데모도로,군산시,1384801.76,612246.21,0.442118307244208,14.853572251212228,matched,0,,,,,0,2026-08-16,22.456,15.56,29.56,18.47,0.0,62.512,1
R00554,35.570373,126.820252,정읍 데모도로,정읍시,845508.0,326882.92,0.3866112680187532,9.4307279162049,matched,0,,,,,0,2025-06-29,25.136,17.38,32.46,25.03,0.0,70.982,0
R00448,35.377135,127.35095,남원 데모도로,남원시,670188.0,287953.6,0.4296609309626552,17.276260308101918,matched,0,,,,,0,2025-02-02,1.5100000000000002,-4.87,6.96,9.91,0.0,65.52799999999999,0
R00500,35.446799,127.389979,남원 데모도로,남원시,670188.0,287953.6,0.4296609309626552,17.276260308101918,matched,0,,,,,0,2025-07-23,23.36,16.25,30.22,10.51,0.0,57.06,0
R00015,35.823135,127.13637,전주 데모도로,전주시,2081706.65,842.95,0.0004049321742811,7.742488395563824,matched,0,,,,,0,2025-02-27,7.167999999999999,1.77,12.96,14.46,0.0,59.970000000000006,0
R00623,35.53753,126.854753,정읍 데모도로,정읍시,845508.0,326882.92,0.3866112680187532,9.4307279162049,matched,0,,,,,0,2025-11-14,0.718,-5.89,6.75,43.419999999999995,0.0,62.952,0
R00669,35.588659,126.83769,정읍 데모도로,정읍시,845508.0,326882.92,0.3866112680187532,9.4307279162049,matched,0,,,,,0,2025-05-28,24.142000000000003,17.72,35.86,25.45,0.0,66.91799999999999,0
R00289,35.947722,126.954865,익산 데모도로,익산시,1404068.0,1069912.0,0.7620086776423934,10.189728749446369,matched,0,,,,,0,2025-07-20,23.842000000000002,15.3,30.98,14.88,0.0,66.90799999999999,0
R00478,35.342404,127.390377,남원 데모도로,남원시,670188.0,287953.6,0.4296609309626552,17.276260308101918,matched,0,,,,,0,2025-09-12,15.514,8.16,25.19,0.0,0.0,54.220000000000006,0
R00231,36.01351,126.737731,군산 데모도로,군산시,1384801.76,612246.21,0.442118307244208,14.853572251212228,matched,0,,,,,0,2026-01-25,0.19,-6.42,6.34,13.02,4.6899999999999995,55.714,0
R00420,35.415574,127.363675,남원 데모도로,남원시,670188.0,287953.6,0.4296609309626552,17.276260308101918,matched,0,,,,,0,2025-04-15,14.602,3.74,23.98,11.18,0.0,63.068000000000005,0
R00157,35.968921,126.753601,군산 데모도로,군산시,1384801.76,612246.21,0.442118307244208,14.853572251212228,matched,0,,,,,0,2025-12-14,-1.316,-8.49,4.96,0.0,0.52,60.158,0
R00550,35.569727,126.801535,정읍 데모도로,정읍시,845508.0,326882.92,0.3866112680187532,9.4307279162049,matched,0,,,,,0,2026-06-08,25.612000000000002,19.68,32.31,30.86,0.0,53.616,0
R00441,35.416321,127.465452,남원 데모도로,남원시,670188.0,287953.6,0.4296609309626552,17.276260308101918,matched,0,,,,,0,2026-08-04,22.424,16.15,30.38,7.57,0.0,58.874,0
R00097,35.880955,127.147854,전주 데모도로,전주시,2081706.65,842.95,0.0004049321742811,7.742488395563824,matched,0,,,,,0,2026-04-02,12.25,4.32,22.08,0.0,0.0,59.622,0
R00411,35.415496,127.320334,남원 데모도로,남원시,670188.0,287953.6,0.4296609309626552,17.276260308101918,matched,0,,,,,0,2026-02-24,5.612,-0.55,12.76,22.32,0.71,68.096,0
R00289,35.947722,126.954865,익산 데모도로,익산시,1404068.0,1069912.0,0.7620086776423934,10.189728749446369,matched,0,,,,,0,2025-11-19,1.202,-5.4,9.01,3.89,0.0,60.446000000000005,1
R00254,35.963515,126.742837,군산 데모도로,군산시,1384801.76,612246.21,0.442118307244208,14.853572251212228,matched,0,,,,,0,2024-11-15,4.15,-2.57,10.59,29.81,0.0,62.052,0
R00196,35.997577,126.765335,군산 데모도로,군산시,1384801.76,612246.21,0.442118307244208,14.853572251212228,matched,0,,,,,0,2026-06-09,24.226,17.51,30.26,12.44,0.0,61.081999999999994,0
R00598,35.578568,126.864039,정읍 데모도로,정읍시,845508.0,326882.92,0.3866112680187532,9.4307279162049,matched,0,,,,,0,2024-11-21,3.126,-3.71,10.58,10.94,0.0,55.516,0
R00522,35.396977,127.409231,남원 데모도로,남원시,670188.0,287953.6,0.4296609309626552,17.276260308101918,matched,0,,,,,0,2025-11-13,4.0,-1.49,9.23,19.659999999999997,0.0,59.303999999999995,0
R00517,35.380783,127.424563,남원 데모도로,남원시,670188.0,287953.6,0.4296609309626552,17.276260308101918,matched,0,,,,,0,2025-10-20,6.556,-2.06,15.03,0.0,0.0,58.736000000000004,0
R00635,35.595713,126.856561,정읍 데모도로,정읍시,845508.0,326882.92,0.3866112680187532,9.4307279162049,matched,0,,,,,0,2025-01-16,0.9280000000000002,-8.39,7.77,9.9,1.74,56.806,0
R00118,35.818803,127.152232,전주 데모도로,전주시,2081706.65,842.95,0.0004049321742811,7.742488395563824,matched,0,,,,,0,2026-01-14,0.8400000000000001,-6.21,6.82,17.72,0.0,68.096,0
R00159,35.967974,126.763289,군산 데모도로,군산시,1384801.76,612246.21,0.442118307244208,14.853572251212228,matched,0,,,,,0,2025-08-29,18.916,10.34,25.27,0.0,0.0,61.608000000000004,0
R00228,35.999874,126.736942,군산 데모도로,군산시,1384801.76,612246.21,0.442118307244208,14.853572251212228,matched,0,,,,,0,2024-09-09,15.232,8.75,24.25,0.0,0.0,62.06,0
R00216,35.941799,126.73834,군산 데모도로,군산시,1384801.76,612246.21,0.442118307244208,14.853572251212228,matched,0,,,,,0,2025-06-27,24.418,16.53,31.12,15.66,0.0,69.01599999999999,0
R00015,35.823135,127.13637,전주 데모도로,전주시,2081706.65,842.95,0.0004049321742811,7.742488395563824,matched,0,,,,,0,2026-01-19,-0.18000000000000008,-7.9,7.93,1.58,0.0,62.230000000000004,0
R00157,35.968921,126.753601,군산 데모도로,군산시,1384801.76,612246.21,0.442118307244208,14.853572251212228,matched,0,,,,,0,2025-03-12,8.458,-0.23,15.93,0.0,0.0,47.730000000000004,0
R00648,35.516605,126.909882,정읍 데모도로,정읍시,845508.0,326882.92,0.3866112680187532,9.4307279162049,matched,1,F0063,2025-01-29,상온아스콘,35.41790110235762,1,2025-08-28,17.778,9.18,22.99,16.78,0.0,57.784000000000006,0
R00261,35.988141,126.717713,군산 데모도로,군산시,1384801.76,612246.21,0.442118307244208,14.853572251212228,matched,1,F0010,2025-01-17,임시보수,89.25965130574198,2,2025-11-12,3.5460000000000003,-4.43,11.62,0.0,0.0,60.428,0
R00157,35.968921,126.753601,군산 데모도로,군산시,1384801.76,612246.21,0.442118307244208,14.853572251212228,matched,0,,,,,0,2026-05-06,19.44,11.44,25.87,17.64,0.0,58.760000000000005,0
R00047,35.809363,127.132389,전주 데모도로,전주시,2081706.65,842.95,0.0004049321742811,7.742488395563824,matched,0,,,,,0,2026-04-05,14.081999999999999,5.85,20.03,1.87,0.0,61.065999999999995,0
R00324,35.950586,126.958855,익산 데모도로,익산시,1404068.0,1069912.0,0.7620086776423934,10.189728749446369,matched,0,,,,,0,2025-02-13,3.2879999999999994,-4.2,12.19,0.0,5.23,58.23199999999999,0
R00130,35.860353,127.112973,전주 데모도로,전주시,2081706.65,842.95,0.0004049321742811,7.742488395563824,matched,0,,,,,0,2025-03-16,10.584,5.02,20.57,2.39,0.0,55.81,0
R00411,35.415496,127.320334,남원 데모도로,남원시,670188.0,287953.6,0.4296609309626552,17.276260308101918,matched,0,,,,,0,2025-12-31,0.43999999999999995,-7.07,7.5,44.95,2.01,66.624,0
R00095,35.870317,127.147904,전주 데모도로,전주시,2081706.65,842.95,0.0004049321742811,7.742488395563824,matched,0,,,,,0,2025-11-25,-1.028,-8.34,6.27,10.63,0.0,62.35,0
R00627,35.557761,126.855828,정읍 데모도로,정읍시,845508.0,326882.92,0.3866112680187532,9.4307279162049,matched,0,,,,,0,2024-12-20,-0.5119999999999999,-6.69,8.11,0.0,0.0,54.342,0
R00292,35.948097,126.970791,익산 데모도로,익산시,1404068.0,1069912.0,0.7620086776423934,10.189728749446369,matched,0,,,,,0,2024-12-09,-0.93,-10.13,6.8,0.0,2.63,55.77,1
R00283,35.947534,126.925525,익산 데모도로,익산시,1404068.0,1069912.0,0.7620086776423934,10.189728749446369,matched,0,,,,,0,2024-08-30,17.608,10.33,23.51,7.75,0.0,64.22,0
R00069,35.745471,127.149299,전주 데모도로,전주시,2081706.65,842.95,0.0004049321742811,7.742488395563824,matched,0,,,,,0,2024-12-22,-3.0300000000000002,-11.75,5.85,0.0,0.0,58.134,0
R00660,35.557868,126.868173,정읍 데모도로,정읍시,845508.0,326882.92,0.3866112680187532,9.4307279162049,matched,1,F0078,2024-04-02,상온아스콘,104.19575292623712,1,2026-03-06,9.044,3.32,15.96,0.12,0.0,60.13199999999999,0
R00011,35.824282,127.116859,전주 데모도로,전주시,2081706.65,842.95,0.0004049321742811,7.742488395563824,matched,1,F0054,2024-09-07,상온아스콘,47.77544131531806,1,2025-07-15,24.982,14.27,34.49,5.99,0.0,71.56800000000001,0
R00254,35.963515,126.742837,군산 데모도로,군산시,1384801.76,612246.21,0.442118307244208,14.853572251212228,matched,0,,,,,0,2025-05-28,24.142000000000003,17.72,35.86,25.45,0.0,66.91799999999999,0
R00550,35.569727,126.801535,정읍 데모도로,정읍시,845508.0,326882.92,0.3866112680187532,9.4307279162049,matched,0,,,,,0,2025-01-05,-1.4620000000000002,-10.43,5.84,0.0,0.0,62.61,0
R00134,35.874049,127.097945,전주 데모도로,전주시,2081706.65,842.95,0.0004049321742811,7.742488395563824,matched,0,,,,,0,2025-09-23,12.628,7.12,21.28,8.24,0.0,57.934000000000005,0
R00023,35.823867,127.174381,전주 데모도로,전주시,2081706.65,842.95,0.0004049321742811,7.742488395563824,matched,0,,,,,0,2024-11-23,1.6940000000000002,-7.52,10.11,5.1899999999999995,0.0,55.604,0
R00346,35.892252,126.957481,익산 데모도로,익산시,1404068.0,1069912.0,0.7620086776423934,10.189728749446369,matched,0,,,,,0,2026-01-17,-0.23399999999999999,-5.18,6.24,3.43,0.0,63.36999999999999,0
R00302,35.947529,127.017443,익산 데모도로,익산시,1404068.0,1069912.0,0.7620086776423934,10.189728749446369,matched,0,,,,,0,2026-03-10,7.481999999999999,-0.2,14.12,0.0,0.0,59.71,1
R00363,35.976012,126.95682,익산 데모도로,익산시,1404068.0,1069912.0,0.7620086776423934,10.189728749446369,matched,0,,,,,0,2024-10-26,4.816,-3.97,15.2,13.04,0.0,55.984,0
R00396,35.963618,126.941575,익산 데모도로,익산시,1404068.0,1069912.0,0.7620086776423934,10.189728749446369,matched,0,,,,,0,2024-12-14,-3.322,-10.95,2.91,2.29,0.0,58.794000000000004,0
R00218,35.950727,126.736954,군산 데모도로,군산시,1384801.76,612246.21,0.442118307244208,14.853572251212228,matched,0,,,,,0,2024-10-16,8.306000000000001,-0.0,15.46,5.87,0.0,59.998000000000005,0
R00141,35.96754,126.675678,군산 데모도로,군산시,1384801.76,612246.21,0.442118307244208,14.853572251212228,matched,0,,,,,0,2024-09-20,11.946000000000002,6.12,20.75,21.82,0.0,56.964,0
R00616,35.503533,126.855597,정읍 데모도로,정읍시,845508.0,326882.92,0.3866112680187532,9.4307279162049,matched,0,,,,,0,2025-07-02,24.726,18.16,31.21,18.169999999999998,0.0,63.05999999999999,0
R00210,35.912191,126.736465,군산 데모도로,군산시,1384801.76,612246.21,0.442118307244208,14.853572251212228,matched,1,F0030,2024-09-23,상온아스콘,70.51339636284223,2,2024-10-07,9.376,3.15,14.21,2.43,0.0,58.074,0
R00623,35.53753,126.854753,정읍 데모도로,정읍시,845508.0,326882.92,0.3866112680187532,9.4307279162049,matched,0,,,,,0,2025-12-20,-2.35,-11.6,5.5,0.0,0.0,65.46000000000001,0
R00616,35.503533,126.855597,정읍 데모도로,정읍시,845508.0,326882.92,0.3866112680187532,9.4307279162049,matched,0,,,,,0,2024-09-06,16.064,8.28,24.71,1.73,0.0,56.646,0
R00460,35.418368,127.392787,남원 데모도로,남원시,670188.0,287953.6,0.4296609309626552,17.276260308101918,matched,0,,,,,0,2026-08-14,20.234,13.76,26.31,0.0,0.0,61.044,0
R00356,35.941704,126.957964,익산 데모도로,익산시,1404068.0,1069912.0,0.7620086776423934,10.189728749446369,matched,0,,,,,0,2025-03-03,8.318000000000001,-0.97,16.97,26.810000000000002,0.0,57.955999999999996,1
R00324,35.950586,126.958855,익산 데모도로,익산시,1404068.0,1069912.0,0.7620086776423934,10.189728749446369,matched,0,,,,,0,2025-11-11,2.754,-2.58,9.26,2.85,0.0,59.174,0
R00133,35.869658,127.101812,전주 데모도로,전주시,2081706.65,842.95,0.0004049321742811,7.742488395563824,matched,0,,,,,0,2026-02-28,5.406000000000001,0.67,13.29,0.0,0.0,62.43399999999999,0
R00127,35.850219,127.120805,전주 데모도로,전주시,2081706.65,842.95,0.0004049321742811,7.742488395563824,matched,0,,,,,0,2026-06-28,25.796000000000003,17.81,31.33,6.23,0.0,59.129999999999995,0
R00106,35.776484,127.193677,전주 데모도로,전주시,2081706.65,842.95,0.0004049321742811,7.742488395563824,matched,0,,,,,0,2025-11-13,4.0,-1.49,9.23,19.659999999999997,0.0,59.303999999999995,0
R00604,35.59853,126.885311,정읍 데모도로,정읍시,845508.0,326882.92,0.3866112680187532,9.4307279162049,matched,0,,,,,0,2025-06-03,24.534,18.86,31.47,10.42,0.0,58.314,0
R00378,35.901213,127.004396,익산 데모도로,익산시,1404068.0,1069912.0,0.7620086776423934,10.189728749446369,matched,0,,,,,0,2025-01-06,-3.44,-12.24,8.59,0.0,0.0,55.672000000000004,0
R00051,35.822437,127.146151,전주 데모도로,전주시,2081706.65,842.95,0.0004049321742811,7.742488395563824,matched,0,,,,,0,2024-11-10,3.1719999999999997,-3.87,8.39,3.02,0.0,60.95399999999999,0
R00029,35.82406,127.204213,전주 데모도로,전주시,2081706.65,842.95,0.0004049321742811,7.742488395563824,matched,0,,,,,0,2026-07-13,24.282,16.56,32.17,8.92,0.0,53.57000000000001,0
R00462,35.426601,127.399463,남원 데모도로,남원시,670188.0,287953.6,0.4296609309626552,17.276260308101918,matched,0,,,,,0,2025-09-13,12.472,4.45,17.97,18.21,0.0,61.157999999999994,0
R00296,35.948379,126.988915,익산 데모도로,익산시,1404068.0,1069912.0,0.7620086776423934,10.189728749446369,matched,0,,,,,0,2026-04-01,13.042000000000002,6.94,22.34,15.030000000000001,0.0,66.798,0
R00297,35.948073,126.993646,익산 데모도로,익산시,1404068.0,1069912.0,0.7620086776423934,10.189728749446369,matched,1,F0046,2025-10-29,임시보수,78.4701743515356,2,2025-03-21,11.352,2.81,18.17,3.84,0.0,60.504,0
R00407,36.00134,126.904199,익산 데모도로,익산시,1404068.0,1069912.0,0.7620086776423934,10.189728749446369,matched,0,,,,,0,2026-01-26,-0.43199999999999994,-6.03,7.3,0.0,5.13,54.786,0
R00613,35.489736,126.855306,정읍 데모도로,정읍시,845508.0,326882.92,0.3866112680187532,9.4307279162049,matched,0,,,,,0,2025-03-21,11.352,2.81,18.17,3.84,0.0,60.504,1
R00405,35.993619,126.911571,익산 데모도로,익산시,1404068.0,1069912.0,0.7620086776423934,10.189728749446369,matched,0,,,,,0,2025-09-25,13.709999999999999,4.57,21.73,0.0,0.0,58.19000000000001,0
R00346,35.892252,126.957481,익산 데모도로,익산시,1404068.0,1069912.0,0.7620086776423934,10.189728749446369,matched,0,,,,,0,2024-12-24,-2.692,-11.93,2.43,3.27,0.39,60.136,0
R00622,35.532152,126.855324,정읍 데모도로,정읍시,845508.0,326882.92,0.3866112680187532,9.4307279162049,matched,0,,,,,0,2025-12-08,-0.18,-6.01,7.4,2.52,1.99,51.372,0
R00420,35.415574,127.363675,남원 데모도로,남원시,670188.0,287953.6,0.4296609309626552,17.276260308101918,matched,0,,,,,0,2025-09-26,13.719999999999999,4.03,22.48,16.73,0.0,70.096,0
R00182,35.948679,126.717391,군산 데모도로,군산시,1384801.76,612246.21,0.442118307244208,14.853572251212228,matched,0,,,,,0,2024-09-16,15.77,9.46,22.42,41.54,0.0,62.588,0
R00001,35.82239,127.068752,전주 데모도로,전주시,2081706.65,842.95,0.0004049321742811,7.742488395563824,matched,0,,,,,0,2025-07-22,24.538,17.71,30.51,11.28,0.0,59.120000000000005,0
R00567,35.56945,126.882423,정읍 데모도로,정읍시,845508.0,326882.92,0.3866112680187532,9.4307279162049,matched,0,,,,,0,2026-08-02,22.698,13.5,30.5,54.949999999999996,0.0,65.47200000000001,0
R00371,36.013899,126.957902,익산 데모도로,익산시,1404068.0,1069912.0,0.7620086776423934,10.189728749446369,matched,0,,,,,0,2025-08-14,21.18,13.54,28.62,43.94,0.0,65.774,1
R00661,35.56196,126.863398,정읍 데모도로,정읍시,845508.0,326882.92,0.3866112680187532,9.4307279162049,matched,0,,,,,0,2026-03-10,7.481999999999999,-0.2,14.12,0.0,0.0,59.71,0
R00431,35.416507,127.4178,남원 데모도로,남원시,670188.0,287953.6,0.4296609309626552,17.276260308101918,matched,0,,,,,0,2025-09-14,14.718,8.44,22.74,3.5,0.0,61.184000000000005,0
R00309,35.898125,126.907981,익산 데모도로,익산시,1404068.0,1069912.0,0.7620086776423934,10.189728749446369,matched,0,,,,,0,2025-03-24,9.678,2.09,19.11,0.0,0.0,64.572,0
R00137,35.967595,126.656464,군산 데모도로,군산시,1384801.76,612246.21,0.442118307244208,14.853572251212228,matched,0,,,,,0,2026-03-15,9.226,2.59,14.71,9.86,0.0,57.538,0
R00202,36.018706,126.78486,군산 데모도로,군산시,1384801.76,612246.21,0.442118307244208,14.853572251212228,matched,0,,,,,0,2026-06-18,26.438,18.76,34.3,2.05,0.0,52.16799999999999,0
R00436,35.415645,127.440729,남원 데모도로,남원시,670188.0,287953.6,0.4296609309626552,17.276260308101918,matched,0,,,,,0,2025-03-08,8.604,3.26,14.43,0.0,0.0,57.75600000000001,0
R00313,35.911736,126.921285,익산 데모도로,익산시,1404068.0,1069912.0,0.7620086776423934,10.189728749446369,matched,0,,,,,0,2024-09-04,16.5,9.17,23.7,9.05,0.0,62.562,1
R00117,35.814964,127.156567,전주 데모도로,전주시,2081706.65,842.95,0.0004049321742811,7.742488395563824,matched,0,,,,,0,2025-07-06,25.582,18.6,30.96,4.71,0.0,54.678,0
R00666,35.578927,126.846606,정읍 데모도로,정읍시,845508.0,326882.92,0.3866112680187532,9.4307279162049,matched,0,,,,,0,2026-01-18,0.01200000000000001,-6.47,6.93,12.73,0.79,71.02000000000001,0
R00575,35.570003,126.92076,정읍 데모도로,정읍시,845508.0,326882.92,0.3866112680187532,9.4307279162049,matched,0,,,,,0,2026-03-11,8.964,2.91,16.32,0.0,0.0,65.606,0
R00244,35.927264,126.77607,군산 데모도로,군산시,1384801.76,612246.21,0.442118307244208,14.853572251212228,matched,0,,,,,0,2025-07-09,24.966,19.0,31.05,50.85,0.0,57.85,0
R00537,35.449099,127.358081,남원 데모도로,남원시,670188.0,287953.6,0.4296609309626552,17.276260308101918,matched,0,,,,,0,2025-10-04,9.968,2.23,19.0,4.08,0.0,59.678,0
R00602,35.591617,126.876758,정읍 데모도로,정읍시,845508.0,326882.92,0.3866112680187532,9.4307279162049,matched,0,,,,,0,2025-07-02,24.726,18.16,31.21,18.169999999999998,0.0,63.05999999999999,0
R00075,35.773982,127.148347,전주 데모도로,전주시,2081706.65,842.95,0.0004049321742811,7.742488395563824,matched,0,,,,,0,2026-06-30,25.514,15.97,34.5,26.34,0.0,57.641999999999996,0
R00386,35.928879,126.975814,익산 데모도로,익산시,1404068.0,1069912.0,0.7620086776423934,10.189728749446369,matched,0,,,,,0,2024-11-08,2.81,-4.62,8.95,5.33,0.0,62.306000000000004,0
R00210,35.912191,126.736465,군산 데모도로,군산시,1384801.76,612246.21,0.442118307244208,14.853572251212228,matched,1,F0030,2024-09-23,상온아스콘,70.51339636284223,2,2025-12-05,-0.542,-8.4,8.16,8.95,0.0,57.914,0
R00475,35.469519,127.443091,남원 데모도로,남원시,670188.0,287953.6,0.4296609309626552,17.276260308101918,matched,0,,,,,0,2025-11-29,-0.7599999999999999,-9.79,6.9,10.540000000000001,0.0,63.220000000000006,0
R00418,35.417109,127.353301,남원 데모도로,남원시,670188.0,287953.6,0.4296609309626552,17.276260308101918,matched,1,F0013,2025-03-31,임시보수,37.24219377630799,2,2025-10-17,8.22,1.27,16.94,0.0,0.0,65.878,0
R00347,35.896805,126.958043,익산 데모도로,익산시,1404068.0,1069912.0,0.7620086776423934,10.189728749446369,matched,0,,,,,0,2026-07-08,23.842,15.76,31.21,20.9,0.0,62.726,1
R00529,35.420923,127.38595,남원 데모도로,남원시,670188.0,287953.6,0.4296609309626552,17.276260308101918,matched,0,,,,,0,2025-03-10,8.422,1.77,14.91,0.0,0.0,62.39,0
R00640,35.618997,126.856267,정읍 데모도로,정읍시,845508.0,326882.92,0.3866112680187532,9.4307279162049,matched,0,,,,,0,2026-03-24,10.15,2.93,18.9,16.65,0.0,62.924,0
R00179,35.938291,126.706717,군산 데모도로,군산시,1384801.76,612246.21,0.442118307244208,14.853572251212228,matched,0,,,,,0,2025-09-09,16.008,7.92,25.16,0.0,0.0,64.644,0
R00182,35.948679,126.717391,군산 데모도로,군산시,1384801.76,612246.21,0.442118307244208,14.853572251212228,matched,0,,,,,0,2024-11-24,0.25999999999999984,-9.21,10.28,4.23,0.0,50.025999999999996,0
R00664,35.572029,126.855151,정읍 데모도로,정읍시,845508.0,326882.92,0.3866112680187532,9.4307279162049,matched,0,,,,,0,2025-07-29,20.244,11.89,27.91,19.17,0.0,56.67999999999999,0
R00025,35.824481,127.185551,전주 데모도로,전주시,2081706.65,842.95,0.0004049321742811,7.742488395563824,matched,0,,,,,0,2025-03-14,7.851999999999999,0.72,14.05,11.98,0.0,61.372,0
R00180,35.942233,126.712116,군산 데모도로,군산시,1384801.76,612246.21,0.442118307244208,14.853572251212228,matched,0,,,,,0,2026-01-14,0.8400000000000001,-6.21,6.82,17.72,0.0,68.096,0
R00501,35.453295,127.390161,남원 데모도로,남원시,670188.0,287953.6,0.4296609309626552,17.276260308101918,matched,0,,,,,0,2026-05-16,22.887999999999998,17.09,30.18,25.52,0.0,63.827999999999996,0
R00161,35.966337,126.774117,군산 데모도로,군산시,1384801.76,612246.21,0.442118307244208,14.853572251212228,matched,0,,,,,0,2026-03-27,11.57,5.76,17.86,0.0,0.0,56.918000000000006,0
R00177,35.930958,126.701131,군산 데모도로,군산시,1384801.76,612246.21,0.442118307244208,14.853572251212228,matched,0,,,,,0,2025-01-31,4.516,-2.19,13.65,4.86,0.41,60.077999999999996,0
R00285,35.948289,126.936453,익산 데모도로,익산시,1404068.0,1069912.0,0.7620086776423934,10.189728749446369,matched,0,,,,,0,2024-09-09,15.232,8.75,24.25,0.0,0.0,62.06,1
R00063,35.865229,127.186766,전주 데모도로,전주시,2081706.65,842.95,0.0004049321742811,7.742488395563824,matched,0,,,,,0,2025-01-19,-1.0559999999999998,-8.87,10.91,11.97,1.51,62.672000000000004,0
R00662,35.563211,126.861169,정읍 데모도로,정읍시,845508.0,326882.92,0.3866112680187532,9.4307279162049,matched,0,,,,,0,2025-10-31,4.774,-3.46,13.35,9.52,0.0,62.622,0
R00666,35.578927,126.846606,정읍 데모도로,정읍시,845508.0,326882.92,0.3866112680187532,9.4307279162049,matched,0,,,,,0,2025-06-09,24.848000000000003,16.91,32.86,9.24,0.0,56.04200000000001,0
R00156,35.968255,126.748701,군산 데모도로,군산시,1384801.76,612246.21,0.442118307244208,14.853572251212228,matched,0,,,,,0,2025-03-25,10.924,4.25,19.65,0.0,0.0,67.30600000000001,0
R00469,35.449458,127.423413,남원 데모도로,남원시,670188.0,287953.6,0.4296609309626552,17.276260308101918,matched,0,,,,,0,2026-06-18,26.438,18.76,34.3,2.05,0.0,52.16799999999999,0
R00049,35.814873,127.139872,전주 데모도로,전주시,2081706.65,842.95,0.0004049321742811,7.742488395563824,matched,0,,,,,0,2025-12-26,-0.24600000000000005,-6.77,6.86,0.0,2.48,66.628,0
R00084,35.816631,127.148041,전주 데모도로,전주시,2081706.65,842.95,0.0004049321742811,7.742488395563824,matched,0,,,,,0,2025-04-05,14.126,6.99,21.96,0.0,0.0,57.084,0
R00361,35.965113,126.957936,익산 데모도로,익산시,1404068.0,1069912.0,0.7620086776423934,10.189728749446369,matched,0,,,,,0,2024-09-07,15.702000000000002,8.12,26.15,3.8,0.0,64.44800000000001,0
R00148,35.967447,126.709582,군산 데모도로,군산시,1384801.76,612246.21,0.442118307244208,14.853572251212228,matched,0,,,,,0,2026-02-22,4.523999999999999,-1.51,11.1,9.78,0.0,48.736000000000004,0
R00630,35.572288,126.854885,정읍 데모도로,정읍시,845508.0,326882.92,0.3866112680187532,9.4307279162049,matched,0,,,,,0,2025-01-13,-0.296,-9.06,5.59,0.0,1.87,58.653999999999996,0
R00342,35.872336,126.957771,익산 데모도로,익산시,1404068.0,1069912.0,0.7620086776423934,10.189728749446369,matched,0,,,,,0,2024-12-04,-0.504,-7.33,7.83,9.43,0.0,59.986000000000004,0
R00476,35.473934,127.448117,남원 데모도로,남원시,670188.0,287953.6,0.4296609309626552,17.276260308101918,matched,0,,,,,0,2025-09-25,13.709999999999999,4.57,21.73,0.0,0.0,58.19000000000001,0
R00063,35.865229,127.186766,전주 데모도로,전주시,2081706.65,842.95,0.0004049321742811,7.742488395563824,matched,0,,,,,0,2026-04-06,14.6,6.77,21.98,0.0,0.0,51.446000000000005,0
R00360,35.960141,126.956274,익산 데모도로,익산시,1404068.0,1069912.0,0.7620086776423934,10.189728749446369,matched,0,,,,,0,2025-12-14,-1.316,-8.49,4.96,0.0,0.52,60.158,1
R00561,35.570139,126.852906,정읍 데모도로,정읍시,845508.0,326882.92,0.3866112680187532,9.4307279162049,matched,0,,,,,0,2025-08-20,18.206,12.45,24.7,24.73,0.0,57.970000000000006,0
R00327,35.959917,126.970373,익산 데모도로,익산시,1404068.0,1069912.0,0.7620086776423934,10.189728749446369,matched,0,,,,,0,2025-10-06,9.724,1.46,18.32,11.07,0.0,51.720000000000006,0
R00141,35.96754,126.675678,군산 데모도로,군산시,1384801.76,612246.21,0.442118307244208,14.853572251212228,matched,0,,,,,0,2025-06-23,24.259999999999998,18.9,29.5,22.959999999999997,0.0,66.56,0
R00215,35.936584,126.736765,군산 데모도로,군산시,1384801.76,612246.21,0.442118307244208,14.853572251212228,matched,0,,,,,0,2024-12-30,-0.9299999999999999,-8.96,6.33,16.79,0.35,55.31,0
R00435,35.414387,127.436407,남원 데모도로,남원시,670188.0,287953.6,0.4296609309626552,17.276260308101918,matched,0,,,,,0,2026-08-07,21.924,14.87,29.43,10.29,0.0,51.58200000000001,0
R00318,35.929691,126.93936,익산 데모도로,익산시,1404068.0,1069912.0,0.7620086776423934,10.189728749446369,matched,0,,,,,0,2025-05-28,24.142000000000003,17.72,35.86,25.45,0.0,66.91799999999999,1
R00032,35.8245,127.218084,전주 데모도로,전주시,2081706.65,842.95,0.0004049321742811,7.742488395563824,matched,1,F0058,2025-11-28,상온아스콘,71.11890867315076,1,2024-10-30,5.9159999999999995,-2.85,15.7,12.5,0.0,65.576,0
R00670,35.591932,126.833874,정읍 데모도로,정읍시,845508.0,326882.92,0.3866112680187532,9.4307279162049,matched,0,,,,,0,2025-12-12,-0.154,-4.94,4.9,26.78,0.0,56.757999999999996,0
R00285,35.948289,126.936453,익산 데모도로,익산시,1404068.0,1069912.0,0.7620086776423934,10.189728749446369,matched,0,,,,,0,2025-08-05,22.804,17.06,32.11,14.18,0.0,61.870000000000005,0
R00305,35.948167,127.032524,익산 데모도로,익산시,1404068.0,1069912.0,0.7620086776423934,10.189728749446369,matched,0,,,,,0,2026-03-01,4.79,-2.33,15.12,9.56,0.0,53.82000000000001,0
R00429,35.417596,127.406391,남원 데모도로,남원시,670188.0,287953.6,0.4296609309626552,17.276260308101918,matched,0,,,,,0,2025-07-10,23.44,14.35,31.36,13.680000000000001,0.0,56.342,0
R00477,35.336331,127.39122,남원 데모도로,남원시,670188.0,287953.6,0.4296609309626552,17.276260308101918,matched,0,,,,,0,2025-11-04,3.476,-3.44,10.42,1.85,0.0,66.17,0
R00286,35.948623,126.940673,익산 데모도로,익산시,1404068.0,1069912.0,0.7620086776423934,10.189728749446369,matched,0,,,,,0,2024-11-26,1.326,-8.2,9.22,0.0,0.0,66.394,0
R00144,35.967729,126.690468,군산 데모도로,군산시,1384801.76,612246.21,0.442118307244208,14.853572251212228,matched,0,,,,,0,2024-10-16,8.306000000000001,-0.0,15.46,5.87,0.0,59.998000000000005,0
R00424,35.415932,127.382745,남원 데모도로,남원시,670188.0,287953.6,0.4296609309626552,17.276260308101918,matched,0,,,,,0,2026-01-08,-2.552,-9.39,2.5,6.09,0.0,61.766,0
R00019,35.823855,127.156045,전주 데모도로,전주시,2081706.65,842.95,0.0004049321742811,7.742488395563824,matched,0,,,,,0,2025-05-03,21.588,12.21,28.81,12.4,0.0,60.396,0
R00018,35.824759,127.148978,전주 데모도로,전주시,2081706.65,842.95,0.0004049321742811,7.742488395563824,matched,0,,,,,0,2025-10-05,7.432,0.94,14.46,0.0,0.0,57.17999999999999,0
R00590,35.550424,126.837171,정읍 데모도로,정읍시,845508.0,326882.92,0.3866112680187532,9.4307279162049,matched,0,,,,,0,2025-11-13,4.0,-1.49,9.23,19.659999999999997,0.0,59.303999999999995,0
R00371,36.013899,126.957902,익산 데모도로,익산시,1404068.0,1069912.0,0.7620086776423934,10.189728749446369,matched,0,,,,,0,2024-10-22,8.086,-2.07,19.1,12.67,0.0,60.95,0
R00175,35.923497,126.693767,군산 데모도로,군산시,1384801.76,612246.21,0.442118307244208,14.853572251212228,matched,0,,,,,0,2026-04-05,14.081999999999999,5.85,20.03,1.87,0.0,61.065999999999995,0
R00194,35.990323,126.757954,군산 데모도로,군산시,1384801.76,612246.21,0.442118307244208,14.853572251212228,matched,0,,,,,0,2025-01-19,-1.0559999999999998,-8.87,10.91,11.97,1.51,62.672000000000004,0
R00502,35.45745,127.391038,남원 데모도로,남원시,670188.0,287953.6,0.4296609309626552,17.276260308101918,matched,0,,,,,0,2025-05-11,20.302,12.1,31.0,0.0,0.0,54.754,0
R00113,35.80096,127.170589,전주 데모도로,전주시,2081706.65,842.95,0.0004049321742811,7.742488395563824,matched,0,,,,,0,2024-11-05,3.252,-2.16,9.62,15.25,0.0,61.54600000000001,0
R00114,35.806461,127.166725,전주 데모도로,전주시,2081706.65,842.95,0.0004049321742811,7.742488395563824,matched,0,,,,,0,2025-06-29,25.136,17.38,32.46,25.03,0.0,70.982,0
R00222,35.970253,126.736466,군산 데모도로,군산시,1384801.76,612246.21,0.442118307244208,14.853572251212228,matched,0,,,,,0,2026-06-11,22.619999999999997,17.25,28.83,0.0,0.0,53.04,0
R00678,35.620247,126.805601,정읍 데모도로,정읍시,845508.0,326882.92,0.3866112680187532,9.4307279162049,matched,0,,,,,0,2026-03-01,4.79,-2.33,15.12,9.56,0.0,53.82000000000001,0
R00644,35.640185,126.855748,정읍 데모도로,정읍시,845508.0,326882.92,0.3866112680187532,9.4307279162049,matched,0,,,,,0,2025-04-23,19.088,13.06,26.9,0.0,0.0,55.010000000000005,0
R00264,35.997116,126.706867,군산 데모도로,군산시,1384801.76,612246.21,0.442118307244208,14.853572251212228,matched,0,,,,,0,2026-04-20,17.762,10.22,24.86,0.0,0.0,54.83,0
R00055,35.836059,127.160836,전주 데모도로,전주시,2081706.65,842.95,0.0004049321742811,7.742488395563824,matched,1,F0027,2026-01-01,임시보수,52.53360985818903,1,2025-10-06,9.724,1.46,18.32,11.07,0.0,51.720000000000006,0
R00643,35.634857,126.855447,정읍 데모도로,정읍시,845508.0,326882.92,0.3866112680187532,9.4307279162049,matched,0,,,,,0,2024-09-12,13.907999999999998,2.89,22.31,11.27,0.0,69.30799999999999,0
R00458,35.411116,127.38536,남원 데모도로,남원시,670188.0,287953.6,0.4296609309626552,17.276260308101918,matched,0,,,,,0,2025-05-29,23.316,14.59,30.81,8.6,0.0,57.105999999999995,0
R00162,35.96729,126.778488,군산 데모도로,군산시,1384801.76,612246.21,0.442118307244208,14.853572251212228,matched,0,,,,,0,2025-11-10,2.624,-6.08,9.83,0.0,0.0,52.818000000000005,0
R00380,35.908842,126.998177,익산 데모도로,익산시,1404068.0,1069912.0,0.7620086776423934,10.189728749446369,matched,0,,,,,0,2025-06-15,24.476,18.46,31.52,4.109999999999999,0.0,57.102,0
R00087,35.830638,127.147691,전주 데모도로,전주시,2081706.65,842.95,0.0004049321742811,7.742488395563824,matched,0,,,,,0,2024-10-25,4.9,-2.35,11.22,0.0,0.0,60.013999999999996,0
R00055,35.836059,127.160836,전주 데모도로,전주시,2081706.65,842.95,0.0004049321742811,7.742488395563824,matched,1,F0027,2026-01-01,임시보수,52.53360985818903,1,2024-08-25,19.338,12.07,26.26,14.64,0.0,56.120000000000005,0
R00476,35.473934,127.448117,남원 데모도로,남원시,670188.0,287953.6,0.4296609309626552,17.276260308101918,matched,0,,,,,0,2025-01-02,-2.092,-9.71,6.4,0.0,0.52,59.589999999999996,0
R00178,35.93582,126.704849,군산 데모도로,군산시,1384801.76,612246.21,0.442118307244208,14.853572251212228,matched,0,,,,,0,2025-01-29,2.006,-4.05,7.42,2.13,0.0,62.275999999999996,0
R00391,35.94597,126.960501,익산 데모도로,익산시,1404068.0,1069912.0,0.7620086776423934,10.189728749446369,matched,1,F0061,2024-05-03,덧씌우기,241.20594308246731,1,2024-11-09,2.504,-2.57,7.3,12.06,0.0,57.1,1
R00349,35.907068,126.957013,익산 데모도로,익산시,1404068.0,1069912.0,0.7620086776423934,10.189728749446369,matched,0,,,,,0,2026-05-30,25.268,18.22,34.47,0.0,0.0,51.824,0
R00008,35.823561,127.101636,전주 데모도로,전주시,2081706.65,842.95,0.0004049321742811,7.742488395563824,matched,0,,,,,0,2025-10-12,7.909999999999999,2.77,15.27,0.0,0.0,59.138,0
R00313,35.911736,126.921285,익산 데모도로,익산시,1404068.0,1069912.0,0.7620086776423934,10.189728749446369,matched,0,,,,,0,2024-10-30,5.9159999999999995,-2.85,15.7,12.5,0.0,65.576,1
R00443,35.360281,127.334962,남원 데모도로,남원시,670188.0,287953.6,0.4296609309626552,17.276260308101918,matched,0,,,,,0,2025-04-12,17.21,9.34,25.73,0.0,0.0,58.996,0
R00328,35.964288,126.973395,익산 데모도로,익산시,1404068.0,1069912.0,0.7620086776423934,10.189728749446369,matched,0,,,,,0,2024-10-03,11.796000000000001,2.73,20.41,18.5,0.0,58.564,1
R00054,35.833718,127.15628,전주 데모도로,전주시,2081706.65,842.95,0.0004049321742811,7.742488395563824,matched,0,,,,,0,2026-04-28,19.369999999999997,11.71,27.45,0.0,0.0,53.717999999999996,0
R00239,35.911523,126.793331,군산 데모도로,군산시,1384801.76,612246.21,0.442118307244208,14.853572251212228,matched,0,,,,,0,2025-05-07,21.434,13.48,29.96,2.51,0.0,53.120000000000005,0
R00229,36.004741,126.735496,군산 데모도로,군산시,1384801.76,612246.21,0.442118307244208,14.853572251212228,matched,0,,,,,0,2025-02-10,3.9760000000000004,-4.85,12.71,5.87,0.0,58.32000000000001,0
R00579,35.514755,126.798666,정읍 데모도로,정읍시,845508.0,326882.92,0.3866112680187532,9.4307279162049,matched,1,F0073,2024-07-27,임시보수,72.95949834242464,1,2025-01-31,4.516,-2.19,13.65,4.86,0.41,60.077999999999996,0
R00051,35.822437,127.146151,전주 데모도로,전주시,2081706.65,842.95,0.0004049321742811,7.742488395563824,matched,0,,,,,0,2026-06-06,26.826,19.56,32.41,19.91,0.0,69.934,0
R00609,35.615869,126.902275,정읍 데모도로,정읍시,845508.0,326882.92,0.3866112680187532,9.4307279162049,matched,0,,,,,0,2025-08-23,18.784,13.07,30.05,0.55,0.0,66.25399999999999,0
R00604,35.59853,126.885311,정읍 데모도로,정읍시,845508.0,326882.92,0.3866112680187532,9.4307279162049,matched,0,,,,,0,2024-10-11,7.703999999999999,-1.21,15.13,3.73,0.0,63.726,0
R00264,35.997116,126.706867,군산 데모도로,군산시,1384801.76,612246.21,0.442118307244208,14.853572251212228,matched,0,,,,,0,2026-07-09,24.266,14.15,35.05,6.34,0.0,58.10999999999999,0
R00418,35.417109,127.353301,남원 데모도로,남원시,670188.0,287953.6,0.4296609309626552,17.276260308101918,matched,1,F0013,2025-03-31,임시보수,37.24219377630799,2,2025-10-11,7.3420000000000005,-0.86,16.06,15.74,0.0,65.078,0
R00096,35.874516,127.146631,전주 데모도로,전주시,2081706.65,842.95,0.0004049321742811,7.742488395563824,matched,0,,,,,0,2026-01-07,-0.3499999999999999,-10.93,7.3,9.62,0.0,55.428,0
R00088,35.835885,127.1478,전주 데모도로,전주시,2081706.65,842.95,0.0004049321742811,7.742488395563824,matched,0,,,,,0,2025-07-25,25.228,18.08,32.83,6.69,0.0,65.046,0
R00078,35.788345,127.14824,전주 데모도로,전주시,2081706.65,842.95,0.0004049321742811,7.742488395563824,matched,0,,,,,0,2024-12-23,-3.064,-11.08,5.12,0.0,2.01,62.352,0
R00288,35.947123,126.951077,익산 데모도로,익산시,1404068.0,1069912.0,0.7620086776423934,10.189728749446369,matched,0,,,,,0,2025-10-01,9.83,2.62,16.97,39.05,0.0,70.944,1
R00120,35.825854,127.146328,전주 데모도로,전주시,2081706.65,842.95,0.0004049321742811,7.742488395563824,matched,0,,,,,0,2025-08-20,18.206,12.45,24.7,24.73,0.0,57.970000000000006,0
R00491,35.403664,127.390188,남원 데모도로,남원시,670188.0,287953.6,0.4296609309626552,17.276260308101918,matched,0,,,,,0,2025-05-16,22.158,13.82,30.72,0.0,0.0,60.09400000000001,0
R00452,35.389533,127.364627,남원 데모도로,남원시,670188.0,287953.6,0.4296609309626552,17.276260308101918,matched,0,,,,,0,2026-05-24,21.72,16.17,27.72,12.99,0.0,59.709999999999994,0
R00500,35.446799,127.389979,남원 데모도로,남원시,670188.0,287953.6,0.4296609309626552,17.276260308101918,matched,0,,,,,0,2026-04-15,16.182,9.17,25.0,0.0,0.0,63.977999999999994,0
R00165,35.968076,126.792348,군산 데모도로,군산시,1384801.76,612246.21,0.442118307244208,14.853572251212228,matched,1,F0020,2026-01-04,임시보수,9.795677699861187,1,2025-09-01,15.318000000000001,5.96,21.21,1.37,0.0,60.354,0
R00182,35.948679,126.717391,군산 데모도로,군산시,1384801.76,612246.21,0.442118307244208,14.853572251212228,matched,0,,,,,0,2024-10-30,5.9159999999999995,-2.85,15.7,12.5,0.0,65.576,0
R00469,35.449458,127.423413,남원 데모도로,남원시,670188.0,287953.6,0.4296609309626552,17.276260308101918,matched,0,,,,,0,2025-04-23,19.088,13.06,26.9,0.0,0.0,55.010000000000005,0
R00007,35.824622,127.0969,전주 데모도로,전주시,2081706.65,842.95,0.0004049321742811,7.742488395563824,matched,0,,,,,0,2024-09-30,9.081999999999999,-0.94,16.76,42.089999999999996,0.0,65.5,0
R00330,35.969842,126.979209,익산 데모도로,익산시,1404068.0,1069912.0,0.7620086776423934,10.189728749446369,matched,0,,,,,0,2025-08-30,16.328,8.74,24.38,13.4,0.0,56.496,0
R00673,35.60303,126.823845,정읍 데모도로,정읍시,845508.0,326882.92,0.3866112680187532,9.4307279162049,matched,0,,,,,0,2024-09-28,10.866,5.46,17.68,0.0,0.0,57.418000000000006,0
R00151,35.967403,126.724237,군산 데모도로,군산시,1384801.76,612246.21,0.442118307244208,14.853572251212228,matched,0,,,,,0,2025-02-04,0.37,-5.66,7.68,0.0,0.39,57.052,0
R00085,35.821804,127.148389,전주 데모도로,전주시,2081706.65,842.95,0.0004049321742811,7.742488395563824,matched,1,F0016,2025-06-20,상온아스콘,89.21257688824713,2,2025-03-18,12.190000000000001,3.8,17.75,0.0,0.0,58.260000000000005,0
R00147,35.967717,126.705126,군산 데모도로,군산시,1384801.76,612246.21,0.442118307244208,14.853572251212228,matched,0,,,,,0,2025-12-24,-3.214,-11.79,5.82,22.41,0.0,56.996,0
R00624,35.543849,126.857448,정읍 데모도로,정읍시,845508.0,326882.92,0.3866112680187532,9.4307279162049,matched,0,,,,,0,2026-06-29,25.086000000000002,17.46,31.6,0.0,0.0,59.544000000000004,0
R00381,35.912711,126.993868,익산 데모도로,익산시,1404068.0,1069912.0,0.7620086776423934,10.189728749446369,matched,0,,,,,0,2024-09-26,11.996,3.92,20.05,32.959999999999994,0.0,63.278,0
R00548,35.569502,126.790119,정읍 데모도로,정읍시,845508.0,326882.92,0.3866112680187532,9.4307279162049,matched,0,,,,,0,2025-08-22,17.246000000000002,9.97,22.92,42.76,0.0,60.166,0
R00285,35.948289,126.936453,익산 데모도로,익산시,1404068.0,1069912.0,0.7620086776423934,10.189728749446369,matched,0,,,,,0,2025-01-16,0.9280000000000002,-8.39,7.77,9.9,1.74,56.806,0
R00082,35.806953,127.148901,전주 데모도로,전주시,2081706.65,842.95,0.0004049321742811,7.742488395563824,matched,0,,,,,0,2024-12-07,-1.718,-9.87,5.9,25.98,0.0,58.846000000000004,0
R00514,35.36946,127.437272,남원 데모도로,남원시,670188.0,287953.6,0.4296609309626552,17.276260308101918,matched,0,,,,,0,2025-12-11,-1.048,-11.07,8.27,0.02,0.96,53.83,0
R00523,35.399892,127.405494,남원 데모도로,남원시,670188.0,287953.6,0.4296609309626552,17.276260308101918,matched,0,,,,,0,2025-10-28,4.086,-3.77,11.6,0.0,0.0,54.24400000000001,0
R00386,35.928879,126.975814,익산 데모도로,익산시,1404068.0,1069912.0,0.7620086776423934,10.189728749446369,matched,0,,,,,0,2024-10-04,10.528,3.27,18.24,13.73,0.0,64.562,1
R00471,35.456455,127.430377,남원 데모도로,남원시,670188.0,287953.6,0.4296609309626552,17.276260308101918,matched,0,,,,,0,2026-03-16,9.303999999999998,1.31,18.17,22.64,0.0,56.474000000000004,0
R00119,35.822136,127.149945,전주 데모도로,전주시,2081706.65,842.95,0.0004049321742811,7.742488395563824,matched,1,F0016,2025-06-20,상온아스콘,107.16910328454772,2,2025-08-19,18.151999999999997,12.11,26.44,15.06,0.0,62.989999999999995,0
R00396,35.963618,126.941575,익산 데모도로,익산시,1404068.0,1069912.0,0.7620086776423934,10.189728749446369,matched,0,,,,,0,2024-10-26,4.816,-3.97,15.2,13.04,0.0,55.984,0
R00532,35.431679,127.375993,남원 데모도로,남원시,670188.0,287953.6,0.4296609309626552,17.276260308101918,matched,0,,,,,0,2025-06-13,24.692,18.52,30.77,27.14,0.0,62.224000000000004,0
R00261,35.988141,126.717713,군산 데모도로,군산시,1384801.76,612246.21,0.442118307244208,14.853572251212228,matched,1,F0010,2025-01-17,임시보수,89.25965130574198,2,2025-06-10,23.113999999999997,15.64,30.37,24.5,0.0,60.81600000000001,0
R00256,35.970267,126.735865,군산 데모도로,군산시,1384801.76,612246.21,0.442118307244208,14.853572251212228,matched,0,,,,,0,2025-03-09,7.178,-2.47,18.47,0.0,0.0,65.88,0
R00226,35.989253,126.735337,군산 데모도로,군산시,1384801.76,612246.21,0.442118307244208,14.853572251212228,matched,0,,,,,0,2024-10-18,6.254,-1.36,13.18,0.0,0.0,60.624,0
R00053,35.830333,127.153403,전주 데모도로,전주시,2081706.65,842.95,0.0004049321742811,7.742488395563824,matched,0,,,,,0,2025-06-28,24.554,19.32,31.53,26.47,0.0,61.314,0
R00500,35.446799,127.389979,남원 데모도로,남원시,670188.0,287953.6,0.4296609309626552,17.276260308101918,matched,0,,,,,0,2025-01-26,0.568,-6.43,5.74,31.27,0.0,64.288,0
R00506,35.476204,127.390266,남원 데모도로,남원시,670188.0,287953.6,0.4296609309626552,17.276260308101918,matched,0,,,,,0,2025-07-15,24.982,14.27,34.49,5.99,0.0,71.56800000000001,0
R00364,35.979519,126.958682,익산 데모도로,익산시,1404068.0,1069912.0,0.7620086776423934,10.189728749446369,matched,0,,,,,0,2026-01-28,0.9039999999999999,-7.19,9.15,13.78,3.7399999999999998,54.596000000000004,0
R00280,35.949088,126.912102,익산 데모도로,익산시,1404068.0,1069912.0,0.7620086776423934,10.189728749446369,matched,0,,,,,0,2025-07-22,24.538,17.71,30.51,11.28,0.0,59.120000000000005,1
R00593,35.560644,126.84654,정읍 데모도로,정읍시,845508.0,326882.92,0.3866112680187532,9.4307279162049,matched,0,,,,,0,2026-04-16,16.368000000000002,6.9,24.12,28.09,0.0,64.22999999999999,0
R00158,35.966508,126.758865,군산 데모도로,군산시,1384801.76,612246.21,0.442118307244208,14.853572251212228,matched,0,,,,,0,2025-06-18,25.36,18.42,33.48,14.03,0.0,62.298,0
R00632,35.582455,126.856529,정읍 데모도로,정읍시,845508.0,326882.92,0.3866112680187532,9.4307279162049,matched,0,,,,,0,2026-01-03,-2.516,-9.53,8.12,28.0,6.65,63.464,0
R00059,35.850445,127.173177,전주 데모도로,전주시,2081706.65,842.95,0.0004049321742811,7.742488395563824,matched,0,,,,,0,2026-05-30,25.268,18.22,34.47,0.0,0.0,51.824,0
R00128,35.853217,127.119876,전주 데모도로,전주시,2081706.65,842.95,0.0004049321742811,7.742488395563824,matched,0,,,,,0,2025-07-22,24.538,17.71,30.51,11.28,0.0,59.120000000000005,0
R00115,35.809502,127.16284,전주 데모도로,전주시,2081706.65,842.95,0.0004049321742811,7.742488395563824,matched,0,,,,,0,2026-02-19,4.4879999999999995,-2.32,13.28,13.16,0.0,57.862,0
R00209,35.906807,126.736432,군산 데모도로,군산시,1384801.76,612246.21,0.442118307244208,14.853572251212228,matched,1,F0075,2025-03-13,임시보수,74.26482719326758,1,2026-05-19,21.038,15.25,28.73,0.0,0.0,53.34400000000001,0
R00526,35.412661,127.395166,남원 데모도로,남원시,670188.0,287953.6,0.4296609309626552,17.276260308101918,matched,0,,,,,0,2025-05-20,20.288,11.74,28.37,14.92,0.0,64.854,0
R00521,35.394619,127.412143,남원 데모도로,남원시,670188.0,287953.6,0.4296609309626552,17.276260308101918,matched,0,,,,,0,2025-01-29,2.006,-4.05,7.42,2.13,0.0,62.275999999999996,0
R00552,35.56942,126.810868,정읍 데모도로,정읍시,845508.0,326882.92,0.3866112680187532,9.4307279162049,matched,0,,,,,0,2025-11-04,3.476,-3.44,10.42,1.85,0.0,66.17,0
R00237,36.043414,126.736115,군산 데모도로,군산시,1384801.76,612246.21,0.442118307244208,14.853572251212228,matched,0,,,,,0,2025-07-03,24.113999999999997,15.82,34.8,0.0,0.0,51.501999999999995,0
R00281,35.948433,126.915978,익산 데모도로,익산시,1404068.0,1069912.0,0.7620086776423934,10.189728749446369,matched,0,,,,,0,2026-03-30,12.0,5.37,18.09,1.83,0.0,50.19,0
R00359,35.955181,126.958504,익산 데모도로,익산시,1404068.0,1069912.0,0.7620086776423934,10.189728749446369,matched,0,,,,,0,2026-01-04,-0.6399999999999999,-8.98,9.29,0.0,0.07,63.370000000000005,0
R00201,36.013271,126.78425,군산 데모도로,군산시,1384801.76,612246.21,0.442118307244208,14.853572251212228,matched,0,,,,,0,2026-07-05,26.442,18.27,33.56,6.22,0.0,61.88199999999999,0
R00278,35.949426,126.9025,익산 데모도로,익산시,1404068.0,1069912.0,0.7620086776423934,10.189728749446369,matched,0,,,,,0,2025-09-09,16.008,7.92,25.16,0.0,0.0,64.644,0
R00235,36.033441,126.73549,군산 데모도로,군산시,1384801.76,612246.21,0.442118307244208,14.853572251212228,matched,1,F0015,2025-12-07,임시보수,62.68638319725091,1,2026-04-13,16.448,7.76,23.3,3.97,0.0,57.702,0
R00494,35.418072,127.390784,남원 데모도로,남원시,670188.0,287953.6,0.4296609309626552,17.276260308101918,matched,0,,,,,0,2026-07-10,24.958,16.69,32.44,0.0,0.0,61.008,0
R00004,35.824761,127.08082,전주 데모도로,전주시,2081706.65,842.95,0.0004049321742811,7.742488395563824,matched,1,F0025,2024-12-21,임시보수,232.6316133835872,1,2025-12-25,-0.7779999999999999,-10.2,5.33,9.48,1.44,57.198,0
R00666,35.578927,126.846606,정읍 데모도로,정읍시,845508.0,326882.92,0.3866112680187532,9.4307279162049,matched,0,,,,,0,2025-12-21,-1.018,-7.61,4.98,15.18,2.32,59.025999999999996,0
R00442,35.416187,127.470526,남원 데모도로,남원시,670188.0,287953.6,0.4296609309626552,17.276260308101918,matched,0,,,,,0,2026-08-09,20.036,14.89,24.7,11.07,0.0,63.336,0
R00029,35.82406,127.204213,전주 데모도로,전주시,2081706.65,842.95,0.0004049321742811,7.742488395563824,matched,0,,,,,0,2024-10-30,5.9159999999999995,-2.85,15.7,12.5,0.0,65.576,0
R00109,35.788213,127.185125,전주 데모도로,전주시,2081706.65,842.95,0.0004049321742811,7.742488395563824,matched,0,,,,,0,2026-01-09,-0.384,-8.96,9.44,0.0,0.0,56.812,0
R00610,35.619172,126.905011,정읍 데모도로,정읍시,845508.0,326882.92,0.3866112680187532,9.4307279162049,matched,0,,,,,0,2025-09-12,15.514,8.16,25.19,0.0,0.0,54.220000000000006,0
R00075,35.773982,127.148347,전주 데모도로,전주시,2081706.65,842.95,0.0004049321742811,7.742488395563824,matched,0,,,,,0,2026-04-29,17.766,8.84,27.03,5.23,0.0,58.128,0
R00146,35.968127,126.700955,군산 데모도로,군산시,1384801.76,612246.21,0.442118307244208,14.853572251212228,matched,0,,,,,0,2025-06-09,24.848000000000003,16.91,32.86,9.24,0.0,56.04200000000001,0
R00128,35.853217,127.119876,전주 데모도로,전주시,2081706.65,842.95,0.0004049321742811,7.742488395563824,matched,0,,,,,0,2025-08-22,17.246000000000002,9.97,22.92,42.76,0.0,60.166,0
R00042,35.791222,127.116183,전주 데모도로,전주시,2081706.65,842.95,0.0004049321742811,7.742488395563824,matched,0,,,,,0,2026-07-13,24.282,16.56,32.17,8.92,0.0,53.57000000000001,0
R00356,35.941704,126.957964,익산 데모도로,익산시,1404068.0,1069912.0,0.7620086776423934,10.189728749446369,matched,0,,,,,0,2026-02-18,4.684,-1.99,14.4,17.59,0.0,65.59200000000001,1
R00041,35.788013,127.111612,전주 데모도로,전주시,2081706.65,842.95,0.0004049321742811,7.742488395563824,matched,0,,,,,0,2026-05-29,24.68,18.18,34.2,8.52,0.0,61.166,0
R00034,35.824927,127.226609,전주 데모도로,전주시,2081706.65,842.95,0.0004049321742811,7.742488395563824,matched,0,,,,,0,2026-03-09,7.75,2.36,16.54,26.82,0.0,66.226,0
R00017,35.824821,127.145805,전주 데모도로,전주시,2081706.65,842.95,0.0004049321742811,7.742488395563824,matched,0,,,,,0,2025-02-21,5.965999999999999,0.4,12.56,5.6899999999999995,0.0,54.632000000000005,0
R00677,35.616548,126.809821,정읍 데모도로,정읍시,845508.0,326882.92,0.3866112680187532,9.4307279162049,matched,1,F0067,2025-12-01,덧씌우기,5.691369928888043,2,2025-11-06,3.554,-6.12,10.09,0.0,0.0,59.862,0
R00153,35.96705,126.73437,군산 데모도로,군산시,1384801.76,612246.21,0.442118307244208,14.853572251212228,matched,1,F0011,2024-03-26,임시보수,271.61629231644616,1,2026-03-11,8.964,2.91,16.32,0.0,0.0,65.606,0
R00378,35.901213,127.004396,익산 데모도로,익산시,1404068.0,1069912.0,0.7620086776423934,10.189728749446369,matched,0,,,,,0,2025-08-16,19.875999999999998,12.01,31.79,8.19,0.0,61.42999999999999,1
R00588,35.544153,126.829581,정읍 데모도로,정읍시,845508.0,326882.92,0.3866112680187532,9.4307279162049,matched,0,,,,,0,2024-12-19,-1.8219999999999998,-12.33,5.58,2.14,0.0,53.2,0
R00599,35.581305,126.867926,정읍 데모도로,정읍시,845508.0,326882.92,0.3866112680187532,9.4307279162049,matched,0,,,,,0,2025-02-22,6.444,-5.93,14.0,20.799999999999997,0.0,58.67,0
R00629,35.567799,126.856299,정읍 데모도로,정읍시,845508.0,326882.92,0.3866112680187532,9.4307279162049,matched,0,,,,,0,2026-06-29,25.086000000000002,17.46,31.6,0.0,0.0,59.544000000000004,0
R00342,35.872336,126.957771,익산 데모도로,익산시,1404068.0,1069912.0,0.7620086776423934,10.189728749446369,matched,0,,,,,0,2025-10-12,7.909999999999999,2.77,15.27,0.0,0.0,59.138,0
R00027,35.82491,127.194303,전주 데모도로,전주시,2081706.65,842.95,0.0004049321742811,7.742488395563824,matched,0,,,,,0,2026-05-06,19.44,11.44,25.87,17.64,0.0,58.760000000000005,0
R00287,35.948494,126.945916,익산 데모도로,익산시,1404068.0,1069912.0,0.7620086776423934,10.189728749446369,matched,0,,,,,0,2025-04-27,18.076,10.63,25.89,30.14,0.0,59.257999999999996,1
R00646,35.649043,126.855421,정읍 데모도로,정읍시,845508.0,326882.92,0.3866112680187532,9.4307279162049,matched,0,,,,,0,2026-04-29,17.766,8.84,27.03,5.23,0.0,58.128,0
R00168,35.968797,126.806176,군산 데모도로,군산시,1384801.76,612246.21,0.442118307244208,14.853572251212228,matched,0,,,,,0,2026-02-18,4.684,-1.99,14.4,17.59,0.0,65.59200000000001,0
R00610,35.619172,126.905011,정읍 데모도로,정읍시,845508.0,326882.92,0.3866112680187532,9.4307279162049,matched,0,,,,,0,2025-07-19,23.782,17.82,28.88,23.759999999999998,0.0,65.376,0
R00268,36.01108,126.693329,군산 데모도로,군산시,1384801.76,612246.21,0.442118307244208,14.853572251212228,matched,0,,,,,0,2024-11-18,2.346,-3.69,8.57,15.21,0.0,53.36,0
R00455,35.401253,127.375306,남원 데모도로,남원시,670188.0,287953.6,0.4296609309626552,17.276260308101918,matched,0,,,,,0,2026-01-30,1.572,-6.43,8.76,0.0,0.07,61.757999999999996,0
R00401,35.98252,126.925258,익산 데모도로,익산시,1404068.0,1069912.0,0.7620086776423934,10.189728749446369,matched,0,,,,,0,2024-10-20,7.866,0.88,13.56,13.51,0.0,60.012,0
R00476,35.473934,127.448117,남원 데모도로,남원시,670188.0,287953.6,0.4296609309626552,17.276260308101918,matched,0,,,,,0,2026-06-11,22.619999999999997,17.25,28.83,0.0,0.0,53.04,0
R00634,35.593203,126.855944,정읍 데모도로,정읍시,845508.0,326882.92,0.3866112680187532,9.4307279162049,matched,0,,,,,0,2026-01-12,-0.10600000000000001,-6.24,6.78,7.3,3.36,60.914,0
R00558,35.569036,126.839247,정읍 데모도로,정읍시,845508.0,326882.92,0.3866112680187532,9.4307279162049,matched,0,,,,,0,2025-01-04,-1.258,-7.23,5.2,0.0,0.56,59.724000000000004,0
R00576,35.570358,126.926923,정읍 데모도로,정읍시,845508.0,326882.92,0.3866112680187532,9.4307279162049,matched,0,,,,,0,2026-07-17,23.316,15.07,31.14,0.0,0.0,56.251999999999995,0
R00130,35.860353,127.112973,전주 데모도로,전주시,2081706.65,842.95,0.0004049321742811,7.742488395563824,matched,0,,,,,0,2025-02-19,4.736,-1.42,10.85,17.86,0.67,55.366,0
R00363,35.976012,126.95682,익산 데모도로,익산시,1404068.0,1069912.0,0.7620086776423934,10.189728749446369,matched,0,,,,,0,2025-03-11,8.968,2.23,16.13,22.860000000000003,0.0,68.592,1
R00292,35.948097,126.970791,익산 데모도로,익산시,1404068.0,1069912.0,0.7620086776423934,10.189728749446369,matched,0,,,,,0,2025-03-20,9.952000000000002,1.79,18.49,4.51,0.0,57.312,0
R00371,36.013899,126.957902,익산 데모도로,익산시,1404068.0,1069912.0,0.7620086776423934,10.189728749446369,matched,0,,,,,0,2025-05-01,18.458,12.28,27.41,0.0,0.0,54.57000000000001,0
R00029,35.82406,127.204213,전주 데모도로,전주시,2081706.65,842.95,0.0004049321742811,7.742488395563824,matched,0,,,,,0,2024-12-31,-0.6799999999999999,-6.76,3.6,25.31,2.02,55.970000000000006,0
R00149,35.967056,126.713692,군산 데모도로,군산시,1384801.76,612246.21,0.442118307244208,14.853572251212228,matched,0,,,,,0,2026-03-14,9.168000000000001,-1.95,17.62,0.0,0.0,58.362,0
R00296,35.948379,126.988915,익산 데모도로,익산시,1404068.0,1069912.0,0.7620086776423934,10.189728749446369,matched,0,,,,,0,2024-11-14,1.3800000000000001,-5.5,10.15,5.47,0.0,60.16600000000001,1
R00011,35.824282,127.116859,전주 데모도로,전주시,2081706.65,842.95,0.0004049321742811,7.742488395563824,matched,1,F0054,2024-09-07,상온아스콘,47.77544131531806,1,2025-03-13,7.814,-1.8,15.81,9.4,0.0,64.32000000000001,0
R00512,35.363478,127.443558,남원 데모도로,남원시,670188.0,287953.6,0.4296609309626552,17.276260308101918,matched,0,,,,,0,2024-12-25,-0.20199999999999996,-6.3,5.51,0.0,0.0,65.62,0
R00676,35.612337,126.81311,정읍 데모도로,정읍시,845508.0,326882.92,0.3866112680187532,9.4307279162049,matched,0,,,,,0,2024-08-21,19.701999999999998,11.62,26.07,8.58,0.0,61.91799999999999,0
R00113,35.80096,127.170589,전주 데모도로,전주시,2081706.65,842.95,0.0004049321742811,7.742488395563824,matched,0,,,,,0,2024-12-17,-2.616,-12.95,4.98,9.17,3.58,53.477999999999994,0
R00187,35.965956,126.734873,군산 데모도로,군산시,1384801.76,612246.21,0.442118307244208,14.853572251212228,matched,1,F0011,2024-03-26,임시보수,187.10632243644343,1,2025-09-07,15.975999999999999,8.4,24.06,0.0,0.0,56.794000000000004,0
R00227,35.994827,126.737227,군산 데모도로,군산시,1384801.76,612246.21,0.442118307244208,14.853572251212228,matched,0,,,,,0,2026-04-24,18.962,10.49,28.48,10.82,0.0,57.024,0
R00310,35.902187,126.909986,익산 데모도로,익산시,1404068.0,1069912.0,0.7620086776423934,10.189728749446369,matched,0,,,,,0,2024-09-25,10.07,4.04,18.16,0.0,0.0,61.70399999999999,0
R00098,35.884505,127.14753,전주 데모도로,전주시,2081706.65,842.95,0.0004049321742811,7.742488395563824,matched,0,,,,,0,2025-07-25,25.228,18.08,32.83,6.69,0.0,65.046,0
R00055,35.836059,127.160836,전주 데모도로,전주시,2081706.65,842.95,0.0004049321742811,7.742488395563824,matched,1,F0027,2026-01-01,임시보수,52.53360985818903,1,2026-05-25,24.314,15.75,33.97,1.53,0.0,61.836,0
R00623,35.53753,126.854753,정읍 데모도로,정읍시,845508.0,326882.92,0.3866112680187532,9.4307279162049,matched,0,,,,,0,2026-08-02,22.698,13.5,30.5,54.949999999999996,0.0,65.47200000000001,0
R00664,35.572029,126.855151,정읍 데모도로,정읍시,845508.0,326882.92,0.3866112680187532,9.4307279162049,matched,0,,,,,0,2024-09-08,13.678,5.38,21.95,38.57,0.0,58.004,0
R00406,35.997527,126.907476,익산 데모도로,익산시,1404068.0,1069912.0,0.7620086776423934,10.189728749446369,matched,1,F0012,2024-01-19,임시보수,16.87355486376633,1,2025-04-17,15.876,8.39,24.02,0.0,0.0,58.02,0
R00069,35.745471,127.149299,전주 데모도로,전주시,2081706.65,842.95,0.0004049321742811,7.742488395563824,matched,0,,,,,0,2025-11-16,1.714,-5.49,10.98,9.41,0.0,62.88199999999999,0
R00312,35.90739,126.918092,익산 데모도로,익산시,1404068.0,1069912.0,0.7620086776423934,10.189728749446369,matched,0,,,,,0,2026-05-01,19.18,9.72,26.28,0.0,0.0,59.955999999999996,1
R00289,35.947722,126.954865,익산 데모도로,익산시,1404068.0,1069912.0,0.7620086776423934,10.189728749446369,matched,0,,,,,0,2025-06-17,23.088,16.51,30.12,22.35,0.0,63.477999999999994,0
R00548,35.569502,126.790119,정읍 데모도로,정읍시,845508.0,326882.92,0.3866112680187532,9.4307279162049,matched,0,,,,,0,2026-04-06,14.6,6.77,21.98,0.0,0.0,51.446000000000005,0
R00148,35.967447,126.709582,군산 데모도로,군산시,1384801.76,612246.21,0.442118307244208,14.853572251212228,matched,0,,,,,0,2026-04-05,14.081999999999999,5.85,20.03,1.87,0.0,61.065999999999995,0
R00467,35.442511,127.416527,남원 데모도로,남원시,670188.0,287953.6,0.4296609309626552,17.276260308101918,matched,0,,,,,0,2024-10-26,4.816,-3.97,15.2,13.04,0.0,55.984,0
R00244,35.927264,126.77607,군산 데모도로,군산시,1384801.76,612246.21,0.442118307244208,14.853572251212228,matched,0,,,,,0,2024-12-25,-0.20199999999999996,-6.3,5.51,0.0,0.0,65.62,0
R00491,35.403664,127.390188,남원 데모도로,남원시,670188.0,287953.6,0.4296609309626552,17.276260308101918,matched,0,,,,,0,2025-03-02,6.118,-0.03,12.78,1.31,0.0,52.879999999999995,0
R00507,35.48096,127.390228,남원 데모도로,남원시,670188.0,287953.6,0.4296609309626552,17.276260308101918,matched,0,,,,,0,2025-01-05,-1.4620000000000002,-10.43,5.84,0.0,0.0,62.61,0
R00365,35.983286,126.957562,익산 데모도로,익산시,1404068.0,1069912.0,0.7620086776423934,10.189728749446369,matched,0,,,,,0,2025-11-05,5.486,-2.03,13.46,2.37,0.0,58.996,1
R00482,35.36124,127.390767,남원 데모도로,남원시,670188.0,287953.6,0.4296609309626552,17.276260308101918,matched,0,,,,,0,2025-05-28,24.142000000000003,17.72,35.86,25.45,0.0,66.91799999999999,0
R00201,36.013271,126.78425,군산 데모도로,군산시,1384801.76,612246.21,0.442118307244208,14.853572251212228,matched,0,,,,,0,2025-06-26,24.887999999999998,15.59,31.93,9.29,0.0,56.339999999999996,0
R00154,35.967652,126.739072,군산 데모도로,군산시,1384801.76,612246.21,0.442118307244208,14.853572251212228,matched,1,F0011,2024-03-26,임시보수,284.1412180574434,1,2026-02-04,0.21599999999999991,-8.34,5.67,15.78,0.0,67.786,0
R00450,35.384808,127.358371,남원 데모도로,남원시,670188.0,287953.6,0.4296609309626552,17.276260308101918,matched,0,,,,,0,2026-06-14,22.582,14.59,33.77,0.0,0.0,59.782,0
R00501,35.453295,127.390161,남원 데모도로,남원시,670188.0,287953.6,0.4296609309626552,17.276260308101918,matched,0,,,,,0,2025-05-22,21.502,15.12,27.22,0.0,0.0,54.848,0
R00073,35.765804,127.148793,전주 데모도로,전주시,2081706.65,842.95,0.0004049321742811,7.742488395563824,matched,0,,,,,0,2024-10-18,6.254,-1.36,13.18,0.0,0.0,60.624,0
R00296,35.948379,126.988915,익산 데모도로,익산시,1404068.0,1069912.0,0.7620086776423934,10.189728749446369,matched,0,,,,,0,2025-07-03,24.113999999999997,15.82,34.8,0.0,0.0,51.501999999999995,0
R00017,35.824821,127.145805,전주 데모도로,전주시,2081706.65,842.95,0.0004049321742811,7.742488395563824,matched,0,,,,,0,2024-10-09,11.953999999999999,5.55,17.97,0.0,0.0,60.081999999999994,0
R00641,35.625455,126.856992,정읍 데모도로,정읍시,845508.0,326882.92,0.3866112680187532,9.4307279162049,matched,0,,,,,0,2025-01-18,2.2159999999999997,-4.72,9.05,13.81,3.35,60.888,0
R00217,35.945693,126.737156,군산 데모도로,군산시,1384801.76,612246.21,0.442118307244208,14.853572251212228,matched,0,,,,,0,2025-06-25,26.826,19.27,32.93,40.7,0.0,67.55600000000001,0
R00061,35.856379,127.180453,전주 데모도로,전주시,2081706.65,842.95,0.0004049321742811,7.742488395563824,matched,0,,,,,0,2026-02-13,3.084,-4.39,11.51,4.76,0.0,64.50800000000001,0
R00616,35.503533,126.855597,정읍 데모도로,정읍시,845508.0,326882.92,0.3866112680187532,9.4307279162049,matched,0,,,,,0,2026-03-08,6.276,-3.39,14.12,0.0,0.0,55.934000000000005,0
R00042,35.791222,127.116183,전주 데모도로,전주시,2081706.65,842.95,0.0004049321742811,7.742488395563824,matched,0,,,,,0,2025-09-11,16.068,6.43,23.17,0.79,0.0,58.782,0
R00025,35.824481,127.185551,전주 데모도로,전주시,2081706.65,842.95,0.0004049321742811,7.742488395563824,matched,0,,,,,0,2026-02-17,3.886,-3.59,9.89,4.14,1.61,62.068000000000005,0
R00039,35.779927,127.10576,전주 데모도로,전주시,2081706.65,842.95,0.0004049321742811,7.742488395563824,matched,0,,,,,0,2026-05-02,20.786,14.57,27.23,14.36,0.0,54.462,0
R00131,35.863854,127.10724,전주 데모도로,전주시,2081706.65,842.95,0.0004049321742811,7.742488395563824,matched,0,,,,,0,2025-02-11,2.252,-8.67,11.84,0.0,0.27,58.902,0
R00498,35.437687,127.390559,남원 데모도로,남원시,670188.0,287953.6,0.4296609309626552,17.276260308101918,matched,0,,,,,0,2025-08-15,21.456,15.07,31.34,1.37,0.0,58.986000000000004,0
R00229,36.004741,126.735496,군산 데모도로,군산시,1384801.76,612246.21,0.442118307244208,14.853572251212228,matched,0,,,,,0,2025-06-28,24.554,19.32,31.53,26.47,0.0,61.314,0
R00108,35.785035,127.186453,전주 데모도로,전주시,2081706.65,842.95,0.0004049321742811,7.742488395563824,matched,0,,,,,0,2024-11-23,1.6940000000000002,-7.52,10.11,5.1899999999999995,0.0,55.604,0
R00172,35.91448,126.685149,군산 데모도로,군산시,1384801.76,612246.21,0.442118307244208,14.853572251212228,matched,0,,,,,0,2025-03-19,8.886,1.23,18.25,6.74,0.0,62.70399999999999,0
R00435,35.414387,127.436407,남원 데모도로,남원시,670188.0,287953.6,0.4296609309626552,17.276260308101918,matched,0,,,,,0,2025-01-02,-2.092,-9.71,6.4,0.0,0.52,59.589999999999996,0
R00478,35.342404,127.390377,남원 데모도로,남원시,670188.0,287953.6,0.4296609309626552,17.276260308101918,matched,0,,,,,0,2024-08-24,18.881999999999998,12.8,26.04,49.58,0.0,69.356,0
R00102,35.903994,127.147452,전주 데모도로,전주시,2081706.65,842.95,0.0004049321742811,7.742488395563824,matched,1,F0077,2025-11-01,덧씌우기,50.72886566344648,1,2024-12-05,-1.6179999999999999,-11.19,3.6,7.62,0.0,58.233999999999995,0
R00524,35.405344,127.401345,남원 데모도로,남원시,670188.0,287953.6,0.4296609309626552,17.276260308101918,matched,0,,,,,0,2026-02-16,4.296,-5.94,11.18,0.0,0.3,61.004,0
R00275,35.94845,126.887485,익산 데모도로,익산시,1404068.0,1069912.0,0.7620086776423934,10.189728749446369,matched,0,,,,,0,2024-09-26,11.996,3.92,20.05,32.959999999999994,0.0,63.278,1
R00613,35.489736,126.855306,정읍 데모도로,정읍시,845508.0,326882.92,0.3866112680187532,9.4307279162049,matched,0,,,,,0,2026-06-11,22.619999999999997,17.25,28.83,0.0,0.0,53.04,0
R00044,35.800347,127.121283,전주 데모도로,전주시,2081706.65,842.95,0.0004049321742811,7.742488395563824,matched,0,,,,,0,2025-10-17,8.22,1.27,16.94,0.0,0.0,65.878,0
R00017,35.824821,127.145805,전주 데모도로,전주시,2081706.65,842.95,0.0004049321742811,7.742488395563824,matched,0,,,,,0,2026-05-10,19.828,11.73,24.72,0.0,0.0,51.215999999999994,0
R00330,35.969842,126.979209,익산 데모도로,익산시,1404068.0,1069912.0,0.7620086776423934,10.189728749446369,matched,0,,,,,0,2025-05-06,21.662,16.84,29.84,17.6,0.0,64.02799999999999,1
R00569,35.569064,126.891408,정읍 데모도로,정읍시,845508.0,326882.92,0.3866112680187532,9.4307279162049,matched,0,,,,,0,2025-10-18,7.316,-2.16,13.08,4.02,0.0,62.652,0
R00497,35.433306,127.392192,남원 데모도로,남원시,670188.0,287953.6,0.4296609309626552,17.276260308101918,matched,0,,,,,0,2024-11-13,4.782,-5.43,14.16,23.79,0.0,64.852,0
R00012,35.824178,127.120984,전주 데모도로,전주시,2081706.65,842.95,0.0004049321742811,7.742488395563824,matched,0,,,,,0,2025-11-26,0.06399999999999997,-8.03,9.27,1.66,0.0,64.03,0
R00318,35.929691,126.93936,익산 데모도로,익산시,1404068.0,1069912.0,0.7620086776423934,10.189728749446369,matched,0,,,,,0,2024-11-02,3.768,-3.66,11.01,0.0,0.0,56.40599999999999,1
R00592,35.556678,126.844311,정읍 데모도로,정읍시,845508.0,326882.92,0.3866112680187532,9.4307279162049,matched,0,,,,,0,2025-12-02,-0.6280000000000001,-9.71,6.78,3.5,1.08,65.564,0
R00216,35.941799,126.73834,군산 데모도로,군산시,1384801.76,612246.21,0.442118307244208,14.853572251212228,matched,0,,,,,0,2025-10-06,9.724,1.46,18.32,11.07,0.0,51.720000000000006,0
R00339,36.000872,127.010002,익산 데모도로,익산시,1404068.0,1069912.0,0.7620086776423934,10.189728749446369,matched,0,,,,,0,2026-08-14,20.234,13.76,26.31,0.0,0.0,61.044,0
R00661,35.56196,126.863398,정읍 데모도로,정읍시,845508.0,326882.92,0.3866112680187532,9.4307279162049,matched,0,,,,,0,2025-11-18,1.796,-5.66,10.42,2.51,0.0,62.528,0
R00081,35.8024,127.147489,전주 데모도로,전주시,2081706.65,842.95,0.0004049321742811,7.742488395563824,matched,0,,,,,0,2025-05-30,24.482,15.73,33.28,0.0,0.0,58.38199999999999,0
R00485,35.375685,127.391521,남원 데모도로,남원시,670188.0,287953.6,0.4296609309626552,17.276260308101918,matched,0,,,,,0,2025-04-14,18.253999999999998,11.02,25.15,10.04,0.0,57.664,0
R00374,36.027718,126.958239,익산 데모도로,익산시,1404068.0,1069912.0,0.7620086776423934,10.189728749446369,matched,0,,,,,0,2026-06-26,26.6,19.76,33.57,0.0,0.0,63.076,0
R00200,36.01122,126.779538,군산 데모도로,군산시,1384801.76,612246.21,0.442118307244208,14.853572251212228,matched,1,F0035,2025-11-17,덧씌우기,10.903288952814576,1,2026-04-09,16.73,8.49,27.59,0.0,0.0,54.684000000000005,0
R00537,35.449099,127.358081,남원 데모도로,남원시,670188.0,287953.6,0.4296609309626552,17.276260308101918,matched,0,,,,,0,2026-06-02,21.872,15.91,30.42,5.98,0.0,58.577999999999996,1
R00466,35.439744,127.41398,남원 데모도로,남원시,670188.0,287953.6,0.4296609309626552,17.276260308101918,matched,0,,,,,0,2026-06-21,25.214000000000002,16.6,33.5,3.79,0.0,61.996,0
R00089,35.841654,127.148283,전주 데모도로,전주시,2081706.65,842.95,0.0004049321742811,7.742488395563824,matched,0,,,,,0,2026-02-27,5.242,-3.16,10.47,35.11,0.0,62.71,0
R00268,36.01108,126.693329,군산 데모도로,군산시,1384801.76,612246.21,0.442118307244208,14.853572251212228,matched,0,,,,,0,2025-08-25,16.625999999999998,9.99,23.52,50.94,0.0,70.034,0
R00655,35.541394,126.88594,정읍 데모도로,정읍시,845508.0,326882.92,0.3866112680187532,9.4307279162049,matched,0,,,,,0,2025-12-26,-0.24600000000000005,-6.77,6.86,0.0,2.48,66.628,0
R00571,35.569671,126.90093,정읍 데모도로,정읍시,845508.0,326882.92,0.3866112680187532,9.4307279162049,matched,0,,,,,0,2026-05-04,20.009999999999998,10.01,27.03,37.75,0.0,61.212,0
R00489,35.394854,127.389632,남원 데모도로,남원시,670188.0,287953.6,0.4296609309626552,17.276260308101918,matched,0,,,,,0,2024-10-02,10.67,3.46,18.41,10.18,0.0,58.174,0
R00538,35.451203,127.353755,남원 데모도로,남원시,670188.0,287953.6,0.4296609309626552,17.276260308101918,matched,0,,,,,0,2025-09-23,12.628,7.12,21.28,8.24,0.0,57.934000000000005,0
R00047,35.809363,127.132389,전주 데모도로,전주시,2081706.65,842.95,0.0004049321742811,7.742488395563824,matched,0,,,,,0,2025-04-22,17.97,10.09,24.92,0.0,0.0,60.588,0
R00288,35.947123,126.951077,익산 데모도로,익산시,1404068.0,1069912.0,0.7620086776423934,10.189728749446369,matched,0,,,,,0,2026-04-26,18.728,11.47,27.23,2.98,0.0,52.874,1
R00016,35.823803,127.140991,전주 데모도로,전주시,2081706.65,842.95,0.0004049321742811,7.742488395563824,matched,0,,,,,0,2026-04-07,15.038,4.97,23.53,0.0,0.0,59.512,0
R00401,35.98252,126.925258,익산 데모도로,익산시,1404068.0,1069912.0,0.7620086776423934,10.189728749446369,matched,0,,,,,0,2025-11-11,2.754,-2.58,9.26,2.85,0.0,59.174,0
R00086,35.826956,127.147903,전주 데모도로,전주시,2081706.65,842.95,0.0004049321742811,7.742488395563824,matched,0,,,,,0,2025-12-16,-0.8019999999999999,-6.99,5.8,0.0,3.97,65.644,0
R00250,35.948556,126.755141,군산 데모도로,군산시,1384801.76,612246.21,0.442118307244208,14.853572251212228,matched,0,,,,,0,2026-05-26,22.854,14.77,29.12,0.0,0.0,56.727999999999994,0
R00391,35.94597,126.960501,익산 데모도로,익산시,1404068.0,1069912.0,0.7620086776423934,10.189728749446369,matched,1,F0061,2024-05-03,덧씌우기,241.20594308246731,1,2026-04-30,17.546,8.02,29.17,35.68,0.0,63.46,0
R00335,35.987871,126.998088,익산 데모도로,익산시,1404068.0,1069912.0,0.7620086776423934,10.189728749446369,matched,1,F0003,2025-03-05,상온아스콘,20.06007090848022,2,2024-09-05,16.812,7.43,25.03,0.0,0.0,63.85999999999999,0
R00629,35.567799,126.856299,정읍 데모도로,정읍시,845508.0,326882.92,0.3866112680187532,9.4307279162049,matched,0,,,,,0,2026-04-16,16.368000000000002,6.9,24.12,28.09,0.0,64.22999999999999,0
R00519,35.38702,127.419466,남원 데모도로,남원시,670188.0,287953.6,0.4296609309626552,17.276260308101918,matched,0,,,,,0,2026-06-11,22.619999999999997,17.25,28.83,0.0,0.0,53.04,0
R00137,35.967595,126.656464,군산 데모도로,군산시,1384801.76,612246.21,0.442118307244208,14.853572251212228,matched,0,,,,,0,2025-06-03,24.534,18.86,31.47,10.42,0.0,58.314,0
R00498,35.437687,127.390559,남원 데모도로,남원시,670188.0,287953.6,0.4296609309626552,17.276260308101918,matched,0,,,,,0,2025-10-06,9.724,1.46,18.32,11.07,0.0,51.720000000000006,0
R00477,35.336331,127.39122,남원 데모도로,남원시,670188.0,287953.6,0.4296609309626552,17.276260308101918,matched,0,,,,,0,2026-08-09,20.036,14.89,24.7,11.07,0.0,63.336,0
R00594,35.563548,126.851691,정읍 데모도로,정읍시,845508.0,326882.92,0.3866112680187532,9.4307279162049,matched,0,,,,,0,2026-05-18,20.494,12.82,28.53,0.0,0.0,54.084,0
R00223,35.975607,126.737077,군산 데모도로,군산시,1384801.76,612246.21,0.442118307244208,14.853572251212228,matched,0,,,,,0,2025-04-10,14.813999999999998,2.4,22.94,8.9,0.0,61.484,0
R00372,36.019848,126.957904,익산 데모도로,익산시,1404068.0,1069912.0,0.7620086776423934,10.189728749446369,matched,0,,,,,0,2025-10-08,9.548,1.74,18.31,5.89,0.0,58.342000000000006,0
R00402,35.984458,126.921808,익산 데모도로,익산시,1404068.0,1069912.0,0.7620086776423934,10.189728749446369,matched,0,,,,,0,2025-12-30,2.59,-4.43,10.06,4.47,0.89,59.04600000000001,0
R00443,35.360281,127.334962,남원 데모도로,남원시,670188.0,287953.6,0.4296609309626552,17.276260308101918,matched,0,,,,,0,2026-05-14,20.336000000000002,13.76,27.76,3.83,0.0,59.88199999999999,0
R00490,35.399475,127.389946,남원 데모도로,남원시,670188.0,287953.6,0.4296609309626552,17.276260308101918,matched,0,,,,,0,2026-05-30,25.268,18.22,34.47,0.0,0.0,51.824,0
R00615,35.499999,126.855537,정읍 데모도로,정읍시,845508.0,326882.92,0.3866112680187532,9.4307279162049,matched,0,,,,,0,2024-12-11,-0.5399999999999999,-8.77,7.36,30.96,1.09,70.696,0
R00273,35.947588,126.879039,익산 데모도로,익산시,1404068.0,1069912.0,0.7620086776423934,10.189728749446369,matched,0,,,,,0,2026-06-23,25.330000000000002,17.92,34.2,11.26,0.0,60.04600000000001,1
R00526,35.412661,127.395166,남원 데모도로,남원시,670188.0,287953.6,0.4296609309626552,17.276260308101918,matched,0,,,,,0,2026-08-01,22.81,15.9,32.35,0.0,0.0,51.664,0
R00159,35.967974,126.763289,군산 데모도로,군산시,1384801.76,612246.21,0.442118307244208,14.853572251212228,matched,0,,,,,0,2025-04-09,13.522,6.05,22.51,0.0,0.0,54.57000000000001,0
R00152,35.967444,126.730199,군산 데모도로,군산시,1384801.76,612246.21,0.442118307244208,14.853572251212228,matched,0,,,,,0,2026-02-09,2.654,-5.0,9.61,29.21,0.62,62.720000000000006,0
R00620,35.52488,126.855818,정읍 데모도로,정읍시,845508.0,326882.92,0.3866112680187532,9.4307279162049,matched,0,,,,,0,2024-08-29,16.824,9.32,23.56,19.89,0.0,61.376,0
R00188,35.969049,126.738483,군산 데모도로,군산시,1384801.76,612246.21,0.442118307244208,14.853572251212228,matched,0,,,,,0,2025-03-12,8.458,-0.23,15.93,0.0,0.0,47.730000000000004,0
R00098,35.884505,127.14753,전주 데모도로,전주시,2081706.65,842.95,0.0004049321742811,7.742488395563824,matched,0,,,,,0,2026-06-28,25.796000000000003,17.81,31.33,6.23,0.0,59.129999999999995,0
R00131,35.863854,127.10724,전주 데모도로,전주시,2081706.65,842.95,0.0004049321742811,7.742488395563824,matched,0,,,,,0,2025-04-22,17.97,10.09,24.92,0.0,0.0,60.588,0
R00171,35.911481,126.679997,군산 데모도로,군산시,1384801.76,612246.21,0.442118307244208,14.853572251212228,matched,0,,,,,0,2026-02-28,5.406000000000001,0.67,13.29,0.0,0.0,62.43399999999999,0
R00183,35.952733,126.721098,군산 데모도로,군산시,1384801.76,612246.21,0.442118307244208,14.853572251212228,matched,0,,,,,0,2024-12-23,-3.064,-11.08,5.12,0.0,2.01,62.352,0
R00364,35.979519,126.958682,익산 데모도로,익산시,1404068.0,1069912.0,0.7620086776423934,10.189728749446369,matched,0,,,,,0,2025-01-12,0.4299999999999999,-7.18,6.53,7.06,2.18,65.738,0
R00039,35.779927,127.10576,전주 데모도로,전주시,2081706.65,842.95,0.0004049321742811,7.742488395563824,matched,0,,,,,0,2024-12-14,-3.322,-10.95,2.91,2.29,0.0,58.794000000000004,0
R00527,35.41435,127.391393,남원 데모도로,남원시,670188.0,287953.6,0.4296609309626552,17.276260308101918,matched,0,,,,,0,2025-09-04,16.456,9.53,22.57,0.0,0.0,54.684000000000005,0
R00497,35.433306,127.392192,남원 데모도로,남원시,670188.0,287953.6,0.4296609309626552,17.276260308101918,matched,0,,,,,0,2025-10-04,9.968,2.23,19.0,4.08,0.0,59.678,0
R00516,35.37662,127.430309,남원 데모도로,남원시,670188.0,287953.6,0.4296609309626552,17.276260308101918,matched,0,,,,,0,2026-06-13,25.532,18.05,34.13,70.91,0.0,63.17,1
R00349,35.907068,126.957013,익산 데모도로,익산시,1404068.0,1069912.0,0.7620086776423934,10.189728749446369,matched,0,,,,,0,2026-03-25,13.262,6.5,21.24,1.4,0.0,55.553999999999995,0
R00397,35.965969,126.938281,익산 데모도로,익산시,1404068.0,1069912.0,0.7620086776423934,10.189728749446369,matched,0,,,,,0,2025-08-16,19.875999999999998,12.01,31.79,8.19,0.0,61.42999999999999,0
R00161,35.966337,126.774117,군산 데모도로,군산시,1384801.76,612246.21,0.442118307244208,14.853572251212228,matched,0,,,,,0,2026-01-09,-0.384,-8.96,9.44,0.0,0.0,56.812,0
R00016,35.823803,127.140991,전주 데모도로,전주시,2081706.65,842.95,0.0004049321742811,7.742488395563824,matched,0,,,,,0,2025-01-02,-2.092,-9.71,6.4,0.0,0.52,59.589999999999996,0
R00493,35.414523,127.390643,남원 데모도로,남원시,670188.0,287953.6,0.4296609309626552,17.276260308101918,matched,0,,,,,0,2025-02-09,2.45,-4.02,10.55,10.98,0.0,64.322,0
R00426,35.416468,127.393247,남원 데모도로,남원시,670188.0,287953.6,0.4296609309626552,17.276260308101918,matched,0,,,,,0,2025-06-03,24.534,18.86,31.47,10.42,0.0,58.314,0
R00108,35.785035,127.186453,전주 데모도로,전주시,2081706.65,842.95,0.0004049321742811,7.742488395563824,matched,0,,,,,0,2025-12-12,-0.154,-4.94,4.9,26.78,0.0,56.757999999999996,0
R00450,35.384808,127.358371,남원 데모도로,남원시,670188.0,287953.6,0.4296609309626552,17.276260308101918,matched,0,,,,,0,2024-09-06,16.064,8.28,24.71,1.73,0.0,56.646,0
R00311,35.905867,126.914919,익산 데모도로,익산시,1404068.0,1069912.0,0.7620086776423934,10.189728749446369,matched,1,F0004,2025-11-19,덧씌우기,79.49476409493717,2,2025-03-01,6.63,-3.82,17.17,0.0,0.0,55.246,0
R00170,35.967938,126.816473,군산 데모도로,군산시,1384801.76,612246.21,0.442118307244208,14.853572251212228,matched,0,,,,,0,2025-07-14,24.936,18.29,33.05,18.48,0.0,60.984,0
R00546,35.570073,126.781282,정읍 데모도로,정읍시,845508.0,326882.92,0.3866112680187532,9.4307279162049,matched,0,,,,,0,2025-02-09,2.45,-4.02,10.55,10.98,0.0,64.322,0
R00414,35.416024,127.335612,남원 데모도로,남원시,670188.0,287953.6,0.4296609309626552,17.276260308101918,matched,0,,,,,0,2025-11-10,2.624,-6.08,9.83,0.0,0.0,52.818000000000005,0
R00251,35.952319,126.752702,군산 데모도로,군산시,1384801.76,612246.21,0.442118307244208,14.853572251212228,matched,0,,,,,0,2025-08-07,21.674,14.7,31.75,0.0,0.0,52.16799999999999,0
R00141,35.96754,126.675678,군산 데모도로,군산시,1384801.76,612246.21,0.442118307244208,14.853572251212228,matched,0,,,,,0,2025-12-30,2.59,-4.43,10.06,4.47,0.89,59.04600000000001,0
R00274,35.947598,126.881553,익산 데모도로,익산시,1404068.0,1069912.0,0.7620086776423934,10.189728749446369,matched,0,,,,,0,2025-01-06,-3.44,-12.24,8.59,0.0,0.0,55.672000000000004,0
R00416,35.415383,127.343861,남원 데모도로,남원시,670188.0,287953.6,0.4296609309626552,17.276260308101918,matched,0,,,,,0,2024-11-19,-0.8999999999999998,-8.41,7.25,22.86,0.0,64.65599999999999,0
R00608,35.612504,126.898103,정읍 데모도로,정읍시,845508.0,326882.92,0.3866112680187532,9.4307279162049,matched,1,F0019,2025-12-11,덧씌우기,66.54379000810414,2,2025-04-14,18.253999999999998,11.02,25.15,10.04,0.0,57.664,0
R00039,35.779927,127.10576,전주 데모도로,전주시,2081706.65,842.95,0.0004049321742811,7.742488395563824,matched,0,,,,,0,2025-03-11,8.968,2.23,16.13,22.860000000000003,0.0,68.592,0
R00029,35.82406,127.204213,전주 데모도로,전주시,2081706.65,842.95,0.0004049321742811,7.742488395563824,matched,0,,,,,0,2026-03-01,4.79,-2.33,15.12,9.56,0.0,53.82000000000001,0
R00477,35.336331,127.39122,남원 데모도로,남원시,670188.0,287953.6,0.4296609309626552,17.276260308101918,matched,0,,,,,0,2025-10-25,4.704,-4.92,11.69,0.0,0.0,65.934,0
R00318,35.929691,126.93936,익산 데모도로,익산시,1404068.0,1069912.0,0.7620086776423934,10.189728749446369,matched,0,,,,,0,2025-04-20,15.736,8.78,24.26,7.36,0.0,63.402,0
R00245,35.931662,126.771881,군산 데모도로,군산시,1384801.76,612246.21,0.442118307244208,14.853572251212228,matched,0,,,,,0,2025-07-01,22.082,15.09,29.14,8.23,0.0,60.0,1
R00272,36.024573,126.679591,군산 데모도로,군산시,1384801.76,612246.21,0.442118307244208,14.853572251212228,matched,0,,,,,0,2025-06-09,24.848000000000003,16.91,32.86,9.24,0.0,56.04200000000001,0
R00440,35.416161,127.460918,남원 데모도로,남원시,670188.0,287953.6,0.4296609309626552,17.276260308101918,matched,0,,,,,0,2026-05-20,21.113999999999997,9.98,30.27,12.93,0.0,60.498000000000005,0
R00239,35.911523,126.793331,군산 데모도로,군산시,1384801.76,612246.21,0.442118307244208,14.853572251212228,matched,0,,,,,0,2025-05-27,23.344,16.48,30.45,4.27,0.0,55.834,0
R00377,35.897537,127.008534,익산 데모도로,익산시,1404068.0,1069912.0,0.7620086776423934,10.189728749446369,matched,0,,,,,0,2024-09-04,16.5,9.17,23.7,9.05,0.0,62.562,0
R00266,36.004348,126.701511,군산 데모도로,군산시,1384801.76,612246.21,0.442118307244208,14.853572251212228,matched,0,,,,,0,2024-10-28,7.812,-0.24,14.74,45.330000000000005,0.0,66.476,0
R00359,35.955181,126.958504,익산 데모도로,익산시,1404068.0,1069912.0,0.7620086776423934,10.189728749446369,matched,0,,,,,0,2025-05-14,21.651999999999997,14.88,26.6,0.0,0.0,63.312,0
R00340,36.004894,127.013813,익산 데모도로,익산시,1404068.0,1069912.0,0.7620086776423934,10.189728749446369,matched,0,,,,,0,2025-07-09,24.966,19.0,31.05,50.85,0.0,57.85,1
R00389,35.938987,126.965408,익산 데모도로,익산시,1404068.0,1069912.0,0.7620086776423934,10.189728749446369,matched,0,,,,,0,2025-06-19,24.294,18.45,30.23,40.42,0.0,64.894,1
R00577,35.56953,126.93166,정읍 데모도로,정읍시,845508.0,326882.92,0.3866112680187532,9.4307279162049,matched,0,,,,,0,2025-11-12,3.5460000000000003,-4.43,11.62,0.0,0.0,60.428,0
R00003,35.824446,127.078537,전주 데모도로,전주시,2081706.65,842.95,0.0004049321742811,7.742488395563824,matched,1,F0025,2024-12-21,임시보수,74.05669924623368,1,2024-08-25,19.338,12.07,26.26,14.64,0.0,56.120000000000005,0
R00429,35.417596,127.406391,남원 데모도로,남원시,670188.0,287953.6,0.4296609309626552,17.276260308101918,matched,0,,,,,0,2025-06-28,24.554,19.32,31.53,26.47,0.0,61.314,0
R00142,35.969221,126.680535,군산 데모도로,군산시,1384801.76,612246.21,0.442118307244208,14.853572251212228,matched,0,,,,,0,2024-11-29,-0.95,-7.57,5.28,5.13,0.0,62.414,0
R00376,35.893913,127.009165,익산 데모도로,익산시,1404068.0,1069912.0,0.7620086776423934,10.189728749446369,matched,0,,,,,0,2025-02-27,7.167999999999999,1.77,12.96,14.46,0.0,59.970000000000006,0
R00670,35.591932,126.833874,정읍 데모도로,정읍시,845508.0,326882.92,0.3866112680187532,9.4307279162049,matched,0,,,,,0,2026-03-15,9.226,2.59,14.71,9.86,0.0,57.538,0
R00324,35.950586,126.958855,익산 데모도로,익산시,1404068.0,1069912.0,0.7620086776423934,10.189728749446369,matched,0,,,,,0,2026-01-29,2.5799999999999996,-8.55,11.1,18.8,3.07,65.388,1
R00146,35.968127,126.700955,군산 데모도로,군산시,1384801.76,612246.21,0.442118307244208,14.853572251212228,matched,0,,,,,0,2025-02-05,1.8780000000000001,-4.52,7.7,4.16,0.7,61.358000000000004,0
R00293,35.948796,126.974781,익산 데모도로,익산시,1404068.0,1069912.0,0.7620086776423934,10.189728749446369,matched,1,F0052,2025-12-11,덧씌우기,77.18968037390293,1,2026-02-06,4.4,-2.08,10.64,0.0,0.0,66.35,0
R00665,35.574607,126.85097,정읍 데모도로,정읍시,845508.0,326882.92,0.3866112680187532,9.4307279162049,matched,0,,,,,0,2025-04-26,18.098,11.22,27.08,6.75,0.0,48.751999999999995,0
R00432,35.416519,127.421833,남원 데모도로,남원시,670188.0,287953.6,0.4296609309626552,17.276260308101918,matched,0,,,,,0,2025-09-09,16.008,7.92,25.16,0.0,0.0,64.644,0
R00585,35.53322,126.820471,정읍 데모도로,정읍시,845508.0,326882.92,0.3866112680187532,9.4307279162049,matched,0,,,,,0,2025-03-13,7.814,-1.8,15.81,9.4,0.0,64.32000000000001,0
R00399,35.975401,126.933347,익산 데모도로,익산시,1404068.0,1069912.0,0.7620086776423934,10.189728749446369,matched,0,,,,,0,2026-02-10,3.6079999999999997,-2.81,9.52,0.0,0.0,55.001999999999995,0
R00344,35.881631,126.957415,익산 데모도로,익산시,1404068.0,1069912.0,0.7620086776423934,10.189728749446369,matched,0,,,,,0,2026-05-09,19.878,8.17,28.89,0.0,0.0,57.11,1
R00140,35.967178,126.671296,군산 데모도로,군산시,1384801.76,612246.21,0.442118307244208,14.853572251212228,matched,0,,,,,0,2025-10-08,9.548,1.74,18.31,5.89,0.0,58.342000000000006,0
R00187,35.965956,126.734873,군산 데모도로,군산시,1384801.76,612246.21,0.442118307244208,14.853572251212228,matched,1,F0011,2024-03-26,임시보수,187.10632243644343,1,2025-09-02,13.280000000000001,4.24,20.28,0.0,0.0,54.022000000000006,0
R00061,35.856379,127.180453,전주 데모도로,전주시,2081706.65,842.95,0.0004049321742811,7.742488395563824,matched,0,,,,,0,2025-01-09,-1.1960000000000002,-8.05,8.12,21.32,0.05,64.042,0
R00380,35.908842,126.998177,익산 데모도로,익산시,1404068.0,1069912.0,0.7620086776423934,10.189728749446369,matched,0,,,,,0,2024-09-12,13.907999999999998,2.89,22.31,11.27,0.0,69.30799999999999,0
R00440,35.416161,127.460918,남원 데모도로,남원시,670188.0,287953.6,0.4296609309626552,17.276260308101918,matched,0,,,,,0,2026-06-17,27.778,20.79,35.48,24.11,0.0,64.8,0
R00319,35.932404,126.941022,익산 데모도로,익산시,1404068.0,1069912.0,0.7620086776423934,10.189728749446369,matched,1,F0072,2025-06-12,임시보수,23.032660345809123,1,2024-10-30,5.9159999999999995,-2.85,15.7,12.5,0.0,65.576,0
R00302,35.947529,127.017443,익산 데모도로,익산시,1404068.0,1069912.0,0.7620086776423934,10.189728749446369,matched,0,,,,,0,2026-05-12,22.22,14.5,31.08,2.09,0.0,55.77,0
R00344,35.881631,126.957415,익산 데모도로,익산시,1404068.0,1069912.0,0.7620086776423934,10.189728749446369,matched,0,,,,,0,2024-11-19,-0.8999999999999998,-8.41,7.25,22.86,0.0,64.65599999999999,0
R00011,35.824282,127.116859,전주 데모도로,전주시,2081706.65,842.95,0.0004049321742811,7.742488395563824,matched,1,F0054,2024-09-07,상온아스콘,47.77544131531806,1,2026-01-05,-2.63,-9.58,3.28,0.0,0.62,48.93,0
R00062,35.860978,127.183322,전주 데모도로,전주시,2081706.65,842.95,0.0004049321742811,7.742488395563824,matched,0,,,,,0,2026-04-08,16.108,9.1,22.39,0.0,0.0,59.3,0
R00226,35.989253,126.735337,군산 데모도로,군산시,1384801.76,612246.21,0.442118307244208,14.853572251212228,matched,0,,,,,0,2025-07-20,23.842000000000002,15.3,30.98,14.88,0.0,66.90799999999999,0
R00153,35.96705,126.73437,군산 데모도로,군산시,1384801.76,612246.21,0.442118307244208,14.853572251212228,matched,1,F0011,2024-03-26,임시보수,271.61629231644616,1,2025-10-17,8.22,1.27,16.94,0.0,0.0,65.878,0
R00564,35.570503,126.868176,정읍 데모도로,정읍시,845508.0,326882.92,0.3866112680187532,9.4307279162049,matched,0,,,,,0,2025-12-30,2.59,-4.43,10.06,4.47,0.89,59.04600000000001,0
R00571,35.569671,126.90093,정읍 데모도로,정읍시,845508.0,326882.92,0.3866112680187532,9.4307279162049,matched,0,,,,,0,2025-08-17,21.024,14.48,27.32,6.23,0.0,59.215999999999994,0
R00584,35.53106,126.815246,정읍 데모도로,정읍시,845508.0,326882.92,0.3866112680187532,9.4307279162049,matched,0,,,,,0,2026-05-10,19.828,11.73,24.72,0.0,0.0,51.215999999999994,0
R00660,35.557868,126.868173,정읍 데모도로,정읍시,845508.0,326882.92,0.3866112680187532,9.4307279162049,matched,1,F0078,2024-04-02,상온아스콘,104.19575292623712,1,2025-03-05,6.0440000000000005,-1.02,12.7,0.0,0.0,57.779999999999994,0
R00575,35.570003,126.92076,정읍 데모도로,정읍시,845508.0,326882.92,0.3866112680187532,9.4307279162049,matched,0,,,,,0,2026-08-06,21.872,15.31,28.89,42.2,0.0,65.336,0
R00310,35.902187,126.909986,익산 데모도로,익산시,1404068.0,1069912.0,0.7620086776423934,10.189728749446369,matched,0,,,,,0,2025-10-05,7.432,0.94,14.46,0.0,0.0,57.17999999999999,0
R00243,35.925042,126.779721,군산 데모도로,군산시,1384801.76,612246.21,0.442118307244208,14.853572251212228,matched,0,,,,,0,2025-07-23,23.36,16.25,30.22,10.51,0.0,57.06,0
R00493,35.414523,127.390643,남원 데모도로,남원시,670188.0,287953.6,0.4296609309626552,17.276260308101918,matched,0,,,,,0,2026-06-08,25.612000000000002,19.68,32.31,30.86,0.0,53.616,0
R00366,35.990372,126.95845,익산 데모도로,익산시,1404068.0,1069912.0,0.7620086776423934,10.189728749446369,matched,0,,,,,0,2025-10-21,6.074,-1.59,12.75,27.66,0.0,64.19,1
R00330,35.969842,126.979209,익산 데모도로,익산시,1404068.0,1069912.0,0.7620086776423934,10.189728749446369,matched,0,,,,,0,2025-01-04,-1.258,-7.23,5.2,0.0,0.56,59.724000000000004,0
R00107,35.781744,127.189963,전주 데모도로,전주시,2081706.65,842.95,0.0004049321742811,7.742488395563824,matched,0,,,,,0,2026-07-12,25.818,17.15,31.85,0.0,0.0,53.062,0
R00226,35.989253,126.735337,군산 데모도로,군산시,1384801.76,612246.21,0.442118307244208,14.853572251212228,matched,0,,,,,0,2026-02-11,3.158,-6.96,13.41,0.0,1.43,55.152,0
R00218,35.950727,126.736954,군산 데모도로,군산시,1384801.76,612246.21,0.442118307244208,14.853572251212228,matched,0,,,,,0,2024-10-14,8.474,2.87,19.67,11.629999999999999,0.0,65.94200000000001,0
R00506,35.476204,127.390266,남원 데모도로,남원시,670188.0,287953.6,0.4296609309626552,17.276260308101918,matched,0,,,,,0,2025-04-07,16.77,11.21,22.55,10.44,0.0,65.362,0
R00259,35.978728,126.724062,군산 데모도로,군산시,1384801.76,612246.21,0.442118307244208,14.853572251212228,matched,0,,,,,0,2026-06-07,23.933999999999997,17.64,30.17,33.68,0.0,62.214,1
R00517,35.380783,127.424563,남원 데모도로,남원시,670188.0,287953.6,0.4296609309626552,17.276260308101918,matched,0,,,,,0,2025-10-27,5.132,-2.19,13.42,0.0,0.0,61.86800000000001,0
R00054,35.833718,127.15628,전주 데모도로,전주시,2081706.65,842.95,0.0004049321742811,7.742488395563824,matched,0,,,,,0,2025-09-06,15.968,4.45,22.74,9.15,0.0,59.016,0
R00047,35.809363,127.132389,전주 데모도로,전주시,2081706.65,842.95,0.0004049321742811,7.742488395563824,matched,0,,,,,0,2026-03-01,4.79,-2.33,15.12,9.56,0.0,53.82000000000001,0
R00521,35.394619,127.412143,남원 데모도로,남원시,670188.0,287953.6,0.4296609309626552,17.276260308101918,matched,0,,,,,0,2025-02-28,8.203999999999999,0.94,14.75,39.31,0.0,56.872,0
R00099,35.890533,127.148617,전주 데모도로,전주시,2081706.65,842.95,0.0004049321742811,7.742488395563824,matched,0,,,,,0,2026-05-28,23.846,15.86,31.94,0.0,0.0,54.705999999999996,0
R00020,35.824556,127.161415,전주 데모도로,전주시,2081706.65,842.95,0.0004049321742811,7.742488395563824,matched,0,,,,,0,2026-02-03,2.958,-2.93,8.73,3.97,0.27,59.510000000000005,0
R00573,35.570077,126.911682,정읍 데모도로,정읍시,845508.0,326882.92,0.3866112680187532,9.4307279162049,matched,0,,,,,0,2026-01-18,0.01200000000000001,-6.47,6.93,12.73,0.79,71.02000000000001,0
R00490,35.399475,127.389946,남원 데모도로,남원시,670188.0,287953.6,0.4296609309626552,17.276260308101918,matched,0,,,,,0,2026-08-04,22.424,16.15,30.38,7.57,0.0,58.874,0
R00419,35.416927,127.35934,남원 데모도로,남원시,670188.0,287953.6,0.4296609309626552,17.276260308101918,matched,0,,,,,0,2025-02-19,4.736,-1.42,10.85,17.86,0.67,55.366,0
R00062,35.860978,127.183322,전주 데모도로,전주시,2081706.65,842.95,0.0004049321742811,7.742488395563824,matched,0,,,,,0,2025-06-06,24.398,16.1,30.58,1.58,0.0,55.260000000000005,0
R00145,35.966917,126.695091,군산 데모도로,군산시,1384801.76,612246.21,0.442118307244208,14.853572251212228,matched,0,,,,,0,2025-07-19,23.782,17.82,28.88,23.759999999999998,0.0,65.376,0
R00216,35.941799,126.73834,군산 데모도로,군산시,1384801.76,612246.21,0.442118307244208,14.853572251212228,matched,0,,,,,0,2024-12-12,0.162,-5.05,6.16,12.64,0.08,55.322,0
R00003,35.824446,127.078537,전주 데모도로,전주시,2081706.65,842.95,0.0004049321742811,7.742488395563824,matched,1,F0025,2024-12-21,임시보수,74.05669924623368,1,2024-10-06,9.98,4.46,16.79,14.09,0.0,67.586,0
R00160,35.967518,126.766635,군산 데모도로,군산시,1384801.76,612246.21,0.442118307244208,14.853572251212228,matched,0,,,,,0,2026-07-04,25.018,18.6,30.48,0.0,0.0,62.176,0
R00120,35.825854,127.146328,전주 데모도로,전주시,2081706.65,842.95,0.0004049321742811,7.742488395563824,matched,0,,,,,0,2024-11-08,2.81,-4.62,8.95,5.33,0.0,62.306000000000004,0
R00089,35.841654,127.148283,전주 데모도로,전주시,2081706.65,842.95,0.0004049321742811,7.742488395563824,matched,0,,,,,0,2025-07-17,22.740000000000002,14.63,29.17,0.0,0.0,59.152,0
R00329,35.967248,126.97747,익산 데모도로,익산시,1404068.0,1069912.0,0.7620086776423934,10.189728749446369,matched,0,,,,,0,2026-02-26,4.828,-1.55,11.79,0.0,0.0,57.912,1
R00580,35.517298,126.803773,정읍 데모도로,정읍시,845508.0,326882.92,0.3866112680187532,9.4307279162049,matched,0,,,,,0,2025-07-19,23.782,17.82,28.88,23.759999999999998,0.0,65.376,0
R00357,35.945171,126.956855,익산 데모도로,익산시,1404068.0,1069912.0,0.7620086776423934,10.189728749446369,matched,1,F0051,2025-03-31,덧씌우기,79.51234609783661,1,2026-02-01,3.7039999999999997,-2.28,12.23,5.17,3.5799999999999996,51.63199999999999,0
R00610,35.619172,126.905011,정읍 데모도로,정읍시,845508.0,326882.92,0.3866112680187532,9.4307279162049,matched,0,,,,,0,2025-03-27,11.866,2.0,20.07,0.0,0.0,48.218,0
R00267,36.007361,126.697422,군산 데모도로,군산시,1384801.76,612246.21,0.442118307244208,14.853572251212228,matched,0,,,,,0,2026-05-15,22.898000000000003,14.65,30.02,16.05,0.0,57.394000000000005,0
R00617,35.509753,126.856622,정읍 데모도로,정읍시,845508.0,326882.92,0.3866112680187532,9.4307279162049,matched,0,,,,,0,2025-07-07,25.380000000000003,17.88,33.01,7.96,0.0,54.038,0
R00323,35.94691,126.956026,익산 데모도로,익산시,1404068.0,1069912.0,0.7620086776423934,10.189728749446369,matched,1,F0051,2025-03-31,덧씌우기,282.78321484119584,1,2024-08-21,19.701999999999998,11.62,26.07,8.58,0.0,61.91799999999999,0
R00635,35.595713,126.856561,정읍 데모도로,정읍시,845508.0,326882.92,0.3866112680187532,9.4307279162049,matched,0,,,,,0,2026-07-13,24.282,16.56,32.17,8.92,0.0,53.57000000000001,0
R00541,35.461847,127.343834,남원 데모도로,남원시,670188.0,287953.6,0.4296609309626552,17.276260308101918,matched,0,,,,,0,2025-03-12,8.458,-0.23,15.93,0.0,0.0,47.730000000000004,0
R00649,35.519548,126.904147,정읍 데모도로,정읍시,845508.0,326882.92,0.3866112680187532,9.4307279162049,matched,0,,,,,0,2024-09-27,11.892,5.46,21.33,27.39,0.0,63.839999999999996,0
R00195,35.995053,126.762328,군산 데모도로,군산시,1384801.76,612246.21,0.442118307244208,14.853572251212228,matched,0,,,,,0,2024-10-16,8.306000000000001,-0.0,15.46,5.87,0.0,59.998000000000005,0
R00332,35.976972,126.987128,익산 데모도로,익산시,1404068.0,1069912.0,0.7620086776423934,10.189728749446369,matched,0,,,,,0,2026-03-15,9.226,2.59,14.71,9.86,0.0,57.538,0
R00170,35.967938,126.816473,군산 데모도로,군산시,1384801.76,612246.21,0.442118307244208,14.853572251212228,matched,0,,,,,0,2026-05-24,21.72,16.17,27.72,12.99,0.0,59.709999999999994,0
R00521,35.394619,127.412143,남원 데모도로,남원시,670188.0,287953.6,0.4296609309626552,17.276260308101918,matched,0,,,,,0,2026-01-07,-0.3499999999999999,-10.93,7.3,9.62,0.0,55.428,0
R00463,35.428076,127.402758,남원 데모도로,남원시,670188.0,287953.6,0.4296609309626552,17.276260308101918,matched,0,,,,,0,2026-03-13,9.219999999999999,1.58,15.59,0.49,0.0,51.29600000000001,0
R00040,35.785713,127.108003,전주 데모도로,전주시,2081706.65,842.95,0.0004049321742811,7.742488395563824,matched,0,,,,,0,2024-12-18,1.4620000000000002,-5.45,10.04,3.67,0.0,53.288,0
R00537,35.449099,127.358081,남원 데모도로,남원시,670188.0,287953.6,0.4296609309626552,17.276260308101918,matched,0,,,,,0,2025-12-10,0.708,-5.18,7.83,0.0,3.3000000000000003,55.46600000000001,0
R00261,35.988141,126.717713,군산 데모도로,군산시,1384801.76,612246.21,0.442118307244208,14.853572251212228,matched,1,F0010,2025-01-17,임시보수,89.25965130574198,2,2026-04-29,17.766,8.84,27.03,5.23,0.0,58.128,0
R00395,35.961463,126.944843,익산 데모도로,익산시,1404068.0,1069912.0,0.7620086776423934,10.189728749446369,matched,0,,,,,0,2024-11-22,1.374,-6.14,10.6,0.65,0.0,58.25599999999999,0
R00226,35.989253,126.735337,군산 데모도로,군산시,1384801.76,612246.21,0.442118307244208,14.853572251212228,matched,0,,,,,0,2025-10-06,9.724,1.46,18.32,11.07,0.0,51.720000000000006,0
R00124,35.839379,127.13237,전주 데모도로,전주시,2081706.65,842.95,0.0004049321742811,7.742488395563824,matched,0,,,,,0,2025-04-10,14.813999999999998,2.4,22.94,8.9,0.0,61.484,0
R00038,35.778085,127.100754,전주 데모도로,전주시,2081706.65,842.95,0.0004049321742811,7.742488395563824,matched,0,,,,,0,2024-10-19,7.172,-3.18,19.34,6.86,0.0,64.328,0
R00328,35.964288,126.973395,익산 데모도로,익산시,1404068.0,1069912.0,0.7620086776423934,10.189728749446369,matched,0,,,,,0,2025-05-01,18.458,12.28,27.41,0.0,0.0,54.57000000000001,0
R00251,35.952319,126.752702,군산 데모도로,군산시,1384801.76,612246.21,0.442118307244208,14.853572251212228,matched,0,,,,,0,2026-03-02,6.517999999999999,0.26,12.71,1.12,0.0,58.474000000000004,0
R00176,35.927913,126.697188,군산 데모도로,군산시,1384801.76,612246.21,0.442118307244208,14.853572251212228,matched,0,,,,,0,2025-08-01,22.436,16.65,28.49,2.4,0.0,61.91799999999999,0
R00602,35.591617,126.876758,정읍 데모도로,정읍시,845508.0,326882.92,0.3866112680187532,9.4307279162049,matched,0,,,,,0,2026-06-20,26.538,20.34,33.39,4.55,0.0,58.988,0
R00454,35.396343,127.371362,남원 데모도로,남원시,670188.0,287953.6,0.4296609309626552,17.276260308101918,matched,0,,,,,0,2024-12-20,-0.5119999999999999,-6.69,8.11,0.0,0.0,54.342,0
R00037,35.775645,127.09899,전주 데모도로,전주시,2081706.65,842.95,0.0004049321742811,7.742488395563824,matched,0,,,,,0,2025-12-13,-0.93,-7.26,7.04,0.0,0.82,55.996,0
R00316,35.921075,126.932087,익산 데모도로,익산시,1404068.0,1069912.0,0.7620086776423934,10.189728749446369,matched,0,,,,,0,2025-07-01,22.082,15.09,29.14,8.23,0.0,60.0,1
R00593,35.560644,126.84654,정읍 데모도로,정읍시,845508.0,326882.92,0.3866112680187532,9.4307279162049,matched,0,,,,,0,2026-01-04,-0.6399999999999999,-8.98,9.29,0.0,0.07,63.370000000000005,0
R00114,35.806461,127.166725,전주 데모도로,전주시,2081706.65,842.95,0.0004049321742811,7.742488395563824,matched,0,,,,,0,2026-08-07,21.924,14.87,29.43,10.29,0.0,51.58200000000001,0
R00040,35.785713,127.108003,전주 데모도로,전주시,2081706.65,842.95,0.0004049321742811,7.742488395563824,matched,0,,,,,0,2024-10-05,10.366,1.79,18.6,11.58,0.0,54.39,0
R00301,35.948673,127.013247,익산 데모도로,익산시,1404068.0,1069912.0,0.7620086776423934,10.189728749446369,matched,0,,,,,0,2025-10-01,9.83,2.62,16.97,39.05,0.0,70.944,1
R00224,35.980116,126.737311,군산 데모도로,군산시,1384801.76,612246.21,0.442118307244208,14.853572251212228,matched,1,F0062,2024-05-21,상온아스콘,46.28867242259897,2,2025-01-01,-1.8240000000000003,-9.51,3.0,3.56,1.02,51.948,0
R00318,35.929691,126.93936,익산 데모도로,익산시,1404068.0,1069912.0,0.7620086776423934,10.189728749446369,matched,0,,,,,0,2025-03-07,6.906000000000001,-0.44,14.27,0.0,0.0,62.662,0
R00349,35.907068,126.957013,익산 데모도로,익산시,1404068.0,1069912.0,0.7620086776423934,10.189728749446369,matched,0,,,,,0,2025-04-25,17.694,9.42,23.75,0.0,0.0,54.251999999999995,0
R00115,35.809502,127.16284,전주 데모도로,전주시,2081706.65,842.95,0.0004049321742811,7.742488395563824,matched,0,,,,,0,2025-06-28,24.554,19.32,31.53,26.47,0.0,61.314,0
R00323,35.94691,126.956026,익산 데모도로,익산시,1404068.0,1069912.0,0.7620086776423934,10.189728749446369,matched,1,F0051,2025-03-31,덧씌우기,282.78321484119584,1,2025-08-21,18.954,12.75,24.58,14.66,0.0,63.628,1
R00568,35.570838,126.886324,정읍 데모도로,정읍시,845508.0,326882.92,0.3866112680187532,9.4307279162049,matched,0,,,,,0,2025-10-21,6.074,-1.59,12.75,27.66,0.0,64.19,0
R00040,35.785713,127.108003,전주 데모도로,전주시,2081706.65,842.95,0.0004049321742811,7.742488395563824,matched,0,,,,,0,2025-12-11,-1.048,-11.07,8.27,0.02,0.96,53.83,0
R00040,35.785713,127.108003,전주 데모도로,전주시,2081706.65,842.95,0.0004049321742811,7.742488395563824,matched,0,,,,,0,2025-06-28,24.554,19.32,31.53,26.47,0.0,61.314,0
R00289,35.947722,126.954865,익산 데모도로,익산시,1404068.0,1069912.0,0.7620086776423934,10.189728749446369,matched,0,,,,,0,2025-12-31,0.43999999999999995,-7.07,7.5,44.95,2.01,66.624,1
R00262,35.990055,126.714701,군산 데모도로,군산시,1384801.76,612246.21,0.442118307244208,14.853572251212228,matched,0,,,,,0,2026-08-09,20.036,14.89,24.7,11.07,0.0,63.336,0
R00216,35.941799,126.73834,군산 데모도로,군산시,1384801.76,612246.21,0.442118307244208,14.853572251212228,matched,0,,,,,0,2025-08-08,21.816,14.78,26.98,18.26,0.0,63.507999999999996,0
R00147,35.967717,126.705126,군산 데모도로,군산시,1384801.76,612246.21,0.442118307244208,14.853572251212228,matched,0,,,,,0,2025-12-16,-0.8019999999999999,-6.99,5.8,0.0,3.97,65.644,0
R00336,35.990952,127.00024,익산 데모도로,익산시,1404068.0,1069912.0,0.7620086776423934,10.189728749446369,matched,0,,,,,0,2025-03-17,9.782,0.19,17.48,4.09,0.0,56.424,0
R00168,35.968797,126.806176,군산 데모도로,군산시,1384801.76,612246.21,0.442118307244208,14.853572251212228,matched,0,,,,,0,2026-07-23,23.1,16.23,31.38,14.530000000000001,0.0,59.636,0
R00092,35.855794,127.148422,전주 데모도로,전주시,2081706.65,842.95,0.0004049321742811,7.742488395563824,matched,0,,,,,0,2024-10-01,10.328,1.06,17.39,17.25,0.0,64.09400000000001,0
R00353,35.925207,126.957762,익산 데모도로,익산시,1404068.0,1069912.0,0.7620086776423934,10.189728749446369,matched,0,,,,,0,2026-02-10,3.6079999999999997,-2.81,9.52,0.0,0.0,55.001999999999995,0
R00571,35.569671,126.90093,정읍 데모도로,정읍시,845508.0,326882.92,0.3866112680187532,9.4307279162049,matched,0,,,,,0,2026-03-12,8.274000000000001,2.27,17.29,48.99,0.0,66.502,1
R00571,35.569671,126.90093,정읍 데모도로,정읍시,845508.0,326882.92,0.3866112680187532,9.4307279162049,matched,0,,,,,0,2026-03-24,10.15,2.93,18.9,16.65,0.0,62.924,0
R00363,35.976012,126.95682,익산 데모도로,익산시,1404068.0,1069912.0,0.7620086776423934,10.189728749446369,matched,0,,,,,0,2024-11-18,2.346,-3.69,8.57,15.21,0.0,53.36,1
R00557,35.569388,126.835449,정읍 데모도로,정읍시,845508.0,326882.92,0.3866112680187532,9.4307279162049,matched,0,,,,,0,2025-05-10,18.922,10.49,27.24,7.9,0.0,59.814,0
R00345,35.888643,126.958921,익산 데모도로,익산시,1404068.0,1069912.0,0.7620086776423934,10.189728749446369,matched,0,,,,,0,2025-03-26,10.947999999999999,2.99,17.69,7.04,0.0,61.0,0
R00170,35.967938,126.816473,군산 데모도로,군산시,1384801.76,612246.21,0.442118307244208,14.853572251212228,matched,0,,,,,0,2025-11-03,3.3760000000000003,-3.67,11.33,0.0,0.0,56.510000000000005,0
R00356,35.941704,126.957964,익산 데모도로,익산시,1404068.0,1069912.0,0.7620086776423934,10.189728749446369,matched,0,,,,,0,2025-09-23,12.628,7.12,21.28,8.24,0.0,57.934000000000005,1
R00191,35.978885,126.748397,군산 데모도로,군산시,1384801.76,612246.21,0.442118307244208,14.853572251212228,matched,0,,,,,0,2025-09-22,12.726000000000003,3.78,23.63,12.39,0.0,53.54600000000001,0
R00667,35.58254,126.844193,정읍 데모도로,정읍시,845508.0,326882.92,0.3866112680187532,9.4307279162049,matched,0,,,,,0,2026-08-15,22.642000000000003,15.13,30.29,0.0,0.0,57.614,0
R00422,35.415203,127.373522,남원 데모도로,남원시,670188.0,287953.6,0.4296609309626552,17.276260308101918,matched,0,,,,,0,2026-03-17,9.394,1.37,14.97,2.19,0.0,61.4,0
R00007,35.824622,127.0969,전주 데모도로,전주시,2081706.65,842.95,0.0004049321742811,7.742488395563824,matched,0,,,,,0,2025-12-21,-1.018,-7.61,4.98,15.18,2.32,59.025999999999996,0
R00133,35.869658,127.101812,전주 데모도로,전주시,2081706.65,842.95,0.0004049321742811,7.742488395563824,matched,0,,,,,0,2025-12-16,-0.8019999999999999,-6.99,5.8,0.0,3.97,65.644,0
R00557,35.569388,126.835449,정읍 데모도로,정읍시,845508.0,326882.92,0.3866112680187532,9.4307279162049,matched,0,,,,,0,2025-12-01,1.176,-5.76,7.94,6.26,3.19,64.35799999999999,0
R00031,35.823656,127.213669,전주 데모도로,전주시,2081706.65,842.95,0.0004049321742811,7.742488395563824,matched,0,,,,,0,2026-03-15,9.226,2.59,14.71,9.86,0.0,57.538,0
R00535,35.442279,127.365261,남원 데모도로,남원시,670188.0,287953.6,0.4296609309626552,17.276260308101918,matched,0,,,,,0,2026-07-01,26.006,19.85,33.59,30.97,0.0,60.984,0
R00426,35.416468,127.393247,남원 데모도로,남원시,670188.0,287953.6,0.4296609309626552,17.276260308101918,matched,0,,,,,0,2025-11-06,3.554,-6.12,10.09,0.0,0.0,59.862,0
R00394,35.957479,126.949461,익산 데모도로,익산시,1404068.0,1069912.0,0.7620086776423934,10.189728749446369,matched,0,,,,,0,2025-05-14,21.651999999999997,14.88,26.6,0.0,0.0,63.312,0
R00672,35.599161,126.826231,정읍 데모도로,정읍시,845508.0,326882.92,0.3866112680187532,9.4307279162049,matched,1,F0034,2025-09-20,임시보수,118.8733200867511,1,2025-05-12,21.285999999999998,15.36,28.48,28.93,0.0,61.802,0
R00363,35.976012,126.95682,익산 데모도로,익산시,1404068.0,1069912.0,0.7620086776423934,10.189728749446369,matched,0,,,,,0,2024-10-11,7.703999999999999,-1.21,15.13,3.73,0.0,63.726,1
R00437,35.417432,127.445895,남원 데모도로,남원시,670188.0,287953.6,0.4296609309626552,17.276260308101918,matched,0,,,,,0,2026-01-28,0.9039999999999999,-7.19,9.15,13.78,3.7399999999999998,54.596000000000004,0
R00670,35.591932,126.833874,정읍 데모도로,정읍시,845508.0,326882.92,0.3866112680187532,9.4307279162049,matched,0,,,,,0,2026-01-20,0.16400000000000015,-7.67,10.85,0.0,2.38,57.918000000000006,0
R00551,35.570304,126.804958,정읍 데모도로,정읍시,845508.0,326882.92,0.3866112680187532,9.4307279162049,matched,0,,,,,0,2026-04-26,18.728,11.47,27.23,2.98,0.0,52.874,0
R00082,35.806953,127.148901,전주 데모도로,전주시,2081706.65,842.95,0.0004049321742811,7.742488395563824,matched,0,,,,,0,2024-10-16,8.306000000000001,-0.0,15.46,5.87,0.0,59.998000000000005,0
R00356,35.941704,126.957964,익산 데모도로,익산시,1404068.0,1069912.0,0.7620086776423934,10.189728749446369,matched,0,,,,,0,2024-09-27,11.892,5.46,21.33,27.39,0.0,63.839999999999996,1
R00258,35.976324,126.729322,군산 데모도로,군산시,1384801.76,612246.21,0.442118307244208,14.853572251212228,matched,0,,,,,0,2025-04-12,17.21,9.34,25.73,0.0,0.0,58.996,0
R00589,35.548228,126.834922,정읍 데모도로,정읍시,845508.0,326882.92,0.3866112680187532,9.4307279162049,matched,0,,,,,0,2025-09-08,16.094,6.56,23.98,6.56,0.0,61.438,0
R00524,35.405344,127.401345,남원 데모도로,남원시,670188.0,287953.6,0.4296609309626552,17.276260308101918,matched,0,,,,,0,2026-04-16,16.368000000000002,6.9,24.12,28.09,0.0,64.22999999999999,0
R00295,35.949822,126.983505,익산 데모도로,익산시,1404068.0,1069912.0,0.7620086776423934,10.189728749446369,matched,0,,,,,0,2026-08-04,22.424,16.15,30.38,7.57,0.0,58.874,0
R00224,35.980116,126.737311,군산 데모도로,군산시,1384801.76,612246.21,0.442118307244208,14.853572251212228,matched,1,F0062,2024-05-21,상온아스콘,46.28867242259897,2,2026-05-30,25.268,18.22,34.47,0.0,0.0,51.824,0
R00525,35.407591,127.398556,남원 데모도로,남원시,670188.0,287953.6,0.4296609309626552,17.276260308101918,matched,0,,,,,0,2025-06-14,25.184,17.46,32.24,3.45,0.0,56.339999999999996,0
R00046,35.805234,127.129248,전주 데모도로,전주시,2081706.65,842.95,0.0004049321742811,7.742488395563824,matched,0,,,,,0,2025-09-17,14.122,7.99,20.77,3.63,0.0,59.80800000000001,0
R00667,35.58254,126.844193,정읍 데모도로,정읍시,845508.0,326882.92,0.3866112680187532,9.4307279162049,matched,0,,,,,0,2025-03-13,7.814,-1.8,15.81,9.4,0.0,64.32000000000001,0
R00113,35.80096,127.170589,전주 데모도로,전주시,2081706.65,842.95,0.0004049321742811,7.742488395563824,matched,0,,,,,0,2025-07-20,23.842000000000002,15.3,30.98,14.88,0.0,66.90799999999999,0
R00233,36.02333,126.735904,군산 데모도로,군산시,1384801.76,612246.21,0.442118307244208,14.853572251212228,matched,0,,,,,0,2026-04-03,14.99,7.87,21.12,23.03,0.0,65.524,0
R00017,35.824821,127.145805,전주 데모도로,전주시,2081706.65,842.95,0.0004049321742811,7.742488395563824,matched,0,,,,,0,2026-01-14,0.8400000000000001,-6.21,6.82,17.72,0.0,68.096,0
R00360,35.960141,126.956274,익산 데모도로,익산시,1404068.0,1069912.0,0.7620086776423934,10.189728749446369,matched,0,,,,,0,2025-02-12,2.354,-4.34,8.76,1.21,0.0,54.29600000000001,1
R00223,35.975607,126.737077,군산 데모도로,군산시,1384801.76,612246.21,0.442118307244208,14.853572251212228,matched,0,,,,,0,2025-09-18,14.163999999999998,8.51,19.49,7.54,0.0,60.032,0
R00448,35.377135,127.35095,남원 데모도로,남원시,670188.0,287953.6,0.4296609309626552,17.276260308101918,matched,0,,,,,0,2025-08-24,19.706,12.29,29.89,7.91,0.0,49.506,0
R00365,35.983286,126.957562,익산 데모도로,익산시,1404068.0,1069912.0,0.7620086776423934,10.189728749446369,matched,0,,,,,0,2026-06-07,23.933999999999997,17.64,30.17,33.68,0.0,62.214,1
R00675,35.608788,126.81545,정읍 데모도로,정읍시,845508.0,326882.92,0.3866112680187532,9.4307279162049,matched,0,,,,,0,2025-07-02,24.726,18.16,31.21,18.169999999999998,0.0,63.05999999999999,0
R00326,35.956457,126.964735,익산 데모도로,익산시,1404068.0,1069912.0,0.7620086776423934,10.189728749446369,matched,0,,,,,0,2025-08-22,17.246000000000002,9.97,22.92,42.76,0.0,60.166,1
R00467,35.442511,127.416527,남원 데모도로,남원시,670188.0,287953.6,0.4296609309626552,17.276260308101918,matched,0,,,,,0,2025-09-06,15.968,4.45,22.74,9.15,0.0,59.016,0
R00414,35.416024,127.335612,남원 데모도로,남원시,670188.0,287953.6,0.4296609309626552,17.276260308101918,matched,0,,,,,0,2024-10-19,7.172,-3.18,19.34,6.86,0.0,64.328,0
R00455,35.401253,127.375306,남원 데모도로,남원시,670188.0,287953.6,0.4296609309626552,17.276260308101918,matched,0,,,,,0,2026-01-05,-2.63,-9.58,3.28,0.0,0.62,48.93,0
R00586,35.537717,126.822689,정읍 데모도로,정읍시,845508.0,326882.92,0.3866112680187532,9.4307279162049,matched,0,,,,,0,2025-04-14,18.253999999999998,11.02,25.15,10.04,0.0,57.664,0
R00233,36.02333,126.735904,군산 데모도로,군산시,1384801.76,612246.21,0.442118307244208,14.853572251212228,matched,0,,,,,0,2025-03-01,6.63,-3.82,17.17,0.0,0.0,55.246,0
R00224,35.980116,126.737311,군산 데모도로,군산시,1384801.76,612246.21,0.442118307244208,14.853572251212228,matched,1,F0062,2024-05-21,상온아스콘,46.28867242259897,2,2026-06-27,25.292,18.55,31.57,11.09,0.0,56.998000000000005,0
R00412,35.416994,127.325639,남원 데모도로,남원시,670188.0,287953.6,0.4296609309626552,17.276260308101918,matched,0,,,,,0,2025-03-28,11.434000000000001,3.0,19.05,0.0,0.0,55.422000000000004,0
R00572,35.569716,126.907516,정읍 데모도로,정읍시,845508.0,326882.92,0.3866112680187532,9.4307279162049,matched,0,,,,,0,2024-10-18,6.254,-1.36,13.18,0.0,0.0,60.624,0
R00335,35.987871,126.998088,익산 데모도로,익산시,1404068.0,1069912.0,0.7620086776423934,10.189728749446369,matched,1,F0003,2025-03-05,상온아스콘,20.06007090848022,2,2024-12-25,-0.20199999999999996,-6.3,5.51,0.0,0.0,65.62,0
R00222,35.970253,126.736466,군산 데모도로,군산시,1384801.76,612246.21,0.442118307244208,14.853572251212228,matched,0,,,,,0,2026-07-04,25.018,18.6,30.48,0.0,0.0,62.176,0
R00037,35.775645,127.09899,전주 데모도로,전주시,2081706.65,842.95,0.0004049321742811,7.742488395563824,matched,0,,,,,0,2025-01-21,1.6039999999999999,-5.23,11.77,0.0,0.32,57.94,0
R00278,35.949426,126.9025,익산 데모도로,익산시,1404068.0,1069912.0,0.7620086776423934,10.189728749446369,matched,0,,,,,0,2025-08-31,15.608,8.49,24.9,0.0,0.0,58.384,0
R00196,35.997577,126.765335,군산 데모도로,군산시,1384801.76,612246.21,0.442118307244208,14.853572251212228,matched,0,,,,,0,2026-05-02,20.786,14.57,27.23,14.36,0.0,54.462,0
R00484,35.371566,127.390788,남원 데모도로,남원시,670188.0,287953.6,0.4296609309626552,17.276260308101918,matched,0,,,,,0,2026-03-27,11.57,5.76,17.86,0.0,0.0,56.918000000000006,0
R00242,35.921216,126.78377,군산 데모도로,군산시,1384801.76,612246.21,0.442118307244208,14.853572251212228,matched,0,,,,,0,2025-10-29,5.837999999999999,-4.44,14.51,30.669999999999998,0.0,63.842,0
R00324,35.950586,126.958855,익산 데모도로,익산시,1404068.0,1069912.0,0.7620086776423934,10.189728749446369,matched,0,,,,,0,2025-03-13,7.814,-1.8,15.81,9.4,0.0,64.32000000000001,1
R00192,35.983184,126.751861,군산 데모도로,군산시,1384801.76,612246.21,0.442118307244208,14.853572251212228,matched,0,,,,,0,2025-09-10,14.904,9.01,23.0,11.27,0.0,62.14,0
R00017,35.824821,127.145805,전주 데모도로,전주시,2081706.65,842.95,0.0004049321742811,7.742488395563824,matched,0,,,,,0,2025-12-11,-1.048,-11.07,8.27,0.02,0.96,53.83,0
R00524,35.405344,127.401345,남원 데모도로,남원시,670188.0,287953.6,0.4296609309626552,17.276260308101918,matched,0,,,,,0,2025-07-24,22.612000000000002,15.38,29.4,0.0,0.0,54.774,0
R00401,35.98252,126.925258,익산 데모도로,익산시,1404068.0,1069912.0,0.7620086776423934,10.189728749446369,matched,0,,,,,0,2025-07-24,22.612000000000002,15.38,29.4,0.0,0.0,54.774,1
R00022,35.824024,127.169147,전주 데모도로,전주시,2081706.65,842.95,0.0004049321742811,7.742488395563824,matched,0,,,,,0,2025-03-10,8.422,1.77,14.91,0.0,0.0,62.39,0
R00474,35.467161,127.43947,남원 데모도로,남원시,670188.0,287953.6,0.4296609309626552,17.276260308101918,matched,0,,,,,0,2025-01-26,0.568,-6.43,5.74,31.27,0.0,64.288,0
R00120,35.825854,127.146328,전주 데모도로,전주시,2081706.65,842.95,0.0004049321742811,7.742488395563824,matched,0,,,,,0,2026-02-09,2.654,-5.0,9.61,29.21,0.62,62.720000000000006,0
R00210,35.912191,126.736465,군산 데모도로,군산시,1384801.76,612246.21,0.442118307244208,14.853572251212228,matched,1,F0030,2024-09-23,상온아스콘,70.51339636284223,2,2025-09-14,14.718,8.44,22.74,3.5,0.0,61.184000000000005,0
R00306,35.947077,127.037643,익산 데모도로,익산시,1404068.0,1069912.0,0.7620086776423934,10.189728749446369,matched,0,,,,,0,2026-06-26,26.6,19.76,33.57,0.0,0.0,63.076,0
R00270,36.016519,126.687173,군산 데모도로,군산시,1384801.76,612246.21,0.442118307244208,14.853572251212228,matched,0,,,,,0,2026-03-16,9.303999999999998,1.31,18.17,22.64,0.0,56.474000000000004,0
R00285,35.948289,126.936453,익산 데모도로,익산시,1404068.0,1069912.0,0.7620086776423934,10.189728749446369,matched,0,,,,,0,2026-02-03,2.958,-2.93,8.73,3.97,0.27,59.510000000000005,0
R00676,35.612337,126.81311,정읍 데모도로,정읍시,845508.0,326882.92,0.3866112680187532,9.4307279162049,matched,0,,,,,0,2024-10-27,4.554,-1.81,10.01,9.18,0.0,57.38199999999999,0
R00227,35.994827,126.737227,군산 데모도로,군산시,1384801.76,612246.21,0.442118307244208,14.853572251212228,matched,0,,,,,0,2025-09-27,10.762,4.57,16.12,22.5,0.0,58.902,0
R00381,35.912711,126.993868,익산 데모도로,익산시,1404068.0,1069912.0,0.7620086776423934,10.189728749446369,matched,0,,,,,0,2026-04-18,16.740000000000002,8.89,23.55,3.63,0.0,61.482000000000006,1
R00460,35.418368,127.392787,남원 데모도로,남원시,670188.0,287953.6,0.4296609309626552,17.276260308101918,matched,0,,,,,0,2026-06-24,25.544,17.99,32.61,0.0,0.0,58.236000000000004,0
R00007,35.824622,127.0969,전주 데모도로,전주시,2081706.65,842.95,0.0004049321742811,7.742488395563824,matched,0,,,,,0,2026-04-01,13.042000000000002,6.94,22.34,15.030000000000001,0.0,66.798,0
R00029,35.82406,127.204213,전주 데모도로,전주시,2081706.65,842.95,0.0004049321742811,7.742488395563824,matched,0,,,,,0,2026-01-17,-0.23399999999999999,-5.18,6.24,3.43,0.0,63.36999999999999,0
R00033,35.823408,127.224027,전주 데모도로,전주시,2081706.65,842.95,0.0004049321742811,7.742488395563824,matched,0,,,,,0,2024-12-16,-1.7440000000000002,-6.46,3.63,0.0,0.0,56.67,0
R00646,35.649043,126.855421,정읍 데모도로,정읍시,845508.0,326882.92,0.3866112680187532,9.4307279162049,matched,0,,,,,0,2026-07-09,24.266,14.15,35.05,6.34,0.0,58.10999999999999,0
R00079,35.792888,127.148975,전주 데모도로,전주시,2081706.65,842.95,0.0004049321742811,7.742488395563824,matched,1,F0057,2025-12-06,덧씌우기,65.08847281994517,1,2026-07-07,25.698,19.37,32.81,0.0,0.0,69.218,0
R00459,35.415242,127.388654,남원 데모도로,남원시,670188.0,287953.6,0.4296609309626552,17.276260308101918,matched,0,,,,,0,2025-03-23,10.056000000000001,3.87,15.83,15.89,0.0,64.218,0
R00570,35.570881,126.896782,정읍 데모도로,정읍시,845508.0,326882.92,0.3866112680187532,9.4307279162049,matched,0,,,,,0,2024-10-13,7.356,-2.58,13.67,0.0,0.0,49.734,0
R00538,35.451203,127.353755,남원 데모도로,남원시,670188.0,287953.6,0.4296609309626552,17.276260308101918,matched,0,,,,,0,2025-08-19,18.151999999999997,12.11,26.44,15.06,0.0,62.989999999999995,0
R00482,35.36124,127.390767,남원 데모도로,남원시,670188.0,287953.6,0.4296609309626552,17.276260308101918,matched,0,,,,,0,2026-07-18,25.034,17.45,30.97,7.03,0.0,63.58399999999999,0
R00430,35.416204,127.411326,남원 데모도로,남원시,670188.0,287953.6,0.4296609309626552,17.276260308101918,matched,1,F0008,2025-05-08,덧씌우기,74.561778545862,2,2026-01-04,-0.6399999999999999,-8.98,9.29,0.0,0.07,63.370000000000005,0
R00285,35.948289,126.936453,익산 데모도로,익산시,1404068.0,1069912.0,0.7620086776423934,10.189728749446369,matched,0,,,,,0,2025-11-16,1.714,-5.49,10.98,9.41,0.0,62.88199999999999,1
R00516,35.37662,127.430309,남원 데모도로,남원시,670188.0,287953.6,0.4296609309626552,17.276260308101918,matched,0,,,,,0,2024-11-30,-0.5039999999999999,-7.61,5.51,0.0,0.0,60.004,0
R00099,35.890533,127.148617,전주 데모도로,전주시,2081706.65,842.95,0.0004049321742811,7.742488395563824,matched,0,,,,,0,2024-11-03,3.274,-3.0,10.81,0.0,0.0,56.012,0
R00397,35.965969,126.938281,익산 데모도로,익산시,1404068.0,1069912.0,0.7620086776423934,10.189728749446369,matched,0,,,,,0,2025-04-05,14.126,6.99,21.96,0.0,0.0,57.084,0
R00489,35.394854,127.389632,남원 데모도로,남원시,670188.0,287953.6,0.4296609309626552,17.276260308101918,matched,0,,,,,0,2025-05-03,21.588,12.21,28.81,12.4,0.0,60.396,0
R00039,35.779927,127.10576,전주 데모도로,전주시,2081706.65,842.95,0.0004049321742811,7.742488395563824,matched,0,,,,,0,2025-05-09,21.622,13.74,28.98,0.0,0.0,56.24400000000001,0
R00271,36.021575,126.682963,군산 데모도로,군산시,1384801.76,612246.21,0.442118307244208,14.853572251212228,matched,0,,,,,0,2025-07-15,24.982,14.27,34.49,5.99,0.0,71.56800000000001,0
R00157,35.968921,126.753601,군산 데모도로,군산시,1384801.76,612246.21,0.442118307244208,14.853572251212228,matched,0,,,,,0,2025-02-16,3.964,-6.09,11.98,25.65,0.0,60.51800000000001,0
R00075,35.773982,127.148347,전주 데모도로,전주시,2081706.65,842.95,0.0004049321742811,7.742488395563824,matched,0,,,,,0,2026-02-19,4.4879999999999995,-2.32,13.28,13.16,0.0,57.862,0
R00130,35.860353,127.112973,전주 데모도로,전주시,2081706.65,842.95,0.0004049321742811,7.742488395563824,matched,0,,,,,0,2026-07-07,25.698,19.37,32.81,0.0,0.0,69.218,0
R00084,35.816631,127.148041,전주 데모도로,전주시,2081706.65,842.95,0.0004049321742811,7.742488395563824,matched,0,,,,,0,2024-09-14,14.95,8.15,21.07,5.68,0.0,61.738,0
R00022,35.824024,127.169147,전주 데모도로,전주시,2081706.65,842.95,0.0004049321742811,7.742488395563824,matched,0,,,,,0,2025-05-21,23.613999999999997,17.49,30.53,19.17,0.0,62.33,0
R00459,35.415242,127.388654,남원 데모도로,남원시,670188.0,287953.6,0.4296609309626552,17.276260308101918,matched,0,,,,,0,2026-06-01,23.47,15.38,31.21,6.67,0.0,58.903999999999996,0
R00539,35.45487,127.350996,남원 데모도로,남원시,670188.0,287953.6,0.4296609309626552,17.276260308101918,matched,0,,,,,0,2025-06-13,24.692,18.52,30.77,27.14,0.0,62.224000000000004,0
R00382,35.916638,126.989727,익산 데모도로,익산시,1404068.0,1069912.0,0.7620086776423934,10.189728749446369,matched,1,F0042,2025-02-28,덧씌우기,139.94437715521968,2,2024-11-17,1.766,-5.95,10.02,8.98,0.0,59.336,0
R00440,35.416161,127.460918,남원 데모도로,남원시,670188.0,287953.6,0.4296609309626552,17.276260308101918,matched,0,,,,,0,2025-12-11,-1.048,-11.07,8.27,0.02,0.96,53.83,0
R00604,35.59853,126.885311,정읍 데모도로,정읍시,845508.0,326882.92,0.3866112680187532,9.4307279162049,matched,0,,,,,0,2026-03-14,9.168000000000001,-1.95,17.62,0.0,0.0,58.362,0
R00021,35.825393,127.165179,전주 데모도로,전주시,2081706.65,842.95,0.0004049321742811,7.742488395563824,matched,0,,,,,0,2025-11-19,1.202,-5.4,9.01,3.89,0.0,60.446000000000005,0
R00303,35.948759,127.023477,익산 데모도로,익산시,1404068.0,1069912.0,0.7620086776423934,10.189728749446369,matched,0,,,,,0,2025-11-12,3.5460000000000003,-4.43,11.62,0.0,0.0,60.428,1
R00084,35.816631,127.148041,전주 데모도로,전주시,2081706.65,842.95,0.0004049321742811,7.742488395563824,matched,0,,,,,0,2025-08-18,21.302,14.43,29.23,14.149999999999999,0.0,70.252,0
R00659,35.555263,126.870762,정읍 데모도로,정읍시,845508.0,326882.92,0.3866112680187532,9.4307279162049,matched,0,,,,,0,2026-06-24,25.544,17.99,32.61,0.0,0.0,58.236000000000004,0
R00453,35.394212,127.368537,남원 데모도로,남원시,670188.0,287953.6,0.4296609309626552,17.276260308101918,matched,0,,,,,0,2025-08-04,25.222,15.93,33.49,16.04,0.0,54.576,0
R00387,35.933129,126.972868,익산 데모도로,익산시,1404068.0,1069912.0,0.7620086776423934,10.189728749446369,matched,0,,,,,0,2026-06-04,24.754,15.24,30.56,3.66,0.0,53.513999999999996,0
R00507,35.48096,127.390228,남원 데모도로,남원시,670188.0,287953.6,0.4296609309626552,17.276260308101918,matched,0,,,,,0,2025-09-22,12.726000000000003,3.78,23.63,12.39,0.0,53.54600000000001,0
R00257,35.972303,126.731918,군산 데모도로,군산시,1384801.76,612246.21,0.442118307244208,14.853572251212228,matched,0,,,,,0,2025-04-28,20.860000000000003,10.22,30.18,23.0,0.0,58.736000000000004,0
R00570,35.570881,126.896782,정읍 데모도로,정읍시,845508.0,326882.92,0.3866112680187532,9.4307279162049,matched,0,,,,,0,2025-11-20,-0.9179999999999999,-6.41,6.37,20.88,0.0,62.432,0
R00527,35.41435,127.391393,남원 데모도로,남원시,670188.0,287953.6,0.4296609309626552,17.276260308101918,matched,0,,,,,0,2026-07-18,25.034,17.45,30.97,7.03,0.0,63.58399999999999,0
R00162,35.96729,126.778488,군산 데모도로,군산시,1384801.76,612246.21,0.442118307244208,14.853572251212228,matched,0,,,,,0,2025-12-30,2.59,-4.43,10.06,4.47,0.89,59.04600000000001,0
R00163,35.966578,126.781928,군산 데모도로,군산시,1384801.76,612246.21,0.442118307244208,14.853572251212228,matched,0,,,,,0,2026-01-08,-2.552,-9.39,2.5,6.09,0.0,61.766,0
R00524,35.405344,127.401345,남원 데모도로,남원시,670188.0,287953.6,0.4296609309626552,17.276260308101918,matched,0,,,,,0,2025-06-18,25.36,18.42,33.48,14.03,0.0,62.298,0
R00271,36.021575,126.682963,군산 데모도로,군산시,1384801.76,612246.21,0.442118307244208,14.853572251212228,matched,0,,,,,0,2026-01-01,-0.796,-7.43,5.39,0.76,0.0,56.279999999999994,0
R00492,35.407522,127.389588,남원 데모도로,남원시,670188.0,287953.6,0.4296609309626552,17.276260308101918,matched,0,,,,,0,2026-04-08,16.108,9.1,22.39,0.0,0.0,59.3,0
R00208,35.903116,126.736045,군산 데모도로,군산시,1384801.76,612246.21,0.442118307244208,14.853572251212228,matched,0,,,,,0,2025-01-31,4.516,-2.19,13.65,4.86,0.41,60.077999999999996,0
R00539,35.45487,127.350996,남원 데모도로,남원시,670188.0,287953.6,0.4296609309626552,17.276260308101918,matched,0,,,,,0,2025-10-07,9.594,1.46,16.79,0.0,0.0,57.955999999999996,0
R00584,35.53106,126.815246,정읍 데모도로,정읍시,845508.0,326882.92,0.3866112680187532,9.4307279162049,matched,0,,,,,0,2025-11-23,1.884,-8.75,11.52,12.26,0.0,55.52,0
R00060,35.85261,127.176597,전주 데모도로,전주시,2081706.65,842.95,0.0004049321742811,7.742488395563824,matched,0,,,,,0,2024-12-10,0.5360000000000001,-6.66,8.63,3.51,0.0,56.470000000000006,0
R00430,35.416204,127.411326,남원 데모도로,남원시,670188.0,287953.6,0.4296609309626552,17.276260308101918,matched,1,F0008,2025-05-08,덧씌우기,74.561778545862,2,2025-10-25,4.704,-4.92,11.69,0.0,0.0,65.934,0
R00657,35.546399,126.878274,정읍 데모도로,정읍시,845508.0,326882.92,0.3866112680187532,9.4307279162049,matched,0,,,,,0,2025-08-09,20.622,15.49,26.49,8.69,0.0,61.19199999999999,0
R00605,35.602529,126.88987,정읍 데모도로,정읍시,845508.0,326882.92,0.3866112680187532,9.4307279162049,matched,0,,,,,0,2026-07-14,24.988,18.45,31.72,0.0,0.0,51.636,0
R00309,35.898125,126.907981,익산 데모도로,익산시,1404068.0,1069912.0,0.7620086776423934,10.189728749446369,matched,0,,,,,0,2025-03-13,7.814,-1.8,15.81,9.4,0.0,64.32000000000001,0
R00520,35.390441,127.416464,남원 데모도로,남원시,670188.0,287953.6,0.4296609309626552,17.276260308101918,matched,0,,,,,0,2025-04-10,14.813999999999998,2.4,22.94,8.9,0.0,61.484,0
R00591,35.555235,126.840653,정읍 데모도로,정읍시,845508.0,326882.92,0.3866112680187532,9.4307279162049,matched,1,F0029,2024-03-20,덧씌우기,30.622025103564173,1,2025-11-03,3.3760000000000003,-3.67,11.33,0.0,0.0,56.510000000000005,0
R00027,35.82491,127.194303,전주 데모도로,전주시,2081706.65,842.95,0.0004049321742811,7.742488395563824,matched,0,,,,,0,2025-08-08,21.816,14.78,26.98,18.26,0.0,63.507999999999996,0
R00562,35.569879,126.8594,정읍 데모도로,정읍시,845508.0,326882.92,0.3866112680187532,9.4307279162049,matched,0,,,,,0,2026-01-15,-1.468,-7.86,5.66,0.76,0.0,57.645999999999994,0
R00199,36.008213,126.774982,군산 데모도로,군산시,1384801.76,612246.21,0.442118307244208,14.853572251212228,matched,0,,,,,0,2025-03-14,7.851999999999999,0.72,14.05,11.98,0.0,61.372,0
R00387,35.933129,126.972868,익산 데모도로,익산시,1404068.0,1069912.0,0.7620086776423934,10.189728749446369,matched,0,,,,,0,2026-07-28,24.759999999999998,16.84,31.15,0.0,0.0,57.312,0
R00349,35.907068,126.957013,익산 데모도로,익산시,1404068.0,1069912.0,0.7620086776423934,10.189728749446369,matched,0,,,,,0,2024-12-21,-1.376,-7.93,4.12,11.26,6.4399999999999995,62.936,1
R00536,35.445062,127.361347,남원 데모도로,남원시,670188.0,287953.6,0.4296609309626552,17.276260308101918,matched,0,,,,,0,2025-01-03,-0.11799999999999997,-9.99,7.38,13.25,7.52,60.803999999999995,0
R00378,35.901213,127.004396,익산 데모도로,익산시,1404068.0,1069912.0,0.7620086776423934,10.189728749446369,matched,0,,,,,0,2025-07-23,23.36,16.25,30.22,10.51,0.0,57.06,0
R00558,35.569036,126.839247,정읍 데모도로,정읍시,845508.0,326882.92,0.3866112680187532,9.4307279162049,matched,0,,,,,0,2026-02-06,4.4,-2.08,10.64,0.0,0.0,66.35,0
R00527,35.41435,127.391393,남원 데모도로,남원시,670188.0,287953.6,0.4296609309626552,17.276260308101918,matched,0,,,,,0,2024-10-25,4.9,-2.35,11.22,0.0,0.0,60.013999999999996,0
R00153,35.96705,126.73437,군산 데모도로,군산시,1384801.76,612246.21,0.442118307244208,14.853572251212228,matched,1,F0011,2024-03-26,임시보수,271.61629231644616,1,2026-03-14,9.168000000000001,-1.95,17.62,0.0,0.0,58.362,0
R00206,35.894142,126.737256,군산 데모도로,군산시,1384801.76,612246.21,0.442118307244208,14.853572251212228,matched,0,,,,,0,2026-02-10,3.6079999999999997,-2.81,9.52,0.0,0.0,55.001999999999995,0
R00455,35.401253,127.375306,남원 데모도로,남원시,670188.0,287953.6,0.4296609309626552,17.276260308101918,matched,0,,,,,0,2025-09-05,17.880000000000003,8.69,24.71,0.0,0.0,60.4,0
R00273,35.947588,126.879039,익산 데모도로,익산시,1404068.0,1069912.0,0.7620086776423934,10.189728749446369,matched,0,,,,,0,2024-09-06,16.064,8.28,24.71,1.73,0.0,56.646,0
R00236,36.038076,126.735261,군산 데모도로,군산시,1384801.76,612246.21,0.442118307244208,14.853572251212228,matched,0,,,,,0,2026-07-02,26.201999999999998,15.58,34.2,0.0,0.0,58.354,0
R00521,35.394619,127.412143,남원 데모도로,남원시,670188.0,287953.6,0.4296609309626552,17.276260308101918,matched,0,,,,,0,2025-11-11,2.754,-2.58,9.26,2.85,0.0,59.174,0
R00678,35.620247,126.805601,정읍 데모도로,정읍시,845508.0,326882.92,0.3866112680187532,9.4307279162049,matched,0,,,,,0,2024-10-31,4.8660000000000005,-2.98,13.89,33.65,0.0,62.35600000000001,0
R00501,35.453295,127.390161,남원 데모도로,남원시,670188.0,287953.6,0.4296609309626552,17.276260308101918,matched,0,,,,,0,2026-03-14,9.168000000000001,-1.95,17.62,0.0,0.0,58.362,0
R00117,35.814964,127.156567,전주 데모도로,전주시,2081706.65,842.95,0.0004049321742811,7.742488395563824,matched,0,,,,,0,2026-06-14,22.582,14.59,33.77,0.0,0.0,59.782,0
R00386,35.928879,126.975814,익산 데모도로,익산시,1404068.0,1069912.0,0.7620086776423934,10.189728749446369,matched,0,,,,,0,2025-05-21,23.613999999999997,17.49,30.53,19.17,0.0,62.33,1
R00344,35.881631,126.957415,익산 데모도로,익산시,1404068.0,1069912.0,0.7620086776423934,10.189728749446369,matched,0,,,,,0,2024-10-05,10.366,1.79,18.6,11.58,0.0,54.39,1
R00584,35.53106,126.815246,정읍 데모도로,정읍시,845508.0,326882.92,0.3866112680187532,9.4307279162049,matched,0,,,,,0,2025-03-17,9.782,0.19,17.48,4.09,0.0,56.424,0
R00395,35.961463,126.944843,익산 데모도로,익산시,1404068.0,1069912.0,0.7620086776423934,10.189728749446369,matched,0,,,,,0,2026-05-31,23.694,14.02,31.19,3.69,0.0,59.06,1
R00064,35.866069,127.192037,전주 데모도로,전주시,2081706.65,842.95,0.0004049321742811,7.742488395563824,matched,1,F0005,2025-01-01,상온아스콘,24.357327095718095,2,2026-05-02,20.786,14.57,27.23,14.36,0.0,54.462,0
R00072,35.759166,127.146231,전주 데모도로,전주시,2081706.65,842.95,0.0004049321742811,7.742488395563824,matched,0,,,,,0,2026-07-14,24.988,18.45,31.72,0.0,0.0,51.636,0
R00274,35.947598,126.881553,익산 데모도로,익산시,1404068.0,1069912.0,0.7620086776423934,10.189728749446369,matched,0,,,,,0,2026-02-09,2.654,-5.0,9.61,29.21,0.62,62.720000000000006,1
R00320,35.934892,126.945135,익산 데모도로,익산시,1404068.0,1069912.0,0.7620086776423934,10.189728749446369,matched,1,F0055,2024-12-23,상온아스콘,82.4759824508526,2,2026-07-28,24.759999999999998,16.84,31.15,0.0,0.0,57.312,0
R00338,35.998113,127.006219,익산 데모도로,익산시,1404068.0,1069912.0,0.7620086776423934,10.189728749446369,matched,0,,,,,0,2025-02-25,3.732,-4.08,11.07,9.1,0.0,57.75,0
R00366,35.990372,126.95845,익산 데모도로,익산시,1404068.0,1069912.0,0.7620086776423934,10.189728749446369,matched,0,,,,,0,2025-06-29,25.136,17.38,32.46,25.03,0.0,70.982,0
R00495,35.423058,127.390905,남원 데모도로,남원시,670188.0,287953.6,0.4296609309626552,17.276260308101918,matched,0,,,,,0,2026-03-04,8.379999999999999,2.49,14.5,0.0,0.0,57.69200000000001,0
R00607,35.609827,126.896187,정읍 데모도로,정읍시,845508.0,326882.92,0.3866112680187532,9.4307279162049,matched,0,,,,,0,2026-06-10,22.886000000000003,14.41,30.88,15.33,0.0,55.694,0
R00166,35.967555,126.79673,군산 데모도로,군산시,1384801.76,612246.21,0.442118307244208,14.853572251212228,matched,1,F0053,2025-11-12,상온아스콘,89.18513329030091,2,2026-03-03,6.146,-2.17,13.79,4.63,0.0,64.396,0
R00544,35.472757,127.332405,남원 데모도로,남원시,670188.0,287953.6,0.4296609309626552,17.276260308101918,matched,0,,,,,0,2024-12-09,-0.93,-10.13,6.8,0.0,2.63,55.77,0
R00011,35.824282,127.116859,전주 데모도로,전주시,2081706.65,842.95,0.0004049321742811,7.742488395563824,matched,1,F0054,2024-09-07,상온아스콘,47.77544131531806,1,2025-02-04,0.37,-5.66,7.68,0.0,0.39,57.052,0
R00301,35.948673,127.013247,익산 데모도로,익산시,1404068.0,1069912.0,0.7620086776423934,10.189728749446369,matched,0,,,,,0,2025-11-29,-0.7599999999999999,-9.79,6.9,10.540000000000001,0.0,63.220000000000006,0
R00102,35.903994,127.147452,전주 데모도로,전주시,2081706.65,842.95,0.0004049321742811,7.742488395563824,matched,1,F0077,2025-11-01,덧씌우기,50.72886566344648,1,2026-06-27,25.292,18.55,31.57,11.09,0.0,56.998000000000005,0
R00425,35.416254,127.38818,남원 데모도로,남원시,670188.0,287953.6,0.4296609309626552,17.276260308101918,matched,0,,,,,0,2024-09-01,17.29,9.79,25.48,0.0,0.0,61.186,0
R00392,35.948941,126.957302,익산 데모도로,익산시,1404068.0,1069912.0,0.7620086776423934,10.189728749446369,matched,1,F0061,2024-05-03,덧씌우기,287.2705145235735,1,2026-08-03,21.392000000000003,14.34,27.25,19.25,0.0,60.052,0
R00214,35.931778,126.737521,군산 데모도로,군산시,1384801.76,612246.21,0.442118307244208,14.853572251212228,matched,0,,,,,0,2025-06-02,23.804,14.69,32.5,13.92,0.0,64.954,0
R00088,35.835885,127.1478,전주 데모도로,전주시,2081706.65,842.95,0.0004049321742811,7.742488395563824,matched,0,,,,,0,2025-02-23,7.364,1.04,14.52,3.63,0.0,65.286,0
R00553,35.570045,126.814805,정읍 데모도로,정읍시,845508.0,326882.92,0.3866112680187532,9.4307279162049,matched,0,,,,,0,2025-01-20,0.44399999999999995,-6.31,6.49,0.0,0.0,58.438,0
R00401,35.98252,126.925258,익산 데모도로,익산시,1404068.0,1069912.0,0.7620086776423934,10.189728749446369,matched,0,,,,,0,2026-03-08,6.276,-3.39,14.12,0.0,0.0,55.934000000000005,0
R00588,35.544153,126.829581,정읍 데모도로,정읍시,845508.0,326882.92,0.3866112680187532,9.4307279162049,matched,0,,,,,0,2026-07-13,24.282,16.56,32.17,8.92,0.0,53.57000000000001,0
R00046,35.805234,127.129248,전주 데모도로,전주시,2081706.65,842.95,0.0004049321742811,7.742488395563824,matched,0,,,,,0,2026-08-10,19.972,12.73,28.95,0.0,0.0,56.608000000000004,0
R00672,35.599161,126.826231,정읍 데모도로,정읍시,845508.0,326882.92,0.3866112680187532,9.4307279162049,matched,1,F0034,2025-09-20,임시보수,118.8733200867511,1,2025-12-02,-0.6280000000000001,-9.71,6.78,3.5,1.08,65.564,0
R00463,35.428076,127.402758,남원 데모도로,남원시,670188.0,287953.6,0.4296609309626552,17.276260308101918,matched,0,,,,,0,2024-11-01,4.578,-2.5,14.22,0.0,0.0,58.212,0
R00592,35.556678,126.844311,정읍 데모도로,정읍시,845508.0,326882.92,0.3866112680187532,9.4307279162049,matched,0,,,,,0,2025-05-22,21.502,15.12,27.22,0.0,0.0,54.848,0
R00310,35.902187,126.909986,익산 데모도로,익산시,1404068.0,1069912.0,0.7620086776423934,10.189728749446369,matched,0,,,,,0,2026-05-25,24.314,15.75,33.97,1.53,0.0,61.836,0
R00086,35.826956,127.147903,전주 데모도로,전주시,2081706.65,842.95,0.0004049321742811,7.742488395563824,matched,0,,,,,0,2025-07-27,24.235999999999997,18.12,29.81,7.890000000000001,0.0,57.45,0
R00092,35.855794,127.148422,전주 데모도로,전주시,2081706.65,842.95,0.0004049321742811,7.742488395563824,matched,0,,,,,0,2025-10-17,8.22,1.27,16.94,0.0,0.0,65.878,0
R00660,35.557868,126.868173,정읍 데모도로,정읍시,845508.0,326882.92,0.3866112680187532,9.4307279162049,matched,1,F0078,2024-04-02,상온아스콘,104.19575292623712,1,2026-03-12,8.274000000000001,2.27,17.29,48.99,0.0,66.502,0
R00673,35.60303,126.823845,정읍 데모도로,정읍시,845508.0,326882.92,0.3866112680187532,9.4307279162049,matched,0,,,,,0,2026-01-11,-0.1200000000000001,-9.1,8.85,5.62,4.9,72.292,0
R00242,35.921216,126.78377,군산 데모도로,군산시,1384801.76,612246.21,0.442118307244208,14.853572251212228,matched,0,,,,,0,2025-02-16,3.964,-6.09,11.98,25.65,0.0,60.51800000000001,0
R00002,35.823858,127.073667,전주 데모도로,전주시,2081706.65,842.95,0.0004049321742811,7.742488395563824,matched,0,,,,,0,2025-11-19,1.202,-5.4,9.01,3.89,0.0,60.446000000000005,0
R00225,35.984812,126.735449,군산 데모도로,군산시,1384801.76,612246.21,0.442118307244208,14.853572251212228,matched,0,,,,,0,2024-10-21,4.38,-2.35,12.85,14.2,0.0,58.664,0
R00589,35.548228,126.834922,정읍 데모도로,정읍시,845508.0,326882.92,0.3866112680187532,9.4307279162049,matched,0,,,,,0,2025-05-05,21.901999999999997,14.22,28.68,4.62,0.0,53.251999999999995,0
R00116,35.812461,127.158257,전주 데모도로,전주시,2081706.65,842.95,0.0004049321742811,7.742488395563824,matched,0,,,,,0,2025-02-27,7.167999999999999,1.77,12.96,14.46,0.0,59.970000000000006,0
R00666,35.578927,126.846606,정읍 데모도로,정읍시,845508.0,326882.92,0.3866112680187532,9.4307279162049,matched,0,,,,,0,2026-06-04,24.754,15.24,30.56,3.66,0.0,53.513999999999996,0
R00103,35.766707,127.205112,전주 데모도로,전주시,2081706.65,842.95,0.0004049321742811,7.742488395563824,matched,0,,,,,0,2026-04-26,18.728,11.47,27.23,2.98,0.0,52.874,0
R00194,35.990323,126.757954,군산 데모도로,군산시,1384801.76,612246.21,0.442118307244208,14.853572251212228,matched,0,,,,,0,2025-09-28,11.086,3.03,17.41,0.0,0.0,63.63000000000001,0
R00166,35.967555,126.79673,군산 데모도로,군산시,1384801.76,612246.21,0.442118307244208,14.853572251212228,matched,1,F0053,2025-11-12,상온아스콘,89.18513329030091,2,2026-08-14,20.234,13.76,26.31,0.0,0.0,61.044,0
R00090,35.846595,127.147731,전주 데모도로,전주시,2081706.65,842.95,0.0004049321742811,7.742488395563824,matched,0,,,,,0,2026-08-09,20.036,14.89,24.7,11.07,0.0,63.336,0
R00122,35.833722,127.138737,전주 데모도로,전주시,2081706.65,842.95,0.0004049321742811,7.742488395563824,matched,0,,,,,0,2024-11-19,-0.8999999999999998,-8.41,7.25,22.86,0.0,64.65599999999999,0
R00143,35.967487,126.685226,군산 데모도로,군산시,1384801.76,612246.21,0.442118307244208,14.853572251212228,matched,0,,,,,0,2025-10-22,6.042,-0.71,13.09,25.83,0.0,55.4,0
R00106,35.776484,127.193677,전주 데모도로,전주시,2081706.65,842.95,0.0004049321742811,7.742488395563824,matched,0,,,,,0,2026-06-03,24.875999999999998,17.75,31.98,25.7,0.0,66.292,0
R00428,35.41588,127.402421,남원 데모도로,남원시,670188.0,287953.6,0.4296609309626552,17.276260308101918,matched,0,,,,,0,2025-10-26,5.134,-1.86,11.49,0.0,0.0,56.705999999999996,0
R00305,35.948167,127.032524,익산 데모도로,익산시,1404068.0,1069912.0,0.7620086776423934,10.189728749446369,matched,0,,,,,0,2025-09-26,13.719999999999999,4.03,22.48,16.73,0.0,70.096,1
R00317,35.925879,126.934545,익산 데모도로,익산시,1404068.0,1069912.0,0.7620086776423934,10.189728749446369,matched,0,,,,,0,2025-10-26,5.134,-1.86,11.49,0.0,0.0,56.705999999999996,0
R00635,35.595713,126.856561,정읍 데모도로,정읍시,845508.0,326882.92,0.3866112680187532,9.4307279162049,matched,0,,,,,0,2024-12-08,-3.2640000000000002,-11.52,4.54,0.0,1.74,60.358000000000004,0
R00009,35.82294,127.106375,전주 데모도로,전주시,2081706.65,842.95,0.0004049321742811,7.742488395563824,matched,0,,,,,0,2025-08-28,17.778,9.18,22.99,16.78,0.0,57.784000000000006,0
R00073,35.765804,127.148793,전주 데모도로,전주시,2081706.65,842.95,0.0004049321742811,7.742488395563824,matched,0,,,,,0,2024-10-16,8.306000000000001,-0.0,15.46,5.87,0.0,59.998000000000005,0
R00359,35.955181,126.958504,익산 데모도로,익산시,1404068.0,1069912.0,0.7620086776423934,10.189728749446369,matched,0,,,,,0,2024-09-30,9.081999999999999,-0.94,16.76,42.089999999999996,0.0,65.5,1
R00223,35.975607,126.737077,군산 데모도로,군산시,1384801.76,612246.21,0.442118307244208,14.853572251212228,matched,0,,,,,0,2025-03-13,7.814,-1.8,15.81,9.4,0.0,64.32000000000001,0
R00416,35.415383,127.343861,남원 데모도로,남원시,670188.0,287953.6,0.4296609309626552,17.276260308101918,matched,0,,,,,0,2025-06-10,23.113999999999997,15.64,30.37,24.5,0.0,60.81600000000001,0
R00553,35.570045,126.814805,정읍 데모도로,정읍시,845508.0,326882.92,0.3866112680187532,9.4307279162049,matched,0,,,,,0,2024-12-14,-3.322,-10.95,2.91,2.29,0.0,58.794000000000004,0
R00370,36.009178,126.957255,익산 데모도로,익산시,1404068.0,1069912.0,0.7620086776423934,10.189728749446369,matched,0,,,,,0,2026-02-01,3.7039999999999997,-2.28,12.23,5.17,3.5799999999999996,51.63199999999999,0
R00264,35.997116,126.706867,군산 데모도로,군산시,1384801.76,612246.21,0.442118307244208,14.853572251212228,matched,0,,,,,0,2025-03-28,11.434000000000001,3.0,19.05,0.0,0.0,55.422000000000004,0
R00318,35.929691,126.93936,익산 데모도로,익산시,1404068.0,1069912.0,0.7620086776423934,10.189728749446369,matched,0,,,,,0,2025-01-31,4.516,-2.19,13.65,4.86,0.41,60.077999999999996,1
R00084,35.816631,127.148041,전주 데모도로,전주시,2081706.65,842.95,0.0004049321742811,7.742488395563824,matched,0,,,,,0,2026-05-23,21.692,12.07,30.29,7.35,0.0,52.08,0
R00318,35.929691,126.93936,익산 데모도로,익산시,1404068.0,1069912.0,0.7620086776423934,10.189728749446369,matched,0,,,,,0,2025-01-21,1.6039999999999999,-5.23,11.77,0.0,0.32,57.94,1
R00111,35.795652,127.178417,전주 데모도로,전주시,2081706.65,842.95,0.0004049321742811,7.742488395563824,matched,0,,,,,0,2025-02-18,4.542,-6.13,13.3,2.61,1.83,50.757999999999996,0
R00251,35.952319,126.752702,군산 데모도로,군산시,1384801.76,612246.21,0.442118307244208,14.853572251212228,matched,0,,,,,0,2024-11-16,1.2520000000000002,-4.44,9.96,13.58,0.0,60.69199999999999,0
R00383,35.919906,126.987372,익산 데모도로,익산시,1404068.0,1069912.0,0.7620086776423934,10.189728749446369,matched,0,,,,,0,2024-11-20,3.7119999999999997,-2.88,9.75,3.17,0.0,57.013999999999996,0
R00007,35.824622,127.0969,전주 데모도로,전주시,2081706.65,842.95,0.0004049321742811,7.742488395563824,matched,0,,,,,0,2024-08-31,18.718,11.44,25.75,10.0,0.0,64.686,0
R00459,35.415242,127.388654,남원 데모도로,남원시,670188.0,287953.6,0.4296609309626552,17.276260308101918,matched,0,,,,,0,2025-10-30,3.6800000000000006,-3.58,12.34,2.12,0.0,48.116,0
R00084,35.816631,127.148041,전주 데모도로,전주시,2081706.65,842.95,0.0004049321742811,7.742488395563824,matched,0,,,,,0,2026-02-07,1.482,-6.06,10.23,31.43,0.0,69.266,0
R00208,35.903116,126.736045,군산 데모도로,군산시,1384801.76,612246.21,0.442118307244208,14.853572251212228,matched,0,,,,,0,2026-03-28,14.2,6.29,21.3,6.78,0.0,57.666,0
R00390,35.942997,126.9622,익산 데모도로,익산시,1404068.0,1069912.0,0.7620086776423934,10.189728749446369,matched,0,,,,,0,2025-01-15,-0.5820000000000002,-8.3,8.24,10.29,3.46,58.34400000000001,1
R00314,35.914794,126.925322,익산 데모도로,익산시,1404068.0,1069912.0,0.7620086776423934,10.189728749446369,matched,0,,,,,0,2026-06-09,24.226,17.51,30.26,12.44,0.0,61.081999999999994,0
R00022,35.824024,127.169147,전주 데모도로,전주시,2081706.65,842.95,0.0004049321742811,7.742488395563824,matched,0,,,,,0,2024-08-26,17.304,11.05,23.97,12.54,0.0,54.928,0
R00410,35.416338,127.315359,남원 데모도로,남원시,670188.0,287953.6,0.4296609309626552,17.276260308101918,matched,0,,,,,0,2024-09-16,15.77,9.46,22.42,41.54,0.0,62.588,1
R00515,35.373056,127.432984,남원 데모도로,남원시,670188.0,287953.6,0.4296609309626552,17.276260308101918,matched,0,,,,,0,2025-06-10,23.113999999999997,15.64,30.37,24.5,0.0,60.81600000000001,0
R00127,35.850219,127.120805,전주 데모도로,전주시,2081706.65,842.95,0.0004049321742811,7.742488395563824,matched,0,,,,,0,2026-08-09,20.036,14.89,24.7,11.07,0.0,63.336,0
R00014,35.823624,127.130986,전주 데모도로,전주시,2081706.65,842.95,0.0004049321742811,7.742488395563824,matched,0,,,,,0,2026-05-20,21.113999999999997,9.98,30.27,12.93,0.0,60.498000000000005,0
R00012,35.824178,127.120984,전주 데모도로,전주시,2081706.65,842.95,0.0004049321742811,7.742488395563824,matched,0,,,,,0,2025-07-24,22.612000000000002,15.38,29.4,0.0,0.0,54.774,0
R00087,35.830638,127.147691,전주 데모도로,전주시,2081706.65,842.95,0.0004049321742811,7.742488395563824,matched,0,,,,,0,2026-05-08,19.69,12.35,26.47,11.26,0.0,61.403999999999996,0
R00524,35.405344,127.401345,남원 데모도로,남원시,670188.0,287953.6,0.4296609309626552,17.276260308101918,matched,0,,,,,0,2025-10-31,4.774,-3.46,13.35,9.52,0.0,62.622,0
R00537,35.449099,127.358081,남원 데모도로,남원시,670188.0,287953.6,0.4296609309626552,17.276260308101918,matched,0,,,,,0,2025-01-09,-1.1960000000000002,-8.05,8.12,21.32,0.05,64.042,0
R00301,35.948673,127.013247,익산 데모도로,익산시,1404068.0,1069912.0,0.7620086776423934,10.189728749446369,matched,0,,,,,0,2026-01-19,-0.18000000000000008,-7.9,7.93,1.58,0.0,62.230000000000004,1
R00243,35.925042,126.779721,군산 데모도로,군산시,1384801.76,612246.21,0.442118307244208,14.853572251212228,matched,0,,,,,0,2024-10-02,10.67,3.46,18.41,10.18,0.0,58.174,0
R00122,35.833722,127.138737,전주 데모도로,전주시,2081706.65,842.95,0.0004049321742811,7.742488395563824,matched,0,,,,,0,2025-04-14,18.253999999999998,11.02,25.15,10.04,0.0,57.664,0
R00147,35.967717,126.705126,군산 데모도로,군산시,1384801.76,612246.21,0.442118307244208,14.853572251212228,matched,0,,,,,0,2025-01-20,0.44399999999999995,-6.31,6.49,0.0,0.0,58.438,0
R00567,35.56945,126.882423,정읍 데모도로,정읍시,845508.0,326882.92,0.3866112680187532,9.4307279162049,matched,0,,,,,0,2025-02-15,3.076,-4.06,10.45,12.31,0.06,62.215999999999994,0
R00356,35.941704,126.957964,익산 데모도로,익산시,1404068.0,1069912.0,0.7620086776423934,10.189728749446369,matched,0,,,,,0,2025-03-21,11.352,2.81,18.17,3.84,0.0,60.504,0
R00631,35.577801,126.855101,정읍 데모도로,정읍시,845508.0,326882.92,0.3866112680187532,9.4307279162049,matched,0,,,,,0,2024-11-14,1.3800000000000001,-5.5,10.15,5.47,0.0,60.16600000000001,0
R00309,35.898125,126.907981,익산 데모도로,익산시,1404068.0,1069912.0,0.7620086776423934,10.189728749446369,matched,0,,,,,0,2025-05-01,18.458,12.28,27.41,0.0,0.0,54.57000000000001,1
R00288,35.947123,126.951077,익산 데모도로,익산시,1404068.0,1069912.0,0.7620086776423934,10.189728749446369,matched,0,,,,,0,2026-01-11,-0.1200000000000001,-9.1,8.85,5.62,4.9,72.292,0
R00307,35.892097,126.901079,익산 데모도로,익산시,1404068.0,1069912.0,0.7620086776423934,10.189728749446369,matched,1,F0006,2024-12-28,상온아스콘,68.85092218809531,1,2024-10-30,5.9159999999999995,-2.85,15.7,12.5,0.0,65.576,1
R00594,35.563548,126.851691,정읍 데모도로,정읍시,845508.0,326882.92,0.3866112680187532,9.4307279162049,matched,0,,,,,0,2025-02-13,3.2879999999999994,-4.2,12.19,0.0,5.23,58.23199999999999,0
R00662,35.563211,126.861169,정읍 데모도로,정읍시,845508.0,326882.92,0.3866112680187532,9.4307279162049,matched,0,,,,,0,2025-03-18,12.190000000000001,3.8,17.75,0.0,0.0,58.260000000000005,0
R00549,35.570627,126.79551,정읍 데모도로,정읍시,845508.0,326882.92,0.3866112680187532,9.4307279162049,matched,0,,,,,0,2025-04-09,13.522,6.05,22.51,0.0,0.0,54.57000000000001,0
R00352,35.921381,126.957405,익산 데모도로,익산시,1404068.0,1069912.0,0.7620086776423934,10.189728749446369,matched,0,,,,,0,2025-11-26,0.06399999999999997,-8.03,9.27,1.66,0.0,64.03,1
R00312,35.90739,126.918092,익산 데모도로,익산시,1404068.0,1069912.0,0.7620086776423934,10.189728749446369,matched,0,,,,,0,2025-03-29,10.922,1.21,23.39,0.0,0.0,57.565999999999995,0
R00059,35.850445,127.173177,전주 데모도로,전주시,2081706.65,842.95,0.0004049321742811,7.742488395563824,matched,0,,,,,0,2026-05-11,20.174,11.09,29.75,39.150000000000006,0.0,65.93199999999999,0
R00643,35.634857,126.855447,정읍 데모도로,정읍시,845508.0,326882.92,0.3866112680187532,9.4307279162049,matched,0,,,,,0,2025-05-09,21.622,13.74,28.98,0.0,0.0,56.24400000000001,0
R00035,35.768569,127.091285,전주 데모도로,전주시,2081706.65,842.95,0.0004049321742811,7.742488395563824,matched,0,,,,,0,2025-03-13,7.814,-1.8,15.81,9.4,0.0,64.32000000000001,0
R00445,35.366323,127.341717,남원 데모도로,남원시,670188.0,287953.6,0.4296609309626552,17.276260308101918,matched,0,,,,,0,2026-04-17,17.096,10.45,22.65,0.0,0.0,63.79600000000001,0
R00093,35.860091,127.146524,전주 데모도로,전주시,2081706.65,842.95,0.0004049321742811,7.742488395563824,matched,0,,,,,0,2025-08-19,18.151999999999997,12.11,26.44,15.06,0.0,62.989999999999995,0
R00207,35.897151,126.736213,군산 데모도로,군산시,1384801.76,612246.21,0.442118307244208,14.853572251212228,matched,0,,,,,0,2025-05-21,23.613999999999997,17.49,30.53,19.17,0.0,62.33,0
R00353,35.925207,126.957762,익산 데모도로,익산시,1404068.0,1069912.0,0.7620086776423934,10.189728749446369,matched,0,,,,,0,2025-09-02,13.280000000000001,4.24,20.28,0.0,0.0,54.022000000000006,0
R00332,35.976972,126.987128,익산 데모도로,익산시,1404068.0,1069912.0,0.7620086776423934,10.189728749446369,matched,0,,,,,0,2025-06-23,24.259999999999998,18.9,29.5,22.959999999999997,0.0,66.56,0
R00159,35.967974,126.763289,군산 데모도로,군산시,1384801.76,612246.21,0.442118307244208,14.853572251212228,matched,0,,,,,0,2026-05-11,20.174,11.09,29.75,39.150000000000006,0.0,65.93199999999999,0
R00024,35.823785,127.178872,전주 데모도로,전주시,2081706.65,842.95,0.0004049321742811,7.742488395563824,matched,0,,,,,0,2025-05-13,21.919999999999998,14.74,29.44,6.34,0.0,56.172000000000004,0
R00404,35.991681,126.914419,익산 데모도로,익산시,1404068.0,1069912.0,0.7620086776423934,10.189728749446369,matched,0,,,,,0,2024-10-21,4.38,-2.35,12.85,14.2,0.0,58.664,1
R00516,35.37662,127.430309,남원 데모도로,남원시,670188.0,287953.6,0.4296609309626552,17.276260308101918,matched,0,,,,,0,2025-08-03,24.092000000000002,18.27,29.49,11.670000000000002,0.0,61.778,0
R00364,35.979519,126.958682,익산 데모도로,익산시,1404068.0,1069912.0,0.7620086776423934,10.189728749446369,matched,0,,,,,0,2025-12-25,-0.7779999999999999,-10.2,5.33,9.48,1.44,57.198,0
R00382,35.916638,126.989727,익산 데모도로,익산시,1404068.0,1069912.0,0.7620086776423934,10.189728749446369,matched,1,F0042,2025-02-28,덧씌우기,139.94437715521968,2,2026-01-23,0.9740000000000002,-9.24,8.41,9.17,2.05,61.775999999999996,1
R00532,35.431679,127.375993,남원 데모도로,남원시,670188.0,287953.6,0.4296609309626552,17.276260308101918,matched,0,,,,,0,2024-11-24,0.25999999999999984,-9.21,10.28,4.23,0.0,50.025999999999996,0
R00152,35.967444,126.730199,군산 데모도로,군산시,1384801.76,612246.21,0.442118307244208,14.853572251212228,matched,0,,,,,0,2024-10-28,7.812,-0.24,14.74,45.330000000000005,0.0,66.476,0
R00562,35.569879,126.8594,정읍 데모도로,정읍시,845508.0,326882.92,0.3866112680187532,9.4307279162049,matched,0,,,,,0,2025-08-17,21.024,14.48,27.32,6.23,0.0,59.215999999999994,0
R00608,35.612504,126.898103,정읍 데모도로,정읍시,845508.0,326882.92,0.3866112680187532,9.4307279162049,matched,1,F0019,2025-12-11,덧씌우기,66.54379000810414,2,2026-03-11,8.964,2.91,16.32,0.0,0.0,65.606,0
R00617,35.509753,126.856622,정읍 데모도로,정읍시,845508.0,326882.92,0.3866112680187532,9.4307279162049,matched,0,,,,,0,2025-05-21,23.613999999999997,17.49,30.53,19.17,0.0,62.33,0
R00420,35.415574,127.363675,남원 데모도로,남원시,670188.0,287953.6,0.4296609309626552,17.276260308101918,matched,0,,,,,0,2024-10-07,9.376,3.15,14.21,2.43,0.0,58.074,0
R00250,35.948556,126.755141,군산 데모도로,군산시,1384801.76,612246.21,0.442118307244208,14.853572251212228,matched,0,,,,,0,2025-08-11,20.322,12.16,27.21,0.0,0.0,59.815999999999995,0
R00117,35.814964,127.156567,전주 데모도로,전주시,2081706.65,842.95,0.0004049321742811,7.742488395563824,matched,0,,,,,0,2026-08-16,22.456,15.56,29.56,18.47,0.0,62.512,0
R00512,35.363478,127.443558,남원 데모도로,남원시,670188.0,287953.6,0.4296609309626552,17.276260308101918,matched,0,,,,,0,2026-03-05,5.762,-0.14,14.49,13.36,0.0,62.224000000000004,0
R00578,35.569823,126.936803,정읍 데모도로,정읍시,845508.0,326882.92,0.3866112680187532,9.4307279162049,matched,0,,,,,0,2025-12-16,-0.8019999999999999,-6.99,5.8,0.0,3.97,65.644,0
R00335,35.987871,126.998088,익산 데모도로,익산시,1404068.0,1069912.0,0.7620086776423934,10.189728749446369,matched,1,F0003,2025-03-05,상온아스콘,20.06007090848022,2,2024-11-10,3.1719999999999997,-3.87,8.39,3.02,0.0,60.95399999999999,0
R00418,35.417109,127.353301,남원 데모도로,남원시,670188.0,287953.6,0.4296609309626552,17.276260308101918,matched,1,F0013,2025-03-31,임시보수,37.24219377630799,2,2026-05-18,20.494,12.82,28.53,0.0,0.0,54.084,0
R00295,35.949822,126.983505,익산 데모도로,익산시,1404068.0,1069912.0,0.7620086776423934,10.189728749446369,matched,0,,,,,0,2026-03-25,13.262,6.5,21.24,1.4,0.0,55.553999999999995,0
R00371,36.013899,126.957902,익산 데모도로,익산시,1404068.0,1069912.0,0.7620086776423934,10.189728749446369,matched,0,,,,,0,2025-06-10,23.113999999999997,15.64,30.37,24.5,0.0,60.81600000000001,0
R00186,35.96196,126.730818,군산 데모도로,군산시,1384801.76,612246.21,0.442118307244208,14.853572251212228,matched,0,,,,,0,2025-04-11,15.044,7.88,21.09,0.0,0.0,56.646,0
R00246,35.934975,126.769475,군산 데모도로,군산시,1384801.76,612246.21,0.442118307244208,14.853572251212228,matched,0,,,,,0,2024-10-13,7.356,-2.58,13.67,0.0,0.0,49.734,0
R00637,35.606627,126.855358,정읍 데모도로,정읍시,845508.0,326882.92,0.3866112680187532,9.4307279162049,matched,0,,,,,0,2025-08-13,23.162,14.85,31.2,28.29,0.0,61.084,0
R00268,36.01108,126.693329,군산 데모도로,군산시,1384801.76,612246.21,0.442118307244208,14.853572251212228,matched,0,,,,,0,2024-12-06,0.49400000000000005,-9.77,8.79,27.68,0.99,53.74400000000001,0
R00643,35.634857,126.855447,정읍 데모도로,정읍시,845508.0,326882.92,0.3866112680187532,9.4307279162049,matched,0,,,,,0,2025-02-26,5.956,-2.27,12.35,10.2,0.0,47.464,0
R00237,36.043414,126.736115,군산 데모도로,군산시,1384801.76,612246.21,0.442118307244208,14.853572251212228,matched,0,,,,,0,2024-11-19,-0.8999999999999998,-8.41,7.25,22.86,0.0,64.65599999999999,0
R00530,35.425161,127.382425,남원 데모도로,남원시,670188.0,287953.6,0.4296609309626552,17.276260308101918,matched,0,,,,,0,2026-03-09,7.75,2.36,16.54,26.82,0.0,66.226,0
R00552,35.56942,126.810868,정읍 데모도로,정읍시,845508.0,326882.92,0.3866112680187532,9.4307279162049,matched,0,,,,,0,2024-10-17,7.176,0.59,13.36,1.92,0.0,54.888,0
R00021,35.825393,127.165179,전주 데모도로,전주시,2081706.65,842.95,0.0004049321742811,7.742488395563824,matched,0,,,,,0,2026-05-30,25.268,18.22,34.47,0.0,0.0,51.824,0
R00520,35.390441,127.416464,남원 데모도로,남원시,670188.0,287953.6,0.4296609309626552,17.276260308101918,matched,0,,,,,0,2024-09-26,11.996,3.92,20.05,32.959999999999994,0.0,63.278,0
R00100,35.893826,127.148815,전주 데모도로,전주시,2081706.65,842.95,0.0004049321742811,7.742488395563824,matched,0,,,,,0,2026-02-09,2.654,-5.0,9.61,29.21,0.62,62.720000000000006,0
R00478,35.342404,127.390377,남원 데모도로,남원시,670188.0,287953.6,0.4296609309626552,17.276260308101918,matched,0,,,,,0,2024-10-06,9.98,4.46,16.79,14.09,0.0,67.586,0
R00599,35.581305,126.867926,정읍 데모도로,정읍시,845508.0,326882.92,0.3866112680187532,9.4307279162049,matched,0,,,,,0,2025-10-12,7.909999999999999,2.77,15.27,0.0,0.0,59.138,0
R00298,35.94776,126.999644,익산 데모도로,익산시,1404068.0,1069912.0,0.7620086776423934,10.189728749446369,matched,0,,,,,0,2026-05-17,21.912,14.33,32.17,18.310000000000002,0.0,65.526,0
R00526,35.412661,127.395166,남원 데모도로,남원시,670188.0,287953.6,0.4296609309626552,17.276260308101918,matched,0,,,,,0,2024-08-31,18.718,11.44,25.75,10.0,0.0,64.686,0
R00334,35.983692,126.993823,익산 데모도로,익산시,1404068.0,1069912.0,0.7620086776423934,10.189728749446369,matched,0,,,,,0,2024-09-23,10.786,4.25,21.06,4.41,0.0,57.24400000000001,1
R00002,35.823858,127.073667,전주 데모도로,전주시,2081706.65,842.95,0.0004049321742811,7.742488395563824,matched,0,,,,,0,2024-11-27,-0.7080000000000001,-6.76,6.01,6.56,0.0,63.112,0
R00375,35.891777,127.014449,익산 데모도로,익산시,1404068.0,1069912.0,0.7620086776423934,10.189728749446369,matched,0,,,,,0,2024-11-12,2.834,-4.03,9.84,40.1,0.0,61.652,1
R00293,35.948796,126.974781,익산 데모도로,익산시,1404068.0,1069912.0,0.7620086776423934,10.189728749446369,matched,1,F0052,2025-12-11,덧씌우기,77.18968037390293,1,2026-01-16,-0.8640000000000001,-6.97,9.27,20.57,0.98,61.814,0
R00553,35.570045,126.814805,정읍 데모도로,정읍시,845508.0,326882.92,0.3866112680187532,9.4307279162049,matched,0,,,,,0,2025-03-29,10.922,1.21,23.39,0.0,0.0,57.565999999999995,0
R00318,35.929691,126.93936,익산 데모도로,익산시,1404068.0,1069912.0,0.7620086776423934,10.189728749446369,matched,0,,,,,0,2025-07-22,24.538,17.71,30.51,11.28,0.0,59.120000000000005,1
R00502,35.45745,127.391038,남원 데모도로,남원시,670188.0,287953.6,0.4296609309626552,17.276260308101918,matched,0,,,,,0,2025-01-31,4.516,-2.19,13.65,4.86,0.41,60.077999999999996,0
R00381,35.912711,126.993868,익산 데모도로,익산시,1404068.0,1069912.0,0.7620086776423934,10.189728749446369,matched,0,,,,,0,2025-09-05,17.880000000000003,8.69,24.71,0.0,0.0,60.4,0
R00623,35.53753,126.854753,정읍 데모도로,정읍시,845508.0,326882.92,0.3866112680187532,9.4307279162049,matched,0,,,,,0,2025-08-29,18.916,10.34,25.27,0.0,0.0,61.608000000000004,0
R00014,35.823624,127.130986,전주 데모도로,전주시,2081706.65,842.95,0.0004049321742811,7.742488395563824,matched,0,,,,,0,2025-12-02,-0.6280000000000001,-9.71,6.78,3.5,1.08,65.564,0
R00504,35.466249,127.390625,남원 데모도로,남원시,670188.0,287953.6,0.4296609309626552,17.276260308101918,matched,0,,,,,0,2026-05-22,22.176,12.37,30.44,0.0,0.0,61.472,0
R00231,36.01351,126.737731,군산 데모도로,군산시,1384801.76,612246.21,0.442118307244208,14.853572251212228,matched,0,,,,,0,2024-09-18,13.23,5.64,23.28,0.0,0.0,62.855999999999995,0
R00084,35.816631,127.148041,전주 데모도로,전주시,2081706.65,842.95,0.0004049321742811,7.742488395563824,matched,0,,,,,0,2025-08-28,17.778,9.18,22.99,16.78,0.0,57.784000000000006,0
R00130,35.860353,127.112973,전주 데모도로,전주시,2081706.65,842.95,0.0004049321742811,7.742488395563824,matched,0,,,,,0,2024-08-29,16.824,9.32,23.56,19.89,0.0,61.376,0
R00145,35.966917,126.695091,군산 데모도로,군산시,1384801.76,612246.21,0.442118307244208,14.853572251212228,matched,0,,,,,0,2025-06-16,26.226,20.4,35.22,16.71,0.0,61.164,0
R00028,35.824172,127.198837,전주 데모도로,전주시,2081706.65,842.95,0.0004049321742811,7.742488395563824,matched,0,,,,,0,2024-11-22,1.374,-6.14,10.6,0.65,0.0,58.25599999999999,0
R00066,35.874179,127.197996,전주 데모도로,전주시,2081706.65,842.95,0.0004049321742811,7.742488395563824,matched,0,,,,,0,2025-02-24,5.242,-5.58,14.35,0.0,2.79,56.315999999999995,0
R00163,35.966578,126.781928,군산 데모도로,군산시,1384801.76,612246.21,0.442118307244208,14.853572251212228,matched,0,,,,,0,2025-11-14,0.718,-5.89,6.75,43.419999999999995,0.0,62.952,0
R00229,36.004741,126.735496,군산 데모도로,군산시,1384801.76,612246.21,0.442118307244208,14.853572251212228,matched,0,,,,,0,2025-02-26,5.956,-2.27,12.35,10.2,0.0,47.464,0
R00261,35.988141,126.717713,군산 데모도로,군산시,1384801.76,612246.21,0.442118307244208,14.853572251212228,matched,1,F0010,2025-01-17,임시보수,89.25965130574198,2,2025-12-17,-1.544,-8.91,4.79,0.0,1.72,61.864,0
R00449,35.380762,127.354279,남원 데모도로,남원시,670188.0,287953.6,0.4296609309626552,17.276260308101918,matched,0,,,,,0,2025-05-11,20.302,12.1,31.0,0.0,0.0,54.754,0
R00424,35.415932,127.382745,남원 데모도로,남원시,670188.0,287953.6,0.4296609309626552,17.276260308101918,matched,0,,,,,0,2025-10-16,8.384,2.15,15.28,0.0,0.0,61.529999999999994,0
R00460,35.418368,127.392787,남원 데모도로,남원시,670188.0,287953.6,0.4296609309626552,17.276260308101918,matched,0,,,,,0,2024-12-24,-2.692,-11.93,2.43,3.27,0.39,60.136,0
R00676,35.612337,126.81311,정읍 데모도로,정읍시,845508.0,326882.92,0.3866112680187532,9.4307279162049,matched,0,,,,,0,2025-04-13,15.346,8.96,21.22,5.02,0.0,60.49400000000001,0
R00301,35.948673,127.013247,익산 데모도로,익산시,1404068.0,1069912.0,0.7620086776423934,10.189728749446369,matched,0,,,,,0,2025-08-08,21.816,14.78,26.98,18.26,0.0,63.507999999999996,0
R00303,35.948759,127.023477,익산 데모도로,익산시,1404068.0,1069912.0,0.7620086776423934,10.189728749446369,matched,0,,,,,0,2024-12-08,-3.2640000000000002,-11.52,4.54,0.0,1.74,60.358000000000004,1
R00287,35.948494,126.945916,익산 데모도로,익산시,1404068.0,1069912.0,0.7620086776423934,10.189728749446369,matched,0,,,,,0,2025-11-07,2.622,-5.1,9.77,0.0,0.0,66.22,0
R00395,35.961463,126.944843,익산 데모도로,익산시,1404068.0,1069912.0,0.7620086776423934,10.189728749446369,matched,0,,,,,0,2025-07-27,24.235999999999997,18.12,29.81,7.890000000000001,0.0,57.45,1
R00010,35.823175,127.11063,전주 데모도로,전주시,2081706.65,842.95,0.0004049321742811,7.742488395563824,matched,0,,,,,0,2025-01-10,-0.8140000000000001,-5.64,6.03,45.059999999999995,1.9300000000000002,58.424,0
R00630,35.572288,126.854885,정읍 데모도로,정읍시,845508.0,326882.92,0.3866112680187532,9.4307279162049,matched,0,,,,,0,2024-10-22,8.086,-2.07,19.1,12.67,0.0,60.95,0
R00270,36.016519,126.687173,군산 데모도로,군산시,1384801.76,612246.21,0.442118307244208,14.853572251212228,matched,0,,,,,0,2025-04-22,17.97,10.09,24.92,0.0,0.0,60.588,0
R00592,35.556678,126.844311,정읍 데모도로,정읍시,845508.0,326882.92,0.3866112680187532,9.4307279162049,matched,0,,,,,0,2025-12-21,-1.018,-7.61,4.98,15.18,2.32,59.025999999999996,0
R00605,35.602529,126.88987,정읍 데모도로,정읍시,845508.0,326882.92,0.3866112680187532,9.4307279162049,matched,0,,,,,0,2025-10-31,4.774,-3.46,13.35,9.52,0.0,62.622,0
R00361,35.965113,126.957936,익산 데모도로,익산시,1404068.0,1069912.0,0.7620086776423934,10.189728749446369,matched,0,,,,,0,2024-12-02,0.5199999999999999,-7.2,8.49,0.0,2.3499999999999996,57.302,1
R00257,35.972303,126.731918,군산 데모도로,군산시,1384801.76,612246.21,0.442118307244208,14.853572251212228,matched,0,,,,,0,2025-02-15,3.076,-4.06,10.45,12.31,0.06,62.215999999999994,0
R00133,35.869658,127.101812,전주 데모도로,전주시,2081706.65,842.95,0.0004049321742811,7.742488395563824,matched,0,,,,,0,2025-02-18,4.542,-6.13,13.3,2.61,1.83,50.757999999999996,0
R00276,35.948767,126.893546,익산 데모도로,익산시,1404068.0,1069912.0,0.7620086776423934,10.189728749446369,matched,0,,,,,0,2025-04-01,12.522,5.37,19.74,16.46,0.0,61.662,0
R00513,35.366316,127.440271,남원 데모도로,남원시,670188.0,287953.6,0.4296609309626552,17.276260308101918,matched,0,,,,,0,2024-11-15,4.15,-2.57,10.59,29.81,0.0,62.052,0
R00313,35.911736,126.921285,익산 데모도로,익산시,1404068.0,1069912.0,0.7620086776423934,10.189728749446369,matched,0,,,,,0,2026-07-07,25.698,19.37,32.81,0.0,0.0,69.218,1
R00576,35.570358,126.926923,정읍 데모도로,정읍시,845508.0,326882.92,0.3866112680187532,9.4307279162049,matched,0,,,,,0,2026-01-30,1.572,-6.43,8.76,0.0,0.07,61.757999999999996,0
R00284,35.947861,126.930646,익산 데모도로,익산시,1404068.0,1069912.0,0.7620086776423934,10.189728749446369,matched,0,,,,,0,2025-08-24,19.706,12.29,29.89,7.91,0.0,49.506,1
R00121,35.829855,127.142617,전주 데모도로,전주시,2081706.65,842.95,0.0004049321742811,7.742488395563824,matched,1,F0047,2024-09-26,덧씌우기,120.37828454162783,1,2025-09-21,12.982,3.23,22.69,0.0,0.0,55.717999999999996,0
R00107,35.781744,127.189963,전주 데모도로,전주시,2081706.65,842.95,0.0004049321742811,7.742488395563824,matched,0,,,,,0,2024-12-02,0.5199999999999999,-7.2,8.49,0.0,2.3499999999999996,57.302,0
R00204,36.024578,126.794229,군산 데모도로,군산시,1384801.76,612246.21,0.442118307244208,14.853572251212228,matched,0,,,,,0,2025-05-16,22.158,13.82,30.72,0.0,0.0,60.09400000000001,0
R00165,35.968076,126.792348,군산 데모도로,군산시,1384801.76,612246.21,0.442118307244208,14.853572251212228,matched,1,F0020,2026-01-04,임시보수,9.795677699861187,1,2026-01-03,-2.516,-9.53,8.12,28.0,6.65,63.464,0
R00305,35.948167,127.032524,익산 데모도로,익산시,1404068.0,1069912.0,0.7620086776423934,10.189728749446369,matched,0,,,,,0,2026-06-28,25.796000000000003,17.81,31.33,6.23,0.0,59.129999999999995,0
R00497,35.433306,127.392192,남원 데모도로,남원시,670188.0,287953.6,0.4296609309626552,17.276260308101918,matched,0,,,,,0,2026-01-25,0.19,-6.42,6.34,13.02,4.6899999999999995,55.714,0
R00632,35.582455,126.856529,정읍 데모도로,정읍시,845508.0,326882.92,0.3866112680187532,9.4307279162049,matched,0,,,,,0,2024-09-19,13.276,1.82,22.94,24.7,0.0,62.65,0
R00556,35.570216,126.829722,정읍 데모도로,정읍시,845508.0,326882.92,0.3866112680187532,9.4307279162049,matched,0,,,,,0,2025-09-15,14.703999999999999,8.9,20.41,1.33,0.0,52.339999999999996,0
R00156,35.968255,126.748701,군산 데모도로,군산시,1384801.76,612246.21,0.442118307244208,14.853572251212228,matched,0,,,,,0,2024-09-27,11.892,5.46,21.33,27.39,0.0,63.839999999999996,0
R00367,35.994823,126.95808,익산 데모도로,익산시,1404068.0,1069912.0,0.7620086776423934,10.189728749446369,matched,0,,,,,0,2026-06-09,24.226,17.51,30.26,12.44,0.0,61.081999999999994,0
R00620,35.52488,126.855818,정읍 데모도로,정읍시,845508.0,326882.92,0.3866112680187532,9.4307279162049,matched,0,,,,,0,2025-03-24,9.678,2.09,19.11,0.0,0.0,64.572,0
R00251,35.952319,126.752702,군산 데모도로,군산시,1384801.76,612246.21,0.442118307244208,14.853572251212228,matched,0,,,,,0,2024-11-08,2.81,-4.62,8.95,5.33,0.0,62.306000000000004,0
R00334,35.983692,126.993823,익산 데모도로,익산시,1404068.0,1069912.0,0.7620086776423934,10.189728749446369,matched,0,,,,,0,2026-08-08,20.162,13.62,28.4,12.51,0.0,54.56,0
R00642,35.630783,126.856529,정읍 데모도로,정읍시,845508.0,326882.92,0.3866112680187532,9.4307279162049,matched,0,,,,,0,2025-03-07,6.906000000000001,-0.44,14.27,0.0,0.0,62.662,0
R00511,35.360301,127.445956,남원 데모도로,남원시,670188.0,287953.6,0.4296609309626552,17.276260308101918,matched,0,,,,,0,2025-11-08,3.354,-3.87,11.26,22.75,0.0,58.4,0
R00293,35.948796,126.974781,익산 데모도로,익산시,1404068.0,1069912.0,0.7620086776423934,10.189728749446369,matched,1,F0052,2025-12-11,덧씌우기,77.18968037390293,1,2025-10-20,6.556,-2.06,15.03,0.0,0.0,58.736000000000004,0
R00020,35.824556,127.161415,전주 데모도로,전주시,2081706.65,842.95,0.0004049321742811,7.742488395563824,matched,0,,,,,0,2024-09-25,10.07,4.04,18.16,0.0,0.0,61.70399999999999,0
R00282,35.948375,126.92239,익산 데모도로,익산시,1404068.0,1069912.0,0.7620086776423934,10.189728749446369,matched,0,,,,,0,2025-03-17,9.782,0.19,17.48,4.09,0.0,56.424,0
R00001,35.82239,127.068752,전주 데모도로,전주시,2081706.65,842.95,0.0004049321742811,7.742488395563824,matched,0,,,,,0,2025-11-05,5.486,-2.03,13.46,2.37,0.0,58.996,0
R00119,35.822136,127.149945,전주 데모도로,전주시,2081706.65,842.95,0.0004049321742811,7.742488395563824,matched,1,F0016,2025-06-20,상온아스콘,107.16910328454772,2,2025-07-11,24.978,18.8,31.75,4.49,0.0,57.024,0
R00035,35.768569,127.091285,전주 데모도로,전주시,2081706.65,842.95,0.0004049321742811,7.742488395563824,matched,0,,,,,0,2025-04-02,13.219999999999999,5.5,19.69,11.64,0.0,62.205999999999996,0
R00198,36.004298,126.772459,군산 데모도로,군산시,1384801.76,612246.21,0.442118307244208,14.853572251212228,matched,0,,,,,0,2024-10-05,10.366,1.79,18.6,11.58,0.0,54.39,0
R00485,35.375685,127.391521,남원 데모도로,남원시,670188.0,287953.6,0.4296609309626552,17.276260308101918,matched,0,,,,,0,2024-09-05,16.812,7.43,25.03,0.0,0.0,63.85999999999999,0
R00059,35.850445,127.173177,전주 데모도로,전주시,2081706.65,842.95,0.0004049321742811,7.742488395563824,matched,0,,,,,0,2025-10-31,4.774,-3.46,13.35,9.52,0.0,62.622,0
R00161,35.966337,126.774117,군산 데모도로,군산시,1384801.76,612246.21,0.442118307244208,14.853572251212228,matched,0,,,,,0,2026-07-27,20.988,12.97,27.48,11.58,0.0,58.541999999999994,0
R00206,35.894142,126.737256,군산 데모도로,군산시,1384801.76,612246.21,0.442118307244208,14.853572251212228,matched,0,,,,,0,2025-02-21,5.965999999999999,0.4,12.56,5.6899999999999995,0.0,54.632000000000005,0
R00012,35.824178,127.120984,전주 데모도로,전주시,2081706.65,842.95,0.0004049321742811,7.742488395563824,matched,0,,,,,0,2025-07-29,20.244,11.89,27.91,19.17,0.0,56.67999999999999,0
R00490,35.399475,127.389946,남원 데모도로,남원시,670188.0,287953.6,0.4296609309626552,17.276260308101918,matched,0,,,,,0,2025-03-30,11.748000000000001,3.03,18.38,10.82,0.0,59.742000000000004,0
R00276,35.948767,126.893546,익산 데모도로,익산시,1404068.0,1069912.0,0.7620086776423934,10.189728749446369,matched,0,,,,,0,2025-12-19,-0.26799999999999996,-7.97,8.63,18.28,1.8199999999999998,58.924,1
R00242,35.921216,126.78377,군산 데모도로,군산시,1384801.76,612246.21,0.442118307244208,14.853572251212228,matched,0,,,,,0,2025-04-04,12.53,6.02,21.19,0.0,0.0,52.73,0
R00216,35.941799,126.73834,군산 데모도로,군산시,1384801.76,612246.21,0.442118307244208,14.853572251212228,matched,0,,,,,0,2025-09-12,15.514,8.16,25.19,0.0,0.0,54.220000000000006,0
R00251,35.952319,126.752702,군산 데모도로,군산시,1384801.76,612246.21,0.442118307244208,14.853572251212228,matched,0,,,,,0,2026-03-30,12.0,5.37,18.09,1.83,0.0,50.19,0
R00126,35.847251,127.124777,전주 데모도로,전주시,2081706.65,842.95,0.0004049321742811,7.742488395563824,matched,0,,,,,0,2025-02-22,6.444,-5.93,14.0,20.799999999999997,0.0,58.67,0
R00217,35.945693,126.737156,군산 데모도로,군산시,1384801.76,612246.21,0.442118307244208,14.853572251212228,matched,0,,,,,0,2025-05-15,21.916,13.09,32.04,3.07,0.0,50.648,0
R00306,35.947077,127.037643,익산 데모도로,익산시,1404068.0,1069912.0,0.7620086776423934,10.189728749446369,matched,0,,,,,0,2026-04-17,17.096,10.45,22.65,0.0,0.0,63.79600000000001,0
R00185,35.959372,126.72842,군산 데모도로,군산시,1384801.76,612246.21,0.442118307244208,14.853572251212228,matched,0,,,,,0,2025-06-24,25.416,19.27,32.09,6.74,0.0,56.839999999999996,0
R00039,35.779927,127.10576,전주 데모도로,전주시,2081706.65,842.95,0.0004049321742811,7.742488395563824,matched,0,,,,,0,2024-12-28,-0.914,-9.31,8.64,7.43,0.0,52.69,0
R00223,35.975607,126.737077,군산 데모도로,군산시,1384801.76,612246.21,0.442118307244208,14.853572251212228,matched,0,,,,,0,2026-02-20,4.668,-1.31,11.53,0.0,1.04,62.7,0
R00184,35.955983,126.724956,군산 데모도로,군산시,1384801.76,612246.21,0.442118307244208,14.853572251212228,matched,0,,,,,0,2024-10-29,3.944,-4.88,12.17,0.0,0.0,59.767999999999994,0
R00495,35.423058,127.390905,남원 데모도로,남원시,670188.0,287953.6,0.4296609309626552,17.276260308101918,matched,0,,,,,0,2026-06-21,25.214000000000002,16.6,33.5,3.79,0.0,61.996,0
R00427,35.415612,127.397951,남원 데모도로,남원시,670188.0,287953.6,0.4296609309626552,17.276260308101918,matched,0,,,,,0,2025-02-21,5.965999999999999,0.4,12.56,5.6899999999999995,0.0,54.632000000000005,0
R00178,35.93582,126.704849,군산 데모도로,군산시,1384801.76,612246.21,0.442118307244208,14.853572251212228,matched,0,,,,,0,2025-12-17,-1.544,-8.91,4.79,0.0,1.72,61.864,0
R00428,35.41588,127.402421,남원 데모도로,남원시,670188.0,287953.6,0.4296609309626552,17.276260308101918,matched,0,,,,,0,2025-02-25,3.732,-4.08,11.07,9.1,0.0,57.75,0
R00294,35.948785,126.978924,익산 데모도로,익산시,1404068.0,1069912.0,0.7620086776423934,10.189728749446369,matched,0,,,,,0,2025-10-14,7.714,2.19,15.88,14.5,0.0,57.138,1
R00151,35.967403,126.724237,군산 데모도로,군산시,1384801.76,612246.21,0.442118307244208,14.853572251212228,matched,0,,,,,0,2024-12-16,-1.7440000000000002,-6.46,3.63,0.0,0.0,56.67,0
R00384,35.92321,126.983204,익산 데모도로,익산시,1404068.0,1069912.0,0.7620086776423934,10.189728749446369,matched,0,,,,,0,2025-03-26,10.947999999999999,2.99,17.69,7.04,0.0,61.0,1
R00638,35.611337,126.855431,정읍 데모도로,정읍시,845508.0,326882.92,0.3866112680187532,9.4307279162049,matched,0,,,,,0,2024-10-10,9.234,1.34,17.18,3.34,0.0,57.42,0
R00308,35.896398,126.903757,익산 데모도로,익산시,1404068.0,1069912.0,0.7620086776423934,10.189728749446369,matched,0,,,,,0,2025-11-12,3.5460000000000003,-4.43,11.62,0.0,0.0,60.428,1
R00336,35.990952,127.00024,익산 데모도로,익산시,1404068.0,1069912.0,0.7620086776423934,10.189728749446369,matched,0,,,,,0,2025-10-04,9.968,2.23,19.0,4.08,0.0,59.678,0
R00375,35.891777,127.014449,익산 데모도로,익산시,1404068.0,1069912.0,0.7620086776423934,10.189728749446369,matched,0,,,,,0,2026-05-23,21.692,12.07,30.29,7.35,0.0,52.08,1
R00008,35.823561,127.101636,전주 데모도로,전주시,2081706.65,842.95,0.0004049321742811,7.742488395563824,matched,0,,,,,0,2025-04-12,17.21,9.34,25.73,0.0,0.0,58.996,0
R00341,35.869422,126.9565,익산 데모도로,익산시,1404068.0,1069912.0,0.7620086776423934,10.189728749446369,matched,0,,,,,0,2026-08-08,20.162,13.62,28.4,12.51,0.0,54.56,1
R00129,35.855777,127.114311,전주 데모도로,전주시,2081706.65,842.95,0.0004049321742811,7.742488395563824,matched,0,,,,,0,2025-09-28,11.086,3.03,17.41,0.0,0.0,63.63000000000001,0
R00669,35.588659,126.83769,정읍 데모도로,정읍시,845508.0,326882.92,0.3866112680187532,9.4307279162049,matched,0,,,,,0,2026-04-18,16.740000000000002,8.89,23.55,3.63,0.0,61.482000000000006,0
R00352,35.921381,126.957405,익산 데모도로,익산시,1404068.0,1069912.0,0.7620086776423934,10.189728749446369,matched,0,,,,,0,2025-10-14,7.714,2.19,15.88,14.5,0.0,57.138,0
R00358,35.950792,126.957663,익산 데모도로,익산시,1404068.0,1069912.0,0.7620086776423934,10.189728749446369,matched,0,,,,,0,2026-07-31,22.058,14.04,29.21,19.54,0.0,48.416,1
R00517,35.380783,127.424563,남원 데모도로,남원시,670188.0,287953.6,0.4296609309626552,17.276260308101918,matched,0,,,,,0,2025-04-22,17.97,10.09,24.92,0.0,0.0,60.588,0
R00495,35.423058,127.390905,남원 데모도로,남원시,670188.0,287953.6,0.4296609309626552,17.276260308101918,matched,0,,,,,0,2024-10-29,3.944,-4.88,12.17,0.0,0.0,59.767999999999994,0
R00086,35.826956,127.147903,전주 데모도로,전주시,2081706.65,842.95,0.0004049321742811,7.742488395563824,matched,0,,,,,0,2025-02-19,4.736,-1.42,10.85,17.86,0.67,55.366,0
R00175,35.923497,126.693767,군산 데모도로,군산시,1384801.76,612246.21,0.442118307244208,14.853572251212228,matched,0,,,,,0,2024-08-24,18.881999999999998,12.8,26.04,49.58,0.0,69.356,0
R00193,35.986169,126.755243,군산 데모도로,군산시,1384801.76,612246.21,0.442118307244208,14.853572251212228,matched,0,,,,,0,2025-03-12,8.458,-0.23,15.93,0.0,0.0,47.730000000000004,0
R00311,35.905867,126.914919,익산 데모도로,익산시,1404068.0,1069912.0,0.7620086776423934,10.189728749446369,matched,1,F0004,2025-11-19,덧씌우기,79.49476409493717,2,2026-02-13,3.084,-4.39,11.51,4.76,0.0,64.50800000000001,0
R00119,35.822136,127.149945,전주 데모도로,전주시,2081706.65,842.95,0.0004049321742811,7.742488395563824,matched,1,F0016,2025-06-20,상온아스콘,107.16910328454772,2,2026-04-21,17.887999999999998,11.08,24.27,0.0,0.0,59.486000000000004,0
R00218,35.950727,126.736954,군산 데모도로,군산시,1384801.76,612246.21,0.442118307244208,14.853572251212228,matched,0,,,,,0,2025-09-09,16.008,7.92,25.16,0.0,0.0,64.644,1
R00427,35.415612,127.397951,남원 데모도로,남원시,670188.0,287953.6,0.4296609309626552,17.276260308101918,matched,0,,,,,0,2026-07-18,25.034,17.45,30.97,7.03,0.0,63.58399999999999,0
R00414,35.416024,127.335612,남원 데모도로,남원시,670188.0,287953.6,0.4296609309626552,17.276260308101918,matched,0,,,,,0,2024-11-02,3.768,-3.66,11.01,0.0,0.0,56.40599999999999,0
R00114,35.806461,127.166725,전주 데모도로,전주시,2081706.65,842.95,0.0004049321742811,7.742488395563824,matched,0,,,,,0,2025-02-11,2.252,-8.67,11.84,0.0,0.27,58.902,0
R00145,35.966917,126.695091,군산 데모도로,군산시,1384801.76,612246.21,0.442118307244208,14.853572251212228,matched,0,,,,,0,2025-08-02,21.97,12.53,31.4,45.44,0.0,62.224000000000004,0
R00538,35.451203,127.353755,남원 데모도로,남원시,670188.0,287953.6,0.4296609309626552,17.276260308101918,matched,0,,,,,0,2025-04-30,19.06,13.18,28.73,1.09,0.0,58.714,0
R00648,35.516605,126.909882,정읍 데모도로,정읍시,845508.0,326882.92,0.3866112680187532,9.4307279162049,matched,1,F0063,2025-01-29,상온아스콘,35.41790110235762,1,2026-07-21,24.092000000000002,17.33,32.88,20.560000000000002,0.0,62.18399999999999,0
R00303,35.948759,127.023477,익산 데모도로,익산시,1404068.0,1069912.0,0.7620086776423934,10.189728749446369,matched,0,,,,,0,2025-06-22,25.27,17.92,33.24,69.1,0.0,70.016,1
R00588,35.544153,126.829581,정읍 데모도로,정읍시,845508.0,326882.92,0.3866112680187532,9.4307279162049,matched,0,,,,,0,2025-07-29,20.244,11.89,27.91,19.17,0.0,56.67999999999999,0
R00345,35.888643,126.958921,익산 데모도로,익산시,1404068.0,1069912.0,0.7620086776423934,10.189728749446369,matched,0,,,,,0,2024-12-23,-3.064,-11.08,5.12,0.0,2.01,62.352,0
R00001,35.82239,127.068752,전주 데모도로,전주시,2081706.65,842.95,0.0004049321742811,7.742488395563824,matched,0,,,,,0,2025-06-01,22.222,14.26,30.46,36.93,0.0,63.802,0
R00147,35.967717,126.705126,군산 데모도로,군산시,1384801.76,612246.21,0.442118307244208,14.853572251212228,matched,0,,,,,0,2026-08-13,21.938,14.66,31.3,53.269999999999996,0.0,67.676,1
R00287,35.948494,126.945916,익산 데모도로,익산시,1404068.0,1069912.0,0.7620086776423934,10.189728749446369,matched,0,,,,,0,2026-04-06,14.6,6.77,21.98,0.0,0.0,51.446000000000005,1
R00654,35.536421,126.888782,정읍 데모도로,정읍시,845508.0,326882.92,0.3866112680187532,9.4307279162049,matched,0,,,,,0,2025-12-18,-1.534,-11.03,7.85,31.27,0.0,66.53999999999999,0
R00053,35.830333,127.153403,전주 데모도로,전주시,2081706.65,842.95,0.0004049321742811,7.742488395563824,matched,0,,,,,0,2025-09-05,17.880000000000003,8.69,24.71,0.0,0.0,60.4,0
R00304,35.948469,127.027629,익산 데모도로,익산시,1404068.0,1069912.0,0.7620086776423934,10.189728749446369,matched,0,,,,,0,2025-09-28,11.086,3.03,17.41,0.0,0.0,63.63000000000001,0
R00069,35.745471,127.149299,전주 데모도로,전주시,2081706.65,842.95,0.0004049321742811,7.742488395563824,matched,0,,,,,0,2025-09-10,14.904,9.01,23.0,11.27,0.0,62.14,0
R00361,35.965113,126.957936,익산 데모도로,익산시,1404068.0,1069912.0,0.7620086776423934,10.189728749446369,matched,0,,,,,0,2026-01-25,0.19,-6.42,6.34,13.02,4.6899999999999995,55.714,0
R00602,35.591617,126.876758,정읍 데모도로,정읍시,845508.0,326882.92,0.3866112680187532,9.4307279162049,matched,0,,,,,0,2026-02-26,4.828,-1.55,11.79,0.0,0.0,57.912,0
R00220,35.960287,126.7373,군산 데모도로,군산시,1384801.76,612246.21,0.442118307244208,14.853572251212228,matched,0,,,,,0,2026-05-19,21.038,15.25,28.73,0.0,0.0,53.34400000000001,0
R00575,35.570003,126.92076,정읍 데모도로,정읍시,845508.0,326882.92,0.3866112680187532,9.4307279162049,matched,0,,,,,0,2026-05-06,19.44,11.44,25.87,17.64,0.0,58.760000000000005,0
R00585,35.53322,126.820471,정읍 데모도로,정읍시,845508.0,326882.92,0.3866112680187532,9.4307279162049,matched,0,,,,,0,2025-05-21,23.613999999999997,17.49,30.53,19.17,0.0,62.33,0
R00161,35.966337,126.774117,군산 데모도로,군산시,1384801.76,612246.21,0.442118307244208,14.853572251212228,matched,0,,,,,0,2025-12-31,0.43999999999999995,-7.07,7.5,44.95,2.01,66.624,0
R00089,35.841654,127.148283,전주 데모도로,전주시,2081706.65,842.95,0.0004049321742811,7.742488395563824,matched,0,,,,,0,2026-08-05,22.726,16.48,31.85,7.56,0.0,62.536,0
R00585,35.53322,126.820471,정읍 데모도로,정읍시,845508.0,326882.92,0.3866112680187532,9.4307279162049,matched,0,,,,,0,2025-07-21,24.928,15.83,31.21,22.22,0.0,63.55799999999999,0
R00589,35.548228,126.834922,정읍 데모도로,정읍시,845508.0,326882.92,0.3866112680187532,9.4307279162049,matched,0,,,,,0,2025-12-12,-0.154,-4.94,4.9,26.78,0.0,56.757999999999996,0
R00159,35.967974,126.763289,군산 데모도로,군산시,1384801.76,612246.21,0.442118307244208,14.853572251212228,matched,0,,,,,0,2025-05-18,22.054000000000002,14.29,28.84,0.0,0.0,62.041999999999994,0
R00489,35.394854,127.389632,남원 데모도로,남원시,670188.0,287953.6,0.4296609309626552,17.276260308101918,matched,0,,,,,0,2024-10-15,8.22,0.76,15.11,0.4,0.0,68.268,0
R00324,35.950586,126.958855,익산 데모도로,익산시,1404068.0,1069912.0,0.7620086776423934,10.189728749446369,matched,0,,,,,0,2025-07-12,24.284,17.38,32.02,10.2,0.0,60.34400000000001,1
R00610,35.619172,126.905011,정읍 데모도로,정읍시,845508.0,326882.92,0.3866112680187532,9.4307279162049,matched,0,,,,,0,2024-12-05,-1.6179999999999999,-11.19,3.6,7.62,0.0,58.233999999999995,0
R00381,35.912711,126.993868,익산 데모도로,익산시,1404068.0,1069912.0,0.7620086776423934,10.189728749446369,matched,0,,,,,0,2025-05-24,24.182,17.41,30.13,0.0,0.0,58.626,1
R00102,35.903994,127.147452,전주 데모도로,전주시,2081706.65,842.95,0.0004049321742811,7.742488395563824,matched,1,F0077,2025-11-01,덧씌우기,50.72886566344648,1,2026-07-05,26.442,18.27,33.56,6.22,0.0,61.88199999999999,0
R00494,35.418072,127.390784,남원 데모도로,남원시,670188.0,287953.6,0.4296609309626552,17.276260308101918,matched,0,,,,,0,2025-07-12,24.284,17.38,32.02,10.2,0.0,60.34400000000001,0
R00644,35.640185,126.855748,정읍 데모도로,정읍시,845508.0,326882.92,0.3866112680187532,9.4307279162049,matched,0,,,,,0,2025-06-29,25.136,17.38,32.46,25.03,0.0,70.982,0
R00614,35.494589,126.85642,정읍 데모도로,정읍시,845508.0,326882.92,0.3866112680187532,9.4307279162049,matched,0,,,,,0,2025-12-05,-0.542,-8.4,8.16,8.95,0.0,57.914,0
R00019,35.823855,127.156045,전주 데모도로,전주시,2081706.65,842.95,0.0004049321742811,7.742488395563824,matched,0,,,,,0,2024-12-07,-1.718,-9.87,5.9,25.98,0.0,58.846000000000004,0
R00454,35.396343,127.371362,남원 데모도로,남원시,670188.0,287953.6,0.4296609309626552,17.276260308101918,matched,0,,,,,0,2026-07-18,25.034,17.45,30.97,7.03,0.0,63.58399999999999,0
R00482,35.36124,127.390767,남원 데모도로,남원시,670188.0,287953.6,0.4296609309626552,17.276260308101918,matched,0,,,,,0,2025-04-04,12.53,6.02,21.19,0.0,0.0,52.73,0
R00594,35.563548,126.851691,정읍 데모도로,정읍시,845508.0,326882.92,0.3866112680187532,9.4307279162049,matched,0,,,,,0,2025-12-28,1.256,-6.4,7.95,7.88,0.0,60.49400000000001,0
R00397,35.965969,126.938281,익산 데모도로,익산시,1404068.0,1069912.0,0.7620086776423934,10.189728749446369,matched,0,,,,,0,2025-01-21,1.6039999999999999,-5.23,11.77,0.0,0.32,57.94,0
R00279,35.94886,126.906278,익산 데모도로,익산시,1404068.0,1069912.0,0.7620086776423934,10.189728749446369,matched,0,,,,,0,2025-12-04,1.8339999999999996,-6.75,10.85,7.73,0.0,55.70799999999999,1
R00365,35.983286,126.957562,익산 데모도로,익산시,1404068.0,1069912.0,0.7620086776423934,10.189728749446369,matched,0,,,,,0,2026-07-20,25.542,17.05,36.34,23.06,0.0,66.218,0
R00331,35.9748,126.983332,익산 데모도로,익산시,1404068.0,1069912.0,0.7620086776423934,10.189728749446369,matched,0,,,,,0,2025-05-17,21.214,14.56,31.1,2.45,0.0,58.053999999999995,1
R00641,35.625455,126.856992,정읍 데모도로,정읍시,845508.0,326882.92,0.3866112680187532,9.4307279162049,matched,0,,,,,0,2024-08-20,20.732,11.56,27.28,0.0,0.0,54.384,0
R00344,35.881631,126.957415,익산 데모도로,익산시,1404068.0,1069912.0,0.7620086776423934,10.189728749446369,matched,0,,,,,0,2026-08-10,19.972,12.73,28.95,0.0,0.0,56.608000000000004,0
R00455,35.401253,127.375306,남원 데모도로,남원시,670188.0,287953.6,0.4296609309626552,17.276260308101918,matched,0,,,,,0,2026-01-11,-0.1200000000000001,-9.1,8.85,5.62,4.9,72.292,0
R00601,35.589527,126.875097,정읍 데모도로,정읍시,845508.0,326882.92,0.3866112680187532,9.4307279162049,matched,0,,,,,0,2025-05-31,23.812,16.31,32.84,46.02,0.0,65.31,0
R00655,35.541394,126.88594,정읍 데모도로,정읍시,845508.0,326882.92,0.3866112680187532,9.4307279162049,matched,0,,,,,0,2024-08-31,18.718,11.44,25.75,10.0,0.0,64.686,0
R00065,35.871408,127.194156,전주 데모도로,전주시,2081706.65,842.95,0.0004049321742811,7.742488395563824,matched,0,,,,,0,2026-04-18,16.740000000000002,8.89,23.55,3.63,0.0,61.482000000000006,0
R00076,35.778204,127.148321,전주 데모도로,전주시,2081706.65,842.95,0.0004049321742811,7.742488395563824,matched,0,,,,,0,2025-12-29,-1.702,-7.9,3.86,6.25,0.0,64.17,0
R00143,35.967487,126.685226,군산 데모도로,군산시,1384801.76,612246.21,0.442118307244208,14.853572251212228,matched,0,,,,,0,2025-04-13,15.346,8.96,21.22,5.02,0.0,60.49400000000001,0
R00605,35.602529,126.88987,정읍 데모도로,정읍시,845508.0,326882.92,0.3866112680187532,9.4307279162049,matched,0,,,,,0,2024-11-20,3.7119999999999997,-2.88,9.75,3.17,0.0,57.013999999999996,0
R00473,35.463984,127.436665,남원 데모도로,남원시,670188.0,287953.6,0.4296609309626552,17.276260308101918,matched,0,,,,,0,2025-07-22,24.538,17.71,30.51,11.28,0.0,59.120000000000005,0
R00417,35.415874,127.349843,남원 데모도로,남원시,670188.0,287953.6,0.4296609309626552,17.276260308101918,matched,0,,,,,0,2025-02-05,1.8780000000000001,-4.52,7.7,4.16,0.7,61.358000000000004,0
R00305,35.948167,127.032524,익산 데모도로,익산시,1404068.0,1069912.0,0.7620086776423934,10.189728749446369,matched,0,,,,,0,2026-04-16,16.368000000000002,6.9,24.12,28.09,0.0,64.22999999999999,1
R00497,35.433306,127.392192,남원 데모도로,남원시,670188.0,287953.6,0.4296609309626552,17.276260308101918,matched,0,,,,,0,2026-06-10,22.886000000000003,14.41,30.88,15.33,0.0,55.694,0
R00291,35.948641,126.964972,익산 데모도로,익산시,1404068.0,1069912.0,0.7620086776423934,10.189728749446369,matched,1,F0018,2025-12-31,덧씌우기,53.87184894734594,1,2026-05-04,20.009999999999998,10.01,27.03,37.75,0.0,61.212,1
R00102,35.903994,127.147452,전주 데모도로,전주시,2081706.65,842.95,0.0004049321742811,7.742488395563824,matched,1,F0077,2025-11-01,덧씌우기,50.72886566344648,1,2026-03-08,6.276,-3.39,14.12,0.0,0.0,55.934000000000005,0
R00267,36.007361,126.697422,군산 데모도로,군산시,1384801.76,612246.21,0.442118307244208,14.853572251212228,matched,0,,,,,0,2025-11-28,-0.9099999999999999,-11.93,6.59,23.6,0.0,70.148,0
R00622,35.532152,126.855324,정읍 데모도로,정읍시,845508.0,326882.92,0.3866112680187532,9.4307279162049,matched,0,,,,,0,2026-05-08,19.69,12.35,26.47,11.26,0.0,61.403999999999996,0
R00003,35.824446,127.078537,전주 데모도로,전주시,2081706.65,842.95,0.0004049321742811,7.742488395563824,matched,1,F0025,2024-12-21,임시보수,74.05669924623368,1,2025-01-08,-0.674,-7.91,6.2,0.0,2.85,61.818000000000005,0
R00085,35.821804,127.148389,전주 데모도로,전주시,2081706.65,842.95,0.0004049321742811,7.742488395563824,matched,1,F0016,2025-06-20,상온아스콘,89.21257688824713,2,2025-03-07,6.906000000000001,-0.44,14.27,0.0,0.0,62.662,0
R00328,35.964288,126.973395,익산 데모도로,익산시,1404068.0,1069912.0,0.7620086776423934,10.189728749446369,matched,0,,,,,0,2025-02-14,3.8400000000000007,-2.87,11.02,0.0,5.010000000000001,47.69,1
R00450,35.384808,127.358371,남원 데모도로,남원시,670188.0,287953.6,0.4296609309626552,17.276260308101918,matched,0,,,,,0,2026-08-02,22.698,13.5,30.5,54.949999999999996,0.0,65.47200000000001,0
R00454,35.396343,127.371362,남원 데모도로,남원시,670188.0,287953.6,0.4296609309626552,17.276260308101918,matched,0,,,,,0,2025-08-17,21.024,14.48,27.32,6.23,0.0,59.215999999999994,0
R00629,35.567799,126.856299,정읍 데모도로,정읍시,845508.0,326882.92,0.3866112680187532,9.4307279162049,matched,0,,,,,0,2025-12-10,0.708,-5.18,7.83,0.0,3.3000000000000003,55.46600000000001,0
R00221,35.96474,126.737245,군산 데모도로,군산시,1384801.76,612246.21,0.442118307244208,14.853572251212228,matched,1,F0011,2024-03-26,임시보수,117.57902927230556,1,2026-03-06,9.044,3.32,15.96,0.12,0.0,60.13199999999999,0
R00154,35.967652,126.739072,군산 데모도로,군산시,1384801.76,612246.21,0.442118307244208,14.853572251212228,matched,1,F0011,2024-03-26,임시보수,284.1412180574434,1,2025-12-02,-0.6280000000000001,-9.71,6.78,3.5,1.08,65.564,0
R00665,35.574607,126.85097,정읍 데모도로,정읍시,845508.0,326882.92,0.3866112680187532,9.4307279162049,matched,0,,,,,0,2025-09-06,15.968,4.45,22.74,9.15,0.0,59.016,0
R00012,35.824178,127.120984,전주 데모도로,전주시,2081706.65,842.95,0.0004049321742811,7.742488395563824,matched,0,,,,,0,2026-07-11,23.286,13.48,33.74,12.78,0.0,58.79600000000001,0
R00133,35.869658,127.101812,전주 데모도로,전주시,2081706.65,842.95,0.0004049321742811,7.742488395563824,matched,0,,,,,0,2025-10-09,10.464,1.58,19.17,7.0,0.0,54.386,0
R00304,35.948469,127.027629,익산 데모도로,익산시,1404068.0,1069912.0,0.7620086776423934,10.189728749446369,matched,0,,,,,0,2025-06-22,25.27,17.92,33.24,69.1,0.0,70.016,1
R00293,35.948796,126.974781,익산 데모도로,익산시,1404068.0,1069912.0,0.7620086776423934,10.189728749446369,matched,1,F0052,2025-12-11,덧씌우기,77.18968037390293,1,2026-05-29,24.68,18.18,34.2,8.52,0.0,61.166,0
R00300,35.948754,127.008242,익산 데모도로,익산시,1404068.0,1069912.0,0.7620086776423934,10.189728749446369,matched,0,,,,,0,2026-07-13,24.282,16.56,32.17,8.92,0.0,53.57000000000001,0
R00043,35.795211,127.118698,전주 데모도로,전주시,2081706.65,842.95,0.0004049321742811,7.742488395563824,matched,0,,,,,0,2025-08-20,18.206,12.45,24.7,24.73,0.0,57.970000000000006,0
R00343,35.878362,126.955789,익산 데모도로,익산시,1404068.0,1069912.0,0.7620086776423934,10.189728749446369,matched,0,,,,,0,2024-08-19,18.448,11.14,25.78,69.77000000000001,0.0,61.574,1
R00326,35.956457,126.964735,익산 데모도로,익산시,1404068.0,1069912.0,0.7620086776423934,10.189728749446369,matched,0,,,,,0,2024-10-01,10.328,1.06,17.39,17.25,0.0,64.09400000000001,1
R00498,35.437687,127.390559,남원 데모도로,남원시,670188.0,287953.6,0.4296609309626552,17.276260308101918,matched,0,,,,,0,2024-11-24,0.25999999999999984,-9.21,10.28,4.23,0.0,50.025999999999996,0
R00364,35.979519,126.958682,익산 데모도로,익산시,1404068.0,1069912.0,0.7620086776423934,10.189728749446369,matched,0,,,,,0,2026-08-08,20.162,13.62,28.4,12.51,0.0,54.56,0
R00427,35.415612,127.397951,남원 데모도로,남원시,670188.0,287953.6,0.4296609309626552,17.276260308101918,matched,0,,,,,0,2025-05-10,18.922,10.49,27.24,7.9,0.0,59.814,0
R00021,35.825393,127.165179,전주 데모도로,전주시,2081706.65,842.95,0.0004049321742811,7.742488395563824,matched,0,,,,,0,2025-01-05,-1.4620000000000002,-10.43,5.84,0.0,0.0,62.61,0
R00407,36.00134,126.904199,익산 데모도로,익산시,1404068.0,1069912.0,0.7620086776423934,10.189728749446369,matched,0,,,,,0,2025-12-12,-0.154,-4.94,4.9,26.78,0.0,56.757999999999996,0
R00619,35.520201,126.855662,정읍 데모도로,정읍시,845508.0,326882.92,0.3866112680187532,9.4307279162049,matched,1,F0040,2025-12-01,상온아스콘,120.17049008308062,2,2025-04-12,17.21,9.34,25.73,0.0,0.0,58.996,0
R00336,35.990952,127.00024,익산 데모도로,익산시,1404068.0,1069912.0,0.7620086776423934,10.189728749446369,matched,0,,,,,0,2024-10-29,3.944,-4.88,12.17,0.0,0.0,59.767999999999994,0
R00117,35.814964,127.156567,전주 데모도로,전주시,2081706.65,842.95,0.0004049321742811,7.742488395563824,matched,0,,,,,0,2026-06-16,25.333999999999996,18.97,34.26,6.49,0.0,62.246,0
R00124,35.839379,127.13237,전주 데모도로,전주시,2081706.65,842.95,0.0004049321742811,7.742488395563824,matched,0,,,,,0,2025-02-24,5.242,-5.58,14.35,0.0,2.79,56.315999999999995,0
R00399,35.975401,126.933347,익산 데모도로,익산시,1404068.0,1069912.0,0.7620086776423934,10.189728749446369,matched,0,,,,,0,2025-05-13,21.919999999999998,14.74,29.44,6.34,0.0,56.172000000000004,1
R00051,35.822437,127.146151,전주 데모도로,전주시,2081706.65,842.95,0.0004049321742811,7.742488395563824,matched,0,,,,,0,2025-07-05,25.064,18.12,34.15,52.339999999999996,0.0,62.153999999999996,0
R00324,35.950586,126.958855,익산 데모도로,익산시,1404068.0,1069912.0,0.7620086776423934,10.189728749446369,matched,0,,,,,0,2024-12-03,-0.7879999999999999,-6.64,4.7,0.0,0.0,58.946000000000005,0
R00141,35.96754,126.675678,군산 데모도로,군산시,1384801.76,612246.21,0.442118307244208,14.853572251212228,matched,0,,,,,0,2025-04-07,16.77,11.21,22.55,10.44,0.0,65.362,0
R00470,35.452903,127.426837,남원 데모도로,남원시,670188.0,287953.6,0.4296609309626552,17.276260308101918,matched,0,,,,,0,2024-09-29,13.703999999999999,8.52,18.46,0.0,0.0,56.786,0
R00334,35.983692,126.993823,익산 데모도로,익산시,1404068.0,1069912.0,0.7620086776423934,10.189728749446369,matched,0,,,,,0,2026-07-21,24.092000000000002,17.33,32.88,20.560000000000002,0.0,62.18399999999999,1
R00373,36.023019,126.958074,익산 데모도로,익산시,1404068.0,1069912.0,0.7620086776423934,10.189728749446369,matched,0,,,,,0,2025-01-04,-1.258,-7.23,5.2,0.0,0.56,59.724000000000004,0
R00564,35.570503,126.868176,정읍 데모도로,정읍시,845508.0,326882.92,0.3866112680187532,9.4307279162049,matched,0,,,,,0,2026-04-25,18.308,9.71,27.8,7.44,0.0,61.114,0
R00494,35.418072,127.390784,남원 데모도로,남원시,670188.0,287953.6,0.4296609309626552,17.276260308101918,matched,0,,,,,0,2026-07-02,26.201999999999998,15.58,34.2,0.0,0.0,58.354,0
R00539,35.45487,127.350996,남원 데모도로,남원시,670188.0,287953.6,0.4296609309626552,17.276260308101918,matched,0,,,,,0,2025-05-18,22.054000000000002,14.29,28.84,0.0,0.0,62.041999999999994,0
R00669,35.588659,126.83769,정읍 데모도로,정읍시,845508.0,326882.92,0.3866112680187532,9.4307279162049,matched,0,,,,,0,2025-12-12,-0.154,-4.94,4.9,26.78,0.0,56.757999999999996,0
R00156,35.968255,126.748701,군산 데모도로,군산시,1384801.76,612246.21,0.442118307244208,14.853572251212228,matched,0,,,,,0,2025-10-08,9.548,1.74,18.31,5.89,0.0,58.342000000000006,0
R00291,35.948641,126.964972,익산 데모도로,익산시,1404068.0,1069912.0,0.7620086776423934,10.189728749446369,matched,1,F0018,2025-12-31,덧씌우기,53.87184894734594,1,2026-01-06,-1.242,-6.29,3.94,0.0,0.0,64.7,1
R00648,35.516605,126.909882,정읍 데모도로,정읍시,845508.0,326882.92,0.3866112680187532,9.4307279162049,matched,1,F0063,2025-01-29,상온아스콘,35.41790110235762,1,2026-08-13,21.938,14.66,31.3,53.269999999999996,0.0,67.676,0
R00144,35.967729,126.690468,군산 데모도로,군산시,1384801.76,612246.21,0.442118307244208,14.853572251212228,matched,0,,,,,0,2025-10-16,8.384,2.15,15.28,0.0,0.0,61.529999999999994,0
R00106,35.776484,127.193677,전주 데모도로,전주시,2081706.65,842.95,0.0004049321742811,7.742488395563824,matched,0,,,,,0,2025-09-29,9.288,3.21,14.67,1.77,0.0,58.836,0
R00420,35.415574,127.363675,남원 데모도로,남원시,670188.0,287953.6,0.4296609309626552,17.276260308101918,matched,0,,,,,0,2026-03-09,7.75,2.36,16.54,26.82,0.0,66.226,1
R00670,35.591932,126.833874,정읍 데모도로,정읍시,845508.0,326882.92,0.3866112680187532,9.4307279162049,matched,0,,,,,0,2025-09-12,15.514,8.16,25.19,0.0,0.0,54.220000000000006,0
R00658,35.550374,126.875754,정읍 데모도로,정읍시,845508.0,326882.92,0.3866112680187532,9.4307279162049,matched,0,,,,,0,2025-07-26,24.824,18.17,31.29,10.58,0.0,59.398,0
R00002,35.823858,127.073667,전주 데모도로,전주시,2081706.65,842.95,0.0004049321742811,7.742488395563824,matched,0,,,,,0,2026-04-24,18.962,10.49,28.48,10.82,0.0,57.024,0
R00589,35.548228,126.834922,정읍 데모도로,정읍시,845508.0,326882.92,0.3866112680187532,9.4307279162049,matched,0,,,,,0,2025-12-24,-3.214,-11.79,5.82,22.41,0.0,56.996,0
R00644,35.640185,126.855748,정읍 데모도로,정읍시,845508.0,326882.92,0.3866112680187532,9.4307279162049,matched,0,,,,,0,2025-02-26,5.956,-2.27,12.35,10.2,0.0,47.464,0
R00090,35.846595,127.147731,전주 데모도로,전주시,2081706.65,842.95,0.0004049321742811,7.742488395563824,matched,0,,,,,0,2025-12-30,2.59,-4.43,10.06,4.47,0.89,59.04600000000001,0
R00345,35.888643,126.958921,익산 데모도로,익산시,1404068.0,1069912.0,0.7620086776423934,10.189728749446369,matched,0,,,,,0,2026-07-31,22.058,14.04,29.21,19.54,0.0,48.416,1
R00350,35.911942,126.958567,익산 데모도로,익산시,1404068.0,1069912.0,0.7620086776423934,10.189728749446369,matched,0,,,,,0,2025-04-08,13.232,6.31,19.13,3.42,0.0,61.668000000000006,1
R00459,35.415242,127.388654,남원 데모도로,남원시,670188.0,287953.6,0.4296609309626552,17.276260308101918,matched,0,,,,,0,2025-04-02,13.219999999999999,5.5,19.69,11.64,0.0,62.205999999999996,0
R00263,35.993332,126.711143,군산 데모도로,군산시,1384801.76,612246.21,0.442118307244208,14.853572251212228,matched,0,,,,,0,2025-08-24,19.706,12.29,29.89,7.91,0.0,49.506,0
R00351,35.916504,126.956329,익산 데모도로,익산시,1404068.0,1069912.0,0.7620086776423934,10.189728749446369,matched,0,,,,,0,2025-01-04,-1.258,-7.23,5.2,0.0,0.56,59.724000000000004,0
R00108,35.785035,127.186453,전주 데모도로,전주시,2081706.65,842.95,0.0004049321742811,7.742488395563824,matched,0,,,,,0,2025-01-14,-3.226,-9.8,2.78,15.47,4.05,56.532,0
R00586,35.537717,126.822689,정읍 데모도로,정읍시,845508.0,326882.92,0.3866112680187532,9.4307279162049,matched,0,,,,,0,2024-12-11,-0.5399999999999999,-8.77,7.36,30.96,1.09,70.696,0
R00039,35.779927,127.10576,전주 데모도로,전주시,2081706.65,842.95,0.0004049321742811,7.742488395563824,matched,0,,,,,0,2025-11-11,2.754,-2.58,9.26,2.85,0.0,59.174,0
R00159,35.967974,126.763289,군산 데모도로,군산시,1384801.76,612246.21,0.442118307244208,14.853572251212228,matched,0,,,,,0,2024-10-20,7.866,0.88,13.56,13.51,0.0,60.012,0
R00583,35.526796,126.813006,정읍 데모도로,정읍시,845508.0,326882.92,0.3866112680187532,9.4307279162049,matched,0,,,,,0,2024-11-30,-0.5039999999999999,-7.61,5.51,0.0,0.0,60.004,0
R00312,35.90739,126.918092,익산 데모도로,익산시,1404068.0,1069912.0,0.7620086776423934,10.189728749446369,matched,0,,,,,0,2026-06-17,27.778,20.79,35.48,24.11,0.0,64.8,0
R00241,35.917537,126.786675,군산 데모도로,군산시,1384801.76,612246.21,0.442118307244208,14.853572251212228,matched,0,,,,,0,2025-05-18,22.054000000000002,14.29,28.84,0.0,0.0,62.041999999999994,0
R00445,35.366323,127.341717,남원 데모도로,남원시,670188.0,287953.6,0.4296609309626552,17.276260308101918,matched,0,,,,,0,2024-08-24,18.881999999999998,12.8,26.04,49.58,0.0,69.356,0
R00298,35.94776,126.999644,익산 데모도로,익산시,1404068.0,1069912.0,0.7620086776423934,10.189728749446369,matched,0,,,,,0,2025-01-12,0.4299999999999999,-7.18,6.53,7.06,2.18,65.738,0
R00036,35.771193,127.095657,전주 데모도로,전주시,2081706.65,842.95,0.0004049321742811,7.742488395563824,matched,0,,,,,0,2025-02-18,4.542,-6.13,13.3,2.61,1.83,50.757999999999996,0
R00084,35.816631,127.148041,전주 데모도로,전주시,2081706.65,842.95,0.0004049321742811,7.742488395563824,matched,0,,,,,0,2024-09-15,13.687999999999999,6.69,20.2,32.38,0.0,61.684000000000005,0
R00452,35.389533,127.364627,남원 데모도로,남원시,670188.0,287953.6,0.4296609309626552,17.276260308101918,matched,0,,,,,0,2026-02-19,4.4879999999999995,-2.32,13.28,13.16,0.0,57.862,0
R00385,35.925709,126.979276,익산 데모도로,익산시,1404068.0,1069912.0,0.7620086776423934,10.189728749446369,matched,0,,,,,0,2024-12-15,-0.788,-9.14,5.61,0.0,4.58,55.513999999999996,1
R00172,35.91448,126.685149,군산 데모도로,군산시,1384801.76,612246.21,0.442118307244208,14.853572251212228,matched,0,,,,,0,2025-06-07,25.862000000000002,16.61,34.0,11.83,0.0,62.388,0
R00376,35.893913,127.009165,익산 데모도로,익산시,1404068.0,1069912.0,0.7620086776423934,10.189728749446369,matched,0,,,,,0,2025-08-24,19.706,12.29,29.89,7.91,0.0,49.506,1
R00362,35.970358,126.957834,익산 데모도로,익산시,1404068.0,1069912.0,0.7620086776423934,10.189728749446369,matched,0,,,,,0,2025-04-19,18.69,10.94,26.77,0.0,0.0,59.838,1
R00559,35.568964,126.84381,정읍 데모도로,정읍시,845508.0,326882.92,0.3866112680187532,9.4307279162049,matched,1,F0021,2024-02-23,덧씌우기,46.37641616568677,1,2026-03-21,8.442,0.05,15.13,0.0,0.0,69.096,0
R00141,35.96754,126.675678,군산 데모도로,군산시,1384801.76,612246.21,0.442118307244208,14.853572251212228,matched,0,,,,,0,2026-08-14,20.234,13.76,26.31,0.0,0.0,61.044,0
R00118,35.818803,127.152232,전주 데모도로,전주시,2081706.65,842.95,0.0004049321742811,7.742488395563824,matched,0,,,,,0,2025-03-24,9.678,2.09,19.11,0.0,0.0,64.572,0
R00277,35.947756,126.896589,익산 데모도로,익산시,1404068.0,1069912.0,0.7620086776423934,10.189728749446369,matched,0,,,,,0,2025-02-11,2.252,-8.67,11.84,0.0,0.27,58.902,0
R00220,35.960287,126.7373,군산 데모도로,군산시,1384801.76,612246.21,0.442118307244208,14.853572251212228,matched,0,,,,,0,2025-06-13,24.692,18.52,30.77,27.14,0.0,62.224000000000004,0
R00026,35.824853,127.188986,전주 데모도로,전주시,2081706.65,842.95,0.0004049321742811,7.742488395563824,matched,0,,,,,0,2026-06-25,24.668,18.55,32.29,2.25,0.0,60.39,0
R00521,35.394619,127.412143,남원 데모도로,남원시,670188.0,287953.6,0.4296609309626552,17.276260308101918,matched,0,,,,,0,2024-10-15,8.22,0.76,15.11,0.4,0.0,68.268,0
R00010,35.823175,127.11063,전주 데모도로,전주시,2081706.65,842.95,0.0004049321742811,7.742488395563824,matched,0,,,,,0,2025-05-14,21.651999999999997,14.88,26.6,0.0,0.0,63.312,0
R00378,35.901213,127.004396,익산 데모도로,익산시,1404068.0,1069912.0,0.7620086776423934,10.189728749446369,matched,0,,,,,0,2025-06-22,25.27,17.92,33.24,69.1,0.0,70.016,1
R00633,35.586071,126.855575,정읍 데모도로,정읍시,845508.0,326882.92,0.3866112680187532,9.4307279162049,matched,0,,,,,0,2026-03-11,8.964,2.91,16.32,0.0,0.0,65.606,0
R00637,35.606627,126.855358,정읍 데모도로,정읍시,845508.0,326882.92,0.3866112680187532,9.4307279162049,matched,0,,,,,0,2025-06-02,23.804,14.69,32.5,13.92,0.0,64.954,0
R00584,35.53106,126.815246,정읍 데모도로,정읍시,845508.0,326882.92,0.3866112680187532,9.4307279162049,matched,0,,,,,0,2024-12-01,-0.08600000000000001,-7.43,6.88,16.439999999999998,0.0,55.522000000000006,0
R00152,35.967444,126.730199,군산 데모도로,군산시,1384801.76,612246.21,0.442118307244208,14.853572251212228,matched,0,,,,,0,2025-04-03,13.168000000000001,6.52,21.64,11.89,0.0,62.65599999999999,0
R00049,35.814873,127.139872,전주 데모도로,전주시,2081706.65,842.95,0.0004049321742811,7.742488395563824,matched,0,,,,,0,2025-04-22,17.97,10.09,24.92,0.0,0.0,60.588,0
R00154,35.967652,126.739072,군산 데모도로,군산시,1384801.76,612246.21,0.442118307244208,14.853572251212228,matched,1,F0011,2024-03-26,임시보수,284.1412180574434,1,2026-07-19,23.728,17.56,32.04,26.18,0.0,64.31,0
R00293,35.948796,126.974781,익산 데모도로,익산시,1404068.0,1069912.0,0.7620086776423934,10.189728749446369,matched,1,F0052,2025-12-11,덧씌우기,77.18968037390293,1,2025-12-25,-0.7779999999999999,-10.2,5.33,9.48,1.44,57.198,0
R00580,35.517298,126.803773,정읍 데모도로,정읍시,845508.0,326882.92,0.3866112680187532,9.4307279162049,matched,0,,,,,0,2024-11-09,2.504,-2.57,7.3,12.06,0.0,57.1,0
R00050,35.819254,127.143162,전주 데모도로,전주시,2081706.65,842.95,0.0004049321742811,7.742488395563824,matched,0,,,,,0,2025-02-20,5.994,-1.35,13.32,0.0,4.23,59.022000000000006,0
R00664,35.572029,126.855151,정읍 데모도로,정읍시,845508.0,326882.92,0.3866112680187532,9.4307279162049,matched,0,,,,,0,2025-04-27,18.076,10.63,25.89,30.14,0.0,59.257999999999996,0
R00531,35.42817,127.378571,남원 데모도로,남원시,670188.0,287953.6,0.4296609309626552,17.276260308101918,matched,0,,,,,0,2025-08-08,21.816,14.78,26.98,18.26,0.0,63.507999999999996,0
R00612,35.625395,126.911783,정읍 데모도로,정읍시,845508.0,326882.92,0.3866112680187532,9.4307279162049,matched,0,,,,,0,2026-07-15,25.326,17.0,32.51,11.41,0.0,61.686,0
R00060,35.85261,127.176597,전주 데모도로,전주시,2081706.65,842.95,0.0004049321742811,7.742488395563824,matched,0,,,,,0,2025-03-16,10.584,5.02,20.57,2.39,0.0,55.81,0
R00167,35.966864,126.803036,군산 데모도로,군산시,1384801.76,612246.21,0.442118307244208,14.853572251212228,matched,0,,,,,0,2026-04-19,16.612000000000002,9.14,24.13,0.0,0.0,53.038,0
R00202,36.018706,126.78486,군산 데모도로,군산시,1384801.76,612246.21,0.442118307244208,14.853572251212228,matched,0,,,,,0,2025-11-08,3.354,-3.87,11.26,22.75,0.0,58.4,0
R00146,35.968127,126.700955,군산 데모도로,군산시,1384801.76,612246.21,0.442118307244208,14.853572251212228,matched,0,,,,,0,2025-11-21,1.4140000000000001,-6.02,7.9,18.65,0.0,65.072,0
R00676,35.612337,126.81311,정읍 데모도로,정읍시,845508.0,326882.92,0.3866112680187532,9.4307279162049,matched,0,,,,,0,2025-12-03,1.15,-6.48,9.35,0.0,0.0,60.836,0
R00439,35.415641,127.456388,남원 데모도로,남원시,670188.0,287953.6,0.4296609309626552,17.276260308101918,matched,0,,,,,0,2026-08-08,20.162,13.62,28.4,12.51,0.0,54.56,0
R00242,35.921216,126.78377,군산 데모도로,군산시,1384801.76,612246.21,0.442118307244208,14.853572251212228,matched,0,,,,,0,2025-08-23,18.784,13.07,30.05,0.55,0.0,66.25399999999999,0
R00581,35.519509,126.805886,정읍 데모도로,정읍시,845508.0,326882.92,0.3866112680187532,9.4307279162049,matched,1,F0068,2025-12-28,상온아스콘,39.29216474944008,1,2025-12-23,-1.94,-11.43,7.08,33.61,0.0,57.722,0
R00561,35.570139,126.852906,정읍 데모도로,정읍시,845508.0,326882.92,0.3866112680187532,9.4307279162049,matched,0,,,,,0,2025-01-02,-2.092,-9.71,6.4,0.0,0.52,59.589999999999996,0
R00483,35.365376,127.390555,남원 데모도로,남원시,670188.0,287953.6,0.4296609309626552,17.276260308101918,matched,1,F0049,2024-07-06,상온아스콘,43.10099463333667,1,2025-08-20,18.206,12.45,24.7,24.73,0.0,57.970000000000006,0
R00108,35.785035,127.186453,전주 데모도로,전주시,2081706.65,842.95,0.0004049321742811,7.742488395563824,matched,0,,,,,0,2025-02-18,4.542,-6.13,13.3,2.61,1.83,50.757999999999996,0
R00226,35.989253,126.735337,군산 데모도로,군산시,1384801.76,612246.21,0.442118307244208,14.853572251212228,matched,0,,,,,0,2026-03-29,12.440000000000001,6.45,18.58,43.76,0.0,63.848,1
R00673,35.60303,126.823845,정읍 데모도로,정읍시,845508.0,326882.92,0.3866112680187532,9.4307279162049,matched,0,,,,,0,2025-06-01,22.222,14.26,30.46,36.93,0.0,63.802,1
R00631,35.577801,126.855101,정읍 데모도로,정읍시,845508.0,326882.92,0.3866112680187532,9.4307279162049,matched,0,,,,,0,2025-12-03,1.15,-6.48,9.35,0.0,0.0,60.836,0
R00661,35.56196,126.863398,정읍 데모도로,정읍시,845508.0,326882.92,0.3866112680187532,9.4307279162049,matched,0,,,,,0,2025-08-28,17.778,9.18,22.99,16.78,0.0,57.784000000000006,0
R00662,35.563211,126.861169,정읍 데모도로,정읍시,845508.0,326882.92,0.3866112680187532,9.4307279162049,matched,0,,,,,0,2026-06-03,24.875999999999998,17.75,31.98,25.7,0.0,66.292,0
R00432,35.416519,127.421833,남원 데모도로,남원시,670188.0,287953.6,0.4296609309626552,17.276260308101918,matched,0,,,,,0,2026-02-06,4.4,-2.08,10.64,0.0,0.0,66.35,0
R00655,35.541394,126.88594,정읍 데모도로,정읍시,845508.0,326882.92,0.3866112680187532,9.4307279162049,matched,0,,,,,0,2026-01-11,-0.1200000000000001,-9.1,8.85,5.62,4.9,72.292,0
R00419,35.416927,127.35934,남원 데모도로,남원시,670188.0,287953.6,0.4296609309626552,17.276260308101918,matched,0,,,,,0,2026-03-20,11.494,3.87,19.15,3.63,0.0,58.202,0
R00455,35.401253,127.375306,남원 데모도로,남원시,670188.0,287953.6,0.4296609309626552,17.276260308101918,matched,0,,,,,0,2025-04-25,17.694,9.42,23.75,0.0,0.0,54.251999999999995,0
R00160,35.967518,126.766635,군산 데모도로,군산시,1384801.76,612246.21,0.442118307244208,14.853572251212228,matched,0,,,,,0,2026-01-10,1.3059999999999998,-6.57,7.76,6.27,0.0,50.406,0
R00523,35.399892,127.405494,남원 데모도로,남원시,670188.0,287953.6,0.4296609309626552,17.276260308101918,matched,0,,,,,0,2026-05-10,19.828,11.73,24.72,0.0,0.0,51.215999999999994,0
R00650,35.52302,126.902453,정읍 데모도로,정읍시,845508.0,326882.92,0.3866112680187532,9.4307279162049,matched,0,,,,,0,2024-10-30,5.9159999999999995,-2.85,15.7,12.5,0.0,65.576,0
R00590,35.550424,126.837171,정읍 데모도로,정읍시,845508.0,326882.92,0.3866112680187532,9.4307279162049,matched,0,,,,,0,2025-05-27,23.344,16.48,30.45,4.27,0.0,55.834,0
R00077,35.782909,127.148281,전주 데모도로,전주시,2081706.65,842.95,0.0004049321742811,7.742488395563824,matched,1,F0026,2025-01-07,덧씌우기,59.280089921032285,1,2025-08-13,23.162,14.85,31.2,28.29,0.0,61.084,0
R00509,35.490595,127.389924,남원 데모도로,남원시,670188.0,287953.6,0.4296609309626552,17.276260308101918,matched,0,,,,,0,2024-08-28,17.407999999999998,6.87,23.33,0.0,0.0,56.862,0
R00441,35.416321,127.465452,남원 데모도로,남원시,670188.0,287953.6,0.4296609309626552,17.276260308101918,matched,0,,,,,0,2025-03-17,9.782,0.19,17.48,4.09,0.0,56.424,0
R00254,35.963515,126.742837,군산 데모도로,군산시,1384801.76,612246.21,0.442118307244208,14.853572251212228,matched,0,,,,,0,2025-01-17,-0.146,-7.66,6.5,16.8,0.0,63.354,0
R00320,35.934892,126.945135,익산 데모도로,익산시,1404068.0,1069912.0,0.7620086776423934,10.189728749446369,matched,1,F0055,2024-12-23,상온아스콘,82.4759824508526,2,2024-08-23,18.252000000000002,10.79,27.06,4.82,0.0,60.336,0
R00263,35.993332,126.711143,군산 데모도로,군산시,1384801.76,612246.21,0.442118307244208,14.853572251212228,matched,0,,,,,0,2025-03-01,6.63,-3.82,17.17,0.0,0.0,55.246,0
R00597,35.57525,126.861409,정읍 데모도로,정읍시,845508.0,326882.92,0.3866112680187532,9.4307279162049,matched,0,,,,,0,2025-05-28,24.142000000000003,17.72,35.86,25.45,0.0,66.91799999999999,0
R00658,35.550374,126.875754,정읍 데모도로,정읍시,845508.0,326882.92,0.3866112680187532,9.4307279162049,matched,0,,,,,0,2025-11-25,-1.028,-8.34,6.27,10.63,0.0,62.35,0
R00554,35.570373,126.820252,정읍 데모도로,정읍시,845508.0,326882.92,0.3866112680187532,9.4307279162049,matched,0,,,,,0,2024-12-09,-0.93,-10.13,6.8,0.0,2.63,55.77,0
R00374,36.027718,126.958239,익산 데모도로,익산시,1404068.0,1069912.0,0.7620086776423934,10.189728749446369,matched,0,,,,,0,2025-05-16,22.158,13.82,30.72,0.0,0.0,60.09400000000001,0
R00637,35.606627,126.855358,정읍 데모도로,정읍시,845508.0,326882.92,0.3866112680187532,9.4307279162049,matched,0,,,,,0,2025-01-28,-0.030000000000000006,-7.47,7.4,0.0,0.0,57.63000000000001,0
R00167,35.966864,126.803036,군산 데모도로,군산시,1384801.76,612246.21,0.442118307244208,14.853572251212228,matched,0,,,,,0,2025-11-21,1.4140000000000001,-6.02,7.9,18.65,0.0,65.072,0
R00459,35.415242,127.388654,남원 데모도로,남원시,670188.0,287953.6,0.4296609309626552,17.276260308101918,matched,0,,,,,0,2024-12-01,-0.08600000000000001,-7.43,6.88,16.439999999999998,0.0,55.522000000000006,0
R00280,35.949088,126.912102,익산 데모도로,익산시,1404068.0,1069912.0,0.7620086776423934,10.189728749446369,matched,0,,,,,0,2026-07-12,25.818,17.15,31.85,0.0,0.0,53.062,0
R00302,35.947529,127.017443,익산 데모도로,익산시,1404068.0,1069912.0,0.7620086776423934,10.189728749446369,matched,0,,,,,0,2026-02-25,4.484,-2.59,11.21,14.05,5.04,55.772000000000006,0
R00531,35.42817,127.378571,남원 데모도로,남원시,670188.0,287953.6,0.4296609309626552,17.276260308101918,matched,0,,,,,0,2025-05-27,23.344,16.48,30.45,4.27,0.0,55.834,0
R00580,35.517298,126.803773,정읍 데모도로,정읍시,845508.0,326882.92,0.3866112680187532,9.4307279162049,matched,0,,,,,0,2026-07-06,24.566,17.36,31.2,6.64,0.0,60.081999999999994,0
R00218,35.950727,126.736954,군산 데모도로,군산시,1384801.76,612246.21,0.442118307244208,14.853572251212228,matched,0,,,,,0,2025-01-27,0.614,-5.7,8.1,0.0,0.0,65.652,0
R00102,35.903994,127.147452,전주 데모도로,전주시,2081706.65,842.95,0.0004049321742811,7.742488395563824,matched,1,F0077,2025-11-01,덧씌우기,50.72886566344648,1,2025-08-04,25.222,15.93,33.49,16.04,0.0,54.576,0
R00554,35.570373,126.820252,정읍 데모도로,정읍시,845508.0,326882.92,0.3866112680187532,9.4307279162049,matched,0,,,,,0,2025-10-26,5.134,-1.86,11.49,0.0,0.0,56.705999999999996,0
R00288,35.947123,126.951077,익산 데모도로,익산시,1404068.0,1069912.0,0.7620086776423934,10.189728749446369,matched,0,,,,,0,2025-01-05,-1.4620000000000002,-10.43,5.84,0.0,0.0,62.61,0
R00167,35.966864,126.803036,군산 데모도로,군산시,1384801.76,612246.21,0.442118307244208,14.853572251212228,matched,0,,,,,0,2025-12-02,-0.6280000000000001,-9.71,6.78,3.5,1.08,65.564,0
R00621,35.529402,126.856496,정읍 데모도로,정읍시,845508.0,326882.92,0.3866112680187532,9.4307279162049,matched,0,,,,,0,2024-12-28,-0.914,-9.31,8.64,7.43,0.0,52.69,0
R00036,35.771193,127.095657,전주 데모도로,전주시,2081706.65,842.95,0.0004049321742811,7.742488395563824,matched,0,,,,,0,2024-11-13,4.782,-5.43,14.16,23.79,0.0,64.852,0
R00353,35.925207,126.957762,익산 데모도로,익산시,1404068.0,1069912.0,0.7620086776423934,10.189728749446369,matched,0,,,,,0,2026-07-07,25.698,19.37,32.81,0.0,0.0,69.218,1
R00676,35.612337,126.81311,정읍 데모도로,정읍시,845508.0,326882.92,0.3866112680187532,9.4307279162049,matched,0,,,,,0,2025-02-17,4.242,-4.37,12.28,0.0,0.0,60.605999999999995,0
R00073,35.765804,127.148793,전주 데모도로,전주시,2081706.65,842.95,0.0004049321742811,7.742488395563824,matched,0,,,,,0,2025-08-21,18.954,12.75,24.58,14.66,0.0,63.628,0
R00648,35.516605,126.909882,정읍 데모도로,정읍시,845508.0,326882.92,0.3866112680187532,9.4307279162049,matched,1,F0063,2025-01-29,상온아스콘,35.41790110235762,1,2024-12-25,-0.20199999999999996,-6.3,5.51,0.0,0.0,65.62,0
R00353,35.925207,126.957762,익산 데모도로,익산시,1404068.0,1069912.0,0.7620086776423934,10.189728749446369,matched,0,,,,,0,2025-04-21,17.05,8.27,23.78,0.0,0.0,60.826,0
R00070,35.748865,127.147329,전주 데모도로,전주시,2081706.65,842.95,0.0004049321742811,7.742488395563824,matched,0,,,,,0,2026-04-11,15.13,6.78,21.6,0.0,0.0,67.2,0
R00425,35.416254,127.38818,남원 데모도로,남원시,670188.0,287953.6,0.4296609309626552,17.276260308101918,matched,0,,,,,0,2026-03-19,8.831999999999999,2.15,17.66,19.86,0.0,60.124,0
R00561,35.570139,126.852906,정읍 데모도로,정읍시,845508.0,326882.92,0.3866112680187532,9.4307279162049,matched,0,,,,,0,2026-06-19,24.666,18.03,31.25,29.11,0.0,62.238,0
R00642,35.630783,126.856529,정읍 데모도로,정읍시,845508.0,326882.92,0.3866112680187532,9.4307279162049,matched,0,,,,,0,2025-08-31,15.608,8.49,24.9,0.0,0.0,58.384,0
R00517,35.380783,127.424563,남원 데모도로,남원시,670188.0,287953.6,0.4296609309626552,17.276260308101918,matched,0,,,,,0,2025-01-14,-3.226,-9.8,2.78,15.47,4.05,56.532,0
R00428,35.41588,127.402421,남원 데모도로,남원시,670188.0,287953.6,0.4296609309626552,17.276260308101918,matched,0,,,,,0,2025-10-25,4.704,-4.92,11.69,0.0,0.0,65.934,0
R00539,35.45487,127.350996,남원 데모도로,남원시,670188.0,287953.6,0.4296609309626552,17.276260308101918,matched,0,,,,,0,2026-05-08,19.69,12.35,26.47,11.26,0.0,61.403999999999996,0
R00160,35.967518,126.766635,군산 데모도로,군산시,1384801.76,612246.21,0.442118307244208,14.853572251212228,matched,0,,,,,0,2026-08-14,20.234,13.76,26.31,0.0,0.0,61.044,0
R00149,35.967056,126.713692,군산 데모도로,군산시,1384801.76,612246.21,0.442118307244208,14.853572251212228,matched,0,,,,,0,2025-11-30,0.7619999999999999,-8.56,11.91,25.29,0.0,65.168,0
R00230,36.008837,126.73561,군산 데모도로,군산시,1384801.76,612246.21,0.442118307244208,14.853572251212228,matched,0,,,,,0,2025-11-07,2.622,-5.1,9.77,0.0,0.0,66.22,0
R00562,35.569879,126.8594,정읍 데모도로,정읍시,845508.0,326882.92,0.3866112680187532,9.4307279162049,matched,0,,,,,0,2025-12-12,-0.154,-4.94,4.9,26.78,0.0,56.757999999999996,0
R00067,35.877436,127.200233,전주 데모도로,전주시,2081706.65,842.95,0.0004049321742811,7.742488395563824,matched,0,,,,,0,2025-06-08,24.248,17.3,32.05,11.24,0.0,55.238,0
R00381,35.912711,126.993868,익산 데모도로,익산시,1404068.0,1069912.0,0.7620086776423934,10.189728749446369,matched,0,,,,,0,2025-01-08,-0.674,-7.91,6.2,0.0,2.85,61.818000000000005,1
R00058,35.846005,127.171492,전주 데모도로,전주시,2081706.65,842.95,0.0004049321742811,7.742488395563824,matched,0,,,,,0,2025-04-25,17.694,9.42,23.75,0.0,0.0,54.251999999999995,0
R00259,35.978728,126.724062,군산 데모도로,군산시,1384801.76,612246.21,0.442118307244208,14.853572251212228,matched,0,,,,,0,2025-06-16,26.226,20.4,35.22,16.71,0.0,61.164,0
R00342,35.872336,126.957771,익산 데모도로,익산시,1404068.0,1069912.0,0.7620086776423934,10.189728749446369,matched,0,,,,,0,2024-09-12,13.907999999999998,2.89,22.31,11.27,0.0,69.30799999999999,1
R00130,35.860353,127.112973,전주 데모도로,전주시,2081706.65,842.95,0.0004049321742811,7.742488395563824,matched,0,,,,,0,2024-10-27,4.554,-1.81,10.01,9.18,0.0,57.38199999999999,0
R00172,35.91448,126.685149,군산 데모도로,군산시,1384801.76,612246.21,0.442118307244208,14.853572251212228,matched,0,,,,,0,2026-05-05,20.44,14.49,26.34,30.8,0.0,59.291999999999994,0
R00614,35.494589,126.85642,정읍 데모도로,정읍시,845508.0,326882.92,0.3866112680187532,9.4307279162049,matched,0,,,,,0,2024-12-08,-3.2640000000000002,-11.52,4.54,0.0,1.74,60.358000000000004,0
R00209,35.906807,126.736432,군산 데모도로,군산시,1384801.76,612246.21,0.442118307244208,14.853572251212228,matched,1,F0075,2025-03-13,임시보수,74.26482719326758,1,2025-08-17,21.024,14.48,27.32,6.23,0.0,59.215999999999994,0
R00354,35.931685,126.958902,익산 데모도로,익산시,1404068.0,1069912.0,0.7620086776423934,10.189728749446369,matched,1,F0076,2025-01-27,상온아스콘,76.92133332542402,2,2025-06-17,23.088,16.51,30.12,22.35,0.0,63.477999999999994,0
R00471,35.456455,127.430377,남원 데모도로,남원시,670188.0,287953.6,0.4296609309626552,17.276260308101918,matched,0,,,,,0,2025-12-02,-0.6280000000000001,-9.71,6.78,3.5,1.08,65.564,0
R00116,35.812461,127.158257,전주 데모도로,전주시,2081706.65,842.95,0.0004049321742811,7.742488395563824,matched,0,,,,,0,2024-11-17,1.766,-5.95,10.02,8.98,0.0,59.336,0
R00264,35.997116,126.706867,군산 데모도로,군산시,1384801.76,612246.21,0.442118307244208,14.853572251212228,matched,0,,,,,0,2026-01-30,1.572,-6.43,8.76,0.0,0.07,61.757999999999996,0
R00662,35.563211,126.861169,정읍 데모도로,정읍시,845508.0,326882.92,0.3866112680187532,9.4307279162049,matched,0,,,,,0,2026-06-10,22.886000000000003,14.41,30.88,15.33,0.0,55.694,0
R00442,35.416187,127.470526,남원 데모도로,남원시,670188.0,287953.6,0.4296609309626552,17.276260308101918,matched,0,,,,,0,2026-08-14,20.234,13.76,26.31,0.0,0.0,61.044,0
R00548,35.569502,126.790119,정읍 데모도로,정읍시,845508.0,326882.92,0.3866112680187532,9.4307279162049,matched,0,,,,,0,2026-06-12,25.012,17.54,32.03,25.39,0.0,72.964,0
R00453,35.394212,127.368537,남원 데모도로,남원시,670188.0,287953.6,0.4296609309626552,17.276260308101918,matched,0,,,,,0,2025-02-26,5.956,-2.27,12.35,10.2,0.0,47.464,0
R00477,35.336331,127.39122,남원 데모도로,남원시,670188.0,287953.6,0.4296609309626552,17.276260308101918,matched,0,,,,,0,2026-02-21,4.866,-4.39,13.38,12.51,0.0,61.298,0
R00287,35.948494,126.945916,익산 데모도로,익산시,1404068.0,1069912.0,0.7620086776423934,10.189728749446369,matched,0,,,,,0,2025-04-17,15.876,8.39,24.02,0.0,0.0,58.02,0
R00303,35.948759,127.023477,익산 데모도로,익산시,1404068.0,1069912.0,0.7620086776423934,10.189728749446369,matched,0,,,,,0,2025-01-03,-0.11799999999999997,-9.99,7.38,13.25,7.52,60.803999999999995,1
R00311,35.905867,126.914919,익산 데모도로,익산시,1404068.0,1069912.0,0.7620086776423934,10.189728749446369,matched,1,F0004,2025-11-19,덧씌우기,79.49476409493717,2,2025-07-29,20.244,11.89,27.91,19.17,0.0,56.67999999999999,0
R00208,35.903116,126.736045,군산 데모도로,군산시,1384801.76,612246.21,0.442118307244208,14.853572251212228,matched,0,,,,,0,2025-02-14,3.8400000000000007,-2.87,11.02,0.0,5.010000000000001,47.69,0
R00618,35.514389,126.856841,정읍 데모도로,정읍시,845508.0,326882.92,0.3866112680187532,9.4307279162049,matched,1,F0014,2024-04-09,상온아스콘,40.01655283658238,2,2026-07-31,22.058,14.04,29.21,19.54,0.0,48.416,0
R00446,35.3706,127.342787,남원 데모도로,남원시,670188.0,287953.6,0.4296609309626552,17.276260308101918,matched,0,,,,,0,2026-01-03,-2.516,-9.53,8.12,28.0,6.65,63.464,0
R00670,35.591932,126.833874,정읍 데모도로,정읍시,845508.0,326882.92,0.3866112680187532,9.4307279162049,matched,0,,,,,0,2025-03-09,7.178,-2.47,18.47,0.0,0.0,65.88,0
R00633,35.586071,126.855575,정읍 데모도로,정읍시,845508.0,326882.92,0.3866112680187532,9.4307279162049,matched,0,,,,,0,2026-03-14,9.168000000000001,-1.95,17.62,0.0,0.0,58.362,0
R00055,35.836059,127.160836,전주 데모도로,전주시,2081706.65,842.95,0.0004049321742811,7.742488395563824,matched,1,F0027,2026-01-01,임시보수,52.53360985818903,1,2025-02-26,5.956,-2.27,12.35,10.2,0.0,47.464,0
R00012,35.824178,127.120984,전주 데모도로,전주시,2081706.65,842.95,0.0004049321742811,7.742488395563824,matched,0,,,,,0,2024-08-23,18.252000000000002,10.79,27.06,4.82,0.0,60.336,0
R00657,35.546399,126.878274,정읍 데모도로,정읍시,845508.0,326882.92,0.3866112680187532,9.4307279162049,matched,0,,,,,0,2025-04-12,17.21,9.34,25.73,0.0,0.0,58.996,0
R00400,35.979538,126.929792,익산 데모도로,익산시,1404068.0,1069912.0,0.7620086776423934,10.189728749446369,matched,0,,,,,0,2026-07-12,25.818,17.15,31.85,0.0,0.0,53.062,1
R00648,35.516605,126.909882,정읍 데모도로,정읍시,845508.0,326882.92,0.3866112680187532,9.4307279162049,matched,1,F0063,2025-01-29,상온아스콘,35.41790110235762,1,2025-06-25,26.826,19.27,32.93,40.7,0.0,67.55600000000001,0
R00515,35.373056,127.432984,남원 데모도로,남원시,670188.0,287953.6,0.4296609309626552,17.276260308101918,matched,0,,,,,0,2026-02-18,4.684,-1.99,14.4,17.59,0.0,65.59200000000001,0
R00656,35.544692,126.882072,정읍 데모도로,정읍시,845508.0,326882.92,0.3866112680187532,9.4307279162049,matched,0,,,,,0,2024-10-13,7.356,-2.58,13.67,0.0,0.0,49.734,0
R00542,35.465325,127.341219,남원 데모도로,남원시,670188.0,287953.6,0.4296609309626552,17.276260308101918,matched,0,,,,,0,2025-11-04,3.476,-3.44,10.42,1.85,0.0,66.17,1
R00237,36.043414,126.736115,군산 데모도로,군산시,1384801.76,612246.21,0.442118307244208,14.853572251212228,matched,0,,,,,0,2025-04-12,17.21,9.34,25.73,0.0,0.0,58.996,0
R00279,35.94886,126.906278,익산 데모도로,익산시,1404068.0,1069912.0,0.7620086776423934,10.189728749446369,matched,0,,,,,0,2025-03-03,8.318000000000001,-0.97,16.97,26.810000000000002,0.0,57.955999999999996,1
R00348,35.903309,126.958479,익산 데모도로,익산시,1404068.0,1069912.0,0.7620086776423934,10.189728749446369,matched,0,,,,,0,2026-03-26,12.256,4.67,21.31,8.27,0.0,58.19199999999999,0
R00627,35.557761,126.855828,정읍 데모도로,정읍시,845508.0,326882.92,0.3866112680187532,9.4307279162049,matched,0,,,,,0,2026-03-12,8.274000000000001,2.27,17.29,48.99,0.0,66.502,1
R00104,35.770905,127.201572,전주 데모도로,전주시,2081706.65,842.95,0.0004049321742811,7.742488395563824,matched,0,,,,,0,2026-01-14,0.8400000000000001,-6.21,6.82,17.72,0.0,68.096,0
R00630,35.572288,126.854885,정읍 데모도로,정읍시,845508.0,326882.92,0.3866112680187532,9.4307279162049,matched,0,,,,,0,2025-11-10,2.624,-6.08,9.83,0.0,0.0,52.818000000000005,0
R00517,35.380783,127.424563,남원 데모도로,남원시,670188.0,287953.6,0.4296609309626552,17.276260308101918,matched,0,,,,,0,2025-08-13,23.162,14.85,31.2,28.29,0.0,61.084,0
R00248,35.941796,126.761985,군산 데모도로,군산시,1384801.76,612246.21,0.442118307244208,14.853572251212228,matched,0,,,,,0,2026-07-19,23.728,17.56,32.04,26.18,0.0,64.31,0
R00364,35.979519,126.958682,익산 데모도로,익산시,1404068.0,1069912.0,0.7620086776423934,10.189728749446369,matched,0,,,,,0,2024-09-17,12.78,6.1,20.95,12.51,0.0,62.896,0
R00321,35.93962,126.948668,익산 데모도로,익산시,1404068.0,1069912.0,0.7620086776423934,10.189728749446369,matched,0,,,,,0,2024-12-04,-0.504,-7.33,7.83,9.43,0.0,59.986000000000004,1
R00633,35.586071,126.855575,정읍 데모도로,정읍시,845508.0,326882.92,0.3866112680187532,9.4307279162049,matched,0,,,,,0,2026-04-12,14.184000000000001,6.32,20.98,0.0,0.0,58.14,0
R00286,35.948623,126.940673,익산 데모도로,익산시,1404068.0,1069912.0,0.7620086776423934,10.189728749446369,matched,0,,,,,0,2026-08-05,22.726,16.48,31.85,7.56,0.0,62.536,0
R00149,35.967056,126.713692,군산 데모도로,군산시,1384801.76,612246.21,0.442118307244208,14.853572251212228,matched,0,,,,,0,2025-11-06,3.554,-6.12,10.09,0.0,0.0,59.862,0
R00084,35.816631,127.148041,전주 데모도로,전주시,2081706.65,842.95,0.0004049321742811,7.742488395563824,matched,0,,,,,0,2025-10-30,3.6800000000000006,-3.58,12.34,2.12,0.0,48.116,0
R00406,35.997527,126.907476,익산 데모도로,익산시,1404068.0,1069912.0,0.7620086776423934,10.189728749446369,matched,1,F0012,2024-01-19,임시보수,16.87355486376633,1,2026-04-16,16.368000000000002,6.9,24.12,28.09,0.0,64.22999999999999,1
R00456,35.405231,127.378934,남원 데모도로,남원시,670188.0,287953.6,0.4296609309626552,17.276260308101918,matched,0,,,,,0,2025-11-18,1.796,-5.66,10.42,2.51,0.0,62.528,0
R00161,35.966337,126.774117,군산 데모도로,군산시,1384801.76,612246.21,0.442118307244208,14.853572251212228,matched,0,,,,,0,2026-04-25,18.308,9.71,27.8,7.44,0.0,61.114,0
R00460,35.418368,127.392787,남원 데모도로,남원시,670188.0,287953.6,0.4296609309626552,17.276260308101918,matched,0,,,,,0,2026-07-17,23.316,15.07,31.14,0.0,0.0,56.251999999999995,0
R00550,35.569727,126.801535,정읍 데모도로,정읍시,845508.0,326882.92,0.3866112680187532,9.4307279162049,matched,0,,,,,0,2026-07-15,25.326,17.0,32.51,11.41,0.0,61.686,0
R00500,35.446799,127.389979,남원 데모도로,남원시,670188.0,287953.6,0.4296609309626552,17.276260308101918,matched,0,,,,,0,2025-12-26,-0.24600000000000005,-6.77,6.86,0.0,2.48,66.628,0
R00509,35.490595,127.389924,남원 데모도로,남원시,670188.0,287953.6,0.4296609309626552,17.276260308101918,matched,0,,,,,0,2026-06-23,25.330000000000002,17.92,34.2,11.26,0.0,60.04600000000001,0
R00654,35.536421,126.888782,정읍 데모도로,정읍시,845508.0,326882.92,0.3866112680187532,9.4307279162049,matched,0,,,,,0,2025-04-22,17.97,10.09,24.92,0.0,0.0,60.588,0
R00481,35.357294,127.39005,남원 데모도로,남원시,670188.0,287953.6,0.4296609309626552,17.276260308101918,matched,1,F0038,2024-12-02,상온아스콘,21.613938761646885,1,2026-02-12,1.842,-4.46,7.68,0.0,0.54,59.992,0
R00663,35.566414,126.857825,정읍 데모도로,정읍시,845508.0,326882.92,0.3866112680187532,9.4307279162049,matched,0,,,,,0,2026-03-05,5.762,-0.14,14.49,13.36,0.0,62.224000000000004,0
R00114,35.806461,127.166725,전주 데모도로,전주시,2081706.65,842.95,0.0004049321742811,7.742488395563824,matched,0,,,,,0,2026-03-29,12.440000000000001,6.45,18.58,43.76,0.0,63.848,0
R00578,35.569823,126.936803,정읍 데모도로,정읍시,845508.0,326882.92,0.3866112680187532,9.4307279162049,matched,0,,,,,0,2025-10-31,4.774,-3.46,13.35,9.52,0.0,62.622,0
R00361,35.965113,126.957936,익산 데모도로,익산시,1404068.0,1069912.0,0.7620086776423934,10.189728749446369,matched,0,,,,,0,2025-05-23,22.682,16.9,29.02,5.35,0.0,58.815999999999995,1
R00341,35.869422,126.9565,익산 데모도로,익산시,1404068.0,1069912.0,0.7620086776423934,10.189728749446369,matched,0,,,,,0,2026-02-21,4.866,-4.39,13.38,12.51,0.0,61.298,0
R00449,35.380762,127.354279,남원 데모도로,남원시,670188.0,287953.6,0.4296609309626552,17.276260308101918,matched,0,,,,,0,2026-04-23,17.972,12.55,23.13,2.31,0.0,64.53,0
R00180,35.942233,126.712116,군산 데모도로,군산시,1384801.76,612246.21,0.442118307244208,14.853572251212228,matched,0,,,,,0,2024-12-07,-1.718,-9.87,5.9,25.98,0.0,58.846000000000004,0
R00407,36.00134,126.904199,익산 데모도로,익산시,1404068.0,1069912.0,0.7620086776423934,10.189728749446369,matched,0,,,,,0,2025-09-07,15.975999999999999,8.4,24.06,0.0,0.0,56.794000000000004,0
R00666,35.578927,126.846606,정읍 데모도로,정읍시,845508.0,326882.92,0.3866112680187532,9.4307279162049,matched,0,,,,,0,2025-02-25,3.732,-4.08,11.07,9.1,0.0,57.75,0
R00196,35.997577,126.765335,군산 데모도로,군산시,1384801.76,612246.21,0.442118307244208,14.853572251212228,matched,0,,,,,0,2025-12-21,-1.018,-7.61,4.98,15.18,2.32,59.025999999999996,0
R00466,35.439744,127.41398,남원 데모도로,남원시,670188.0,287953.6,0.4296609309626552,17.276260308101918,matched,0,,,,,0,2026-07-13,24.282,16.56,32.17,8.92,0.0,53.57000000000001,0
R00311,35.905867,126.914919,익산 데모도로,익산시,1404068.0,1069912.0,0.7620086776423934,10.189728749446369,matched,1,F0004,2025-11-19,덧씌우기,79.49476409493717,2,2025-10-18,7.316,-2.16,13.08,4.02,0.0,62.652,0
R00262,35.990055,126.714701,군산 데모도로,군산시,1384801.76,612246.21,0.442118307244208,14.853572251212228,matched,0,,,,,0,2025-09-27,10.762,4.57,16.12,22.5,0.0,58.902,1
R00419,35.416927,127.35934,남원 데모도로,남원시,670188.0,287953.6,0.4296609309626552,17.276260308101918,matched,0,,,,,0,2025-07-19,23.782,17.82,28.88,23.759999999999998,0.0,65.376,0
R00406,35.997527,126.907476,익산 데모도로,익산시,1404068.0,1069912.0,0.7620086776423934,10.189728749446369,matched,1,F0012,2024-01-19,임시보수,16.87355486376633,1,2025-03-15,11.252,2.63,18.98,27.98,0.0,65.434,1
R00143,35.967487,126.685226,군산 데모도로,군산시,1384801.76,612246.21,0.442118307244208,14.853572251212228,matched,0,,,,,0,2024-09-09,15.232,8.75,24.25,0.0,0.0,62.06,1
R00342,35.872336,126.957771,익산 데모도로,익산시,1404068.0,1069912.0,0.7620086776423934,10.189728749446369,matched,0,,,,,0,2026-06-27,25.292,18.55,31.57,11.09,0.0,56.998000000000005,0
R00316,35.921075,126.932087,익산 데모도로,익산시,1404068.0,1069912.0,0.7620086776423934,10.189728749446369,matched,0,,,,,0,2026-04-21,17.887999999999998,11.08,24.27,0.0,0.0,59.486000000000004,0
R00101,35.89925,127.147573,전주 데모도로,전주시,2081706.65,842.95,0.0004049321742811,7.742488395563824,matched,0,,,,,0,2025-03-14,7.851999999999999,0.72,14.05,11.98,0.0,61.372,0
R00244,35.927264,126.77607,군산 데모도로,군산시,1384801.76,612246.21,0.442118307244208,14.853572251212228,matched,0,,,,,0,2024-08-26,17.304,11.05,23.97,12.54,0.0,54.928,0
R00490,35.399475,127.389946,남원 데모도로,남원시,670188.0,287953.6,0.4296609309626552,17.276260308101918,matched,0,,,,,0,2026-07-21,24.092000000000002,17.33,32.88,20.560000000000002,0.0,62.18399999999999,0
R00012,35.824178,127.120984,전주 데모도로,전주시,2081706.65,842.95,0.0004049321742811,7.742488395563824,matched,0,,,,,0,2026-07-06,24.566,17.36,31.2,6.64,0.0,60.081999999999994,0
R00239,35.911523,126.793331,군산 데모도로,군산시,1384801.76,612246.21,0.442118307244208,14.853572251212228,matched,0,,,,,0,2026-01-29,2.5799999999999996,-8.55,11.1,18.8,3.07,65.388,0
R00561,35.570139,126.852906,정읍 데모도로,정읍시,845508.0,326882.92,0.3866112680187532,9.4307279162049,matched,0,,,,,0,2026-04-12,14.184000000000001,6.32,20.98,0.0,0.0,58.14,0
R00042,35.791222,127.116183,전주 데모도로,전주시,2081706.65,842.95,0.0004049321742811,7.742488395563824,matched,0,,,,,0,2026-06-02,21.872,15.91,30.42,5.98,0.0,58.577999999999996,0
R00678,35.620247,126.805601,정읍 데모도로,정읍시,845508.0,326882.92,0.3866112680187532,9.4307279162049,matched,0,,,,,0,2026-06-06,26.826,19.56,32.41,19.91,0.0,69.934,0
R00594,35.563548,126.851691,정읍 데모도로,정읍시,845508.0,326882.92,0.3866112680187532,9.4307279162049,matched,0,,,,,0,2025-01-31,4.516,-2.19,13.65,4.86,0.41,60.077999999999996,0
R00429,35.417596,127.406391,남원 데모도로,남원시,670188.0,287953.6,0.4296609309626552,17.276260308101918,matched,0,,,,,0,2025-12-27,-1.4780000000000002,-8.21,7.32,25.38,0.0,70.164,0
R00158,35.966508,126.758865,군산 데모도로,군산시,1384801.76,612246.21,0.442118307244208,14.853572251212228,matched,0,,,,,0,2026-03-31,13.498000000000001,4.67,21.09,5.69,0.0,68.354,0
R00216,35.941799,126.73834,군산 데모도로,군산시,1384801.76,612246.21,0.442118307244208,14.853572251212228,matched,0,,,,,0,2025-10-21,6.074,-1.59,12.75,27.66,0.0,64.19,0
R00670,35.591932,126.833874,정읍 데모도로,정읍시,845508.0,326882.92,0.3866112680187532,9.4307279162049,matched,0,,,,,0,2025-01-28,-0.030000000000000006,-7.47,7.4,0.0,0.0,57.63000000000001,0
R00462,35.426601,127.399463,남원 데모도로,남원시,670188.0,287953.6,0.4296609309626552,17.276260308101918,matched,0,,,,,0,2025-08-19,18.151999999999997,12.11,26.44,15.06,0.0,62.989999999999995,0
R00134,35.874049,127.097945,전주 데모도로,전주시,2081706.65,842.95,0.0004049321742811,7.742488395563824,matched,0,,,,,0,2026-01-26,-0.43199999999999994,-6.03,7.3,0.0,5.13,54.786,0
R00067,35.877436,127.200233,전주 데모도로,전주시,2081706.65,842.95,0.0004049321742811,7.742488395563824,matched,0,,,,,0,2025-04-14,18.253999999999998,11.02,25.15,10.04,0.0,57.664,0
R00007,35.824622,127.0969,전주 데모도로,전주시,2081706.65,842.95,0.0004049321742811,7.742488395563824,matched,0,,,,,0,2024-10-29,3.944,-4.88,12.17,0.0,0.0,59.767999999999994,0
R00526,35.412661,127.395166,남원 데모도로,남원시,670188.0,287953.6,0.4296609309626552,17.276260308101918,matched,0,,,,,0,2025-11-06,3.554,-6.12,10.09,0.0,0.0,59.862,0
R00073,35.765804,127.148793,전주 데모도로,전주시,2081706.65,842.95,0.0004049321742811,7.742488395563824,matched,0,,,,,0,2026-06-04,24.754,15.24,30.56,3.66,0.0,53.513999999999996,0
R00399,35.975401,126.933347,익산 데모도로,익산시,1404068.0,1069912.0,0.7620086776423934,10.189728749446369,matched,0,,,,,0,2026-01-09,-0.384,-8.96,9.44,0.0,0.0,56.812,1
R00405,35.993619,126.911571,익산 데모도로,익산시,1404068.0,1069912.0,0.7620086776423934,10.189728749446369,matched,0,,,,,0,2025-05-14,21.651999999999997,14.88,26.6,0.0,0.0,63.312,0
R00675,35.608788,126.81545,정읍 데모도로,정읍시,845508.0,326882.92,0.3866112680187532,9.4307279162049,matched,0,,,,,0,2025-10-07,9.594,1.46,16.79,0.0,0.0,57.955999999999996,0
R00578,35.569823,126.936803,정읍 데모도로,정읍시,845508.0,326882.92,0.3866112680187532,9.4307279162049,matched,0,,,,,0,2025-04-20,15.736,8.78,24.26,7.36,0.0,63.402,0
R00130,35.860353,127.112973,전주 데모도로,전주시,2081706.65,842.95,0.0004049321742811,7.742488395563824,matched,0,,,,,0,2026-06-24,25.544,17.99,32.61,0.0,0.0,58.236000000000004,0
R00466,35.439744,127.41398,남원 데모도로,남원시,670188.0,287953.6,0.4296609309626552,17.276260308101918,matched,0,,,,,0,2024-10-17,7.176,0.59,13.36,1.92,0.0,54.888,0
R00206,35.894142,126.737256,군산 데모도로,군산시,1384801.76,612246.21,0.442118307244208,14.853572251212228,matched,0,,,,,0,2024-08-24,18.881999999999998,12.8,26.04,49.58,0.0,69.356,1
R00266,36.004348,126.701511,군산 데모도로,군산시,1384801.76,612246.21,0.442118307244208,14.853572251212228,matched,0,,,,,0,2026-07-28,24.759999999999998,16.84,31.15,0.0,0.0,57.312,0
R00537,35.449099,127.358081,남원 데모도로,남원시,670188.0,287953.6,0.4296609309626552,17.276260308101918,matched,0,,,,,0,2026-03-11,8.964,2.91,16.32,0.0,0.0,65.606,0
R00253,35.959922,126.746219,군산 데모도로,군산시,1384801.76,612246.21,0.442118307244208,14.853572251212228,matched,0,,,,,0,2025-09-29,9.288,3.21,14.67,1.77,0.0,58.836,0
R00289,35.947722,126.954865,익산 데모도로,익산시,1404068.0,1069912.0,0.7620086776423934,10.189728749446369,matched,0,,,,,0,2025-03-23,10.056000000000001,3.87,15.83,15.89,0.0,64.218,1
R00164,35.968175,126.787437,군산 데모도로,군산시,1384801.76,612246.21,0.442118307244208,14.853572251212228,matched,0,,,,,0,2024-09-13,16.384,8.7,24.55,0.0,0.0,65.03200000000001,0
R00095,35.870317,127.147904,전주 데모도로,전주시,2081706.65,842.95,0.0004049321742811,7.742488395563824,matched,0,,,,,0,2024-08-23,18.252000000000002,10.79,27.06,4.82,0.0,60.336,0
R00110,35.792172,127.179274,전주 데모도로,전주시,2081706.65,842.95,0.0004049321742811,7.742488395563824,matched,0,,,,,0,2026-02-01,3.7039999999999997,-2.28,12.23,5.17,3.5799999999999996,51.63199999999999,0
R00336,35.990952,127.00024,익산 데모도로,익산시,1404068.0,1069912.0,0.7620086776423934,10.189728749446369,matched,0,,,,,0,2025-09-12,15.514,8.16,25.19,0.0,0.0,54.220000000000006,0
R00238,36.046844,126.737173,군산 데모도로,군산시,1384801.76,612246.21,0.442118307244208,14.853572251212228,matched,0,,,,,0,2026-07-29,22.682,15.12,29.65,40.230000000000004,0.0,62.022000000000006,0
R00381,35.912711,126.993868,익산 데모도로,익산시,1404068.0,1069912.0,0.7620086776423934,10.189728749446369,matched,0,,,,,0,2026-03-12,8.274000000000001,2.27,17.29,48.99,0.0,66.502,0
R00436,35.415645,127.440729,남원 데모도로,남원시,670188.0,287953.6,0.4296609309626552,17.276260308101918,matched,0,,,,,0,2025-11-09,1.874,-4.95,10.41,5.62,0.0,64.374,0
R00483,35.365376,127.390555,남원 데모도로,남원시,670188.0,287953.6,0.4296609309626552,17.276260308101918,matched,1,F0049,2024-07-06,상온아스콘,43.10099463333667,1,2025-01-11,0.13800000000000007,-9.43,8.59,13.709999999999999,0.0,66.788,0
R00025,35.824481,127.185551,전주 데모도로,전주시,2081706.65,842.95,0.0004049321742811,7.742488395563824,matched,0,,,,,0,2025-09-10,14.904,9.01,23.0,11.27,0.0,62.14,0
R00653,35.534174,126.892292,정읍 데모도로,정읍시,845508.0,326882.92,0.3866112680187532,9.4307279162049,matched,0,,,,,0,2025-04-24,18.002000000000002,9.78,25.3,0.0,0.0,59.602,0
R00117,35.814964,127.156567,전주 데모도로,전주시,2081706.65,842.95,0.0004049321742811,7.742488395563824,matched,0,,,,,0,2026-01-26,-0.43199999999999994,-6.03,7.3,0.0,5.13,54.786,0
R00482,35.36124,127.390767,남원 데모도로,남원시,670188.0,287953.6,0.4296609309626552,17.276260308101918,matched,0,,,,,0,2025-11-23,1.884,-8.75,11.52,12.26,0.0,55.52,0
R00392,35.948941,126.957302,익산 데모도로,익산시,1404068.0,1069912.0,0.7620086776423934,10.189728749446369,matched,1,F0061,2024-05-03,덧씌우기,287.2705145235735,1,2024-08-31,18.718,11.44,25.75,10.0,0.0,64.686,1
R00537,35.449099,127.358081,남원 데모도로,남원시,670188.0,287953.6,0.4296609309626552,17.276260308101918,matched,0,,,,,0,2025-09-06,15.968,4.45,22.74,9.15,0.0,59.016,0
R00079,35.792888,127.148975,전주 데모도로,전주시,2081706.65,842.95,0.0004049321742811,7.742488395563824,matched,1,F0057,2025-12-06,덧씌우기,65.08847281994517,1,2026-02-25,4.484,-2.59,11.21,14.05,5.04,55.772000000000006,0
R00580,35.517298,126.803773,정읍 데모도로,정읍시,845508.0,326882.92,0.3866112680187532,9.4307279162049,matched,0,,,,,0,2025-09-21,12.982,3.23,22.69,0.0,0.0,55.717999999999996,0
R00173,35.917621,126.688036,군산 데모도로,군산시,1384801.76,612246.21,0.442118307244208,14.853572251212228,matched,0,,,,,0,2024-09-06,16.064,8.28,24.71,1.73,0.0,56.646,0
R00012,35.824178,127.120984,전주 데모도로,전주시,2081706.65,842.95,0.0004049321742811,7.742488395563824,matched,0,,,,,0,2026-03-16,9.303999999999998,1.31,18.17,22.64,0.0,56.474000000000004,0
R00128,35.853217,127.119876,전주 데모도로,전주시,2081706.65,842.95,0.0004049321742811,7.742488395563824,matched,0,,,,,0,2025-12-22,-1.0459999999999998,-6.5,5.11,63.00999999999999,0.0,68.492,0
R00608,35.612504,126.898103,정읍 데모도로,정읍시,845508.0,326882.92,0.3866112680187532,9.4307279162049,matched,1,F0019,2025-12-11,덧씌우기,66.54379000810414,2,2025-10-11,7.3420000000000005,-0.86,16.06,15.74,0.0,65.078,0
R00092,35.855794,127.148422,전주 데모도로,전주시,2081706.65,842.95,0.0004049321742811,7.742488395563824,matched,0,,,,,0,2025-07-21,24.928,15.83,31.21,22.22,0.0,63.55799999999999,0
R00653,35.534174,126.892292,정읍 데모도로,정읍시,845508.0,326882.92,0.3866112680187532,9.4307279162049,matched,0,,,,,0,2025-10-11,7.3420000000000005,-0.86,16.06,15.74,0.0,65.078,0
R00543,35.469876,127.337365,남원 데모도로,남원시,670188.0,287953.6,0.4296609309626552,17.276260308101918,matched,1,F0050,2025-03-01,상온아스콘,58.17664296622837,1,2026-04-22,17.02,9.82,24.75,6.54,0.0,58.065999999999995,0
R00532,35.431679,127.375993,남원 데모도로,남원시,670188.0,287953.6,0.4296609309626552,17.276260308101918,matched,0,,,,,0,2026-06-24,25.544,17.99,32.61,0.0,0.0,58.236000000000004,0
R00658,35.550374,126.875754,정읍 데모도로,정읍시,845508.0,326882.92,0.3866112680187532,9.4307279162049,matched,0,,,,,0,2024-12-18,1.4620000000000002,-5.45,10.04,3.67,0.0,53.288,0
R00447,35.372185,127.346964,남원 데모도로,남원시,670188.0,287953.6,0.4296609309626552,17.276260308101918,matched,0,,,,,0,2025-10-24,6.438,-0.43,13.88,5.09,0.0,55.65599999999999,0
R00390,35.942997,126.9622,익산 데모도로,익산시,1404068.0,1069912.0,0.7620086776423934,10.189728749446369,matched,0,,,,,0,2024-10-01,10.328,1.06,17.39,17.25,0.0,64.09400000000001,1
R00672,35.599161,126.826231,정읍 데모도로,정읍시,845508.0,326882.92,0.3866112680187532,9.4307279162049,matched,1,F0034,2025-09-20,임시보수,118.8733200867511,1,2025-07-01,22.082,15.09,29.14,8.23,0.0,60.0,0
R00043,35.795211,127.118698,전주 데모도로,전주시,2081706.65,842.95,0.0004049321742811,7.742488395563824,matched,0,,,,,0,2025-09-03,17.662,9.59,24.5,0.0,0.0,60.348,0
R00254,35.963515,126.742837,군산 데모도로,군산시,1384801.76,612246.21,0.442118307244208,14.853572251212228,matched,0,,,,,0,2025-01-10,-0.8140000000000001,-5.64,6.03,45.059999999999995,1.9300000000000002,58.424,0
R00130,35.860353,127.112973,전주 데모도로,전주시,2081706.65,842.95,0.0004049321742811,7.742488395563824,matched,0,,,,,0,2025-07-11,24.978,18.8,31.75,4.49,0.0,57.024,0
R00060,35.85261,127.176597,전주 데모도로,전주시,2081706.65,842.95,0.0004049321742811,7.742488395563824,matched,0,,,,,0,2025-08-16,19.875999999999998,12.01,31.79,8.19,0.0,61.42999999999999,0
R00663,35.566414,126.857825,정읍 데모도로,정읍시,845508.0,326882.92,0.3866112680187532,9.4307279162049,matched,0,,,,,0,2024-10-07,9.376,3.15,14.21,2.43,0.0,58.074,0
R00467,35.442511,127.416527,남원 데모도로,남원시,670188.0,287953.6,0.4296609309626552,17.276260308101918,matched,0,,,,,0,2024-10-22,8.086,-2.07,19.1,12.67,0.0,60.95,0
R00287,35.948494,126.945916,익산 데모도로,익산시,1404068.0,1069912.0,0.7620086776423934,10.189728749446369,matched,0,,,,,0,2025-08-08,21.816,14.78,26.98,18.26,0.0,63.507999999999996,1
R00517,35.380783,127.424563,남원 데모도로,남원시,670188.0,287953.6,0.4296609309626552,17.276260308101918,matched,0,,,,,0,2025-01-29,2.006,-4.05,7.42,2.13,0.0,62.275999999999996,0
R00467,35.442511,127.416527,남원 데모도로,남원시,670188.0,287953.6,0.4296609309626552,17.276260308101918,matched,0,,,,,0,2025-01-06,-3.44,-12.24,8.59,0.0,0.0,55.672000000000004,0
R00345,35.888643,126.958921,익산 데모도로,익산시,1404068.0,1069912.0,0.7620086776423934,10.189728749446369,matched,0,,,,,0,2024-12-24,-2.692,-11.93,2.43,3.27,0.39,60.136,0
R00642,35.630783,126.856529,정읍 데모도로,정읍시,845508.0,326882.92,0.3866112680187532,9.4307279162049,matched,0,,,,,0,2025-09-20,13.888,6.78,19.2,23.19,0.0,60.85999999999999,0
R00382,35.916638,126.989727,익산 데모도로,익산시,1404068.0,1069912.0,0.7620086776423934,10.189728749446369,matched,1,F0042,2025-02-28,덧씌우기,139.94437715521968,2,2025-11-24,-0.31400000000000006,-6.79,6.4,27.05,0.0,56.95,0
R00253,35.959922,126.746219,군산 데모도로,군산시,1384801.76,612246.21,0.442118307244208,14.853572251212228,matched,0,,,,,0,2025-02-21,5.965999999999999,0.4,12.56,5.6899999999999995,0.0,54.632000000000005,0
R00056,35.840218,127.163224,전주 데모도로,전주시,2081706.65,842.95,0.0004049321742811,7.742488395563824,matched,1,F0002,2025-10-19,상온아스콘,117.388877606805,2,2026-08-08,20.162,13.62,28.4,12.51,0.0,54.56,0
R00463,35.428076,127.402758,남원 데모도로,남원시,670188.0,287953.6,0.4296609309626552,17.276260308101918,matched,0,,,,,0,2025-02-24,5.242,-5.58,14.35,0.0,2.79,56.315999999999995,0
R00457,35.407786,127.382301,남원 데모도로,남원시,670188.0,287953.6,0.4296609309626552,17.276260308101918,matched,0,,,,,0,2025-09-10,14.904,9.01,23.0,11.27,0.0,62.14,0
R00083,35.811975,127.14672,전주 데모도로,전주시,2081706.65,842.95,0.0004049321742811,7.742488395563824,matched,0,,,,,0,2025-10-21,6.074,-1.59,12.75,27.66,0.0,64.19,0
R00099,35.890533,127.148617,전주 데모도로,전주시,2081706.65,842.95,0.0004049321742811,7.742488395563824,matched,0,,,,,0,2025-05-29,23.316,14.59,30.81,8.6,0.0,57.105999999999995,0
R00149,35.967056,126.713692,군산 데모도로,군산시,1384801.76,612246.21,0.442118307244208,14.853572251212228,matched,0,,,,,0,2025-04-12,17.21,9.34,25.73,0.0,0.0,58.996,0
R00329,35.967248,126.97747,익산 데모도로,익산시,1404068.0,1069912.0,0.7620086776423934,10.189728749446369,matched,0,,,,,0,2025-02-28,8.203999999999999,0.94,14.75,39.31,0.0,56.872,1
R00156,35.968255,126.748701,군산 데모도로,군산시,1384801.76,612246.21,0.442118307244208,14.853572251212228,matched,0,,,,,0,2025-06-01,22.222,14.26,30.46,36.93,0.0,63.802,0
R00190,35.97726,126.744251,군산 데모도로,군산시,1384801.76,612246.21,0.442118307244208,14.853572251212228,matched,0,,,,,0,2025-01-01,-1.8240000000000003,-9.51,3.0,3.56,1.02,51.948,0
R00494,35.418072,127.390784,남원 데모도로,남원시,670188.0,287953.6,0.4296609309626552,17.276260308101918,matched,0,,,,,0,2025-02-05,1.8780000000000001,-4.52,7.7,4.16,0.7,61.358000000000004,0
R00263,35.993332,126.711143,군산 데모도로,군산시,1384801.76,612246.21,0.442118307244208,14.853572251212228,matched,0,,,,,0,2025-01-24,1.03,-6.65,10.85,0.0,2.19,57.056,0
R00080,35.796415,127.147441,전주 데모도로,전주시,2081706.65,842.95,0.0004049321742811,7.742488395563824,matched,0,,,,,0,2025-03-07,6.906000000000001,-0.44,14.27,0.0,0.0,62.662,0
R00400,35.979538,126.929792,익산 데모도로,익산시,1404068.0,1069912.0,0.7620086776423934,10.189728749446369,matched,0,,,,,0,2025-12-18,-1.534,-11.03,7.85,31.27,0.0,66.53999999999999,0
R00609,35.615869,126.902275,정읍 데모도로,정읍시,845508.0,326882.92,0.3866112680187532,9.4307279162049,matched,0,,,,,0,2026-02-26,4.828,-1.55,11.79,0.0,0.0,57.912,0
R00260,35.98186,126.721273,군산 데모도로,군산시,1384801.76,612246.21,0.442118307244208,14.853572251212228,matched,0,,,,,0,2026-03-24,10.15,2.93,18.9,16.65,0.0,62.924,0
R00615,35.499999,126.855537,정읍 데모도로,정읍시,845508.0,326882.92,0.3866112680187532,9.4307279162049,matched,0,,,,,0,2026-01-04,-0.6399999999999999,-8.98,9.29,0.0,0.07,63.370000000000005,0
R00552,35.56942,126.810868,정읍 데모도로,정읍시,845508.0,326882.92,0.3866112680187532,9.4307279162049,matched,0,,,,,0,2025-08-24,19.706,12.29,29.89,7.91,0.0,49.506,0
R00101,35.89925,127.147573,전주 데모도로,전주시,2081706.65,842.95,0.0004049321742811,7.742488395563824,matched,0,,,,,0,2024-11-29,-0.95,-7.57,5.28,5.13,0.0,62.414,0
R00359,35.955181,126.958504,익산 데모도로,익산시,1404068.0,1069912.0,0.7620086776423934,10.189728749446369,matched,0,,,,,0,2024-12-21,-1.376,-7.93,4.12,11.26,6.4399999999999995,62.936,0
R00380,35.908842,126.998177,익산 데모도로,익산시,1404068.0,1069912.0,0.7620086776423934,10.189728749446369,matched,0,,,,,0,2025-06-27,24.418,16.53,31.12,15.66,0.0,69.01599999999999,1
R00221,35.96474,126.737245,군산 데모도로,군산시,1384801.76,612246.21,0.442118307244208,14.853572251212228,matched,1,F0011,2024-03-26,임시보수,117.57902927230556,1,2025-11-19,1.202,-5.4,9.01,3.89,0.0,60.446000000000005,0
R00420,35.415574,127.363675,남원 데모도로,남원시,670188.0,287953.6,0.4296609309626552,17.276260308101918,matched,0,,,,,0,2025-04-05,14.126,6.99,21.96,0.0,0.0,57.084,0
R00124,35.839379,127.13237,전주 데모도로,전주시,2081706.65,842.95,0.0004049321742811,7.742488395563824,matched,0,,,,,0,2026-06-07,23.933999999999997,17.64,30.17,33.68,0.0,62.214,0
R00422,35.415203,127.373522,남원 데모도로,남원시,670188.0,287953.6,0.4296609309626552,17.276260308101918,matched,0,,,,,0,2025-03-03,8.318000000000001,-0.97,16.97,26.810000000000002,0.0,57.955999999999996,0
R00231,36.01351,126.737731,군산 데모도로,군산시,1384801.76,612246.21,0.442118307244208,14.853572251212228,matched,0,,,,,0,2025-10-15,8.202,1.29,14.58,0.0,0.0,55.806,0
R00063,35.865229,127.186766,전주 데모도로,전주시,2081706.65,842.95,0.0004049321742811,7.742488395563824,matched,0,,,,,0,2026-03-13,9.219999999999999,1.58,15.59,0.49,0.0,51.29600000000001,0
R00485,35.375685,127.391521,남원 데모도로,남원시,670188.0,287953.6,0.4296609309626552,17.276260308101918,matched,0,,,,,0,2026-04-20,17.762,10.22,24.86,0.0,0.0,54.83,0
R00628,35.563004,126.856612,정읍 데모도로,정읍시,845508.0,326882.92,0.3866112680187532,9.4307279162049,matched,0,,,,,0,2025-02-05,1.8780000000000001,-4.52,7.7,4.16,0.7,61.358000000000004,0
R00574,35.568805,126.916376,정읍 데모도로,정읍시,845508.0,326882.92,0.3866112680187532,9.4307279162049,matched,0,,,,,0,2025-09-04,16.456,9.53,22.57,0.0,0.0,54.684000000000005,0
R00483,35.365376,127.390555,남원 데모도로,남원시,670188.0,287953.6,0.4296609309626552,17.276260308101918,matched,1,F0049,2024-07-06,상온아스콘,43.10099463333667,1,2025-02-07,3.024,-4.92,9.91,0.0,0.0,58.99000000000001,0
R00519,35.38702,127.419466,남원 데모도로,남원시,670188.0,287953.6,0.4296609309626552,17.276260308101918,matched,0,,,,,0,2026-06-12,25.012,17.54,32.03,25.39,0.0,72.964,0
R00155,35.967871,126.743913,군산 데모도로,군산시,1384801.76,612246.21,0.442118307244208,14.853572251212228,matched,0,,,,,0,2025-11-14,0.718,-5.89,6.75,43.419999999999995,0.0,62.952,0
R00092,35.855794,127.148422,전주 데모도로,전주시,2081706.65,842.95,0.0004049321742811,7.742488395563824,matched,0,,,,,0,2025-08-03,24.092000000000002,18.27,29.49,11.670000000000002,0.0,61.778,0
R00526,35.412661,127.395166,남원 데모도로,남원시,670188.0,287953.6,0.4296609309626552,17.276260308101918,matched,0,,,,,0,2026-05-14,20.336000000000002,13.76,27.76,3.83,0.0,59.88199999999999,0
R00455,35.401253,127.375306,남원 데모도로,남원시,670188.0,287953.6,0.4296609309626552,17.276260308101918,matched,0,,,,,0,2025-12-25,-0.7779999999999999,-10.2,5.33,9.48,1.44,57.198,0
R00598,35.578568,126.864039,정읍 데모도로,정읍시,845508.0,326882.92,0.3866112680187532,9.4307279162049,matched,0,,,,,0,2026-04-30,17.546,8.02,29.17,35.68,0.0,63.46,0
R00645,35.645988,126.855893,정읍 데모도로,정읍시,845508.0,326882.92,0.3866112680187532,9.4307279162049,matched,0,,,,,0,2024-08-22,20.830000000000002,13.2,30.72,45.82,0.0,66.944,0
R00510,35.495272,127.389493,남원 데모도로,남원시,670188.0,287953.6,0.4296609309626552,17.276260308101918,matched,0,,,,,0,2024-11-19,-0.8999999999999998,-8.41,7.25,22.86,0.0,64.65599999999999,0
R00183,35.952733,126.721098,군산 데모도로,군산시,1384801.76,612246.21,0.442118307244208,14.853572251212228,matched,0,,,,,0,2024-08-24,18.881999999999998,12.8,26.04,49.58,0.0,69.356,1
R00386,35.928879,126.975814,익산 데모도로,익산시,1404068.0,1069912.0,0.7620086776423934,10.189728749446369,matched,0,,,,,0,2025-06-02,23.804,14.69,32.5,13.92,0.0,64.954,1
R00574,35.568805,126.916376,정읍 데모도로,정읍시,845508.0,326882.92,0.3866112680187532,9.4307279162049,matched,0,,,,,0,2026-04-28,19.369999999999997,11.71,27.45,0.0,0.0,53.717999999999996,0
R00405,35.993619,126.911571,익산 데모도로,익산시,1404068.0,1069912.0,0.7620086776423934,10.189728749446369,matched,0,,,,,0,2025-01-11,0.13800000000000007,-9.43,8.59,13.709999999999999,0.0,66.788,1
R00246,35.934975,126.769475,군산 데모도로,군산시,1384801.76,612246.21,0.442118307244208,14.853572251212228,matched,0,,,,,0,2025-10-16,8.384,2.15,15.28,0.0,0.0,61.529999999999994,0
R00591,35.555235,126.840653,정읍 데모도로,정읍시,845508.0,326882.92,0.3866112680187532,9.4307279162049,matched,1,F0029,2024-03-20,덧씌우기,30.622025103564173,1,2026-04-18,16.740000000000002,8.89,23.55,3.63,0.0,61.482000000000006,0
R00661,35.56196,126.863398,정읍 데모도로,정읍시,845508.0,326882.92,0.3866112680187532,9.4307279162049,matched,0,,,,,0,2025-11-18,1.796,-5.66,10.42,2.51,0.0,62.528,0
R00650,35.52302,126.902453,정읍 데모도로,정읍시,845508.0,326882.92,0.3866112680187532,9.4307279162049,matched,0,,,,,0,2025-03-08,8.604,3.26,14.43,0.0,0.0,57.75600000000001,0
R00471,35.456455,127.430377,남원 데모도로,남원시,670188.0,287953.6,0.4296609309626552,17.276260308101918,matched,0,,,,,0,2025-03-18,12.190000000000001,3.8,17.75,0.0,0.0,58.260000000000005,0
R00423,35.416845,127.379385,남원 데모도로,남원시,670188.0,287953.6,0.4296609309626552,17.276260308101918,matched,0,,,,,0,2024-08-24,18.881999999999998,12.8,26.04,49.58,0.0,69.356,0
R00065,35.871408,127.194156,전주 데모도로,전주시,2081706.65,842.95,0.0004049321742811,7.742488395563824,matched,0,,,,,0,2026-05-04,20.009999999999998,10.01,27.03,37.75,0.0,61.212,0
R00013,35.823537,127.12596,전주 데모도로,전주시,2081706.65,842.95,0.0004049321742811,7.742488395563824,matched,0,,,,,0,2025-08-29,18.916,10.34,25.27,0.0,0.0,61.608000000000004,0
R00213,35.926701,126.737487,군산 데모도로,군산시,1384801.76,612246.21,0.442118307244208,14.853572251212228,matched,0,,,,,0,2025-11-08,3.354,-3.87,11.26,22.75,0.0,58.4,0
R00242,35.921216,126.78377,군산 데모도로,군산시,1384801.76,612246.21,0.442118307244208,14.853572251212228,matched,0,,,,,0,2024-12-02,0.5199999999999999,-7.2,8.49,0.0,2.3499999999999996,57.302,0
R00493,35.414523,127.390643,남원 데모도로,남원시,670188.0,287953.6,0.4296609309626552,17.276260308101918,matched,0,,,,,0,2026-05-31,23.694,14.02,31.19,3.69,0.0,59.06,0
R00213,35.926701,126.737487,군산 데모도로,군산시,1384801.76,612246.21,0.442118307244208,14.853572251212228,matched,0,,,,,0,2025-09-23,12.628,7.12,21.28,8.24,0.0,57.934000000000005,0
R00338,35.998113,127.006219,익산 데모도로,익산시,1404068.0,1069912.0,0.7620086776423934,10.189728749446369,matched,0,,,,,0,2024-11-22,1.374,-6.14,10.6,0.65,0.0,58.25599999999999,0
R00173,35.917621,126.688036,군산 데모도로,군산시,1384801.76,612246.21,0.442118307244208,14.853572251212228,matched,0,,,,,0,2025-09-10,14.904,9.01,23.0,11.27,0.0,62.14,0
R00672,35.599161,126.826231,정읍 데모도로,정읍시,845508.0,326882.92,0.3866112680187532,9.4307279162049,matched,1,F0034,2025-09-20,임시보수,118.8733200867511,1,2025-11-13,4.0,-1.49,9.23,19.659999999999997,0.0,59.303999999999995,0
R00164,35.968175,126.787437,군산 데모도로,군산시,1384801.76,612246.21,0.442118307244208,14.853572251212228,matched,0,,,,,0,2025-10-08,9.548,1.74,18.31,5.89,0.0,58.342000000000006,0
R00465,35.436303,127.408077,남원 데모도로,남원시,670188.0,287953.6,0.4296609309626552,17.276260308101918,matched,0,,,,,0,2026-08-14,20.234,13.76,26.31,0.0,0.0,61.044,0
R00497,35.433306,127.392192,남원 데모도로,남원시,670188.0,287953.6,0.4296609309626552,17.276260308101918,matched,0,,,,,0,2026-01-04,-0.6399999999999999,-8.98,9.29,0.0,0.07,63.370000000000005,0
R00395,35.961463,126.944843,익산 데모도로,익산시,1404068.0,1069912.0,0.7620086776423934,10.189728749446369,matched,0,,,,,0,2025-11-15,1.0,-7.74,9.14,10.95,0.0,58.092,0
R00308,35.896398,126.903757,익산 데모도로,익산시,1404068.0,1069912.0,0.7620086776423934,10.189728749446369,matched,0,,,,,0,2025-06-05,23.306,16.32,30.1,18.44,0.0,49.544,0
R00183,35.952733,126.721098,군산 데모도로,군산시,1384801.76,612246.21,0.442118307244208,14.853572251212228,matched,0,,,,,0,2026-02-03,2.958,-2.93,8.73,3.97,0.27,59.510000000000005,0
R00629,35.567799,126.856299,정읍 데모도로,정읍시,845508.0,326882.92,0.3866112680187532,9.4307279162049,matched,0,,,,,0,2025-02-27,7.167999999999999,1.77,12.96,14.46,0.0,59.970000000000006,0
R00510,35.495272,127.389493,남원 데모도로,남원시,670188.0,287953.6,0.4296609309626552,17.276260308101918,matched,0,,,,,0,2025-01-15,-0.5820000000000002,-8.3,8.24,10.29,3.46,58.34400000000001,0
R00546,35.570073,126.781282,정읍 데모도로,정읍시,845508.0,326882.92,0.3866112680187532,9.4307279162049,matched,0,,,,,0,2026-01-15,-1.468,-7.86,5.66,0.76,0.0,57.645999999999994,0
R00564,35.570503,126.868176,정읍 데모도로,정읍시,845508.0,326882.92,0.3866112680187532,9.4307279162049,matched,0,,,,,0,2025-09-15,14.703999999999999,8.9,20.41,1.33,0.0,52.339999999999996,0
R00624,35.543849,126.857448,정읍 데모도로,정읍시,845508.0,326882.92,0.3866112680187532,9.4307279162049,matched,0,,,,,0,2025-06-30,27.082,20.42,36.65,13.67,0.0,57.81600000000001,0
R00594,35.563548,126.851691,정읍 데모도로,정읍시,845508.0,326882.92,0.3866112680187532,9.4307279162049,matched,0,,,,,0,2024-11-02,3.768,-3.66,11.01,0.0,0.0,56.40599999999999,0
R00227,35.994827,126.737227,군산 데모도로,군산시,1384801.76,612246.21,0.442118307244208,14.853572251212228,matched,0,,,,,0,2026-04-09,16.73,8.49,27.59,0.0,0.0,54.684000000000005,0
R00436,35.415645,127.440729,남원 데모도로,남원시,670188.0,287953.6,0.4296609309626552,17.276260308101918,matched,0,,,,,0,2025-05-15,21.916,13.09,32.04,3.07,0.0,50.648,0
R00422,35.415203,127.373522,남원 데모도로,남원시,670188.0,287953.6,0.4296609309626552,17.276260308101918,matched,0,,,,,0,2025-03-31,11.943999999999999,4.57,18.99,20.41,0.0,58.946000000000005,0
R00554,35.570373,126.820252,정읍 데모도로,정읍시,845508.0,326882.92,0.3866112680187532,9.4307279162049,matched,0,,,,,0,2026-01-30,1.572,-6.43,8.76,0.0,0.07,61.757999999999996,0
R00021,35.825393,127.165179,전주 데모도로,전주시,2081706.65,842.95,0.0004049321742811,7.742488395563824,matched,0,,,,,0,2024-12-09,-0.93,-10.13,6.8,0.0,2.63,55.77,0
R00554,35.570373,126.820252,정읍 데모도로,정읍시,845508.0,326882.92,0.3866112680187532,9.4307279162049,matched,0,,,,,0,2025-04-26,18.098,11.22,27.08,6.75,0.0,48.751999999999995,0
R00397,35.965969,126.938281,익산 데모도로,익산시,1404068.0,1069912.0,0.7620086776423934,10.189728749446369,matched,0,,,,,0,2025-04-08,13.232,6.31,19.13,3.42,0.0,61.668000000000006,0
R00625,35.547901,126.856598,정읍 데모도로,정읍시,845508.0,326882.92,0.3866112680187532,9.4307279162049,matched,0,,,,,0,2026-08-02,22.698,13.5,30.5,54.949999999999996,0.0,65.47200000000001,0
R00105,35.774689,127.198096,전주 데모도로,전주시,2081706.65,842.95,0.0004049321742811,7.742488395563824,matched,0,,,,,0,2024-11-09,2.504,-2.57,7.3,12.06,0.0,57.1,0
R00192,35.983184,126.751861,군산 데모도로,군산시,1384801.76,612246.21,0.442118307244208,14.853572251212228,matched,0,,,,,0,2024-12-21,-1.376,-7.93,4.12,11.26,6.4399999999999995,62.936,0
R00017,35.824821,127.145805,전주 데모도로,전주시,2081706.65,842.95,0.0004049321742811,7.742488395563824,matched,0,,,,,0,2025-02-09,2.45,-4.02,10.55,10.98,0.0,64.322,0
R00120,35.825854,127.146328,전주 데모도로,전주시,2081706.65,842.95,0.0004049321742811,7.742488395563824,matched,0,,,,,0,2024-10-26,4.816,-3.97,15.2,13.04,0.0,55.984,0
R00393,35.953645,126.953148,익산 데모도로,익산시,1404068.0,1069912.0,0.7620086776423934,10.189728749446369,matched,0,,,,,0,2024-10-04,10.528,3.27,18.24,13.73,0.0,64.562,0
R00425,35.416254,127.38818,남원 데모도로,남원시,670188.0,287953.6,0.4296609309626552,17.276260308101918,matched,0,,,,,0,2025-05-01,18.458,12.28,27.41,0.0,0.0,54.57000000000001,0
R00129,35.855777,127.114311,전주 데모도로,전주시,2081706.65,842.95,0.0004049321742811,7.742488395563824,matched,0,,,,,0,2026-08-15,22.642000000000003,15.13,30.29,0.0,0.0,57.614,0
R00130,35.860353,127.112973,전주 데모도로,전주시,2081706.65,842.95,0.0004049321742811,7.742488395563824,matched,0,,,,,0,2024-09-17,12.78,6.1,20.95,12.51,0.0,62.896,0
R00572,35.569716,126.907516,정읍 데모도로,정읍시,845508.0,326882.92,0.3866112680187532,9.4307279162049,matched,0,,,,,0,2025-05-26,23.064,16.06,30.81,10.87,0.0,62.824,0
R00560,35.5695,126.848822,정읍 데모도로,정읍시,845508.0,326882.92,0.3866112680187532,9.4307279162049,matched,0,,,,,0,2025-04-12,17.21,9.34,25.73,0.0,0.0,58.996,0
R00029,35.82406,127.204213,전주 데모도로,전주시,2081706.65,842.95,0.0004049321742811,7.742488395563824,matched,0,,,,,0,2025-04-23,19.088,13.06,26.9,0.0,0.0,55.010000000000005,0
R00097,35.880955,127.147854,전주 데모도로,전주시,2081706.65,842.95,0.0004049321742811,7.742488395563824,matched,0,,,,,0,2025-08-21,18.954,12.75,24.58,14.66,0.0,63.628,0
R00010,35.823175,127.11063,전주 데모도로,전주시,2081706.65,842.95,0.0004049321742811,7.742488395563824,matched,0,,,,,0,2025-12-26,-0.24600000000000005,-6.77,6.86,0.0,2.48,66.628,0
R00242,35.921216,126.78377,군산 데모도로,군산시,1384801.76,612246.21,0.442118307244208,14.853572251212228,matched,0,,,,,0,2024-09-12,13.907999999999998,2.89,22.31,11.27,0.0,69.30799999999999,0
R00232,36.019374,126.737064,군산 데모도로,군산시,1384801.76,612246.21,0.442118307244208,14.853572251212228,matched,0,,,,,0,2026-03-27,11.57,5.76,17.86,0.0,0.0,56.918000000000006,0
R00284,35.947861,126.930646,익산 데모도로,익산시,1404068.0,1069912.0,0.7620086776423934,10.189728749446369,matched,0,,,,,0,2026-08-06,21.872,15.31,28.89,42.2,0.0,65.336,0
R00200,36.01122,126.779538,군산 데모도로,군산시,1384801.76,612246.21,0.442118307244208,14.853572251212228,matched,1,F0035,2025-11-17,덧씌우기,10.903288952814576,1,2025-12-21,-1.018,-7.61,4.98,15.18,2.32,59.025999999999996,0
R00079,35.792888,127.148975,전주 데모도로,전주시,2081706.65,842.95,0.0004049321742811,7.742488395563824,matched,1,F0057,2025-12-06,덧씌우기,65.08847281994517,1,2025-12-25,-0.7779999999999999,-10.2,5.33,9.48,1.44,57.198,0
R00173,35.917621,126.688036,군산 데모도로,군산시,1384801.76,612246.21,0.442118307244208,14.853572251212228,matched,0,,,,,0,2025-06-28,24.554,19.32,31.53,26.47,0.0,61.314,0
R00467,35.442511,127.416527,남원 데모도로,남원시,670188.0,287953.6,0.4296609309626552,17.276260308101918,matched,0,,,,,0,2026-04-16,16.368000000000002,6.9,24.12,28.09,0.0,64.22999999999999,0
R00581,35.519509,126.805886,정읍 데모도로,정읍시,845508.0,326882.92,0.3866112680187532,9.4307279162049,matched,1,F0068,2025-12-28,상온아스콘,39.29216474944008,1,2025-08-28,17.778,9.18,22.99,16.78,0.0,57.784000000000006,0
R00416,35.415383,127.343861,남원 데모도로,남원시,670188.0,287953.6,0.4296609309626552,17.276260308101918,matched,0,,,,,0,2026-05-19,21.038,15.25,28.73,0.0,0.0,53.34400000000001,0
R00449,35.380762,127.354279,남원 데모도로,남원시,670188.0,287953.6,0.4296609309626552,17.276260308101918,matched,0,,,,,0,2024-09-12,13.907999999999998,2.89,22.31,11.27,0.0,69.30799999999999,0
R00087,35.830638,127.147691,전주 데모도로,전주시,2081706.65,842.95,0.0004049321742811,7.742488395563824,matched,0,,,,,0,2025-07-18,23.978,12.87,30.95,9.01,0.0,60.33200000000001,0
R00101,35.89925,127.147573,전주 데모도로,전주시,2081706.65,842.95,0.0004049321742811,7.742488395563824,matched,0,,,,,0,2025-08-08,21.816,14.78,26.98,18.26,0.0,63.507999999999996,0
R00008,35.823561,127.101636,전주 데모도로,전주시,2081706.65,842.95,0.0004049321742811,7.742488395563824,matched,0,,,,,0,2024-12-12,0.162,-5.05,6.16,12.64,0.08,55.322,0
R00200,36.01122,126.779538,군산 데모도로,군산시,1384801.76,612246.21,0.442118307244208,14.853572251212228,matched,1,F0035,2025-11-17,덧씌우기,10.903288952814576,1,2024-10-05,10.366,1.79,18.6,11.58,0.0,54.39,0
R00505,35.472318,127.390957,남원 데모도로,남원시,670188.0,287953.6,0.4296609309626552,17.276260308101918,matched,0,,,,,0,2024-11-25,0.2920000000000001,-6.72,9.02,0.0,0.0,59.99400000000001,0
R00087,35.830638,127.147691,전주 데모도로,전주시,2081706.65,842.95,0.0004049321742811,7.742488395563824,matched,0,,,,,0,2025-11-20,-0.9179999999999999,-6.41,6.37,20.88,0.0,62.432,0
R00043,35.795211,127.118698,전주 데모도로,전주시,2081706.65,842.95,0.0004049321742811,7.742488395563824,matched,0,,,,,0,2026-01-23,0.9740000000000002,-9.24,8.41,9.17,2.05,61.775999999999996,0
R00385,35.925709,126.979276,익산 데모도로,익산시,1404068.0,1069912.0,0.7620086776423934,10.189728749446369,matched,0,,,,,0,2026-04-07,15.038,4.97,23.53,0.0,0.0,59.512,0
R00621,35.529402,126.856496,정읍 데모도로,정읍시,845508.0,326882.92,0.3866112680187532,9.4307279162049,matched,0,,,,,0,2025-09-27,10.762,4.57,16.12,22.5,0.0,58.902,0
R00435,35.414387,127.436407,남원 데모도로,남원시,670188.0,287953.6,0.4296609309626552,17.276260308101918,matched,0,,,,,0,2025-03-20,9.952000000000002,1.79,18.49,4.51,0.0,57.312,0
R00408,36.005646,126.900915,익산 데모도로,익산시,1404068.0,1069912.0,0.7620086776423934,10.189728749446369,matched,0,,,,,0,2026-07-04,25.018,18.6,30.48,0.0,0.0,62.176,0
R00483,35.365376,127.390555,남원 데모도로,남원시,670188.0,287953.6,0.4296609309626552,17.276260308101918,matched,1,F0049,2024-07-06,상온아스콘,43.10099463333667,1,2026-01-03,-2.516,-9.53,8.12,28.0,6.65,63.464,0
R00664,35.572029,126.855151,정읍 데모도로,정읍시,845508.0,326882.92,0.3866112680187532,9.4307279162049,matched,0,,,,,0,2026-08-09,20.036,14.89,24.7,11.07,0.0,63.336,0
R00017,35.824821,127.145805,전주 데모도로,전주시,2081706.65,842.95,0.0004049321742811,7.742488395563824,matched,0,,,,,0,2025-11-09,1.874,-4.95,10.41,5.62,0.0,64.374,0
R00645,35.645988,126.855893,정읍 데모도로,정읍시,845508.0,326882.92,0.3866112680187532,9.4307279162049,matched,0,,,,,0,2026-03-17,9.394,1.37,14.97,2.19,0.0,61.4,0
R00148,35.967447,126.709582,군산 데모도로,군산시,1384801.76,612246.21,0.442118307244208,14.853572251212228,matched,0,,,,,0,2025-05-03,21.588,12.21,28.81,12.4,0.0,60.396,0
R00277,35.947756,126.896589,익산 데모도로,익산시,1404068.0,1069912.0,0.7620086776423934,10.189728749446369,matched,0,,,,,0,2024-12-17,-2.616,-12.95,4.98,9.17,3.58,53.477999999999994,1
R00232,36.019374,126.737064,군산 데모도로,군산시,1384801.76,612246.21,0.442118307244208,14.853572251212228,matched,0,,,,,0,2024-10-11,7.703999999999999,-1.21,15.13,3.73,0.0,63.726,0
R00366,35.990372,126.95845,익산 데모도로,익산시,1404068.0,1069912.0,0.7620086776423934,10.189728749446369,matched,0,,,,,0,2025-07-15,24.982,14.27,34.49,5.99,0.0,71.56800000000001,0
R00228,35.999874,126.736942,군산 데모도로,군산시,1384801.76,612246.21,0.442118307244208,14.853572251212228,matched,0,,,,,0,2025-04-16,15.219999999999999,7.6,23.3,25.87,0.0,56.022000000000006,0
R00651,35.52687,126.897763,정읍 데모도로,정읍시,845508.0,326882.92,0.3866112680187532,9.4307279162049,matched,0,,,,,0,2026-01-30,1.572,-6.43,8.76,0.0,0.07,61.757999999999996,0
R00436,35.415645,127.440729,남원 데모도로,남원시,670188.0,287953.6,0.4296609309626552,17.276260308101918,matched,0,,,,,0,2025-12-14,-1.316,-8.49,4.96,0.0,0.52,60.158,0
R00399,35.975401,126.933347,익산 데모도로,익산시,1404068.0,1069912.0,0.7620086776423934,10.189728749446369,matched,0,,,,,0,2025-02-21,5.965999999999999,0.4,12.56,5.6899999999999995,0.0,54.632000000000005,1
R00211,35.915869,126.737413,군산 데모도로,군산시,1384801.76,612246.21,0.442118307244208,14.853572251212228,matched,1,F0039,2025-07-01,덧씌우기,38.43476087695338,1,2026-06-05,23.374000000000002,16.05,30.8,5.659999999999999,0.0,69.11,0
R00391,35.94597,126.960501,익산 데모도로,익산시,1404068.0,1069912.0,0.7620086776423934,10.189728749446369,matched,1,F0061,2024-05-03,덧씌우기,241.20594308246731,1,2025-05-07,21.434,13.48,29.96,2.51,0.0,53.120000000000005,1
R00499,35.443614,127.389726,남원 데모도로,남원시,670188.0,287953.6,0.4296609309626552,17.276260308101918,matched,0,,,,,0,2025-08-17,21.024,14.48,27.32,6.23,0.0,59.215999999999994,0
R00540,35.458624,127.347198,남원 데모도로,남원시,670188.0,287953.6,0.4296609309626552,17.276260308101918,matched,0,,,,,0,2025-12-22,-1.0459999999999998,-6.5,5.11,63.00999999999999,0.0,68.492,0
R00563,35.568981,126.862675,정읍 데모도로,정읍시,845508.0,326882.92,0.3866112680187532,9.4307279162049,matched,0,,,,,0,2025-10-23,7.258,2.64,12.83,0.0,0.0,54.053999999999995,0
R00491,35.403664,127.390188,남원 데모도로,남원시,670188.0,287953.6,0.4296609309626552,17.276260308101918,matched,0,,,,,0,2025-04-14,18.253999999999998,11.02,25.15,10.04,0.0,57.664,0
R00442,35.416187,127.470526,남원 데모도로,남원시,670188.0,287953.6,0.4296609309626552,17.276260308101918,matched,0,,,,,0,2025-06-18,25.36,18.42,33.48,14.03,0.0,62.298,0
R00261,35.988141,126.717713,군산 데모도로,군산시,1384801.76,612246.21,0.442118307244208,14.853572251212228,matched,1,F0010,2025-01-17,임시보수,89.25965130574198,2,2025-06-12,23.8,13.89,31.5,19.729999999999997,0.0,64.326,0
R00350,35.911942,126.958567,익산 데모도로,익산시,1404068.0,1069912.0,0.7620086776423934,10.189728749446369,matched,0,,,,,0,2024-11-02,3.768,-3.66,11.01,0.0,0.0,56.40599999999999,0
R00352,35.921381,126.957405,익산 데모도로,익산시,1404068.0,1069912.0,0.7620086776423934,10.189728749446369,matched,0,,,,,0,2026-07-19,23.728,17.56,32.04,26.18,0.0,64.31,1
R00520,35.390441,127.416464,남원 데모도로,남원시,670188.0,287953.6,0.4296609309626552,17.276260308101918,matched,0,,,,,0,2025-07-17,22.740000000000002,14.63,29.17,0.0,0.0,59.152,0
R00320,35.934892,126.945135,익산 데모도로,익산시,1404068.0,1069912.0,0.7620086776423934,10.189728749446369,matched,1,F0055,2024-12-23,상온아스콘,82.4759824508526,2,2026-05-22,22.176,12.37,30.44,0.0,0.0,61.472,0
R00138,35.967492,126.661925,군산 데모도로,군산시,1384801.76,612246.21,0.442118307244208,14.853572251212228,matched,0,,,,,0,2025-12-05,-0.542,-8.4,8.16,8.95,0.0,57.914,1
R00550,35.569727,126.801535,정읍 데모도로,정읍시,845508.0,326882.92,0.3866112680187532,9.4307279162049,matched,0,,,,,0,2025-05-28,24.142000000000003,17.72,35.86,25.45,0.0,66.91799999999999,0
R00623,35.53753,126.854753,정읍 데모도로,정읍시,845508.0,326882.92,0.3866112680187532,9.4307279162049,matched,0,,,,,0,2026-04-01,13.042000000000002,6.94,22.34,15.030000000000001,0.0,66.798,0
R00368,35.99848,126.958561,익산 데모도로,익산시,1404068.0,1069912.0,0.7620086776423934,10.189728749446369,matched,0,,,,,0,2024-10-29,3.944,-4.88,12.17,0.0,0.0,59.767999999999994,0
R00220,35.960287,126.7373,군산 데모도로,군산시,1384801.76,612246.21,0.442118307244208,14.853572251212228,matched,0,,,,,0,2025-05-08,21.604000000000003,14.48,32.33,11.68,0.0,67.17999999999999,0
R00337,35.995591,127.004573,익산 데모도로,익산시,1404068.0,1069912.0,0.7620086776423934,10.189728749446369,matched,0,,,,,0,2026-07-22,22.756,16.26,31.99,6.35,0.0,62.45,0
R00223,35.975607,126.737077,군산 데모도로,군산시,1384801.76,612246.21,0.442118307244208,14.853572251212228,matched,0,,,,,0,2026-03-16,9.303999999999998,1.31,18.17,22.64,0.0,56.474000000000004,0
R00648,35.516605,126.909882,정읍 데모도로,정읍시,845508.0,326882.92,0.3866112680187532,9.4307279162049,matched,1,F0063,2025-01-29,상온아스콘,35.41790110235762,1,2024-08-30,17.608,10.33,23.51,7.75,0.0,64.22,0
R00360,35.960141,126.956274,익산 데모도로,익산시,1404068.0,1069912.0,0.7620086776423934,10.189728749446369,matched,0,,,,,0,2025-01-06,-3.44,-12.24,8.59,0.0,0.0,55.672000000000004,0
R00329,35.967248,126.97747,익산 데모도로,익산시,1404068.0,1069912.0,0.7620086776423934,10.189728749446369,matched,0,,,,,0,2026-02-24,5.612,-0.55,12.76,22.32,0.71,68.096,0
R00463,35.428076,127.402758,남원 데모도로,남원시,670188.0,287953.6,0.4296609309626552,17.276260308101918,matched,0,,,,,0,2024-09-04,16.5,9.17,23.7,9.05,0.0,62.562,0
R00561,35.570139,126.852906,정읍 데모도로,정읍시,845508.0,326882.92,0.3866112680187532,9.4307279162049,matched,0,,,,,0,2024-10-20,7.866,0.88,13.56,13.51,0.0,60.012,0
R00382,35.916638,126.989727,익산 데모도로,익산시,1404068.0,1069912.0,0.7620086776423934,10.189728749446369,matched,1,F0042,2025-02-28,덧씌우기,139.94437715521968,2,2025-04-28,20.860000000000003,10.22,30.18,23.0,0.0,58.736000000000004,0
R00590,35.550424,126.837171,정읍 데모도로,정읍시,845508.0,326882.92,0.3866112680187532,9.4307279162049,matched,0,,,,,0,2025-11-26,0.06399999999999997,-8.03,9.27,1.66,0.0,64.03,0
R00617,35.509753,126.856622,정읍 데모도로,정읍시,845508.0,326882.92,0.3866112680187532,9.4307279162049,matched,0,,,,,0,2025-08-29,18.916,10.34,25.27,0.0,0.0,61.608000000000004,0
R00169,35.966927,126.811508,군산 데모도로,군산시,1384801.76,612246.21,0.442118307244208,14.853572251212228,matched,0,,,,,0,2026-01-20,0.16400000000000015,-7.67,10.85,0.0,2.38,57.918000000000006,0
R00217,35.945693,126.737156,군산 데모도로,군산시,1384801.76,612246.21,0.442118307244208,14.853572251212228,matched,0,,,,,0,2024-11-16,1.2520000000000002,-4.44,9.96,13.58,0.0,60.69199999999999,0
R00378,35.901213,127.004396,익산 데모도로,익산시,1404068.0,1069912.0,0.7620086776423934,10.189728749446369,matched,0,,,,,0,2026-08-08,20.162,13.62,28.4,12.51,0.0,54.56,1
R00119,35.822136,127.149945,전주 데모도로,전주시,2081706.65,842.95,0.0004049321742811,7.742488395563824,matched,1,F0016,2025-06-20,상온아스콘,107.16910328454772,2,2026-05-10,19.828,11.73,24.72,0.0,0.0,51.215999999999994,0
R00190,35.97726,126.744251,군산 데모도로,군산시,1384801.76,612246.21,0.442118307244208,14.853572251212228,matched,0,,,,,0,2025-02-09,2.45,-4.02,10.55,10.98,0.0,64.322,0
R00370,36.009178,126.957255,익산 데모도로,익산시,1404068.0,1069912.0,0.7620086776423934,10.189728749446369,matched,0,,,,,0,2024-11-02,3.768,-3.66,11.01,0.0,0.0,56.40599999999999,0
R00149,35.967056,126.713692,군산 데모도로,군산시,1384801.76,612246.21,0.442118307244208,14.853572251212228,matched,0,,,,,0,2026-04-23,17.972,12.55,23.13,2.31,0.0,64.53,0
R00676,35.612337,126.81311,정읍 데모도로,정읍시,845508.0,326882.92,0.3866112680187532,9.4307279162049,matched,0,,,,,0,2026-06-12,25.012,17.54,32.03,25.39,0.0,72.964,0
R00652,35.531185,126.895541,정읍 데모도로,정읍시,845508.0,326882.92,0.3866112680187532,9.4307279162049,matched,0,,,,,0,2025-09-22,12.726000000000003,3.78,23.63,12.39,0.0,53.54600000000001,0
R00488,35.390359,127.389866,남원 데모도로,남원시,670188.0,287953.6,0.4296609309626552,17.276260308101918,matched,0,,,,,0,2024-10-28,7.812,-0.24,14.74,45.330000000000005,0.0,66.476,0
R00374,36.027718,126.958239,익산 데모도로,익산시,1404068.0,1069912.0,0.7620086776423934,10.189728749446369,matched,0,,,,,0,2025-02-14,3.8400000000000007,-2.87,11.02,0.0,5.010000000000001,47.69,0
R00160,35.967518,126.766635,군산 데모도로,군산시,1384801.76,612246.21,0.442118307244208,14.853572251212228,matched,0,,,,,0,2024-12-20,-0.5119999999999999,-6.69,8.11,0.0,0.0,54.342,0
R00351,35.916504,126.956329,익산 데모도로,익산시,1404068.0,1069912.0,0.7620086776423934,10.189728749446369,matched,0,,,,,0,2025-09-03,17.662,9.59,24.5,0.0,0.0,60.348,1
R00288,35.947123,126.951077,익산 데모도로,익산시,1404068.0,1069912.0,0.7620086776423934,10.189728749446369,matched,0,,,,,0,2025-06-07,25.862000000000002,16.61,34.0,11.83,0.0,62.388,0
R00288,35.947123,126.951077,익산 데모도로,익산시,1404068.0,1069912.0,0.7620086776423934,10.189728749446369,matched,0,,,,,0,2025-03-01,6.63,-3.82,17.17,0.0,0.0,55.246,0
R00226,35.989253,126.735337,군산 데모도로,군산시,1384801.76,612246.21,0.442118307244208,14.853572251212228,matched,0,,,,,0,2025-04-03,13.168000000000001,6.52,21.64,11.89,0.0,62.65599999999999,0
R00523,35.399892,127.405494,남원 데모도로,남원시,670188.0,287953.6,0.4296609309626552,17.276260308101918,matched,0,,,,,0,2025-10-23,7.258,2.64,12.83,0.0,0.0,54.053999999999995,0
R00522,35.396977,127.409231,남원 데모도로,남원시,670188.0,287953.6,0.4296609309626552,17.276260308101918,matched,0,,,,,0,2025-10-28,4.086,-3.77,11.6,0.0,0.0,54.24400000000001,0
R00273,35.947588,126.879039,익산 데모도로,익산시,1404068.0,1069912.0,0.7620086776423934,10.189728749446369,matched,0,,,,,0,2025-11-22,1.264,-7.15,12.33,0.0,0.0,54.94199999999999,0
R00402,35.984458,126.921808,익산 데모도로,익산시,1404068.0,1069912.0,0.7620086776423934,10.189728749446369,matched,0,,,,,0,2026-04-28,19.369999999999997,11.71,27.45,0.0,0.0,53.717999999999996,1
R00183,35.952733,126.721098,군산 데모도로,군산시,1384801.76,612246.21,0.442118307244208,14.853572251212228,matched,0,,,,,0,2024-09-08,13.678,5.38,21.95,38.57,0.0,58.004,0
R00665,35.574607,126.85097,정읍 데모도로,정읍시,845508.0,326882.92,0.3866112680187532,9.4307279162049,matched,0,,,,,0,2024-10-21,4.38,-2.35,12.85,14.2,0.0,58.664,0
R00488,35.390359,127.389866,남원 데모도로,남원시,670188.0,287953.6,0.4296609309626552,17.276260308101918,matched,0,,,,,0,2025-01-30,2.134,-5.28,10.26,23.24,0.0,62.488,0
R00124,35.839379,127.13237,전주 데모도로,전주시,2081706.65,842.95,0.0004049321742811,7.742488395563824,matched,0,,,,,0,2024-09-14,14.95,8.15,21.07,5.68,0.0,61.738,0
R00626,35.55397,126.856146,정읍 데모도로,정읍시,845508.0,326882.92,0.3866112680187532,9.4307279162049,matched,0,,,,,0,2025-06-25,26.826,19.27,32.93,40.7,0.0,67.55600000000001,1
R00414,35.416024,127.335612,남원 데모도로,남원시,670188.0,287953.6,0.4296609309626552,17.276260308101918,matched,0,,,,,0,2025-05-30,24.482,15.73,33.28,0.0,0.0,58.38199999999999,0
R00172,35.91448,126.685149,군산 데모도로,군산시,1384801.76,612246.21,0.442118307244208,14.853572251212228,matched,0,,,,,0,2026-06-09,24.226,17.51,30.26,12.44,0.0,61.081999999999994,0
R00288,35.947123,126.951077,익산 데모도로,익산시,1404068.0,1069912.0,0.7620086776423934,10.189728749446369,matched,0,,,,,0,2025-05-26,23.064,16.06,30.81,10.87,0.0,62.824,0
R00435,35.414387,127.436407,남원 데모도로,남원시,670188.0,287953.6,0.4296609309626552,17.276260308101918,matched,0,,,,,0,2025-01-29,2.006,-4.05,7.42,2.13,0.0,62.275999999999996,0
R00113,35.80096,127.170589,전주 데모도로,전주시,2081706.65,842.95,0.0004049321742811,7.742488395563824,matched,0,,,,,0,2025-03-30,11.748000000000001,3.03,18.38,10.82,0.0,59.742000000000004,0
R00122,35.833722,127.138737,전주 데모도로,전주시,2081706.65,842.95,0.0004049321742811,7.742488395563824,matched,0,,,,,0,2025-01-11,0.13800000000000007,-9.43,8.59,13.709999999999999,0.0,66.788,0
R00544,35.472757,127.332405,남원 데모도로,남원시,670188.0,287953.6,0.4296609309626552,17.276260308101918,matched,0,,,,,0,2024-09-17,12.78,6.1,20.95,12.51,0.0,62.896,0
R00222,35.970253,126.736466,군산 데모도로,군산시,1384801.76,612246.21,0.442118307244208,14.853572251212228,matched,0,,,,,0,2024-10-02,10.67,3.46,18.41,10.18,0.0,58.174,0
R00631,35.577801,126.855101,정읍 데모도로,정읍시,845508.0,326882.92,0.3866112680187532,9.4307279162049,matched,0,,,,,0,2025-12-02,-0.6280000000000001,-9.71,6.78,3.5,1.08,65.564,0
R00039,35.779927,127.10576,전주 데모도로,전주시,2081706.65,842.95,0.0004049321742811,7.742488395563824,matched,0,,,,,0,2024-09-21,12.836000000000002,5.82,21.91,35.79,0.0,60.872,0
R00497,35.433306,127.392192,남원 데모도로,남원시,670188.0,287953.6,0.4296609309626552,17.276260308101918,matched,0,,,,,0,2026-06-02,21.872,15.91,30.42,5.98,0.0,58.577999999999996,0
R00233,36.02333,126.735904,군산 데모도로,군산시,1384801.76,612246.21,0.442118307244208,14.853572251212228,matched,0,,,,,0,2025-10-19,6.14,-2.75,14.26,16.26,0.0,62.239999999999995,0
R00530,35.425161,127.382425,남원 데모도로,남원시,670188.0,287953.6,0.4296609309626552,17.276260308101918,matched,0,,,,,0,2025-03-27,11.866,2.0,20.07,0.0,0.0,48.218,0
R00149,35.967056,126.713692,군산 데모도로,군산시,1384801.76,612246.21,0.442118307244208,14.853572251212228,matched,0,,,,,0,2026-02-03,2.958,-2.93,8.73,3.97,0.27,59.510000000000005,0
R00397,35.965969,126.938281,익산 데모도로,익산시,1404068.0,1069912.0,0.7620086776423934,10.189728749446369,matched,0,,,,,0,2026-07-11,23.286,13.48,33.74,12.78,0.0,58.79600000000001,0
R00661,35.56196,126.863398,정읍 데모도로,정읍시,845508.0,326882.92,0.3866112680187532,9.4307279162049,matched,0,,,,,0,2025-08-20,18.206,12.45,24.7,24.73,0.0,57.970000000000006,0
R00638,35.611337,126.855431,정읍 데모도로,정읍시,845508.0,326882.92,0.3866112680187532,9.4307279162049,matched,0,,,,,0,2026-02-19,4.4879999999999995,-2.32,13.28,13.16,0.0,57.862,0
R00302,35.947529,127.017443,익산 데모도로,익산시,1404068.0,1069912.0,0.7620086776423934,10.189728749446369,matched,0,,,,,0,2026-03-23,11.144,2.87,17.96,10.43,0.0,62.176,0
R00360,35.960141,126.956274,익산 데모도로,익산시,1404068.0,1069912.0,0.7620086776423934,10.189728749446369,matched,0,,,,,0,2024-12-12,0.162,-5.05,6.16,12.64,0.08,55.322,0
R00238,36.046844,126.737173,군산 데모도로,군산시,1384801.76,612246.21,0.442118307244208,14.853572251212228,matched,0,,,,,0,2025-04-14,18.253999999999998,11.02,25.15,10.04,0.0,57.664,0
R00647,35.514007,126.912451,정읍 데모도로,정읍시,845508.0,326882.92,0.3866112680187532,9.4307279162049,matched,0,,,,,0,2025-07-19,23.782,17.82,28.88,23.759999999999998,0.0,65.376,0
R00663,35.566414,126.857825,정읍 데모도로,정읍시,845508.0,326882.92,0.3866112680187532,9.4307279162049,matched,0,,,,,0,2025-11-02,3.3579999999999997,-4.35,10.67,16.13,0.0,62.88199999999999,0
R00236,36.038076,126.735261,군산 데모도로,군산시,1384801.76,612246.21,0.442118307244208,14.853572251212228,matched,0,,,,,0,2025-01-13,-0.296,-9.06,5.59,0.0,1.87,58.653999999999996,0
R00203,36.020964,126.790234,군산 데모도로,군산시,1384801.76,612246.21,0.442118307244208,14.853572251212228,matched,0,,,,,0,2024-08-27,19.586,9.42,29.43,7.68,0.0,52.315999999999995,0
R00256,35.970267,126.735865,군산 데모도로,군산시,1384801.76,612246.21,0.442118307244208,14.853572251212228,matched,0,,,,,0,2025-06-02,23.804,14.69,32.5,13.92,0.0,64.954,0
R00598,35.578568,126.864039,정읍 데모도로,정읍시,845508.0,326882.92,0.3866112680187532,9.4307279162049,matched,0,,,,,0,2025-09-10,14.904,9.01,23.0,11.27,0.0,62.14,0
R00662,35.563211,126.861169,정읍 데모도로,정읍시,845508.0,326882.92,0.3866112680187532,9.4307279162049,matched,0,,,,,0,2024-10-07,9.376,3.15,14.21,2.43,0.0,58.074,0
R00235,36.033441,126.73549,군산 데모도로,군산시,1384801.76,612246.21,0.442118307244208,14.853572251212228,matched,1,F0015,2025-12-07,임시보수,62.68638319725091,1,2026-01-17,-0.23399999999999999,-5.18,6.24,3.43,0.0,63.36999999999999,0
R00345,35.888643,126.958921,익산 데모도로,익산시,1404068.0,1069912.0,0.7620086776423934,10.189728749446369,matched,0,,,,,0,2026-05-18,20.494,12.82,28.53,0.0,0.0,54.084,0
R00534,35.438364,127.367754,남원 데모도로,남원시,670188.0,287953.6,0.4296609309626552,17.276260308101918,matched,1,F0031,2024-01-15,상온아스콘,16.74323945473795,1,2026-03-28,14.2,6.29,21.3,6.78,0.0,57.666,0
R00466,35.439744,127.41398,남원 데모도로,남원시,670188.0,287953.6,0.4296609309626552,17.276260308101918,matched,0,,,,,0,2026-06-26,26.6,19.76,33.57,0.0,0.0,63.076,0
R00541,35.461847,127.343834,남원 데모도로,남원시,670188.0,287953.6,0.4296609309626552,17.276260308101918,matched,0,,,,,0,2025-05-23,22.682,16.9,29.02,5.35,0.0,58.815999999999995,0
R00213,35.926701,126.737487,군산 데모도로,군산시,1384801.76,612246.21,0.442118307244208,14.853572251212228,matched,0,,,,,0,2025-06-14,25.184,17.46,32.24,3.45,0.0,56.339999999999996,0
R00463,35.428076,127.402758,남원 데모도로,남원시,670188.0,287953.6,0.4296609309626552,17.276260308101918,matched,0,,,,,0,2026-03-30,12.0,5.37,18.09,1.83,0.0,50.19,0
R00436,35.415645,127.440729,남원 데모도로,남원시,670188.0,287953.6,0.4296609309626552,17.276260308101918,matched,0,,,,,0,2026-05-29,24.68,18.18,34.2,8.52,0.0,61.166,0
R00283,35.947534,126.925525,익산 데모도로,익산시,1404068.0,1069912.0,0.7620086776423934,10.189728749446369,matched,0,,,,,0,2026-04-28,19.369999999999997,11.71,27.45,0.0,0.0,53.717999999999996,0
R00562,35.569879,126.8594,정읍 데모도로,정읍시,845508.0,326882.92,0.3866112680187532,9.4307279162049,matched,0,,,,,0,2026-04-17,17.096,10.45,22.65,0.0,0.0,63.79600000000001,0
R00607,35.609827,126.896187,정읍 데모도로,정읍시,845508.0,326882.92,0.3866112680187532,9.4307279162049,matched,0,,,,,0,2024-12-31,-0.6799999999999999,-6.76,3.6,25.31,2.02,55.970000000000006,0
R00463,35.428076,127.402758,남원 데모도로,남원시,670188.0,287953.6,0.4296609309626552,17.276260308101918,matched,0,,,,,0,2026-03-21,8.442,0.05,15.13,0.0,0.0,69.096,0
R00407,36.00134,126.904199,익산 데모도로,익산시,1404068.0,1069912.0,0.7620086776423934,10.189728749446369,matched,0,,,,,0,2025-01-12,0.4299999999999999,-7.18,6.53,7.06,2.18,65.738,0
R00088,35.835885,127.1478,전주 데모도로,전주시,2081706.65,842.95,0.0004049321742811,7.742488395563824,matched,0,,,,,0,2025-12-21,-1.018,-7.61,4.98,15.18,2.32,59.025999999999996,0
R00044,35.800347,127.121283,전주 데모도로,전주시,2081706.65,842.95,0.0004049321742811,7.742488395563824,matched,0,,,,,0,2025-12-09,-0.002000000000000046,-7.78,8.04,0.0,1.48,62.653999999999996,0
R00461,35.422041,127.396406,남원 데모도로,남원시,670188.0,287953.6,0.4296609309626552,17.276260308101918,matched,0,,,,,0,2025-01-24,1.03,-6.65,10.85,0.0,2.19,57.056,0
R00278,35.949426,126.9025,익산 데모도로,익산시,1404068.0,1069912.0,0.7620086776423934,10.189728749446369,matched,0,,,,,0,2025-09-06,15.968,4.45,22.74,9.15,0.0,59.016,0
R00421,35.416639,127.368696,남원 데모도로,남원시,670188.0,287953.6,0.4296609309626552,17.276260308101918,matched,0,,,,,0,2025-01-28,-0.030000000000000006,-7.47,7.4,0.0,0.0,57.63000000000001,0
R00353,35.925207,126.957762,익산 데모도로,익산시,1404068.0,1069912.0,0.7620086776423934,10.189728749446369,matched,0,,,,,0,2025-11-02,3.3579999999999997,-4.35,10.67,16.13,0.0,62.88199999999999,1
R00515,35.373056,127.432984,남원 데모도로,남원시,670188.0,287953.6,0.4296609309626552,17.276260308101918,matched,0,,,,,0,2025-02-23,7.364,1.04,14.52,3.63,0.0,65.286,0
R00630,35.572288,126.854885,정읍 데모도로,정읍시,845508.0,326882.92,0.3866112680187532,9.4307279162049,matched,0,,,,,0,2025-10-07,9.594,1.46,16.79,0.0,0.0,57.955999999999996,0
R00019,35.823855,127.156045,전주 데모도로,전주시,2081706.65,842.95,0.0004049321742811,7.742488395563824,matched,0,,,,,0,2025-07-23,23.36,16.25,30.22,10.51,0.0,57.06,0
R00023,35.823867,127.174381,전주 데모도로,전주시,2081706.65,842.95,0.0004049321742811,7.742488395563824,matched,0,,,,,0,2026-04-17,17.096,10.45,22.65,0.0,0.0,63.79600000000001,0
R00413,35.415453,127.328731,남원 데모도로,남원시,670188.0,287953.6,0.4296609309626552,17.276260308101918,matched,0,,,,,0,2025-02-15,3.076,-4.06,10.45,12.31,0.06,62.215999999999994,0
R00030,35.824298,127.208096,전주 데모도로,전주시,2081706.65,842.95,0.0004049321742811,7.742488395563824,matched,0,,,,,0,2025-06-02,23.804,14.69,32.5,13.92,0.0,64.954,0
R00108,35.785035,127.186453,전주 데모도로,전주시,2081706.65,842.95,0.0004049321742811,7.742488395563824,matched,0,,,,,0,2025-02-21,5.965999999999999,0.4,12.56,5.6899999999999995,0.0,54.632000000000005,0
R00367,35.994823,126.95808,익산 데모도로,익산시,1404068.0,1069912.0,0.7620086776423934,10.189728749446369,matched,0,,,,,0,2025-01-03,-0.11799999999999997,-9.99,7.38,13.25,7.52,60.803999999999995,0
R00281,35.948433,126.915978,익산 데모도로,익산시,1404068.0,1069912.0,0.7620086776423934,10.189728749446369,matched,0,,,,,0,2024-12-26,-1.1099999999999999,-10.13,7.74,37.480000000000004,1.34,57.024,1
R00128,35.853217,127.119876,전주 데모도로,전주시,2081706.65,842.95,0.0004049321742811,7.742488395563824,matched,0,,,,,0,2025-02-28,8.203999999999999,0.94,14.75,39.31,0.0,56.872,0
R00229,36.004741,126.735496,군산 데모도로,군산시,1384801.76,612246.21,0.442118307244208,14.853572251212228,matched,0,,,,,0,2025-06-30,27.082,20.42,36.65,13.67,0.0,57.81600000000001,0
R00111,35.795652,127.178417,전주 데모도로,전주시,2081706.65,842.95,0.0004049321742811,7.742488395563824,matched,0,,,,,0,2025-01-09,-1.1960000000000002,-8.05,8.12,21.32,0.05,64.042,0
R00136,35.881617,127.092076,전주 데모도로,전주시,2081706.65,842.95,0.0004049321742811,7.742488395563824,matched,1,F0074,2025-03-12,상온아스콘,41.68219006603318,2,2024-09-03,17.15,10.73,23.74,0.0,0.0,57.71,0
R00362,35.970358,126.957834,익산 데모도로,익산시,1404068.0,1069912.0,0.7620086776423934,10.189728749446369,matched,0,,,,,0,2025-06-16,26.226,20.4,35.22,16.71,0.0,61.164,0
R00186,35.96196,126.730818,군산 데모도로,군산시,1384801.76,612246.21,0.442118307244208,14.853572251212228,matched,0,,,,,0,2025-10-15,8.202,1.29,14.58,0.0,0.0,55.806,0
R00656,35.544692,126.882072,정읍 데모도로,정읍시,845508.0,326882.92,0.3866112680187532,9.4307279162049,matched,0,,,,,0,2025-04-20,15.736,8.78,24.26,7.36,0.0,63.402,0
R00584,35.53106,126.815246,정읍 데모도로,정읍시,845508.0,326882.92,0.3866112680187532,9.4307279162049,matched,0,,,,,0,2024-12-03,-0.7879999999999999,-6.64,4.7,0.0,0.0,58.946000000000005,0
R00129,35.855777,127.114311,전주 데모도로,전주시,2081706.65,842.95,0.0004049321742811,7.742488395563824,matched,0,,,,,0,2024-11-14,1.3800000000000001,-5.5,10.15,5.47,0.0,60.16600000000001,0
R00261,35.988141,126.717713,군산 데모도로,군산시,1384801.76,612246.21,0.442118307244208,14.853572251212228,matched,1,F0010,2025-01-17,임시보수,89.25965130574198,2,2024-12-25,-0.20199999999999996,-6.3,5.51,0.0,0.0,65.62,0
R00515,35.373056,127.432984,남원 데모도로,남원시,670188.0,287953.6,0.4296609309626552,17.276260308101918,matched,0,,,,,0,2025-07-25,25.228,18.08,32.83,6.69,0.0,65.046,0
R00449,35.380762,127.354279,남원 데모도로,남원시,670188.0,287953.6,0.4296609309626552,17.276260308101918,matched,0,,,,,0,2024-08-22,20.830000000000002,13.2,30.72,45.82,0.0,66.944,0
R00104,35.770905,127.201572,전주 데모도로,전주시,2081706.65,842.95,0.0004049321742811,7.742488395563824,matched,0,,,,,0,2025-07-11,24.978,18.8,31.75,4.49,0.0,57.024,0
R00483,35.365376,127.390555,남원 데모도로,남원시,670188.0,287953.6,0.4296609309626552,17.276260308101918,matched,1,F0049,2024-07-06,상온아스콘,43.10099463333667,1,2025-10-02,10.556000000000001,4.14,17.94,0.0,0.0,52.4,0
R00224,35.980116,126.737311,군산 데모도로,군산시,1384801.76,612246.21,0.442118307244208,14.853572251212228,matched,1,F0062,2024-05-21,상온아스콘,46.28867242259897,2,2025-06-20,24.674,15.83,33.62,11.78,0.0,62.92,0
R00491,35.403664,127.390188,남원 데모도로,남원시,670188.0,287953.6,0.4296609309626552,17.276260308101918,matched,0,,,,,0,2026-04-17,17.096,10.45,22.65,0.0,0.0,63.79600000000001,0
R00473,35.463984,127.436665,남원 데모도로,남원시,670188.0,287953.6,0.4296609309626552,17.276260308101918,matched,0,,,,,0,2026-08-09,20.036,14.89,24.7,11.07,0.0,63.336,0
R00010,35.823175,127.11063,전주 데모도로,전주시,2081706.65,842.95,0.0004049321742811,7.742488395563824,matched,0,,,,,0,2025-03-31,11.943999999999999,4.57,18.99,20.41,0.0,58.946000000000005,0
R00405,35.993619,126.911571,익산 데모도로,익산시,1404068.0,1069912.0,0.7620086776423934,10.189728749446369,matched,0,,,,,0,2025-08-01,22.436,16.65,28.49,2.4,0.0,61.91799999999999,0
R00302,35.947529,127.017443,익산 데모도로,익산시,1404068.0,1069912.0,0.7620086776423934,10.189728749446369,matched,0,,,,,0,2025-07-05,25.064,18.12,34.15,52.339999999999996,0.0,62.153999999999996,1
R00231,36.01351,126.737731,군산 데모도로,군산시,1384801.76,612246.21,0.442118307244208,14.853572251212228,matched,0,,,,,0,2026-02-28,5.406000000000001,0.67,13.29,0.0,0.0,62.43399999999999,0
R00066,35.874179,127.197996,전주 데모도로,전주시,2081706.65,842.95,0.0004049321742811,7.742488395563824,matched,0,,,,,0,2025-02-15,3.076,-4.06,10.45,12.31,0.06,62.215999999999994,0
R00112,35.800445,127.174046,전주 데모도로,전주시,2081706.65,842.95,0.0004049321742811,7.742488395563824,matched,0,,,,,0,2026-04-28,19.369999999999997,11.71,27.45,0.0,0.0,53.717999999999996,0
R00013,35.823537,127.12596,전주 데모도로,전주시,2081706.65,842.95,0.0004049321742811,7.742488395563824,matched,0,,,,,0,2026-07-30,25.574,18.86,32.58,13.530000000000001,0.0,53.784000000000006,0
R00393,35.953645,126.953148,익산 데모도로,익산시,1404068.0,1069912.0,0.7620086776423934,10.189728749446369,matched,0,,,,,0,2025-09-08,16.094,6.56,23.98,6.56,0.0,61.438,1
R00500,35.446799,127.389979,남원 데모도로,남원시,670188.0,287953.6,0.4296609309626552,17.276260308101918,matched,0,,,,,0,2026-04-28,19.369999999999997,11.71,27.45,0.0,0.0,53.717999999999996,0
R00598,35.578568,126.864039,정읍 데모도로,정읍시,845508.0,326882.92,0.3866112680187532,9.4307279162049,matched,0,,,,,0,2024-12-04,-0.504,-7.33,7.83,9.43,0.0,59.986000000000004,0
R00234,36.028437,126.737377,군산 데모도로,군산시,1384801.76,612246.21,0.442118307244208,14.853572251212228,matched,0,,,,,0,2026-01-31,-0.5359999999999999,-8.38,6.04,39.01,4.63,69.85799999999999,0
R00602,35.591617,126.876758,정읍 데모도로,정읍시,845508.0,326882.92,0.3866112680187532,9.4307279162049,matched,0,,,,,0,2025-10-02,10.556000000000001,4.14,17.94,0.0,0.0,52.4,0
R00314,35.914794,126.925322,익산 데모도로,익산시,1404068.0,1069912.0,0.7620086776423934,10.189728749446369,matched,0,,,,,0,2025-06-10,23.113999999999997,15.64,30.37,24.5,0.0,60.81600000000001,1
R00566,35.569344,126.877455,정읍 데모도로,정읍시,845508.0,326882.92,0.3866112680187532,9.4307279162049,matched,0,,,,,0,2025-02-05,1.8780000000000001,-4.52,7.7,4.16,0.7,61.358000000000004,0
R00012,35.824178,127.120984,전주 데모도로,전주시,2081706.65,842.95,0.0004049321742811,7.742488395563824,matched,0,,,,,0,2025-07-15,24.982,14.27,34.49,5.99,0.0,71.56800000000001,0
R00209,35.906807,126.736432,군산 데모도로,군산시,1384801.76,612246.21,0.442118307244208,14.853572251212228,matched,1,F0075,2025-03-13,임시보수,74.26482719326758,1,2025-12-24,-3.214,-11.79,5.82,22.41,0.0,56.996,0
R00014,35.823624,127.130986,전주 데모도로,전주시,2081706.65,842.95,0.0004049321742811,7.742488395563824,matched,0,,,,,0,2025-03-01,6.63,-3.82,17.17,0.0,0.0,55.246,0
R00633,35.586071,126.855575,정읍 데모도로,정읍시,845508.0,326882.92,0.3866112680187532,9.4307279162049,matched,0,,,,,0,2024-08-30,17.608,10.33,23.51,7.75,0.0,64.22,0
R00418,35.417109,127.353301,남원 데모도로,남원시,670188.0,287953.6,0.4296609309626552,17.276260308101918,matched,1,F0013,2025-03-31,임시보수,37.24219377630799,2,2025-03-01,6.63,-3.82,17.17,0.0,0.0,55.246,0
R00437,35.417432,127.445895,남원 데모도로,남원시,670188.0,287953.6,0.4296609309626552,17.276260308101918,matched,0,,,,,0,2025-12-21,-1.018,-7.61,4.98,15.18,2.32,59.025999999999996,0
R00377,35.897537,127.008534,익산 데모도로,익산시,1404068.0,1069912.0,0.7620086776423934,10.189728749446369,matched,0,,,,,0,2025-02-16,3.964,-6.09,11.98,25.65,0.0,60.51800000000001,1
R00020,35.824556,127.161415,전주 데모도로,전주시,2081706.65,842.95,0.0004049321742811,7.742488395563824,matched,0,,,,,0,2026-06-05,23.374000000000002,16.05,30.8,5.659999999999999,0.0,69.11,0
R00587,35.54115,126.827787,정읍 데모도로,정읍시,845508.0,326882.92,0.3866112680187532,9.4307279162049,matched,0,,,,,0,2025-06-30,27.082,20.42,36.65,13.67,0.0,57.81600000000001,0
R00070,35.748865,127.147329,전주 데모도로,전주시,2081706.65,842.95,0.0004049321742811,7.742488395563824,matched,0,,,,,0,2026-07-13,24.282,16.56,32.17,8.92,0.0,53.57000000000001,0
R00211,35.915869,126.737413,군산 데모도로,군산시,1384801.76,612246.21,0.442118307244208,14.853572251212228,matched,1,F0039,2025-07-01,덧씌우기,38.43476087695338,1,2024-09-17,12.78,6.1,20.95,12.51,0.0,62.896,0
R00101,35.89925,127.147573,전주 데모도로,전주시,2081706.65,842.95,0.0004049321742811,7.742488395563824,matched,0,,,,,0,2026-04-06,14.6,6.77,21.98,0.0,0.0,51.446000000000005,0
R00132,35.865877,127.105213,전주 데모도로,전주시,2081706.65,842.95,0.0004049321742811,7.742488395563824,matched,0,,,,,0,2026-06-27,25.292,18.55,31.57,11.09,0.0,56.998000000000005,0
R00623,35.53753,126.854753,정읍 데모도로,정읍시,845508.0,326882.92,0.3866112680187532,9.4307279162049,matched,0,,,,,0,2024-11-22,1.374,-6.14,10.6,0.65,0.0,58.25599999999999,0
R00381,35.912711,126.993868,익산 데모도로,익산시,1404068.0,1069912.0,0.7620086776423934,10.189728749446369,matched,0,,,,,0,2025-09-03,17.662,9.59,24.5,0.0,0.0,60.348,1
R00132,35.865877,127.105213,전주 데모도로,전주시,2081706.65,842.95,0.0004049321742811,7.742488395563824,matched,0,,,,,0,2025-11-05,5.486,-2.03,13.46,2.37,0.0,58.996,0
R00020,35.824556,127.161415,전주 데모도로,전주시,2081706.65,842.95,0.0004049321742811,7.742488395563824,matched,0,,,,,0,2025-06-12,23.8,13.89,31.5,19.729999999999997,0.0,64.326,0
R00536,35.445062,127.361347,남원 데모도로,남원시,670188.0,287953.6,0.4296609309626552,17.276260308101918,matched,0,,,,,0,2025-08-14,21.18,13.54,28.62,43.94,0.0,65.774,0
R00227,35.994827,126.737227,군산 데모도로,군산시,1384801.76,612246.21,0.442118307244208,14.853572251212228,matched,0,,,,,0,2025-08-27,18.006,11.33,25.69,13.780000000000001,0.0,58.51800000000001,0
R00154,35.967652,126.739072,군산 데모도로,군산시,1384801.76,612246.21,0.442118307244208,14.853572251212228,matched,1,F0011,2024-03-26,임시보수,284.1412180574434,1,2026-02-23,6.026,-1.24,12.04,0.0,0.0,59.95,0
R00469,35.449458,127.423413,남원 데모도로,남원시,670188.0,287953.6,0.4296609309626552,17.276260308101918,matched,0,,,,,0,2025-06-17,23.088,16.51,30.12,22.35,0.0,63.477999999999994,0
R00405,35.993619,126.911571,익산 데모도로,익산시,1404068.0,1069912.0,0.7620086776423934,10.189728749446369,matched,0,,,,,0,2025-10-13,7.648000000000001,1.02,14.41,2.56,0.0,60.775999999999996,1
R00202,36.018706,126.78486,군산 데모도로,군산시,1384801.76,612246.21,0.442118307244208,14.853572251212228,matched,0,,,,,0,2025-04-21,17.05,8.27,23.78,0.0,0.0,60.826,0
R00038,35.778085,127.100754,전주 데모도로,전주시,2081706.65,842.95,0.0004049321742811,7.742488395563824,matched,0,,,,,0,2026-08-08,20.162,13.62,28.4,12.51,0.0,54.56,0
R00188,35.969049,126.738483,군산 데모도로,군산시,1384801.76,612246.21,0.442118307244208,14.853572251212228,matched,0,,,,,0,2025-04-12,17.21,9.34,25.73,0.0,0.0,58.996,0
R00057,35.842324,127.166713,전주 데모도로,전주시,2081706.65,842.95,0.0004049321742811,7.742488395563824,matched,0,,,,,0,2026-02-03,2.958,-2.93,8.73,3.97,0.27,59.510000000000005,0
R00020,35.824556,127.161415,전주 데모도로,전주시,2081706.65,842.95,0.0004049321742811,7.742488395563824,matched,0,,,,,0,2025-02-19,4.736,-1.42,10.85,17.86,0.67,55.366,0
R00273,35.947588,126.879039,익산 데모도로,익산시,1404068.0,1069912.0,0.7620086776423934,10.189728749446369,matched,0,,,,,0,2025-11-29,-0.7599999999999999,-9.79,6.9,10.540000000000001,0.0,63.220000000000006,0
R00119,35.822136,127.149945,전주 데모도로,전주시,2081706.65,842.95,0.0004049321742811,7.742488395563824,matched,1,F0016,2025-06-20,상온아스콘,107.16910328454772,2,2025-08-16,19.875999999999998,12.01,31.79,8.19,0.0,61.42999999999999,0
R00583,35.526796,126.813006,정읍 데모도로,정읍시,845508.0,326882.92,0.3866112680187532,9.4307279162049,matched,0,,,,,0,2025-05-28,24.142000000000003,17.72,35.86,25.45,0.0,66.91799999999999,0
R00516,35.37662,127.430309,남원 데모도로,남원시,670188.0,287953.6,0.4296609309626552,17.276260308101918,matched,0,,,,,0,2026-02-22,4.523999999999999,-1.51,11.1,9.78,0.0,48.736000000000004,0
R00221,35.96474,126.737245,군산 데모도로,군산시,1384801.76,612246.21,0.442118307244208,14.853572251212228,matched,1,F0011,2024-03-26,임시보수,117.57902927230556,1,2025-07-20,23.842000000000002,15.3,30.98,14.88,0.0,66.90799999999999,0
R00526,35.412661,127.395166,남원 데모도로,남원시,670188.0,287953.6,0.4296609309626552,17.276260308101918,matched,0,,,,,0,2025-01-27,0.614,-5.7,8.1,0.0,0.0,65.652,0
R00515,35.373056,127.432984,남원 데모도로,남원시,670188.0,287953.6,0.4296609309626552,17.276260308101918,matched,0,,,,,0,2025-01-25,0.04800000000000004,-8.04,10.06,7.91,2.54,65.724,0
R00336,35.990952,127.00024,익산 데모도로,익산시,1404068.0,1069912.0,0.7620086776423934,10.189728749446369,matched,0,,,,,0,2025-12-05,-0.542,-8.4,8.16,8.95,0.0,57.914,1
R00055,35.836059,127.160836,전주 데모도로,전주시,2081706.65,842.95,0.0004049321742811,7.742488395563824,matched,1,F0027,2026-01-01,임시보수,52.53360985818903,1,2026-04-11,15.13,6.78,21.6,0.0,0.0,67.2,0
R00500,35.446799,127.389979,남원 데모도로,남원시,670188.0,287953.6,0.4296609309626552,17.276260308101918,matched,0,,,,,0,2025-07-06,25.582,18.6,30.96,4.71,0.0,54.678,0
R00536,35.445062,127.361347,남원 데모도로,남원시,670188.0,287953.6,0.4296609309626552,17.276260308101918,matched,0,,,,,0,2024-08-30,17.608,10.33,23.51,7.75,0.0,64.22,0
R00162,35.96729,126.778488,군산 데모도로,군산시,1384801.76,612246.21,0.442118307244208,14.853572251212228,matched,0,,,,,0,2025-10-16,8.384,2.15,15.28,0.0,0.0,61.529999999999994,0
R00670,35.591932,126.833874,정읍 데모도로,정읍시,845508.0,326882.92,0.3866112680187532,9.4307279162049,matched,0,,,,,0,2024-10-30,5.9159999999999995,-2.85,15.7,12.5,0.0,65.576,0
R00594,35.563548,126.851691,정읍 데모도로,정읍시,845508.0,326882.92,0.3866112680187532,9.4307279162049,matched,0,,,,,0,2026-03-29,12.440000000000001,6.45,18.58,43.76,0.0,63.848,0
R00159,35.967974,126.763289,군산 데모도로,군산시,1384801.76,612246.21,0.442118307244208,14.853572251212228,matched,0,,,,,0,2025-03-07,6.906000000000001,-0.44,14.27,0.0,0.0,62.662,0
R00188,35.969049,126.738483,군산 데모도로,군산시,1384801.76,612246.21,0.442118307244208,14.853572251212228,matched,0,,,,,0,2026-01-22,0.692,-4.87,6.35,6.2,0.73,53.239999999999995,0
R00060,35.85261,127.176597,전주 데모도로,전주시,2081706.65,842.95,0.0004049321742811,7.742488395563824,matched,0,,,,,0,2026-01-05,-2.63,-9.58,3.28,0.0,0.62,48.93,0
R00319,35.932404,126.941022,익산 데모도로,익산시,1404068.0,1069912.0,0.7620086776423934,10.189728749446369,matched,1,F0072,2025-06-12,임시보수,23.032660345809123,1,2026-07-07,25.698,19.37,32.81,0.0,0.0,69.218,0
R00211,35.915869,126.737413,군산 데모도로,군산시,1384801.76,612246.21,0.442118307244208,14.853572251212228,matched,1,F0039,2025-07-01,덧씌우기,38.43476087695338,1,2024-09-26,11.996,3.92,20.05,32.959999999999994,0.0,63.278,0
R00406,35.997527,126.907476,익산 데모도로,익산시,1404068.0,1069912.0,0.7620086776423934,10.189728749446369,matched,1,F0012,2024-01-19,임시보수,16.87355486376633,1,2024-10-17,7.176,0.59,13.36,1.92,0.0,54.888,0
R00664,35.572029,126.855151,정읍 데모도로,정읍시,845508.0,326882.92,0.3866112680187532,9.4307279162049,matched,0,,,,,0,2026-03-19,8.831999999999999,2.15,17.66,19.86,0.0,60.124,0
R00109,35.788213,127.185125,전주 데모도로,전주시,2081706.65,842.95,0.0004049321742811,7.742488395563824,matched,0,,,,,0,2025-07-05,25.064,18.12,34.15,52.339999999999996,0.0,62.153999999999996,0
R00076,35.778204,127.148321,전주 데모도로,전주시,2081706.65,842.95,0.0004049321742811,7.742488395563824,matched,0,,,,,0,2025-10-27,5.132,-2.19,13.42,0.0,0.0,61.86800000000001,0
R00542,35.465325,127.341219,남원 데모도로,남원시,670188.0,287953.6,0.4296609309626552,17.276260308101918,matched,0,,,,,0,2026-05-16,22.887999999999998,17.09,30.18,25.52,0.0,63.827999999999996,0
R00314,35.914794,126.925322,익산 데모도로,익산시,1404068.0,1069912.0,0.7620086776423934,10.189728749446369,matched,0,,,,,0,2026-06-25,24.668,18.55,32.29,2.25,0.0,60.39,0
R00117,35.814964,127.156567,전주 데모도로,전주시,2081706.65,842.95,0.0004049321742811,7.742488395563824,matched,0,,,,,0,2025-09-30,12.102,3.11,22.03,11.96,0.0,55.104,0
R00019,35.823855,127.156045,전주 데모도로,전주시,2081706.65,842.95,0.0004049321742811,7.742488395563824,matched,0,,,,,0,2025-09-08,16.094,6.56,23.98,6.56,0.0,61.438,0
R00432,35.416519,127.421833,남원 데모도로,남원시,670188.0,287953.6,0.4296609309626552,17.276260308101918,matched,0,,,,,0,2026-06-20,26.538,20.34,33.39,4.55,0.0,58.988,0
R00350,35.911942,126.958567,익산 데모도로,익산시,1404068.0,1069912.0,0.7620086776423934,10.189728749446369,matched,0,,,,,0,2026-03-10,7.481999999999999,-0.2,14.12,0.0,0.0,59.71,0
R00183,35.952733,126.721098,군산 데모도로,군산시,1384801.76,612246.21,0.442118307244208,14.853572251212228,matched,0,,,,,0,2024-11-04,5.71,-1.34,12.3,0.0,0.0,63.2,0
R00113,35.80096,127.170589,전주 데모도로,전주시,2081706.65,842.95,0.0004049321742811,7.742488395563824,matched,0,,,,,0,2025-02-28,8.203999999999999,0.94,14.75,39.31,0.0,56.872,0
R00183,35.952733,126.721098,군산 데모도로,군산시,1384801.76,612246.21,0.442118307244208,14.853572251212228,matched,0,,,,,0,2025-05-30,24.482,15.73,33.28,0.0,0.0,58.38199999999999,0
R00481,35.357294,127.39005,남원 데모도로,남원시,670188.0,287953.6,0.4296609309626552,17.276260308101918,matched,1,F0038,2024-12-02,상온아스콘,21.613938761646885,1,2026-01-27,0.7200000000000001,-6.45,8.58,0.0,1.15,64.236,0
R00146,35.968127,126.700955,군산 데모도로,군산시,1384801.76,612246.21,0.442118307244208,14.853572251212228,matched,0,,,,,0,2026-01-24,-0.19199999999999995,-8.98,7.5,13.41,1.35,53.012,0
R00628,35.563004,126.856612,정읍 데모도로,정읍시,845508.0,326882.92,0.3866112680187532,9.4307279162049,matched,0,,,,,0,2026-04-23,17.972,12.55,23.13,2.31,0.0,64.53,0
R00113,35.80096,127.170589,전주 데모도로,전주시,2081706.65,842.95,0.0004049321742811,7.742488395563824,matched,0,,,,,0,2025-01-21,1.6039999999999999,-5.23,11.77,0.0,0.32,57.94,0
R00476,35.473934,127.448117,남원 데모도로,남원시,670188.0,287953.6,0.4296609309626552,17.276260308101918,matched,0,,,,,0,2025-07-24,22.612000000000002,15.38,29.4,0.0,0.0,54.774,0
R00303,35.948759,127.023477,익산 데모도로,익산시,1404068.0,1069912.0,0.7620086776423934,10.189728749446369,matched,0,,,,,0,2024-12-21,-1.376,-7.93,4.12,11.26,6.4399999999999995,62.936,0
R00118,35.818803,127.152232,전주 데모도로,전주시,2081706.65,842.95,0.0004049321742811,7.742488395563824,matched,0,,,,,0,2025-05-25,22.688,15.47,31.57,12.11,0.0,62.686,0
R00161,35.966337,126.774117,군산 데모도로,군산시,1384801.76,612246.21,0.442118307244208,14.853572251212228,matched,0,,,,,0,2026-05-02,20.786,14.57,27.23,14.36,0.0,54.462,0
R00401,35.98252,126.925258,익산 데모도로,익산시,1404068.0,1069912.0,0.7620086776423934,10.189728749446369,matched,0,,,,,0,2026-06-07,23.933999999999997,17.64,30.17,33.68,0.0,62.214,1
R00198,36.004298,126.772459,군산 데모도로,군산시,1384801.76,612246.21,0.442118307244208,14.853572251212228,matched,0,,,,,0,2026-08-16,22.456,15.56,29.56,18.47,0.0,62.512,0
R00260,35.98186,126.721273,군산 데모도로,군산시,1384801.76,612246.21,0.442118307244208,14.853572251212228,matched,0,,,,,0,2026-06-23,25.330000000000002,17.92,34.2,11.26,0.0,60.04600000000001,0
R00660,35.557868,126.868173,정읍 데모도로,정읍시,845508.0,326882.92,0.3866112680187532,9.4307279162049,matched,1,F0078,2024-04-02,상온아스콘,104.19575292623712,1,2024-12-24,-2.692,-11.93,2.43,3.27,0.39,60.136,0
R00047,35.809363,127.132389,전주 데모도로,전주시,2081706.65,842.95,0.0004049321742811,7.742488395563824,matched,0,,,,,0,2025-06-28,24.554,19.32,31.53,26.47,0.0,61.314,0
R00399,35.975401,126.933347,익산 데모도로,익산시,1404068.0,1069912.0,0.7620086776423934,10.189728749446369,matched,0,,,,,0,2025-07-16,22.926,15.97,30.52,44.76,0.0,67.75399999999999,1
R00559,35.568964,126.84381,정읍 데모도로,정읍시,845508.0,326882.92,0.3866112680187532,9.4307279162049,matched,1,F0021,2024-02-23,덧씌우기,46.37641616568677,1,2025-01-15,-0.5820000000000002,-8.3,8.24,10.29,3.46,58.34400000000001,0
R00078,35.788345,127.14824,전주 데모도로,전주시,2081706.65,842.95,0.0004049321742811,7.742488395563824,matched,0,,,,,0,2025-11-15,1.0,-7.74,9.14,10.95,0.0,58.092,0
R00124,35.839379,127.13237,전주 데모도로,전주시,2081706.65,842.95,0.0004049321742811,7.742488395563824,matched,0,,,,,0,2024-09-23,10.786,4.25,21.06,4.41,0.0,57.24400000000001,0
R00075,35.773982,127.148347,전주 데모도로,전주시,2081706.65,842.95,0.0004049321742811,7.742488395563824,matched,0,,,,,0,2026-07-04,25.018,18.6,30.48,0.0,0.0,62.176,0
R00137,35.967595,126.656464,군산 데모도로,군산시,1384801.76,612246.21,0.442118307244208,14.853572251212228,matched,0,,,,,0,2025-10-12,7.909999999999999,2.77,15.27,0.0,0.0,59.138,0
R00602,35.591617,126.876758,정읍 데모도로,정읍시,845508.0,326882.92,0.3866112680187532,9.4307279162049,matched,0,,,,,0,2024-09-09,15.232,8.75,24.25,0.0,0.0,62.06,0
R00400,35.979538,126.929792,익산 데모도로,익산시,1404068.0,1069912.0,0.7620086776423934,10.189728749446369,matched,0,,,,,0,2025-03-12,8.458,-0.23,15.93,0.0,0.0,47.730000000000004,0
R00505,35.472318,127.390957,남원 데모도로,남원시,670188.0,287953.6,0.4296609309626552,17.276260308101918,matched,0,,,,,0,2026-05-19,21.038,15.25,28.73,0.0,0.0,53.34400000000001,0
R00500,35.446799,127.389979,남원 데모도로,남원시,670188.0,287953.6,0.4296609309626552,17.276260308101918,matched,0,,,,,0,2025-08-09,20.622,15.49,26.49,8.69,0.0,61.19199999999999,0
R00573,35.570077,126.911682,정읍 데모도로,정읍시,845508.0,326882.92,0.3866112680187532,9.4307279162049,matched,0,,,,,0,2025-11-01,4.340000000000001,-2.68,11.09,12.0,0.0,58.688,0
R00138,35.967492,126.661925,군산 데모도로,군산시,1384801.76,612246.21,0.442118307244208,14.853572251212228,matched,0,,,,,0,2024-11-22,1.374,-6.14,10.6,0.65,0.0,58.25599999999999,0
R00050,35.819254,127.143162,전주 데모도로,전주시,2081706.65,842.95,0.0004049321742811,7.742488395563824,matched,0,,,,,0,2025-01-29,2.006,-4.05,7.42,2.13,0.0,62.275999999999996,0
R00619,35.520201,126.855662,정읍 데모도로,정읍시,845508.0,326882.92,0.3866112680187532,9.4307279162049,matched,1,F0040,2025-12-01,상온아스콘,120.17049008308062,2,2025-01-13,-0.296,-9.06,5.59,0.0,1.87,58.653999999999996,0
R00625,35.547901,126.856598,정읍 데모도로,정읍시,845508.0,326882.92,0.3866112680187532,9.4307279162049,matched,0,,,,,0,2026-01-30,1.572,-6.43,8.76,0.0,0.07,61.757999999999996,0
R00254,35.963515,126.742837,군산 데모도로,군산시,1384801.76,612246.21,0.442118307244208,14.853572251212228,matched,0,,,,,0,2025-06-08,24.248,17.3,32.05,11.24,0.0,55.238,0
R00630,35.572288,126.854885,정읍 데모도로,정읍시,845508.0,326882.92,0.3866112680187532,9.4307279162049,matched,0,,,,,0,2025-03-01,6.63,-3.82,17.17,0.0,0.0,55.246,0
R00563,35.568981,126.862675,정읍 데모도로,정읍시,845508.0,326882.92,0.3866112680187532,9.4307279162049,matched,0,,,,,0,2026-06-12,25.012,17.54,32.03,25.39,0.0,72.964,0
R00426,35.416468,127.393247,남원 데모도로,남원시,670188.0,287953.6,0.4296609309626552,17.276260308101918,matched,0,,,,,0,2025-12-11,-1.048,-11.07,8.27,0.02,0.96,53.83,0
R00547,35.570127,126.786581,정읍 데모도로,정읍시,845508.0,326882.92,0.3866112680187532,9.4307279162049,matched,0,,,,,0,2024-12-19,-1.8219999999999998,-12.33,5.58,2.14,0.0,53.2,0
R00302,35.947529,127.017443,익산 데모도로,익산시,1404068.0,1069912.0,0.7620086776423934,10.189728749446369,matched,0,,,,,0,2025-09-22,12.726000000000003,3.78,23.63,12.39,0.0,53.54600000000001,1
R00581,35.519509,126.805886,정읍 데모도로,정읍시,845508.0,326882.92,0.3866112680187532,9.4307279162049,matched,1,F0068,2025-12-28,상온아스콘,39.29216474944008,1,2026-07-18,25.034,17.45,30.97,7.03,0.0,63.58399999999999,0
R00349,35.907068,126.957013,익산 데모도로,익산시,1404068.0,1069912.0,0.7620086776423934,10.189728749446369,matched,0,,,,,0,2025-11-13,4.0,-1.49,9.23,19.659999999999997,0.0,59.303999999999995,0
R00049,35.814873,127.139872,전주 데모도로,전주시,2081706.65,842.95,0.0004049321742811,7.742488395563824,matched,0,,,,,0,2026-06-10,22.886000000000003,14.41,30.88,15.33,0.0,55.694,0
R00074,35.768304,127.147497,전주 데모도로,전주시,2081706.65,842.95,0.0004049321742811,7.742488395563824,matched,0,,,,,0,2024-11-30,-0.5039999999999999,-7.61,5.51,0.0,0.0,60.004,0
R00261,35.988141,126.717713,군산 데모도로,군산시,1384801.76,612246.21,0.442118307244208,14.853572251212228,matched,1,F0010,2025-01-17,임시보수,89.25965130574198,2,2025-11-23,1.884,-8.75,11.52,12.26,0.0,55.52,0
R00356,35.941704,126.957964,익산 데모도로,익산시,1404068.0,1069912.0,0.7620086776423934,10.189728749446369,matched,0,,,,,0,2026-08-06,21.872,15.31,28.89,42.2,0.0,65.336,1
R00582,35.523206,126.809624,정읍 데모도로,정읍시,845508.0,326882.92,0.3866112680187532,9.4307279162049,matched,0,,,,,0,2026-07-29,22.682,15.12,29.65,40.230000000000004,0.0,62.022000000000006,0
R00602,35.591617,126.876758,정읍 데모도로,정읍시,845508.0,326882.92,0.3866112680187532,9.4307279162049,matched,0,,,,,0,2025-09-18,14.163999999999998,8.51,19.49,7.54,0.0,60.032,0
R00260,35.98186,126.721273,군산 데모도로,군산시,1384801.76,612246.21,0.442118307244208,14.853572251212228,matched,0,,,,,0,2025-07-21,24.928,15.83,31.21,22.22,0.0,63.55799999999999,0
R00638,35.611337,126.855431,정읍 데모도로,정읍시,845508.0,326882.92,0.3866112680187532,9.4307279162049,matched,0,,,,,0,2026-04-09,16.73,8.49,27.59,0.0,0.0,54.684000000000005,0
R00295,35.949822,126.983505,익산 데모도로,익산시,1404068.0,1069912.0,0.7620086776423934,10.189728749446369,matched,0,,,,,0,2025-01-07,0.476,-8.14,8.25,0.0,1.7,58.83,0
R00641,35.625455,126.856992,정읍 데모도로,정읍시,845508.0,326882.92,0.3866112680187532,9.4307279162049,matched,0,,,,,0,2025-07-01,22.082,15.09,29.14,8.23,0.0,60.0,0
R00313,35.911736,126.921285,익산 데모도로,익산시,1404068.0,1069912.0,0.7620086776423934,10.189728749446369,matched,0,,,,,0,2026-07-30,25.574,18.86,32.58,13.530000000000001,0.0,53.784000000000006,0
R00612,35.625395,126.911783,정읍 데모도로,정읍시,845508.0,326882.92,0.3866112680187532,9.4307279162049,matched,0,,,,,0,2026-02-27,5.242,-3.16,10.47,35.11,0.0,62.71,0
R00182,35.948679,126.717391,군산 데모도로,군산시,1384801.76,612246.21,0.442118307244208,14.853572251212228,matched,0,,,,,0,2026-01-27,0.7200000000000001,-6.45,8.58,0.0,1.15,64.236,0
R00364,35.979519,126.958682,익산 데모도로,익산시,1404068.0,1069912.0,0.7620086776423934,10.189728749446369,matched,0,,,,,0,2026-02-25,4.484,-2.59,11.21,14.05,5.04,55.772000000000006,0
R00188,35.969049,126.738483,군산 데모도로,군산시,1384801.76,612246.21,0.442118307244208,14.853572251212228,matched,0,,,,,0,2025-09-23,12.628,7.12,21.28,8.24,0.0,57.934000000000005,0
R00569,35.569064,126.891408,정읍 데모도로,정읍시,845508.0,326882.92,0.3866112680187532,9.4307279162049,matched,0,,,,,0,2026-06-30,25.514,15.97,34.5,26.34,0.0,57.641999999999996,0
R00543,35.469876,127.337365,남원 데모도로,남원시,670188.0,287953.6,0.4296609309626552,17.276260308101918,matched,1,F0050,2025-03-01,상온아스콘,58.17664296622837,1,2025-06-24,25.416,19.27,32.09,6.74,0.0,56.839999999999996,0
R00596,35.572019,126.857827,정읍 데모도로,정읍시,845508.0,326882.92,0.3866112680187532,9.4307279162049,matched,0,,,,,0,2025-12-26,-0.24600000000000005,-6.77,6.86,0.0,2.48,66.628,0
R00664,35.572029,126.855151,정읍 데모도로,정읍시,845508.0,326882.92,0.3866112680187532,9.4307279162049,matched,0,,,,,0,2026-02-25,4.484,-2.59,11.21,14.05,5.04,55.772000000000006,0
R00548,35.569502,126.790119,정읍 데모도로,정읍시,845508.0,326882.92,0.3866112680187532,9.4307279162049,matched,0,,,,,0,2026-04-20,17.762,10.22,24.86,0.0,0.0,54.83,0
R00408,36.005646,126.900915,익산 데모도로,익산시,1404068.0,1069912.0,0.7620086776423934,10.189728749446369,matched,0,,,,,0,2024-12-05,-1.6179999999999999,-11.19,3.6,7.62,0.0,58.233999999999995,0
R00618,35.514389,126.856841,정읍 데모도로,정읍시,845508.0,326882.92,0.3866112680187532,9.4307279162049,matched,1,F0014,2024-04-09,상온아스콘,40.01655283658238,2,2025-08-25,16.625999999999998,9.99,23.52,50.94,0.0,70.034,0
R00414,35.416024,127.335612,남원 데모도로,남원시,670188.0,287953.6,0.4296609309626552,17.276260308101918,matched,0,,,,,0,2026-04-26,18.728,11.47,27.23,2.98,0.0,52.874,0
R00342,35.872336,126.957771,익산 데모도로,익산시,1404068.0,1069912.0,0.7620086776423934,10.189728749446369,matched,0,,,,,0,2025-03-12,8.458,-0.23,15.93,0.0,0.0,47.730000000000004,0
R00220,35.960287,126.7373,군산 데모도로,군산시,1384801.76,612246.21,0.442118307244208,14.853572251212228,matched,0,,,,,0,2024-09-30,9.081999999999999,-0.94,16.76,42.089999999999996,0.0,65.5,0
R00163,35.966578,126.781928,군산 데모도로,군산시,1384801.76,612246.21,0.442118307244208,14.853572251212228,matched,0,,,,,0,2025-04-20,15.736,8.78,24.26,7.36,0.0,63.402,0
R00220,35.960287,126.7373,군산 데모도로,군산시,1384801.76,612246.21,0.442118307244208,14.853572251212228,matched,0,,,,,0,2025-06-01,22.222,14.26,30.46,36.93,0.0,63.802,0
R00270,36.016519,126.687173,군산 데모도로,군산시,1384801.76,612246.21,0.442118307244208,14.853572251212228,matched,0,,,,,0,2025-08-08,21.816,14.78,26.98,18.26,0.0,63.507999999999996,0
R00632,35.582455,126.856529,정읍 데모도로,정읍시,845508.0,326882.92,0.3866112680187532,9.4307279162049,matched,0,,,,,0,2025-12-07,-1.65,-12.37,5.36,0.0,0.96,65.474,0
R00400,35.979538,126.929792,익산 데모도로,익산시,1404068.0,1069912.0,0.7620086776423934,10.189728749446369,matched,0,,,,,0,2024-11-09,2.504,-2.57,7.3,12.06,0.0,57.1,0
R00182,35.948679,126.717391,군산 데모도로,군산시,1384801.76,612246.21,0.442118307244208,14.853572251212228,matched,0,,,,,0,2024-12-06,0.49400000000000005,-9.77,8.79,27.68,0.99,53.74400000000001,0
R00618,35.514389,126.856841,정읍 데모도로,정읍시,845508.0,326882.92,0.3866112680187532,9.4307279162049,matched,1,F0014,2024-04-09,상온아스콘,40.01655283658238,2,2025-02-24,5.242,-5.58,14.35,0.0,2.79,56.315999999999995,0
R00205,35.888615,126.736786,군산 데모도로,군산시,1384801.76,612246.21,0.442118307244208,14.853572251212228,matched,0,,,,,0,2025-04-26,18.098,11.22,27.08,6.75,0.0,48.751999999999995,0
R00582,35.523206,126.809624,정읍 데모도로,정읍시,845508.0,326882.92,0.3866112680187532,9.4307279162049,matched,0,,,,,0,2026-08-12,20.018,12.38,27.43,18.72,0.0,58.838,0
R00556,35.570216,126.829722,정읍 데모도로,정읍시,845508.0,326882.92,0.3866112680187532,9.4307279162049,matched,0,,,,,0,2025-06-05,23.306,16.32,30.1,18.44,0.0,49.544,0
R00228,35.999874,126.736942,군산 데모도로,군산시,1384801.76,612246.21,0.442118307244208,14.853572251212228,matched,0,,,,,0,2026-05-25,24.314,15.75,33.97,1.53,0.0,61.836,0
R00619,35.520201,126.855662,정읍 데모도로,정읍시,845508.0,326882.92,0.3866112680187532,9.4307279162049,matched,1,F0040,2025-12-01,상온아스콘,120.17049008308062,2,2025-03-07,6.906000000000001,-0.44,14.27,0.0,0.0,62.662,0
R00596,35.572019,126.857827,정읍 데모도로,정읍시,845508.0,326882.92,0.3866112680187532,9.4307279162049,matched,0,,,,,0,2025-07-10,23.44,14.35,31.36,13.680000000000001,0.0,56.342,0
R00250,35.948556,126.755141,군산 데모도로,군산시,1384801.76,612246.21,0.442118307244208,14.853572251212228,matched,0,,,,,0,2026-01-11,-0.1200000000000001,-9.1,8.85,5.62,4.9,72.292,0
R00441,35.416321,127.465452,남원 데모도로,남원시,670188.0,287953.6,0.4296609309626552,17.276260308101918,matched,0,,,,,0,2025-10-01,9.83,2.62,16.97,39.05,0.0,70.944,0
R00533,35.435338,127.37155,남원 데모도로,남원시,670188.0,287953.6,0.4296609309626552,17.276260308101918,matched,0,,,,,0,2026-04-17,17.096,10.45,22.65,0.0,0.0,63.79600000000001,0
R00196,35.997577,126.765335,군산 데모도로,군산시,1384801.76,612246.21,0.442118307244208,14.853572251212228,matched,0,,,,,0,2026-01-08,-2.552,-9.39,2.5,6.09,0.0,61.766,0
R00519,35.38702,127.419466,남원 데모도로,남원시,670188.0,287953.6,0.4296609309626552,17.276260308101918,matched,0,,,,,0,2026-04-11,15.13,6.78,21.6,0.0,0.0,67.2,0
R00070,35.748865,127.147329,전주 데모도로,전주시,2081706.65,842.95,0.0004049321742811,7.742488395563824,matched,0,,,,,0,2024-10-29,3.944,-4.88,12.17,0.0,0.0,59.767999999999994,0
R00639,35.616456,126.856128,정읍 데모도로,정읍시,845508.0,326882.92,0.3866112680187532,9.4307279162049,matched,0,,,,,0,2025-04-22,17.97,10.09,24.92,0.0,0.0,60.588,0
R00399,35.975401,126.933347,익산 데모도로,익산시,1404068.0,1069912.0,0.7620086776423934,10.189728749446369,matched,0,,,,,0,2026-05-21,24.304,13.49,33.42,31.660000000000004,0.0,62.762,1
R00672,35.599161,126.826231,정읍 데모도로,정읍시,845508.0,326882.92,0.3866112680187532,9.4307279162049,matched,1,F0034,2025-09-20,임시보수,118.8733200867511,1,2026-08-12,20.018,12.38,27.43,18.72,0.0,58.838,0
R00203,36.020964,126.790234,군산 데모도로,군산시,1384801.76,612246.21,0.442118307244208,14.853572251212228,matched,0,,,,,0,2026-04-18,16.740000000000002,8.89,23.55,3.63,0.0,61.482000000000006,0
R00148,35.967447,126.709582,군산 데모도로,군산시,1384801.76,612246.21,0.442118307244208,14.853572251212228,matched,0,,,,,0,2026-03-28,14.2,6.29,21.3,6.78,0.0,57.666,0
R00472,35.458538,127.433838,남원 데모도로,남원시,670188.0,287953.6,0.4296609309626552,17.276260308101918,matched,0,,,,,0,2026-03-07,7.264,-3.91,18.32,0.0,0.0,51.839999999999996,0
R00655,35.541394,126.88594,정읍 데모도로,정읍시,845508.0,326882.92,0.3866112680187532,9.4307279162049,matched,0,,,,,0,2025-07-28,23.758,15.4,33.71,3.39,0.0,57.048,0
R00199,36.008213,126.774982,군산 데모도로,군산시,1384801.76,612246.21,0.442118307244208,14.853572251212228,matched,0,,,,,0,2024-10-11,7.703999999999999,-1.21,15.13,3.73,0.0,63.726,0
R00426,35.416468,127.393247,남원 데모도로,남원시,670188.0,287953.6,0.4296609309626552,17.276260308101918,matched,0,,,,,0,2026-01-28,0.9039999999999999,-7.19,9.15,13.78,3.7399999999999998,54.596000000000004,0
R00666,35.578927,126.846606,정읍 데모도로,정읍시,845508.0,326882.92,0.3866112680187532,9.4307279162049,matched,0,,,,,0,2026-04-21,17.887999999999998,11.08,24.27,0.0,0.0,59.486000000000004,0
R00492,35.407522,127.389588,남원 데모도로,남원시,670188.0,287953.6,0.4296609309626552,17.276260308101918,matched,0,,,,,0,2026-02-01,3.7039999999999997,-2.28,12.23,5.17,3.5799999999999996,51.63199999999999,1
R00142,35.969221,126.680535,군산 데모도로,군산시,1384801.76,612246.21,0.442118307244208,14.853572251212228,matched,0,,,,,0,2026-02-27,5.242,-3.16,10.47,35.11,0.0,62.71,0
R00313,35.911736,126.921285,익산 데모도로,익산시,1404068.0,1069912.0,0.7620086776423934,10.189728749446369,matched,0,,,,,0,2025-02-27,7.167999999999999,1.77,12.96,14.46,0.0,59.970000000000006,1
R00165,35.968076,126.792348,군산 데모도로,군산시,1384801.76,612246.21,0.442118307244208,14.853572251212228,matched,1,F0020,2026-01-04,임시보수,9.795677699861187,1,2024-10-15,8.22,0.76,15.11,0.4,0.0,68.268,0
R00314,35.914794,126.925322,익산 데모도로,익산시,1404068.0,1069912.0,0.7620086776423934,10.189728749446369,matched,0,,,,,0,2025-10-29,5.837999999999999,-4.44,14.51,30.669999999999998,0.0,63.842,1
R00021,35.825393,127.165179,전주 데모도로,전주시,2081706.65,842.95,0.0004049321742811,7.742488395563824,matched,0,,,,,0,2024-12-07,-1.718,-9.87,5.9,25.98,0.0,58.846000000000004,0
R00082,35.806953,127.148901,전주 데모도로,전주시,2081706.65,842.95,0.0004049321742811,7.742488395563824,matched,0,,,,,0,2024-12-25,-0.20199999999999996,-6.3,5.51,0.0,0.0,65.62,0
R00581,35.519509,126.805886,정읍 데모도로,정읍시,845508.0,326882.92,0.3866112680187532,9.4307279162049,matched,1,F0068,2025-12-28,상온아스콘,39.29216474944008,1,2026-07-25,26.064,20.0,32.82,4.59,0.0,62.348,0
R00131,35.863854,127.10724,전주 데모도로,전주시,2081706.65,842.95,0.0004049321742811,7.742488395563824,matched,0,,,,,0,2025-07-10,23.44,14.35,31.36,13.680000000000001,0.0,56.342,0
R00599,35.581305,126.867926,정읍 데모도로,정읍시,845508.0,326882.92,0.3866112680187532,9.4307279162049,matched,0,,,,,0,2024-08-26,17.304,11.05,23.97,12.54,0.0,54.928,0
R00305,35.948167,127.032524,익산 데모도로,익산시,1404068.0,1069912.0,0.7620086776423934,10.189728749446369,matched,0,,,,,0,2024-09-16,15.77,9.46,22.42,41.54,0.0,62.588,1
R00371,36.013899,126.957902,익산 데모도로,익산시,1404068.0,1069912.0,0.7620086776423934,10.189728749446369,matched,0,,,,,0,2024-12-08,-3.2640000000000002,-11.52,4.54,0.0,1.74,60.358000000000004,1
R00384,35.92321,126.983204,익산 데모도로,익산시,1404068.0,1069912.0,0.7620086776423934,10.189728749446369,matched,0,,,,,0,2026-06-22,24.904,16.06,35.86,21.15,0.0,50.398,0
R00445,35.366323,127.341717,남원 데모도로,남원시,670188.0,287953.6,0.4296609309626552,17.276260308101918,matched,0,,,,,0,2024-12-27,-0.9920000000000002,-9.35,10.97,10.26,0.0,53.944,0
R00425,35.416254,127.38818,남원 데모도로,남원시,670188.0,287953.6,0.4296609309626552,17.276260308101918,matched,0,,,,,0,2025-02-22,6.444,-5.93,14.0,20.799999999999997,0.0,58.67,0
R00161,35.966337,126.774117,군산 데모도로,군산시,1384801.76,612246.21,0.442118307244208,14.853572251212228,matched,0,,,,,0,2026-06-24,25.544,17.99,32.61,0.0,0.0,58.236000000000004,0
R00178,35.93582,126.704849,군산 데모도로,군산시,1384801.76,612246.21,0.442118307244208,14.853572251212228,matched,0,,,,,0,2026-07-28,24.759999999999998,16.84,31.15,0.0,0.0,57.312,0
R00629,35.567799,126.856299,정읍 데모도로,정읍시,845508.0,326882.92,0.3866112680187532,9.4307279162049,matched,0,,,,,0,2025-12-06,-2.322,-9.62,5.69,0.0,0.35,73.696,0
R00490,35.399475,127.389946,남원 데모도로,남원시,670188.0,287953.6,0.4296609309626552,17.276260308101918,matched,0,,,,,0,2025-08-17,21.024,14.48,27.32,6.23,0.0,59.215999999999994,0
R00327,35.959917,126.970373,익산 데모도로,익산시,1404068.0,1069912.0,0.7620086776423934,10.189728749446369,matched,0,,,,,0,2025-03-10,8.422,1.77,14.91,0.0,0.0,62.39,1
R00598,35.578568,126.864039,정읍 데모도로,정읍시,845508.0,326882.92,0.3866112680187532,9.4307279162049,matched,0,,,,,0,2025-03-18,12.190000000000001,3.8,17.75,0.0,0.0,58.260000000000005,0
R00289,35.947722,126.954865,익산 데모도로,익산시,1404068.0,1069912.0,0.7620086776423934,10.189728749446369,matched,0,,,,,0,2026-05-01,19.18,9.72,26.28,0.0,0.0,59.955999999999996,1
R00593,35.560644,126.84654,정읍 데모도로,정읍시,845508.0,326882.92,0.3866112680187532,9.4307279162049,matched,0,,,,,0,2025-05-21,23.613999999999997,17.49,30.53,19.17,0.0,62.33,0
R00664,35.572029,126.855151,정읍 데모도로,정읍시,845508.0,326882.92,0.3866112680187532,9.4307279162049,matched,0,,,,,0,2024-10-30,5.9159999999999995,-2.85,15.7,12.5,0.0,65.576,0
R00573,35.570077,126.911682,정읍 데모도로,정읍시,845508.0,326882.92,0.3866112680187532,9.4307279162049,matched,0,,,,,0,2026-06-28,25.796000000000003,17.81,31.33,6.23,0.0,59.129999999999995,0
R00573,35.570077,126.911682,정읍 데모도로,정읍시,845508.0,326882.92,0.3866112680187532,9.4307279162049,matched,0,,,,,0,2025-04-18,15.940000000000001,10.16,23.47,0.0,0.0,48.47,0
R00354,35.931685,126.958902,익산 데모도로,익산시,1404068.0,1069912.0,0.7620086776423934,10.189728749446369,matched,1,F0076,2025-01-27,상온아스콘,76.92133332542402,2,2024-11-28,0.6979999999999998,-5.99,9.85,2.23,0.0,62.028,0
R00028,35.824172,127.198837,전주 데모도로,전주시,2081706.65,842.95,0.0004049321742811,7.742488395563824,matched,0,,,,,0,2026-07-04,25.018,18.6,30.48,0.0,0.0,62.176,0
R00043,35.795211,127.118698,전주 데모도로,전주시,2081706.65,842.95,0.0004049321742811,7.742488395563824,matched,0,,,,,0,2025-02-05,1.8780000000000001,-4.52,7.7,4.16,0.7,61.358000000000004,0
R00423,35.416845,127.379385,남원 데모도로,남원시,670188.0,287953.6,0.4296609309626552,17.276260308101918,matched,0,,,,,0,2026-06-02,21.872,15.91,30.42,5.98,0.0,58.577999999999996,0
R00598,35.578568,126.864039,정읍 데모도로,정읍시,845508.0,326882.92,0.3866112680187532,9.4307279162049,matched,0,,,,,0,2025-02-22,6.444,-5.93,14.0,20.799999999999997,0.0,58.67,0
R00177,35.930958,126.701131,군산 데모도로,군산시,1384801.76,612246.21,0.442118307244208,14.853572251212228,matched,0,,,,,0,2025-11-02,3.3579999999999997,-4.35,10.67,16.13,0.0,62.88199999999999,0
R00529,35.420923,127.38595,남원 데모도로,남원시,670188.0,287953.6,0.4296609309626552,17.276260308101918,matched,0,,,,,0,2024-11-12,2.834,-4.03,9.84,40.1,0.0,61.652,0
R00610,35.619172,126.905011,정읍 데모도로,정읍시,845508.0,326882.92,0.3866112680187532,9.4307279162049,matched,0,,,,,0,2025-12-07,-1.65,-12.37,5.36,0.0,0.96,65.474,0
R00494,35.418072,127.390784,남원 데모도로,남원시,670188.0,287953.6,0.4296609309626552,17.276260308101918,matched,0,,,,,0,2024-10-09,11.953999999999999,5.55,17.97,0.0,0.0,60.081999999999994,0
R00198,36.004298,126.772459,군산 데모도로,군산시,1384801.76,612246.21,0.442118307244208,14.853572251212228,matched,0,,,,,0,2024-12-07,-1.718,-9.87,5.9,25.98,0.0,58.846000000000004,0
R00610,35.619172,126.905011,정읍 데모도로,정읍시,845508.0,326882.92,0.3866112680187532,9.4307279162049,matched,0,,,,,0,2024-09-30,9.081999999999999,-0.94,16.76,42.089999999999996,0.0,65.5,0
R00577,35.56953,126.93166,정읍 데모도로,정읍시,845508.0,326882.92,0.3866112680187532,9.4307279162049,matched,0,,,,,0,2025-03-17,9.782,0.19,17.48,4.09,0.0,56.424,0
R00517,35.380783,127.424563,남원 데모도로,남원시,670188.0,287953.6,0.4296609309626552,17.276260308101918,matched,0,,,,,0,2025-03-06,5.998,-1.48,13.44,0.0,0.0,55.69,0
R00514,35.36946,127.437272,남원 데모도로,남원시,670188.0,287953.6,0.4296609309626552,17.276260308101918,matched,0,,,,,0,2026-05-07,20.387999999999998,14.54,26.18,0.0,0.0,54.282,0
R00022,35.824024,127.169147,전주 데모도로,전주시,2081706.65,842.95,0.0004049321742811,7.742488395563824,matched,0,,,,,0,2024-09-13,16.384,8.7,24.55,0.0,0.0,65.03200000000001,0
R00112,35.800445,127.174046,전주 데모도로,전주시,2081706.65,842.95,0.0004049321742811,7.742488395563824,matched,0,,,,,0,2025-06-13,24.692,18.52,30.77,27.14,0.0,62.224000000000004,0
R00057,35.842324,127.166713,전주 데모도로,전주시,2081706.65,842.95,0.0004049321742811,7.742488395563824,matched,0,,,,,0,2024-11-03,3.274,-3.0,10.81,0.0,0.0,56.012,0
R00066,35.874179,127.197996,전주 데모도로,전주시,2081706.65,842.95,0.0004049321742811,7.742488395563824,matched,0,,,,,0,2025-01-02,-2.092,-9.71,6.4,0.0,0.52,59.589999999999996,0
R00098,35.884505,127.14753,전주 데모도로,전주시,2081706.65,842.95,0.0004049321742811,7.742488395563824,matched,0,,,,,0,2024-09-07,15.702000000000002,8.12,26.15,3.8,0.0,64.44800000000001,0
R00144,35.967729,126.690468,군산 데모도로,군산시,1384801.76,612246.21,0.442118307244208,14.853572251212228,matched,0,,,,,0,2025-11-01,4.340000000000001,-2.68,11.09,12.0,0.0,58.688,0
R00435,35.414387,127.436407,남원 데모도로,남원시,670188.0,287953.6,0.4296609309626552,17.276260308101918,matched,0,,,,,0,2025-03-17,9.782,0.19,17.48,4.09,0.0,56.424,0
R00637,35.606627,126.855358,정읍 데모도로,정읍시,845508.0,326882.92,0.3866112680187532,9.4307279162049,matched,0,,,,,0,2026-02-20,4.668,-1.31,11.53,0.0,1.04,62.7,0
R00679,35.622776,126.804011,정읍 데모도로,정읍시,845508.0,326882.92,0.3866112680187532,9.4307279162049,matched,0,,,,,0,2025-10-27,5.132,-2.19,13.42,0.0,0.0,61.86800000000001,0
R00086,35.826956,127.147903,전주 데모도로,전주시,2081706.65,842.95,0.0004049321742811,7.742488395563824,matched,0,,,,,0,2025-03-13,7.814,-1.8,15.81,9.4,0.0,64.32000000000001,0
R00588,35.544153,126.829581,정읍 데모도로,정읍시,845508.0,326882.92,0.3866112680187532,9.4307279162049,matched,0,,,,,0,2025-10-31,4.774,-3.46,13.35,9.52,0.0,62.622,0
R00344,35.881631,126.957415,익산 데모도로,익산시,1404068.0,1069912.0,0.7620086776423934,10.189728749446369,matched,0,,,,,0,2026-06-15,25.894,17.68,33.82,12.2,0.0,54.04600000000001,1
R00294,35.948785,126.978924,익산 데모도로,익산시,1404068.0,1069912.0,0.7620086776423934,10.189728749446369,matched,0,,,,,0,2024-09-29,13.703999999999999,8.52,18.46,0.0,0.0,56.786,0
R00571,35.569671,126.90093,정읍 데모도로,정읍시,845508.0,326882.92,0.3866112680187532,9.4307279162049,matched,0,,,,,0,2025-10-03,9.362,1.85,17.16,6.9,0.0,53.226,0
R00650,35.52302,126.902453,정읍 데모도로,정읍시,845508.0,326882.92,0.3866112680187532,9.4307279162049,matched,0,,,,,0,2026-01-23,0.9740000000000002,-9.24,8.41,9.17,2.05,61.775999999999996,0
R00611,35.623332,126.908436,정읍 데모도로,정읍시,845508.0,326882.92,0.3866112680187532,9.4307279162049,matched,0,,,,,0,2026-04-20,17.762,10.22,24.86,0.0,0.0,54.83,0
R00243,35.925042,126.779721,군산 데모도로,군산시,1384801.76,612246.21,0.442118307244208,14.853572251212228,matched,0,,,,,0,2025-10-19,6.14,-2.75,14.26,16.26,0.0,62.239999999999995,0
R00561,35.570139,126.852906,정읍 데모도로,정읍시,845508.0,326882.92,0.3866112680187532,9.4307279162049,matched,0,,,,,0,2025-05-20,20.288,11.74,28.37,14.92,0.0,64.854,0
R00032,35.8245,127.218084,전주 데모도로,전주시,2081706.65,842.95,0.0004049321742811,7.742488395563824,matched,1,F0058,2025-11-28,상온아스콘,71.11890867315076,1,2025-11-09,1.874,-4.95,10.41,5.62,0.0,64.374,0
R00391,35.94597,126.960501,익산 데모도로,익산시,1404068.0,1069912.0,0.7620086776423934,10.189728749446369,matched,1,F0061,2024-05-03,덧씌우기,241.20594308246731,1,2025-08-22,17.246000000000002,9.97,22.92,42.76,0.0,60.166,1
R00277,35.947756,126.896589,익산 데모도로,익산시,1404068.0,1069912.0,0.7620086776423934,10.189728749446369,matched,0,,,,,0,2025-03-26,10.947999999999999,2.99,17.69,7.04,0.0,61.0,0
R00532,35.431679,127.375993,남원 데모도로,남원시,670188.0,287953.6,0.4296609309626552,17.276260308101918,matched,0,,,,,0,2026-03-18,11.138,1.29,17.98,0.0,0.0,52.738,0
R00154,35.967652,126.739072,군산 데모도로,군산시,1384801.76,612246.21,0.442118307244208,14.853572251212228,matched,1,F0011,2024-03-26,임시보수,284.1412180574434,1,2025-04-07,16.77,11.21,22.55,10.44,0.0,65.362,0
R00383,35.919906,126.987372,익산 데모도로,익산시,1404068.0,1069912.0,0.7620086776423934,10.189728749446369,matched,0,,,,,0,2025-07-12,24.284,17.38,32.02,10.2,0.0,60.34400000000001,0
R00068,35.879031,127.203977,전주 데모도로,전주시,2081706.65,842.95,0.0004049321742811,7.742488395563824,matched,0,,,,,0,2025-11-04,3.476,-3.44,10.42,1.85,0.0,66.17,0
R00214,35.931778,126.737521,군산 데모도로,군산시,1384801.76,612246.21,0.442118307244208,14.853572251212228,matched,0,,,,,0,2024-10-09,11.953999999999999,5.55,17.97,0.0,0.0,60.081999999999994,0
R00655,35.541394,126.88594,정읍 데모도로,정읍시,845508.0,326882.92,0.3866112680187532,9.4307279162049,matched,0,,,,,0,2025-08-29,18.916,10.34,25.27,0.0,0.0,61.608000000000004,0
R00376,35.893913,127.009165,익산 데모도로,익산시,1404068.0,1069912.0,0.7620086776423934,10.189728749446369,matched,0,,,,,0,2025-05-08,21.604000000000003,14.48,32.33,11.68,0.0,67.17999999999999,1
R00213,35.926701,126.737487,군산 데모도로,군산시,1384801.76,612246.21,0.442118307244208,14.853572251212228,matched,0,,,,,0,2025-05-12,21.285999999999998,15.36,28.48,28.93,0.0,61.802,0
R00079,35.792888,127.148975,전주 데모도로,전주시,2081706.65,842.95,0.0004049321742811,7.742488395563824,matched,1,F0057,2025-12-06,덧씌우기,65.08847281994517,1,2025-08-12,21.7,13.86,29.52,26.779999999999998,0.0,68.63,0
R00628,35.563004,126.856612,정읍 데모도로,정읍시,845508.0,326882.92,0.3866112680187532,9.4307279162049,matched,0,,,,,0,2025-07-01,22.082,15.09,29.14,8.23,0.0,60.0,0
R00604,35.59853,126.885311,정읍 데모도로,정읍시,845508.0,326882.92,0.3866112680187532,9.4307279162049,matched,0,,,,,0,2025-07-08,24.436,16.3,30.74,0.0,0.0,53.303999999999995,0
R00381,35.912711,126.993868,익산 데모도로,익산시,1404068.0,1069912.0,0.7620086776423934,10.189728749446369,matched,0,,,,,0,2026-06-15,25.894,17.68,33.82,12.2,0.0,54.04600000000001,1
R00680,35.625117,126.799115,정읍 데모도로,정읍시,845508.0,326882.92,0.3866112680187532,9.4307279162049,matched,0,,,,,0,2026-06-01,23.47,15.38,31.21,6.67,0.0,58.903999999999996,0
R00058,35.846005,127.171492,전주 데모도로,전주시,2081706.65,842.95,0.0004049321742811,7.742488395563824,matched,0,,,,,0,2026-03-04,8.379999999999999,2.49,14.5,0.0,0.0,57.69200000000001,0
R00026,35.824853,127.188986,전주 데모도로,전주시,2081706.65,842.95,0.0004049321742811,7.742488395563824,matched,0,,,,,0,2026-05-09,19.878,8.17,28.89,0.0,0.0,57.11,0
R00447,35.372185,127.346964,남원 데모도로,남원시,670188.0,287953.6,0.4296609309626552,17.276260308101918,matched,0,,,,,0,2025-10-13,7.648000000000001,1.02,14.41,2.56,0.0,60.775999999999996,0
R00066,35.874179,127.197996,전주 데모도로,전주시,2081706.65,842.95,0.0004049321742811,7.742488395563824,matched,0,,,,,0,2024-10-03,11.796000000000001,2.73,20.41,18.5,0.0,58.564,0
R00254,35.963515,126.742837,군산 데모도로,군산시,1384801.76,612246.21,0.442118307244208,14.853572251212228,matched,0,,,,,0,2026-04-10,16.798,7.08,24.06,20.240000000000002,0.0,58.434000000000005,0
R00044,35.800347,127.121283,전주 데모도로,전주시,2081706.65,842.95,0.0004049321742811,7.742488395563824,matched,0,,,,,0,2026-08-08,20.162,13.62,28.4,12.51,0.0,54.56,0
R00097,35.880955,127.147854,전주 데모도로,전주시,2081706.65,842.95,0.0004049321742811,7.742488395563824,matched,0,,,,,0,2025-05-14,21.651999999999997,14.88,26.6,0.0,0.0,63.312,0
R00554,35.570373,126.820252,정읍 데모도로,정읍시,845508.0,326882.92,0.3866112680187532,9.4307279162049,matched,0,,,,,0,2026-04-11,15.13,6.78,21.6,0.0,0.0,67.2,0
R00227,35.994827,126.737227,군산 데모도로,군산시,1384801.76,612246.21,0.442118307244208,14.853572251212228,matched,0,,,,,0,2025-09-03,17.662,9.59,24.5,0.0,0.0,60.348,0
R00679,35.622776,126.804011,정읍 데모도로,정읍시,845508.0,326882.92,0.3866112680187532,9.4307279162049,matched,0,,,,,0,2024-12-14,-3.322,-10.95,2.91,2.29,0.0,58.794000000000004,0
R00436,35.415645,127.440729,남원 데모도로,남원시,670188.0,287953.6,0.4296609309626552,17.276260308101918,matched,0,,,,,0,2026-03-07,7.264,-3.91,18.32,0.0,0.0,51.839999999999996,0
R00601,35.589527,126.875097,정읍 데모도로,정읍시,845508.0,326882.92,0.3866112680187532,9.4307279162049,matched,0,,,,,0,2024-12-12,0.162,-5.05,6.16,12.64,0.08,55.322,0
R00379,35.904996,127.000287,익산 데모도로,익산시,1404068.0,1069912.0,0.7620086776423934,10.189728749446369,matched,0,,,,,0,2026-05-10,19.828,11.73,24.72,0.0,0.0,51.215999999999994,0
R00178,35.93582,126.704849,군산 데모도로,군산시,1384801.76,612246.21,0.442118307244208,14.853572251212228,matched,0,,,,,0,2025-05-05,21.901999999999997,14.22,28.68,4.62,0.0,53.251999999999995,0
R00427,35.415612,127.397951,남원 데모도로,남원시,670188.0,287953.6,0.4296609309626552,17.276260308101918,matched,0,,,,,0,2024-11-01,4.578,-2.5,14.22,0.0,0.0,58.212,0
R00307,35.892097,126.901079,익산 데모도로,익산시,1404068.0,1069912.0,0.7620086776423934,10.189728749446369,matched,1,F0006,2024-12-28,상온아스콘,68.85092218809531,1,2025-12-11,-1.048,-11.07,8.27,0.02,0.96,53.83,0
R00504,35.466249,127.390625,남원 데모도로,남원시,670188.0,287953.6,0.4296609309626552,17.276260308101918,matched,0,,,,,0,2025-06-19,24.294,18.45,30.23,40.42,0.0,64.894,0
R00268,36.01108,126.693329,군산 데모도로,군산시,1384801.76,612246.21,0.442118307244208,14.853572251212228,matched,0,,,,,0,2024-08-25,19.338,12.07,26.26,14.64,0.0,56.120000000000005,0
R00586,35.537717,126.822689,정읍 데모도로,정읍시,845508.0,326882.92,0.3866112680187532,9.4307279162049,matched,0,,,,,0,2025-08-19,18.151999999999997,12.11,26.44,15.06,0.0,62.989999999999995,0
R00008,35.823561,127.101636,전주 데모도로,전주시,2081706.65,842.95,0.0004049321742811,7.742488395563824,matched,0,,,,,0,2026-05-14,20.336000000000002,13.76,27.76,3.83,0.0,59.88199999999999,0
R00508,35.48774,127.390175,남원 데모도로,남원시,670188.0,287953.6,0.4296609309626552,17.276260308101918,matched,0,,,,,0,2026-01-23,0.9740000000000002,-9.24,8.41,9.17,2.05,61.775999999999996,0
R00476,35.473934,127.448117,남원 데모도로,남원시,670188.0,287953.6,0.4296609309626552,17.276260308101918,matched,0,,,,,0,2025-08-01,22.436,16.65,28.49,2.4,0.0,61.91799999999999,0
R00297,35.948073,126.993646,익산 데모도로,익산시,1404068.0,1069912.0,0.7620086776423934,10.189728749446369,matched,1,F0046,2025-10-29,임시보수,78.4701743515356,2,2025-10-30,3.6800000000000006,-3.58,12.34,2.12,0.0,48.116,0
R00164,35.968175,126.787437,군산 데모도로,군산시,1384801.76,612246.21,0.442118307244208,14.853572251212228,matched,0,,,,,0,2025-03-21,11.352,2.81,18.17,3.84,0.0,60.504,0
R00485,35.375685,127.391521,남원 데모도로,남원시,670188.0,287953.6,0.4296609309626552,17.276260308101918,matched,0,,,,,0,2025-10-21,6.074,-1.59,12.75,27.66,0.0,64.19,0
R00597,35.57525,126.861409,정읍 데모도로,정읍시,845508.0,326882.92,0.3866112680187532,9.4307279162049,matched,0,,,,,0,2025-12-29,-1.702,-7.9,3.86,6.25,0.0,64.17,0
R00072,35.759166,127.146231,전주 데모도로,전주시,2081706.65,842.95,0.0004049321742811,7.742488395563824,matched,0,,,,,0,2026-02-09,2.654,-5.0,9.61,29.21,0.62,62.720000000000006,0
R00567,35.56945,126.882423,정읍 데모도로,정읍시,845508.0,326882.92,0.3866112680187532,9.4307279162049,matched,0,,,,,0,2025-08-20,18.206,12.45,24.7,24.73,0.0,57.970000000000006,0
R00559,35.568964,126.84381,정읍 데모도로,정읍시,845508.0,326882.92,0.3866112680187532,9.4307279162049,matched,1,F0021,2024-02-23,덧씌우기,46.37641616568677,1,2025-06-27,24.418,16.53,31.12,15.66,0.0,69.01599999999999,0
R00238,36.046844,126.737173,군산 데모도로,군산시,1384801.76,612246.21,0.442118307244208,14.853572251212228,matched,0,,,,,0,2026-02-07,1.482,-6.06,10.23,31.43,0.0,69.266,0
R00104,35.770905,127.201572,전주 데모도로,전주시,2081706.65,842.95,0.0004049321742811,7.742488395563824,matched,0,,,,,0,2024-10-11,7.703999999999999,-1.21,15.13,3.73,0.0,63.726,0
R00210,35.912191,126.736465,군산 데모도로,군산시,1384801.76,612246.21,0.442118307244208,14.853572251212228,matched,1,F0030,2024-09-23,상온아스콘,70.51339636284223,2,2026-02-10,3.6079999999999997,-2.81,9.52,0.0,0.0,55.001999999999995,0
R00554,35.570373,126.820252,정읍 데모도로,정읍시,845508.0,326882.92,0.3866112680187532,9.4307279162049,matched,0,,,,,0,2025-11-28,-0.9099999999999999,-11.93,6.59,23.6,0.0,70.148,0
R00468,35.445372,127.419546,남원 데모도로,남원시,670188.0,287953.6,0.4296609309626552,17.276260308101918,matched,1,F0043,2024-04-11,임시보수,22.83920998847246,1,2025-01-29,2.006,-4.05,7.42,2.13,0.0,62.275999999999996,0
R00454,35.396343,127.371362,남원 데모도로,남원시,670188.0,287953.6,0.4296609309626552,17.276260308101918,matched,0,,,,,0,2025-07-18,23.978,12.87,30.95,9.01,0.0,60.33200000000001,0
R00268,36.01108,126.693329,군산 데모도로,군산시,1384801.76,612246.21,0.442118307244208,14.853572251212228,matched,0,,,,,0,2026-02-16,4.296,-5.94,11.18,0.0,0.3,61.004,1
R00386,35.928879,126.975814,익산 데모도로,익산시,1404068.0,1069912.0,0.7620086776423934,10.189728749446369,matched,0,,,,,0,2025-08-01,22.436,16.65,28.49,2.4,0.0,61.91799999999999,0
R00387,35.933129,126.972868,익산 데모도로,익산시,1404068.0,1069912.0,0.7620086776423934,10.189728749446369,matched,0,,,,,0,2025-05-18,22.054000000000002,14.29,28.84,0.0,0.0,62.041999999999994,1
R00259,35.978728,126.724062,군산 데모도로,군산시,1384801.76,612246.21,0.442118307244208,14.853572251212228,matched,0,,,,,0,2026-08-08,20.162,13.62,28.4,12.51,0.0,54.56,0
R00283,35.947534,126.925525,익산 데모도로,익산시,1404068.0,1069912.0,0.7620086776423934,10.189728749446369,matched,0,,,,,0,2025-10-06,9.724,1.46,18.32,11.07,0.0,51.720000000000006,1
R00626,35.55397,126.856146,정읍 데모도로,정읍시,845508.0,326882.92,0.3866112680187532,9.4307279162049,matched,0,,,,,0,2025-12-31,0.43999999999999995,-7.07,7.5,44.95,2.01,66.624,1
R00040,35.785713,127.108003,전주 데모도로,전주시,2081706.65,842.95,0.0004049321742811,7.742488395563824,matched,0,,,,,0,2024-11-19,-0.8999999999999998,-8.41,7.25,22.86,0.0,64.65599999999999,0
R00486,35.379834,127.389667,남원 데모도로,남원시,670188.0,287953.6,0.4296609309626552,17.276260308101918,matched,1,F0007,2025-03-09,임시보수,95.1167272895672,1,2026-07-04,25.018,18.6,30.48,0.0,0.0,62.176,0
R00220,35.960287,126.7373,군산 데모도로,군산시,1384801.76,612246.21,0.442118307244208,14.853572251212228,matched,0,,,,,0,2024-11-05,3.252,-2.16,9.62,15.25,0.0,61.54600000000001,0
R00129,35.855777,127.114311,전주 데모도로,전주시,2081706.65,842.95,0.0004049321742811,7.742488395563824,matched,0,,,,,0,2026-05-02,20.786,14.57,27.23,14.36,0.0,54.462,0
R00520,35.390441,127.416464,남원 데모도로,남원시,670188.0,287953.6,0.4296609309626552,17.276260308101918,matched,0,,,,,0,2025-03-23,10.056000000000001,3.87,15.83,15.89,0.0,64.218,0
R00613,35.489736,126.855306,정읍 데모도로,정읍시,845508.0,326882.92,0.3866112680187532,9.4307279162049,matched,0,,,,,0,2025-08-11,20.322,12.16,27.21,0.0,0.0,59.815999999999995,0
R00619,35.520201,126.855662,정읍 데모도로,정읍시,845508.0,326882.92,0.3866112680187532,9.4307279162049,matched,1,F0040,2025-12-01,상온아스콘,120.17049008308062,2,2026-04-28,19.369999999999997,11.71,27.45,0.0,0.0,53.717999999999996,0
R00613,35.489736,126.855306,정읍 데모도로,정읍시,845508.0,326882.92,0.3866112680187532,9.4307279162049,matched,0,,,,,0,2026-01-07,-0.3499999999999999,-10.93,7.3,9.62,0.0,55.428,0
R00260,35.98186,126.721273,군산 데모도로,군산시,1384801.76,612246.21,0.442118307244208,14.853572251212228,matched,0,,,,,0,2026-02-28,5.406000000000001,0.67,13.29,0.0,0.0,62.43399999999999,0
R00366,35.990372,126.95845,익산 데모도로,익산시,1404068.0,1069912.0,0.7620086776423934,10.189728749446369,matched,0,,,,,0,2025-02-15,3.076,-4.06,10.45,12.31,0.06,62.215999999999994,1
R00544,35.472757,127.332405,남원 데모도로,남원시,670188.0,287953.6,0.4296609309626552,17.276260308101918,matched,0,,,,,0,2026-03-17,9.394,1.37,14.97,2.19,0.0,61.4,0
R00649,35.519548,126.904147,정읍 데모도로,정읍시,845508.0,326882.92,0.3866112680187532,9.4307279162049,matched,0,,,,,0,2025-04-21,17.05,8.27,23.78,0.0,0.0,60.826,0
R00524,35.405344,127.401345,남원 데모도로,남원시,670188.0,287953.6,0.4296609309626552,17.276260308101918,matched,0,,,,,0,2025-04-19,18.69,10.94,26.77,0.0,0.0,59.838,0
R00016,35.823803,127.140991,전주 데모도로,전주시,2081706.65,842.95,0.0004049321742811,7.742488395563824,matched,0,,,,,0,2026-01-06,-1.242,-6.29,3.94,0.0,0.0,64.7,0
R00129,35.855777,127.114311,전주 데모도로,전주시,2081706.65,842.95,0.0004049321742811,7.742488395563824,matched,0,,,,,0,2025-10-14,7.714,2.19,15.88,14.5,0.0,57.138,0
R00575,35.570003,126.92076,정읍 데모도로,정읍시,845508.0,326882.92,0.3866112680187532,9.4307279162049,matched,0,,,,,0,2025-07-04,25.558,19.82,34.18,2.36,0.0,51.302,0
R00109,35.788213,127.185125,전주 데모도로,전주시,2081706.65,842.95,0.0004049321742811,7.742488395563824,matched,0,,,,,0,2024-11-13,4.782,-5.43,14.16,23.79,0.0,64.852,0
R00533,35.435338,127.37155,남원 데모도로,남원시,670188.0,287953.6,0.4296609309626552,17.276260308101918,matched,0,,,,,0,2025-03-23,10.056000000000001,3.87,15.83,15.89,0.0,64.218,0
R00670,35.591932,126.833874,정읍 데모도로,정읍시,845508.0,326882.92,0.3866112680187532,9.4307279162049,matched,0,,,,,0,2025-12-21,-1.018,-7.61,4.98,15.18,2.32,59.025999999999996,0
R00269,36.013538,126.690229,군산 데모도로,군산시,1384801.76,612246.21,0.442118307244208,14.853572251212228,matched,0,,,,,0,2026-01-19,-0.18000000000000008,-7.9,7.93,1.58,0.0,62.230000000000004,0
R00162,35.96729,126.778488,군산 데모도로,군산시,1384801.76,612246.21,0.442118307244208,14.853572251212228,matched,0,,,,,0,2025-05-23,22.682,16.9,29.02,5.35,0.0,58.815999999999995,0
R00260,35.98186,126.721273,군산 데모도로,군산시,1384801.76,612246.21,0.442118307244208,14.853572251212228,matched,0,,,,,0,2026-08-10,19.972,12.73,28.95,0.0,0.0,56.608000000000004,0
R00102,35.903994,127.147452,전주 데모도로,전주시,2081706.65,842.95,0.0004049321742811,7.742488395563824,matched,1,F0077,2025-11-01,덧씌우기,50.72886566344648,1,2025-02-03,2.294,-2.98,10.37,7.66,0.0,55.08,0
R00506,35.476204,127.390266,남원 데모도로,남원시,670188.0,287953.6,0.4296609309626552,17.276260308101918,matched,0,,,,,0,2025-07-14,24.936,18.29,33.05,18.48,0.0,60.984,1
R00571,35.569671,126.90093,정읍 데모도로,정읍시,845508.0,326882.92,0.3866112680187532,9.4307279162049,matched,0,,,,,0,2026-05-30,25.268,18.22,34.47,0.0,0.0,51.824,0
R00247,35.938556,126.764753,군산 데모도로,군산시,1384801.76,612246.21,0.442118307244208,14.853572251212228,matched,0,,,,,0,2025-11-02,3.3579999999999997,-4.35,10.67,16.13,0.0,62.88199999999999,0
R00640,35.618997,126.856267,정읍 데모도로,정읍시,845508.0,326882.92,0.3866112680187532,9.4307279162049,matched,0,,,,,0,2025-09-13,12.472,4.45,17.97,18.21,0.0,61.157999999999994,0
R00537,35.449099,127.358081,남원 데모도로,남원시,670188.0,287953.6,0.4296609309626552,17.276260308101918,matched,0,,,,,0,2025-12-27,-1.4780000000000002,-8.21,7.32,25.38,0.0,70.164,0
R00131,35.863854,127.10724,전주 데모도로,전주시,2081706.65,842.95,0.0004049321742811,7.742488395563824,matched,0,,,,,0,2025-09-03,17.662,9.59,24.5,0.0,0.0,60.348,0
R00353,35.925207,126.957762,익산 데모도로,익산시,1404068.0,1069912.0,0.7620086776423934,10.189728749446369,matched,0,,,,,0,2025-06-20,24.674,15.83,33.62,11.78,0.0,62.92,0
R00196,35.997577,126.765335,군산 데모도로,군산시,1384801.76,612246.21,0.442118307244208,14.853572251212228,matched,0,,,,,0,2026-06-22,24.904,16.06,35.86,21.15,0.0,50.398,0
R00666,35.578927,126.846606,정읍 데모도로,정읍시,845508.0,326882.92,0.3866112680187532,9.4307279162049,matched,0,,,,,0,2026-01-13,0.942,-7.33,10.77,50.06,0.0,68.856,0
R00382,35.916638,126.989727,익산 데모도로,익산시,1404068.0,1069912.0,0.7620086776423934,10.189728749446369,matched,1,F0042,2025-02-28,덧씌우기,139.94437715521968,2,2025-02-22,6.444,-5.93,14.0,20.799999999999997,0.0,58.67,0
R00645,35.645988,126.855893,정읍 데모도로,정읍시,845508.0,326882.92,0.3866112680187532,9.4307279162049,matched,0,,,,,0,2026-01-16,-0.8640000000000001,-6.97,9.27,20.57,0.98,61.814,0
R00227,35.994827,126.737227,군산 데모도로,군산시,1384801.76,612246.21,0.442118307244208,14.853572251212228,matched,0,,,,,0,2026-05-24,21.72,16.17,27.72,12.99,0.0,59.709999999999994,0
R00476,35.473934,127.448117,남원 데모도로,남원시,670188.0,287953.6,0.4296609309626552,17.276260308101918,matched,0,,,,,0,2025-10-19,6.14,-2.75,14.26,16.26,0.0,62.239999999999995,0
R00477,35.336331,127.39122,남원 데모도로,남원시,670188.0,287953.6,0.4296609309626552,17.276260308101918,matched,0,,,,,0,2026-01-02,-0.962,-7.71,5.67,28.95,0.0,64.838,0
R00265,36.000204,126.70455,군산 데모도로,군산시,1384801.76,612246.21,0.442118307244208,14.853572251212228,matched,0,,,,,0,2025-05-05,21.901999999999997,14.22,28.68,4.62,0.0,53.251999999999995,0
R00372,36.019848,126.957904,익산 데모도로,익산시,1404068.0,1069912.0,0.7620086776423934,10.189728749446369,matched,0,,,,,0,2026-01-13,0.942,-7.33,10.77,50.06,0.0,68.856,1
R00486,35.379834,127.389667,남원 데모도로,남원시,670188.0,287953.6,0.4296609309626552,17.276260308101918,matched,1,F0007,2025-03-09,임시보수,95.1167272895672,1,2024-10-28,7.812,-0.24,14.74,45.330000000000005,0.0,66.476,0
R00434,35.416974,127.432113,남원 데모도로,남원시,670188.0,287953.6,0.4296609309626552,17.276260308101918,matched,0,,,,,0,2025-12-09,-0.002000000000000046,-7.78,8.04,0.0,1.48,62.653999999999996,0
R00646,35.649043,126.855421,정읍 데모도로,정읍시,845508.0,326882.92,0.3866112680187532,9.4307279162049,matched,0,,,,,0,2025-02-12,2.354,-4.34,8.76,1.21,0.0,54.29600000000001,0
R00211,35.915869,126.737413,군산 데모도로,군산시,1384801.76,612246.21,0.442118307244208,14.853572251212228,matched,1,F0039,2025-07-01,덧씌우기,38.43476087695338,1,2025-11-18,1.796,-5.66,10.42,2.51,0.0,62.528,0
R00572,35.569716,126.907516,정읍 데모도로,정읍시,845508.0,326882.92,0.3866112680187532,9.4307279162049,matched,0,,,,,0,2025-02-23,7.364,1.04,14.52,3.63,0.0,65.286,0
R00377,35.897537,127.008534,익산 데모도로,익산시,1404068.0,1069912.0,0.7620086776423934,10.189728749446369,matched,0,,,,,0,2025-06-05,23.306,16.32,30.1,18.44,0.0,49.544,1
R00395,35.961463,126.944843,익산 데모도로,익산시,1404068.0,1069912.0,0.7620086776423934,10.189728749446369,matched,0,,,,,0,2026-01-20,0.16400000000000015,-7.67,10.85,0.0,2.38,57.918000000000006,0
R00450,35.384808,127.358371,남원 데모도로,남원시,670188.0,287953.6,0.4296609309626552,17.276260308101918,matched,0,,,,,0,2025-06-06,24.398,16.1,30.58,1.58,0.0,55.260000000000005,0
R00364,35.979519,126.958682,익산 데모도로,익산시,1404068.0,1069912.0,0.7620086776423934,10.189728749446369,matched,0,,,,,0,2026-05-15,22.898000000000003,14.65,30.02,16.05,0.0,57.394000000000005,1
R00457,35.407786,127.382301,남원 데모도로,남원시,670188.0,287953.6,0.4296609309626552,17.276260308101918,matched,0,,,,,0,2025-05-28,24.142000000000003,17.72,35.86,25.45,0.0,66.91799999999999,0
R00226,35.989253,126.735337,군산 데모도로,군산시,1384801.76,612246.21,0.442118307244208,14.853572251212228,matched,0,,,,,0,2026-02-13,3.084,-4.39,11.51,4.76,0.0,64.50800000000001,0
R00131,35.863854,127.10724,전주 데모도로,전주시,2081706.65,842.95,0.0004049321742811,7.742488395563824,matched,0,,,,,0,2025-08-30,16.328,8.74,24.38,13.4,0.0,56.496,0
R00588,35.544153,126.829581,정읍 데모도로,정읍시,845508.0,326882.92,0.3866112680187532,9.4307279162049,matched,0,,,,,0,2026-06-07,23.933999999999997,17.64,30.17,33.68,0.0,62.214,0
R00476,35.473934,127.448117,남원 데모도로,남원시,670188.0,287953.6,0.4296609309626552,17.276260308101918,matched,0,,,,,0,2025-01-21,1.6039999999999999,-5.23,11.77,0.0,0.32,57.94,0
R00277,35.947756,126.896589,익산 데모도로,익산시,1404068.0,1069912.0,0.7620086776423934,10.189728749446369,matched,0,,,,,0,2026-01-08,-2.552,-9.39,2.5,6.09,0.0,61.766,1
R00156,35.968255,126.748701,군산 데모도로,군산시,1384801.76,612246.21,0.442118307244208,14.853572251212228,matched,0,,,,,0,2025-10-05,7.432,0.94,14.46,0.0,0.0,57.17999999999999,0
R00218,35.950727,126.736954,군산 데모도로,군산시,1384801.76,612246.21,0.442118307244208,14.853572251212228,matched,0,,,,,0,2026-01-28,0.9039999999999999,-7.19,9.15,13.78,3.7399999999999998,54.596000000000004,0
R00190,35.97726,126.744251,군산 데모도로,군산시,1384801.76,612246.21,0.442118307244208,14.853572251212228,matched,0,,,,,0,2025-08-08,21.816,14.78,26.98,18.26,0.0,63.507999999999996,0
R00417,35.415874,127.349843,남원 데모도로,남원시,670188.0,287953.6,0.4296609309626552,17.276260308101918,matched,0,,,,,0,2026-02-28,5.406000000000001,0.67,13.29,0.0,0.0,62.43399999999999,0
R00675,35.608788,126.81545,정읍 데모도로,정읍시,845508.0,326882.92,0.3866112680187532,9.4307279162049,matched,0,,,,,0,2025-02-21,5.965999999999999,0.4,12.56,5.6899999999999995,0.0,54.632000000000005,0
R00546,35.570073,126.781282,정읍 데모도로,정읍시,845508.0,326882.92,0.3866112680187532,9.4307279162049,matched,0,,,,,0,2024-09-18,13.23,5.64,23.28,0.0,0.0,62.855999999999995,0
R00041,35.788013,127.111612,전주 데모도로,전주시,2081706.65,842.95,0.0004049321742811,7.742488395563824,matched,0,,,,,0,2025-05-05,21.901999999999997,14.22,28.68,4.62,0.0,53.251999999999995,0
R00307,35.892097,126.901079,익산 데모도로,익산시,1404068.0,1069912.0,0.7620086776423934,10.189728749446369,matched,1,F0006,2024-12-28,상온아스콘,68.85092218809531,1,2025-10-13,7.648000000000001,1.02,14.41,2.56,0.0,60.775999999999996,0
R00338,35.998113,127.006219,익산 데모도로,익산시,1404068.0,1069912.0,0.7620086776423934,10.189728749446369,matched,0,,,,,0,2026-01-29,2.5799999999999996,-8.55,11.1,18.8,3.07,65.388,1
R00314,35.914794,126.925322,익산 데모도로,익산시,1404068.0,1069912.0,0.7620086776423934,10.189728749446369,matched,0,,,,,0,2026-02-20,4.668,-1.31,11.53,0.0,1.04,62.7,0
R00075,35.773982,127.148347,전주 데모도로,전주시,2081706.65,842.95,0.0004049321742811,7.742488395563824,matched,0,,,,,0,2025-06-18,25.36,18.42,33.48,14.03,0.0,62.298,0
R00279,35.94886,126.906278,익산 데모도로,익산시,1404068.0,1069912.0,0.7620086776423934,10.189728749446369,matched,0,,,,,0,2024-09-26,11.996,3.92,20.05,32.959999999999994,0.0,63.278,1
R00176,35.927913,126.697188,군산 데모도로,군산시,1384801.76,612246.21,0.442118307244208,14.853572251212228,matched,0,,,,,0,2025-12-20,-2.35,-11.6,5.5,0.0,0.0,65.46000000000001,0
R00662,35.563211,126.861169,정읍 데모도로,정읍시,845508.0,326882.92,0.3866112680187532,9.4307279162049,matched,0,,,,,0,2026-05-24,21.72,16.17,27.72,12.99,0.0,59.709999999999994,0
R00273,35.947588,126.879039,익산 데모도로,익산시,1404068.0,1069912.0,0.7620086776423934,10.189728749446369,matched,0,,,,,0,2026-02-11,3.158,-6.96,13.41,0.0,1.43,55.152,0
R00620,35.52488,126.855818,정읍 데모도로,정읍시,845508.0,326882.92,0.3866112680187532,9.4307279162049,matched,0,,,,,0,2026-06-19,24.666,18.03,31.25,29.11,0.0,62.238,0
R00651,35.52687,126.897763,정읍 데모도로,정읍시,845508.0,326882.92,0.3866112680187532,9.4307279162049,matched,0,,,,,0,2025-05-23,22.682,16.9,29.02,5.35,0.0,58.815999999999995,0
R00289,35.947722,126.954865,익산 데모도로,익산시,1404068.0,1069912.0,0.7620086776423934,10.189728749446369,matched,0,,,,,0,2025-03-09,7.178,-2.47,18.47,0.0,0.0,65.88,0
R00272,36.024573,126.679591,군산 데모도로,군산시,1384801.76,612246.21,0.442118307244208,14.853572251212228,matched,0,,,,,0,2024-10-23,5.3260000000000005,-1.65,12.6,5.79,0.0,57.36,0
R00066,35.874179,127.197996,전주 데모도로,전주시,2081706.65,842.95,0.0004049321742811,7.742488395563824,matched,0,,,,,0,2024-12-04,-0.504,-7.33,7.83,9.43,0.0,59.986000000000004,0
R00483,35.365376,127.390555,남원 데모도로,남원시,670188.0,287953.6,0.4296609309626552,17.276260308101918,matched,1,F0049,2024-07-06,상온아스콘,43.10099463333667,1,2025-05-13,21.919999999999998,14.74,29.44,6.34,0.0,56.172000000000004,0
R00248,35.941796,126.761985,군산 데모도로,군산시,1384801.76,612246.21,0.442118307244208,14.853572251212228,matched,0,,,,,0,2025-03-28,11.434000000000001,3.0,19.05,0.0,0.0,55.422000000000004,0
R00156,35.968255,126.748701,군산 데모도로,군산시,1384801.76,612246.21,0.442118307244208,14.853572251212228,matched,0,,,,,0,2026-01-30,1.572,-6.43,8.76,0.0,0.07,61.757999999999996,0
R00047,35.809363,127.132389,전주 데모도로,전주시,2081706.65,842.95,0.0004049321742811,7.742488395563824,matched,0,,,,,0,2024-11-16,1.2520000000000002,-4.44,9.96,13.58,0.0,60.69199999999999,0
R00454,35.396343,127.371362,남원 데모도로,남원시,670188.0,287953.6,0.4296609309626552,17.276260308101918,matched,0,,,,,0,2026-07-12,25.818,17.15,31.85,0.0,0.0,53.062,0
R00201,36.013271,126.78425,군산 데모도로,군산시,1384801.76,612246.21,0.442118307244208,14.853572251212228,matched,0,,,,,0,2025-04-30,19.06,13.18,28.73,1.09,0.0,58.714,0
R00660,35.557868,126.868173,정읍 데모도로,정읍시,845508.0,326882.92,0.3866112680187532,9.4307279162049,matched,1,F0078,2024-04-02,상온아스콘,104.19575292623712,1,2025-11-16,1.714,-5.49,10.98,9.41,0.0,62.88199999999999,0
R00124,35.839379,127.13237,전주 데모도로,전주시,2081706.65,842.95,0.0004049321742811,7.742488395563824,matched,0,,,,,0,2025-04-28,20.860000000000003,10.22,30.18,23.0,0.0,58.736000000000004,0
R00001,35.82239,127.068752,전주 데모도로,전주시,2081706.65,842.95,0.0004049321742811,7.742488395563824,matched,0,,,,,0,2025-05-02,18.125999999999998,8.34,26.16,1.94,0.0,63.702,0
R00640,35.618997,126.856267,정읍 데모도로,정읍시,845508.0,326882.92,0.3866112680187532,9.4307279162049,matched,0,,,,,0,2025-09-05,17.880000000000003,8.69,24.71,0.0,0.0,60.4,0
R00191,35.978885,126.748397,군산 데모도로,군산시,1384801.76,612246.21,0.442118307244208,14.853572251212228,matched,0,,,,,0,2025-11-03,3.3760000000000003,-3.67,11.33,0.0,0.0,56.510000000000005,0
R00579,35.514755,126.798666,정읍 데모도로,정읍시,845508.0,326882.92,0.3866112680187532,9.4307279162049,matched,1,F0073,2024-07-27,임시보수,72.95949834242464,1,2026-04-09,16.73,8.49,27.59,0.0,0.0,54.684000000000005,0
R00516,35.37662,127.430309,남원 데모도로,남원시,670188.0,287953.6,0.4296609309626552,17.276260308101918,matched,0,,,,,0,2024-11-16,1.2520000000000002,-4.44,9.96,13.58,0.0,60.69199999999999,0
R00442,35.416187,127.470526,남원 데모도로,남원시,670188.0,287953.6,0.4296609309626552,17.276260308101918,matched,0,,,,,0,2025-09-12,15.514,8.16,25.19,0.0,0.0,54.220000000000006,0
R00143,35.967487,126.685226,군산 데모도로,군산시,1384801.76,612246.21,0.442118307244208,14.853572251212228,matched,0,,,,,0,2026-03-23,11.144,2.87,17.96,10.43,0.0,62.176,0
R00191,35.978885,126.748397,군산 데모도로,군산시,1384801.76,612246.21,0.442118307244208,14.853572251212228,matched,0,,,,,0,2024-10-01,10.328,1.06,17.39,17.25,0.0,64.09400000000001,0
R00533,35.435338,127.37155,남원 데모도로,남원시,670188.0,287953.6,0.4296609309626552,17.276260308101918,matched,0,,,,,0,2026-07-31,22.058,14.04,29.21,19.54,0.0,48.416,0
R00227,35.994827,126.737227,군산 데모도로,군산시,1384801.76,612246.21,0.442118307244208,14.853572251212228,matched,0,,,,,0,2026-06-13,25.532,18.05,34.13,70.91,0.0,63.17,1
R00313,35.911736,126.921285,익산 데모도로,익산시,1404068.0,1069912.0,0.7620086776423934,10.189728749446369,matched,0,,,,,0,2026-04-08,16.108,9.1,22.39,0.0,0.0,59.3,0
R00629,35.567799,126.856299,정읍 데모도로,정읍시,845508.0,326882.92,0.3866112680187532,9.4307279162049,matched,0,,,,,0,2024-09-06,16.064,8.28,24.71,1.73,0.0,56.646,0
R00302,35.947529,127.017443,익산 데모도로,익산시,1404068.0,1069912.0,0.7620086776423934,10.189728749446369,matched,0,,,,,0,2024-11-27,-0.7080000000000001,-6.76,6.01,6.56,0.0,63.112,0
R00654,35.536421,126.888782,정읍 데모도로,정읍시,845508.0,326882.92,0.3866112680187532,9.4307279162049,matched,0,,,,,0,2026-04-17,17.096,10.45,22.65,0.0,0.0,63.79600000000001,0
R00460,35.418368,127.392787,남원 데모도로,남원시,670188.0,287953.6,0.4296609309626552,17.276260308101918,matched,0,,,,,0,2025-08-10,19.872,13.26,27.43,41.95,0.0,64.85,0
R00401,35.98252,126.925258,익산 데모도로,익산시,1404068.0,1069912.0,0.7620086776423934,10.189728749446369,matched,0,,,,,0,2026-02-11,3.158,-6.96,13.41,0.0,1.43,55.152,1
R00551,35.570304,126.804958,정읍 데모도로,정읍시,845508.0,326882.92,0.3866112680187532,9.4307279162049,matched,0,,,,,0,2024-09-20,11.946000000000002,6.12,20.75,21.82,0.0,56.964,0
R00393,35.953645,126.953148,익산 데모도로,익산시,1404068.0,1069912.0,0.7620086776423934,10.189728749446369,matched,0,,,,,0,2025-04-04,12.53,6.02,21.19,0.0,0.0,52.73,1
R00207,35.897151,126.736213,군산 데모도로,군산시,1384801.76,612246.21,0.442118307244208,14.853572251212228,matched,0,,,,,0,2026-01-24,-0.19199999999999995,-8.98,7.5,13.41,1.35,53.012,0
R00210,35.912191,126.736465,군산 데모도로,군산시,1384801.76,612246.21,0.442118307244208,14.853572251212228,matched,1,F0030,2024-09-23,상온아스콘,70.51339636284223,2,2026-05-10,19.828,11.73,24.72,0.0,0.0,51.215999999999994,0
R00115,35.809502,127.16284,전주 데모도로,전주시,2081706.65,842.95,0.0004049321742811,7.742488395563824,matched,0,,,,,0,2025-01-20,0.44399999999999995,-6.31,6.49,0.0,0.0,58.438,0
R00646,35.649043,126.855421,정읍 데모도로,정읍시,845508.0,326882.92,0.3866112680187532,9.4307279162049,matched,0,,,,,0,2025-10-15,8.202,1.29,14.58,0.0,0.0,55.806,0
R00251,35.952319,126.752702,군산 데모도로,군산시,1384801.76,612246.21,0.442118307244208,14.853572251212228,matched,0,,,,,0,2025-04-21,17.05,8.27,23.78,0.0,0.0,60.826,0
R00219,35.955608,126.73509,군산 데모도로,군산시,1384801.76,612246.21,0.442118307244208,14.853572251212228,matched,0,,,,,0,2025-09-27,10.762,4.57,16.12,22.5,0.0,58.902,0
R00407,36.00134,126.904199,익산 데모도로,익산시,1404068.0,1069912.0,0.7620086776423934,10.189728749446369,matched,0,,,,,0,2026-02-10,3.6079999999999997,-2.81,9.52,0.0,0.0,55.001999999999995,0
R00443,35.360281,127.334962,남원 데모도로,남원시,670188.0,287953.6,0.4296609309626552,17.276260308101918,matched,0,,,,,0,2025-01-26,0.568,-6.43,5.74,31.27,0.0,64.288,0
R00603,35.595075,126.880772,정읍 데모도로,정읍시,845508.0,326882.92,0.3866112680187532,9.4307279162049,matched,0,,,,,0,2026-07-21,24.092000000000002,17.33,32.88,20.560000000000002,0.0,62.18399999999999,0
R00354,35.931685,126.958902,익산 데모도로,익산시,1404068.0,1069912.0,0.7620086776423934,10.189728749446369,matched,1,F0076,2025-01-27,상온아스콘,76.92133332542402,2,2024-12-13,-0.3579999999999999,-8.71,4.83,0.71,0.52,60.220000000000006,0
R00558,35.569036,126.839247,정읍 데모도로,정읍시,845508.0,326882.92,0.3866112680187532,9.4307279162049,matched,0,,,,,0,2025-05-16,22.158,13.82,30.72,0.0,0.0,60.09400000000001,0
R00550,35.569727,126.801535,정읍 데모도로,정읍시,845508.0,326882.92,0.3866112680187532,9.4307279162049,matched,0,,,,,0,2026-07-11,23.286,13.48,33.74,12.78,0.0,58.79600000000001,0
R00142,35.969221,126.680535,군산 데모도로,군산시,1384801.76,612246.21,0.442118307244208,14.853572251212228,matched,0,,,,,0,2025-12-18,-1.534,-11.03,7.85,31.27,0.0,66.53999999999999,0
R00612,35.625395,126.911783,정읍 데모도로,정읍시,845508.0,326882.92,0.3866112680187532,9.4307279162049,matched,0,,,,,0,2025-02-06,2.5759999999999996,-5.99,12.37,31.44,0.5700000000000001,65.196,0
R00501,35.453295,127.390161,남원 데모도로,남원시,670188.0,287953.6,0.4296609309626552,17.276260308101918,matched,0,,,,,0,2025-05-19,22.968,15.0,30.14,0.0,0.0,62.84400000000001,0
R00547,35.570127,126.786581,정읍 데모도로,정읍시,845508.0,326882.92,0.3866112680187532,9.4307279162049,matched,0,,,,,0,2025-05-04,22.174,15.92,28.47,0.0,0.0,60.854,0
R00659,35.555263,126.870762,정읍 데모도로,정읍시,845508.0,326882.92,0.3866112680187532,9.4307279162049,matched,0,,,,,0,2024-12-31,-0.6799999999999999,-6.76,3.6,25.31,2.02,55.970000000000006,0
R00542,35.465325,127.341219,남원 데모도로,남원시,670188.0,287953.6,0.4296609309626552,17.276260308101918,matched,0,,,,,0,2026-07-02,26.201999999999998,15.58,34.2,0.0,0.0,58.354,0
R00507,35.48096,127.390228,남원 데모도로,남원시,670188.0,287953.6,0.4296609309626552,17.276260308101918,matched,0,,,,,0,2026-08-10,19.972,12.73,28.95,0.0,0.0,56.608000000000004,0
R00596,35.572019,126.857827,정읍 데모도로,정읍시,845508.0,326882.92,0.3866112680187532,9.4307279162049,matched,0,,,,,0,2025-10-14,7.714,2.19,15.88,14.5,0.0,57.138,0
R00281,35.948433,126.915978,익산 데모도로,익산시,1404068.0,1069912.0,0.7620086776423934,10.189728749446369,matched,0,,,,,0,2025-10-13,7.648000000000001,1.02,14.41,2.56,0.0,60.775999999999996,0
R00424,35.415932,127.382745,남원 데모도로,남원시,670188.0,287953.6,0.4296609309626552,17.276260308101918,matched,0,,,,,0,2025-02-20,5.994,-1.35,13.32,0.0,4.23,59.022000000000006,0
R00270,36.016519,126.687173,군산 데모도로,군산시,1384801.76,612246.21,0.442118307244208,14.853572251212228,matched,0,,,,,0,2025-08-17,21.024,14.48,27.32,6.23,0.0,59.215999999999994,0
R00154,35.967652,126.739072,군산 데모도로,군산시,1384801.76,612246.21,0.442118307244208,14.853572251212228,matched,1,F0011,2024-03-26,임시보수,284.1412180574434,1,2026-04-17,17.096,10.45,22.65,0.0,0.0,63.79600000000001,0
R00614,35.494589,126.85642,정읍 데모도로,정읍시,845508.0,326882.92,0.3866112680187532,9.4307279162049,matched,0,,,,,0,2025-08-31,15.608,8.49,24.9,0.0,0.0,58.384,0
R00662,35.563211,126.861169,정읍 데모도로,정읍시,845508.0,326882.92,0.3866112680187532,9.4307279162049,matched,0,,,,,0,2026-01-23,0.9740000000000002,-9.24,8.41,9.17,2.05,61.775999999999996,0
R00083,35.811975,127.14672,전주 데모도로,전주시,2081706.65,842.95,0.0004049321742811,7.742488395563824,matched,0,,,,,0,2026-03-21,8.442,0.05,15.13,0.0,0.0,69.096,0
R00622,35.532152,126.855324,정읍 데모도로,정읍시,845508.0,326882.92,0.3866112680187532,9.4307279162049,matched,0,,,,,0,2026-08-10,19.972,12.73,28.95,0.0,0.0,56.608000000000004,0
R00426,35.416468,127.393247,남원 데모도로,남원시,670188.0,287953.6,0.4296609309626552,17.276260308101918,matched,0,,,,,0,2025-03-02,6.118,-0.03,12.78,1.31,0.0,52.879999999999995,0
R00275,35.94845,126.887485,익산 데모도로,익산시,1404068.0,1069912.0,0.7620086776423934,10.189728749446369,matched,0,,,,,0,2024-11-24,0.25999999999999984,-9.21,10.28,4.23,0.0,50.025999999999996,0
R00284,35.947861,126.930646,익산 데모도로,익산시,1404068.0,1069912.0,0.7620086776423934,10.189728749446369,matched,0,,,,,0,2026-04-15,16.182,9.17,25.0,0.0,0.0,63.977999999999994,0
R00173,35.917621,126.688036,군산 데모도로,군산시,1384801.76,612246.21,0.442118307244208,14.853572251212228,matched,0,,,,,0,2024-09-09,15.232,8.75,24.25,0.0,0.0,62.06,0
R00327,35.959917,126.970373,익산 데모도로,익산시,1404068.0,1069912.0,0.7620086776423934,10.189728749446369,matched,0,,,,,0,2025-11-11,2.754,-2.58,9.26,2.85,0.0,59.174,1
R00063,35.865229,127.186766,전주 데모도로,전주시,2081706.65,842.95,0.0004049321742811,7.742488395563824,matched,0,,,,,0,2025-02-06,2.5759999999999996,-5.99,12.37,31.44,0.5700000000000001,65.196,0
R00073,35.765804,127.148793,전주 데모도로,전주시,2081706.65,842.95,0.0004049321742811,7.742488395563824,matched,0,,,,,0,2025-09-05,17.880000000000003,8.69,24.71,0.0,0.0,60.4,0
R00636,35.600874,126.854656,정읍 데모도로,정읍시,845508.0,326882.92,0.3866112680187532,9.4307279162049,matched,0,,,,,0,2024-12-30,-0.9299999999999999,-8.96,6.33,16.79,0.35,55.31,0
R00375,35.891777,127.014449,익산 데모도로,익산시,1404068.0,1069912.0,0.7620086776423934,10.189728749446369,matched,0,,,,,0,2025-10-18,7.316,-2.16,13.08,4.02,0.0,62.652,0
R00633,35.586071,126.855575,정읍 데모도로,정읍시,845508.0,326882.92,0.3866112680187532,9.4307279162049,matched,0,,,,,0,2024-09-12,13.907999999999998,2.89,22.31,11.27,0.0,69.30799999999999,0
R00508,35.48774,127.390175,남원 데모도로,남원시,670188.0,287953.6,0.4296609309626552,17.276260308101918,matched,0,,,,,0,2026-01-03,-2.516,-9.53,8.12,28.0,6.65,63.464,0
R00398,35.971895,126.935194,익산 데모도로,익산시,1404068.0,1069912.0,0.7620086776423934,10.189728749446369,matched,0,,,,,0,2025-02-19,4.736,-1.42,10.85,17.86,0.67,55.366,1
R00120,35.825854,127.146328,전주 데모도로,전주시,2081706.65,842.95,0.0004049321742811,7.742488395563824,matched,0,,,,,0,2024-11-11,1.9780000000000002,-4.52,8.63,0.0,0.0,61.314,0
R00437,35.417432,127.445895,남원 데모도로,남원시,670188.0,287953.6,0.4296609309626552,17.276260308101918,matched,0,,,,,0,2026-03-08,6.276,-3.39,14.12,0.0,0.0,55.934000000000005,0
R00676,35.612337,126.81311,정읍 데모도로,정읍시,845508.0,326882.92,0.3866112680187532,9.4307279162049,matched,0,,,,,0,2025-01-09,-1.1960000000000002,-8.05,8.12,21.32,0.05,64.042,0
R00465,35.436303,127.408077,남원 데모도로,남원시,670188.0,287953.6,0.4296609309626552,17.276260308101918,matched,0,,,,,0,2026-06-28,25.796000000000003,17.81,31.33,6.23,0.0,59.129999999999995,0
R00286,35.948623,126.940673,익산 데모도로,익산시,1404068.0,1069912.0,0.7620086776423934,10.189728749446369,matched,0,,,,,0,2025-10-04,9.968,2.23,19.0,4.08,0.0,59.678,1
R00265,36.000204,126.70455,군산 데모도로,군산시,1384801.76,612246.21,0.442118307244208,14.853572251212228,matched,0,,,,,0,2025-03-30,11.748000000000001,3.03,18.38,10.82,0.0,59.742000000000004,0
R00320,35.934892,126.945135,익산 데모도로,익산시,1404068.0,1069912.0,0.7620086776423934,10.189728749446369,matched,1,F0055,2024-12-23,상온아스콘,82.4759824508526,2,2025-03-26,10.947999999999999,2.99,17.69,7.04,0.0,61.0,0
R00673,35.60303,126.823845,정읍 데모도로,정읍시,845508.0,326882.92,0.3866112680187532,9.4307279162049,matched,0,,,,,0,2025-02-13,3.2879999999999994,-4.2,12.19,0.0,5.23,58.23199999999999,0
R00376,35.893913,127.009165,익산 데모도로,익산시,1404068.0,1069912.0,0.7620086776423934,10.189728749446369,matched,0,,,,,0,2026-05-11,20.174,11.09,29.75,39.150000000000006,0.0,65.93199999999999,1
R00089,35.841654,127.148283,전주 데모도로,전주시,2081706.65,842.95,0.0004049321742811,7.742488395563824,matched,0,,,,,0,2025-10-25,4.704,-4.92,11.69,0.0,0.0,65.934,0
R00654,35.536421,126.888782,정읍 데모도로,정읍시,845508.0,326882.92,0.3866112680187532,9.4307279162049,matched,0,,,,,0,2025-05-10,18.922,10.49,27.24,7.9,0.0,59.814,0
R00203,36.020964,126.790234,군산 데모도로,군산시,1384801.76,612246.21,0.442118307244208,14.853572251212228,matched,0,,,,,0,2025-10-21,6.074,-1.59,12.75,27.66,0.0,64.19,0
R00334,35.983692,126.993823,익산 데모도로,익산시,1404068.0,1069912.0,0.7620086776423934,10.189728749446369,matched,0,,,,,0,2026-06-11,22.619999999999997,17.25,28.83,0.0,0.0,53.04,1
R00222,35.970253,126.736466,군산 데모도로,군산시,1384801.76,612246.21,0.442118307244208,14.853572251212228,matched,0,,,,,0,2025-10-08,9.548,1.74,18.31,5.89,0.0,58.342000000000006,0
R00041,35.788013,127.111612,전주 데모도로,전주시,2081706.65,842.95,0.0004049321742811,7.742488395563824,matched,0,,,,,0,2025-11-14,0.718,-5.89,6.75,43.419999999999995,0.0,62.952,0
R00068,35.879031,127.203977,전주 데모도로,전주시,2081706.65,842.95,0.0004049321742811,7.742488395563824,matched,0,,,,,0,2026-08-15,22.642000000000003,15.13,30.29,0.0,0.0,57.614,0
R00514,35.36946,127.437272,남원 데모도로,남원시,670188.0,287953.6,0.4296609309626552,17.276260308101918,matched,0,,,,,0,2025-03-03,8.318000000000001,-0.97,16.97,26.810000000000002,0.0,57.955999999999996,0
R00637,35.606627,126.855358,정읍 데모도로,정읍시,845508.0,326882.92,0.3866112680187532,9.4307279162049,matched,0,,,,,0,2026-02-23,6.026,-1.24,12.04,0.0,0.0,59.95,0
R00622,35.532152,126.855324,정읍 데모도로,정읍시,845508.0,326882.92,0.3866112680187532,9.4307279162049,matched,0,,,,,0,2024-10-10,9.234,1.34,17.18,3.34,0.0,57.42,0
R00598,35.578568,126.864039,정읍 데모도로,정읍시,845508.0,326882.92,0.3866112680187532,9.4307279162049,matched,0,,,,,0,2025-12-11,-1.048,-11.07,8.27,0.02,0.96,53.83,0
R00632,35.582455,126.856529,정읍 데모도로,정읍시,845508.0,326882.92,0.3866112680187532,9.4307279162049,matched,0,,,,,0,2025-11-04,3.476,-3.44,10.42,1.85,0.0,66.17,0
R00127,35.850219,127.120805,전주 데모도로,전주시,2081706.65,842.95,0.0004049321742811,7.742488395563824,matched,0,,,,,0,2025-07-14,24.936,18.29,33.05,18.48,0.0,60.984,0
R00255,35.965179,126.738767,군산 데모도로,군산시,1384801.76,612246.21,0.442118307244208,14.853572251212228,matched,1,F0011,2024-03-26,임시보수,177.07354209606078,1,2025-04-26,18.098,11.22,27.08,6.75,0.0,48.751999999999995,0
R00016,35.823803,127.140991,전주 데모도로,전주시,2081706.65,842.95,0.0004049321742811,7.742488395563824,matched,0,,,,,0,2024-12-19,-1.8219999999999998,-12.33,5.58,2.14,0.0,53.2,0
R00477,35.336331,127.39122,남원 데모도로,남원시,670188.0,287953.6,0.4296609309626552,17.276260308101918,matched,0,,,,,0,2025-09-09,16.008,7.92,25.16,0.0,0.0,64.644,0
R00062,35.860978,127.183322,전주 데모도로,전주시,2081706.65,842.95,0.0004049321742811,7.742488395563824,matched,0,,,,,0,2025-07-23,23.36,16.25,30.22,10.51,0.0,57.06,0
R00432,35.416519,127.421833,남원 데모도로,남원시,670188.0,287953.6,0.4296609309626552,17.276260308101918,matched,0,,,,,0,2025-08-01,22.436,16.65,28.49,2.4,0.0,61.91799999999999,0
R00670,35.591932,126.833874,정읍 데모도로,정읍시,845508.0,326882.92,0.3866112680187532,9.4307279162049,matched,0,,,,,0,2024-09-16,15.77,9.46,22.42,41.54,0.0,62.588,0
R00268,36.01108,126.693329,군산 데모도로,군산시,1384801.76,612246.21,0.442118307244208,14.853572251212228,matched,0,,,,,0,2024-09-22,11.542,6.11,18.06,0.0,0.0,61.75600000000001,0
R00035,35.768569,127.091285,전주 데모도로,전주시,2081706.65,842.95,0.0004049321742811,7.742488395563824,matched,0,,,,,0,2026-01-18,0.01200000000000001,-6.47,6.93,12.73,0.79,71.02000000000001,0
R00576,35.570358,126.926923,정읍 데모도로,정읍시,845508.0,326882.92,0.3866112680187532,9.4307279162049,matched,0,,,,,0,2025-09-18,14.163999999999998,8.51,19.49,7.54,0.0,60.032,0
R00494,35.418072,127.390784,남원 데모도로,남원시,670188.0,287953.6,0.4296609309626552,17.276260308101918,matched,0,,,,,0,2026-05-03,17.752000000000002,10.12,25.47,14.85,0.0,67.428,0
R00562,35.569879,126.8594,정읍 데모도로,정읍시,845508.0,326882.92,0.3866112680187532,9.4307279162049,matched,0,,,,,0,2025-06-08,24.248,17.3,32.05,11.24,0.0,55.238,0
R00469,35.449458,127.423413,남원 데모도로,남원시,670188.0,287953.6,0.4296609309626552,17.276260308101918,matched,0,,,,,0,2026-03-30,12.0,5.37,18.09,1.83,0.0,50.19,0
R00661,35.56196,126.863398,정읍 데모도로,정읍시,845508.0,326882.92,0.3866112680187532,9.4307279162049,matched,0,,,,,0,2025-08-02,21.97,12.53,31.4,45.44,0.0,62.224000000000004,0
R00325,35.952676,126.962377,익산 데모도로,익산시,1404068.0,1069912.0,0.7620086776423934,10.189728749446369,matched,0,,,,,0,2025-01-12,0.4299999999999999,-7.18,6.53,7.06,2.18,65.738,0
R00304,35.948469,127.027629,익산 데모도로,익산시,1404068.0,1069912.0,0.7620086776423934,10.189728749446369,matched,0,,,,,0,2024-10-24,4.819999999999999,-4.86,14.82,11.17,0.0,64.362,1
R00276,35.948767,126.893546,익산 데모도로,익산시,1404068.0,1069912.0,0.7620086776423934,10.189728749446369,matched,0,,,,,0,2026-01-20,0.16400000000000015,-7.67,10.85,0.0,2.38,57.918000000000006,0
R00201,36.013271,126.78425,군산 데모도로,군산시,1384801.76,612246.21,0.442118307244208,14.853572251212228,matched,0,,,,,0,2024-12-18,1.4620000000000002,-5.45,10.04,3.67,0.0,53.288,0
R00445,35.366323,127.341717,남원 데모도로,남원시,670188.0,287953.6,0.4296609309626552,17.276260308101918,matched,0,,,,,0,2025-07-24,22.612000000000002,15.38,29.4,0.0,0.0,54.774,0
R00324,35.950586,126.958855,익산 데모도로,익산시,1404068.0,1069912.0,0.7620086776423934,10.189728749446369,matched,0,,,,,0,2025-02-09,2.45,-4.02,10.55,10.98,0.0,64.322,0
R00035,35.768569,127.091285,전주 데모도로,전주시,2081706.65,842.95,0.0004049321742811,7.742488395563824,matched,0,,,,,0,2026-07-10,24.958,16.69,32.44,0.0,0.0,61.008,0
R00482,35.36124,127.390767,남원 데모도로,남원시,670188.0,287953.6,0.4296609309626552,17.276260308101918,matched,0,,,,,0,2026-04-07,15.038,4.97,23.53,0.0,0.0,59.512,0
R00480,35.350356,127.390477,남원 데모도로,남원시,670188.0,287953.6,0.4296609309626552,17.276260308101918,matched,0,,,,,0,2025-11-12,3.5460000000000003,-4.43,11.62,0.0,0.0,60.428,1
R00065,35.871408,127.194156,전주 데모도로,전주시,2081706.65,842.95,0.0004049321742811,7.742488395563824,matched,0,,,,,0,2026-02-26,4.828,-1.55,11.79,0.0,0.0,57.912,0
R00008,35.823561,127.101636,전주 데모도로,전주시,2081706.65,842.95,0.0004049321742811,7.742488395563824,matched,0,,,,,0,2025-01-01,-1.8240000000000003,-9.51,3.0,3.56,1.02,51.948,0
R00301,35.948673,127.013247,익산 데모도로,익산시,1404068.0,1069912.0,0.7620086776423934,10.189728749446369,matched,0,,,,,0,2024-09-03,17.15,10.73,23.74,0.0,0.0,57.71,1
R00343,35.878362,126.955789,익산 데모도로,익산시,1404068.0,1069912.0,0.7620086776423934,10.189728749446369,matched,0,,,,,0,2025-07-17,22.740000000000002,14.63,29.17,0.0,0.0,59.152,0
R00431,35.416507,127.4178,남원 데모도로,남원시,670188.0,287953.6,0.4296609309626552,17.276260308101918,matched,0,,,,,0,2025-03-01,6.63,-3.82,17.17,0.0,0.0,55.246,0
R00424,35.415932,127.382745,남원 데모도로,남원시,670188.0,287953.6,0.4296609309626552,17.276260308101918,matched,0,,,,,0,2025-12-27,-1.4780000000000002,-8.21,7.32,25.38,0.0,70.164,0
R00332,35.976972,126.987128,익산 데모도로,익산시,1404068.0,1069912.0,0.7620086776423934,10.189728749446369,matched,0,,,,,0,2024-08-27,19.586,9.42,29.43,7.68,0.0,52.315999999999995,0
R00438,35.417725,127.450021,남원 데모도로,남원시,670188.0,287953.6,0.4296609309626552,17.276260308101918,matched,0,,,,,0,2025-07-18,23.978,12.87,30.95,9.01,0.0,60.33200000000001,0
R00588,35.544153,126.829581,정읍 데모도로,정읍시,845508.0,326882.92,0.3866112680187532,9.4307279162049,matched,0,,,,,0,2025-07-17,22.740000000000002,14.63,29.17,0.0,0.0,59.152,0
R00174,35.922429,126.69067,군산 데모도로,군산시,1384801.76,612246.21,0.442118307244208,14.853572251212228,matched,0,,,,,0,2025-07-11,24.978,18.8,31.75,4.49,0.0,57.024,0
R00559,35.568964,126.84381,정읍 데모도로,정읍시,845508.0,326882.92,0.3866112680187532,9.4307279162049,matched,1,F0021,2024-02-23,덧씌우기,46.37641616568677,1,2024-09-02,17.556,12.26,26.08,0.0,0.0,51.36800000000001,0
R00527,35.41435,127.391393,남원 데모도로,남원시,670188.0,287953.6,0.4296609309626552,17.276260308101918,matched,0,,,,,0,2026-04-24,18.962,10.49,28.48,10.82,0.0,57.024,0
R00659,35.555263,126.870762,정읍 데모도로,정읍시,845508.0,326882.92,0.3866112680187532,9.4307279162049,matched,0,,,,,0,2025-04-01,12.522,5.37,19.74,16.46,0.0,61.662,0
R00026,35.824853,127.188986,전주 데모도로,전주시,2081706.65,842.95,0.0004049321742811,7.742488395563824,matched,0,,,,,0,2025-10-17,8.22,1.27,16.94,0.0,0.0,65.878,0
R00605,35.602529,126.88987,정읍 데모도로,정읍시,845508.0,326882.92,0.3866112680187532,9.4307279162049,matched,0,,,,,0,2025-09-30,12.102,3.11,22.03,11.96,0.0,55.104,0
R00406,35.997527,126.907476,익산 데모도로,익산시,1404068.0,1069912.0,0.7620086776423934,10.189728749446369,matched,1,F0012,2024-01-19,임시보수,16.87355486376633,1,2024-12-09,-0.93,-10.13,6.8,0.0,2.63,55.77,0
R00232,36.019374,126.737064,군산 데모도로,군산시,1384801.76,612246.21,0.442118307244208,14.853572251212228,matched,0,,,,,0,2025-10-20,6.556,-2.06,15.03,0.0,0.0,58.736000000000004,0
R00533,35.435338,127.37155,남원 데모도로,남원시,670188.0,287953.6,0.4296609309626552,17.276260308101918,matched,0,,,,,0,2024-08-19,18.448,11.14,25.78,69.77000000000001,0.0,61.574,0
R00550,35.569727,126.801535,정읍 데모도로,정읍시,845508.0,326882.92,0.3866112680187532,9.4307279162049,matched,0,,,,,0,2025-05-11,20.302,12.1,31.0,0.0,0.0,54.754,0
R00505,35.472318,127.390957,남원 데모도로,남원시,670188.0,287953.6,0.4296609309626552,17.276260308101918,matched,0,,,,,0,2025-12-22,-1.0459999999999998,-6.5,5.11,63.00999999999999,0.0,68.492,1
R00669,35.588659,126.83769,정읍 데모도로,정읍시,845508.0,326882.92,0.3866112680187532,9.4307279162049,matched,0,,,,,0,2025-03-14,7.851999999999999,0.72,14.05,11.98,0.0,61.372,0
R00179,35.938291,126.706717,군산 데모도로,군산시,1384801.76,612246.21,0.442118307244208,14.853572251212228,matched,0,,,,,0,2026-05-02,20.786,14.57,27.23,14.36,0.0,54.462,0
R00132,35.865877,127.105213,전주 데모도로,전주시,2081706.65,842.95,0.0004049321742811,7.742488395563824,matched,0,,,,,0,2026-07-31,22.058,14.04,29.21,19.54,0.0,48.416,0
R00455,35.401253,127.375306,남원 데모도로,남원시,670188.0,287953.6,0.4296609309626552,17.276260308101918,matched,0,,,,,0,2025-08-22,17.246000000000002,9.97,22.92,42.76,0.0,60.166,0
R00348,35.903309,126.958479,익산 데모도로,익산시,1404068.0,1069912.0,0.7620086776423934,10.189728749446369,matched,0,,,,,0,2025-06-20,24.674,15.83,33.62,11.78,0.0,62.92,0
R00540,35.458624,127.347198,남원 데모도로,남원시,670188.0,287953.6,0.4296609309626552,17.276260308101918,matched,0,,,,,0,2024-08-30,17.608,10.33,23.51,7.75,0.0,64.22,0
R00406,35.997527,126.907476,익산 데모도로,익산시,1404068.0,1069912.0,0.7620086776423934,10.189728749446369,matched,1,F0012,2024-01-19,임시보수,16.87355486376633,1,2025-07-29,20.244,11.89,27.91,19.17,0.0,56.67999999999999,0
R00076,35.778204,127.148321,전주 데모도로,전주시,2081706.65,842.95,0.0004049321742811,7.742488395563824,matched,0,,,,,0,2025-11-26,0.06399999999999997,-8.03,9.27,1.66,0.0,64.03,0
R00579,35.514755,126.798666,정읍 데모도로,정읍시,845508.0,326882.92,0.3866112680187532,9.4307279162049,matched,1,F0073,2024-07-27,임시보수,72.95949834242464,1,2026-07-19,23.728,17.56,32.04,26.18,0.0,64.31,0
R00492,35.407522,127.389588,남원 데모도로,남원시,670188.0,287953.6,0.4296609309626552,17.276260308101918,matched,0,,,,,0,2026-06-15,25.894,17.68,33.82,12.2,0.0,54.04600000000001,0
R00194,35.990323,126.757954,군산 데모도로,군산시,1384801.76,612246.21,0.442118307244208,14.853572251212228,matched,0,,,,,0,2025-12-25,-0.7779999999999999,-10.2,5.33,9.48,1.44,57.198,1
R00162,35.96729,126.778488,군산 데모도로,군산시,1384801.76,612246.21,0.442118307244208,14.853572251212228,matched,0,,,,,0,2025-08-21,18.954,12.75,24.58,14.66,0.0,63.628,0
R00347,35.896805,126.958043,익산 데모도로,익산시,1404068.0,1069912.0,0.7620086776423934,10.189728749446369,matched,0,,,,,0,2025-10-12,7.909999999999999,2.77,15.27,0.0,0.0,59.138,0
R00361,35.965113,126.957936,익산 데모도로,익산시,1404068.0,1069912.0,0.7620086776423934,10.189728749446369,matched,0,,,,,0,2025-02-05,1.8780000000000001,-4.52,7.7,4.16,0.7,61.358000000000004,1
R00584,35.53106,126.815246,정읍 데모도로,정읍시,845508.0,326882.92,0.3866112680187532,9.4307279162049,matched,0,,,,,0,2024-12-30,-0.9299999999999999,-8.96,6.33,16.79,0.35,55.31,0
R00087,35.830638,127.147691,전주 데모도로,전주시,2081706.65,842.95,0.0004049321742811,7.742488395563824,matched,0,,,,,0,2025-10-19,6.14,-2.75,14.26,16.26,0.0,62.239999999999995,0
R00262,35.990055,126.714701,군산 데모도로,군산시,1384801.76,612246.21,0.442118307244208,14.853572251212228,matched,0,,,,,0,2024-09-12,13.907999999999998,2.89,22.31,11.27,0.0,69.30799999999999,0
R00214,35.931778,126.737521,군산 데모도로,군산시,1384801.76,612246.21,0.442118307244208,14.853572251212228,matched,0,,,,,0,2026-01-30,1.572,-6.43,8.76,0.0,0.07,61.757999999999996,0
R00665,35.574607,126.85097,정읍 데모도로,정읍시,845508.0,326882.92,0.3866112680187532,9.4307279162049,matched,0,,,,,0,2025-02-24,5.242,-5.58,14.35,0.0,2.79,56.315999999999995,0
R00573,35.570077,126.911682,정읍 데모도로,정읍시,845508.0,326882.92,0.3866112680187532,9.4307279162049,matched,0,,,,,0,2025-01-06,-3.44,-12.24,8.59,0.0,0.0,55.672000000000004,0
R00262,35.990055,126.714701,군산 데모도로,군산시,1384801.76,612246.21,0.442118307244208,14.853572251212228,matched,0,,,,,0,2026-02-24,5.612,-0.55,12.76,22.32,0.71,68.096,0
R00283,35.947534,126.925525,익산 데모도로,익산시,1404068.0,1069912.0,0.7620086776423934,10.189728749446369,matched,0,,,,,0,2026-06-07,23.933999999999997,17.64,30.17,33.68,0.0,62.214,0
R00648,35.516605,126.909882,정읍 데모도로,정읍시,845508.0,326882.92,0.3866112680187532,9.4307279162049,matched,1,F0063,2025-01-29,상온아스콘,35.41790110235762,1,2025-06-29,25.136,17.38,32.46,25.03,0.0,70.982,0
R00467,35.442511,127.416527,남원 데모도로,남원시,670188.0,287953.6,0.4296609309626552,17.276260308101918,matched,0,,,,,0,2025-11-05,5.486,-2.03,13.46,2.37,0.0,58.996,0
R00380,35.908842,126.998177,익산 데모도로,익산시,1404068.0,1069912.0,0.7620086776423934,10.189728749446369,matched,0,,,,,0,2025-07-03,24.113999999999997,15.82,34.8,0.0,0.0,51.501999999999995,0
R00362,35.970358,126.957834,익산 데모도로,익산시,1404068.0,1069912.0,0.7620086776423934,10.189728749446369,matched,0,,,,,0,2025-11-02,3.3579999999999997,-4.35,10.67,16.13,0.0,62.88199999999999,0
R00449,35.380762,127.354279,남원 데모도로,남원시,670188.0,287953.6,0.4296609309626552,17.276260308101918,matched,0,,,,,0,2024-11-18,2.346,-3.69,8.57,15.21,0.0,53.36,0
R00441,35.416321,127.465452,남원 데모도로,남원시,670188.0,287953.6,0.4296609309626552,17.276260308101918,matched,0,,,,,0,2025-02-13,3.2879999999999994,-4.2,12.19,0.0,5.23,58.23199999999999,0
R00093,35.860091,127.146524,전주 데모도로,전주시,2081706.65,842.95,0.0004049321742811,7.742488395563824,matched,0,,,,,0,2024-10-13,7.356,-2.58,13.67,0.0,0.0,49.734,0
R00621,35.529402,126.856496,정읍 데모도로,정읍시,845508.0,326882.92,0.3866112680187532,9.4307279162049,matched,0,,,,,0,2025-01-20,0.44399999999999995,-6.31,6.49,0.0,0.0,58.438,0
R00424,35.415932,127.382745,남원 데모도로,남원시,670188.0,287953.6,0.4296609309626552,17.276260308101918,matched,0,,,,,0,2026-06-21,25.214000000000002,16.6,33.5,3.79,0.0,61.996,0
R00142,35.969221,126.680535,군산 데모도로,군산시,1384801.76,612246.21,0.442118307244208,14.853572251212228,matched,0,,,,,0,2024-12-07,-1.718,-9.87,5.9,25.98,0.0,58.846000000000004,0
R00291,35.948641,126.964972,익산 데모도로,익산시,1404068.0,1069912.0,0.7620086776423934,10.189728749446369,matched,1,F0018,2025-12-31,덧씌우기,53.87184894734594,1,2025-01-02,-2.092,-9.71,6.4,0.0,0.52,59.589999999999996,1
R00432,35.416519,127.421833,남원 데모도로,남원시,670188.0,287953.6,0.4296609309626552,17.276260308101918,matched,0,,,,,0,2025-04-07,16.77,11.21,22.55,10.44,0.0,65.362,0
R00653,35.534174,126.892292,정읍 데모도로,정읍시,845508.0,326882.92,0.3866112680187532,9.4307279162049,matched,0,,,,,0,2025-11-29,-0.7599999999999999,-9.79,6.9,10.540000000000001,0.0,63.220000000000006,0
