road_point_id,lat,lon,road_name,city,total_sewer_length,old_sewer_length,sewer_old30_ratio,average_sewer_age,sewer_match_status,has_nearby_repair,repair_id,last_repair_date,repair_type,distance_to_last_repair_m,nearby_repair_count,point_id,traffic_station_id,traffic_route,traffic_section,traffic_distance_m,traffic_esal,total_traffic,heavy_vehicle_ratio,traffic_match_type,traffic_score,sewer_score,date,freeze_thaw_14d,freeze_score,rain_7d,rain_14d,rain_score,repair_adjustment,freeze_contribution,rain_contribution,sewer_contribution,traffic_contribution,base_risk_score,risk_score,risk_level,main_risk_factor,risk_reason,rule_based_risk_score,rule_based_risk_level,rule_based_risk_reason,has_past_repair,latest_repair_id,latest_repair_date,latest_repair_distance_m,days_since_last_repair,logistic_score,contribution_freeze_thaw_14d,contribution_rain_7d,contribution_rain_14d,contribution_sewer_old30_ratio,contribution_traffic_esal,contribution_has_past_repair,contribution_days_since_last_repair,risk_percentile,risk_rank_group
R00154,35.967652,126.739072,군산 데모도로,군산시,1384801.76,612246.21,0.442118307244208,14.853572251212228,matched,1,F0011,2024-03-26,임시보수,284.1412180574434,1,153,2914-00,국도29호선,개정면-성산면(2914-00),3285.9514385123416,3290.9867000000004,15555.0,0.0942109404788128,city_median,79.4299920661839,44.2118307244208,2025-12-31,13.0,100.0,9.050000000000008,17.75,17.960000000000008,-2.0,35.0,4.490000000000002,8.84236614488416,15.88599841323678,64.21836455812094,99.70588235294117,매우 위험,보수 후 경과기간,"Logistic 위험순위 상위 0.3% | 주요 증가요인=보수 후 경과기간 | 동결융해 14일 13회 | 7일 강수 9.1mm | 14일 강수 17.8mm | 하수관 노후비율 44.2% | ESAL 3291.0 (도시 중앙값) | 최근 보수 645일 전 / 거리 284m | 모델기여도[동결융해=+0.696, 7일 누적강수=-0.085, 14일 누적강수=+0.099, 하수관로 노후도=-0.007, 교통하중=+0.007, 과거 보수이력=+1.214, 보수 후 경과기간=+1.299]",62.21836455812094,위험,"주요원인=동결융해 | 동결융해=100.0점 (14일 13회) | 누적강수=18.0점 (7일 9.1mm, 14일 17.8mm) | 하수관로 노후도=44.2점 (30년 이상 비율 44.2%) | 교통하중=79.4점 (ESAL 3291.0, 도시 중앙값 적용) | 최근보수=645일 전 (284m, 보정 -2점)",1,F0011,2024-03-26,284.1412180574434,645.0,0.953226352616221,0.696248318989472,-0.08492964696704859,0.09850479154862715,-0.007391001686411909,0.007281250748113266,1.2142911181258602,1.2994385038814298,99.70588235294117,상위 1%
R00153,35.96705,126.73437,군산 데모도로,군산시,1384801.76,612246.21,0.442118307244208,14.853572251212228,matched,1,F0011,2024-03-26,임시보수,271.61629231644616,1,152,2914-00,국도29호선,개정면-성산면(2914-00),3695.678402945297,3290.9867000000004,15555.0,0.0942109404788128,city_median,79.4299920661839,44.2118307244208,2025-12-31,13.0,100.0,9.050000000000008,17.75,17.960000000000008,-2.0,35.0,4.490000000000002,8.84236614488416,15.88599841323678,64.21836455812094,99.70588235294117,매우 위험,보수 후 경과기간,"Logistic 위험순위 상위 0.3% | 주요 증가요인=보수 후 경과기간 | 동결융해 14일 13회 | 7일 강수 9.1mm | 14일 강수 17.8mm | 하수관 노후비율 44.2% | ESAL 3291.0 (도시 중앙값) | 최근 보수 645일 전 / 거리 272m | 모델기여도[동결융해=+0.696, 7일 누적강수=-0.085, 14일 누적강수=+0.099, 하수관로 노후도=-0.007, 교통하중=+0.007, 과거 보수이력=+1.214, 보수 후 경과기간=+1.299]",62.21836455812094,위험,"주요원인=동결융해 | 동결융해=100.0점 (14일 13회) | 누적강수=18.0점 (7일 9.1mm, 14일 17.8mm) | 하수관로 노후도=44.2점 (30년 이상 비율 44.2%) | 교통하중=79.4점 (ESAL 3291.0, 도시 중앙값 적용) | 최근보수=645일 전 (272m, 보정 -2점)",1,F0011,2024-03-26,271.61629231644616,645.0,0.953226352616221,0.696248318989472,-0.08492964696704859,0.09850479154862715,-0.007391001686411909,0.007281250748113266,1.2142911181258602,1.2994385038814298,99.70588235294117,상위 1%
R00187,35.965956,126.734873,군산 데모도로,군산시,1384801.76,612246.21,0.442118307244208,14.853572251212228,matched,1,F0011,2024-03-26,임시보수,187.10632243644343,1,186,2914-00,국도29호선,개정면-성산면(2914-00),3708.2744962948095,3290.9867000000004,15555.0,0.0942109404788128,city_median,79.4299920661839,44.2118307244208,2025-12-31,13.0,100.0,9.050000000000008,17.75,17.960000000000008,-2.0,35.0,4.490000000000002,8.84236614488416,15.88599841323678,64.21836455812094,99.70588235294117,매우 위험,보수 후 경과기간,"Logistic 위험순위 상위 0.3% | 주요 증가요인=보수 후 경과기간 | 동결융해 14일 13회 | 7일 강수 9.1mm | 14일 강수 17.8mm | 하수관 노후비율 44.2% | ESAL 3291.0 (도시 중앙값) | 최근 보수 645일 전 / 거리 187m | 모델기여도[동결융해=+0.696, 7일 누적강수=-0.085, 14일 누적강수=+0.099, 하수관로 노후도=-0.007, 교통하중=+0.007, 과거 보수이력=+1.214, 보수 후 경과기간=+1.299]",62.21836455812094,위험,"주요원인=동결융해 | 동결융해=100.0점 (14일 13회) | 누적강수=18.0점 (7일 9.1mm, 14일 17.8mm) | 하수관로 노후도=44.2점 (30년 이상 비율 44.2%) | 교통하중=79.4점 (ESAL 3291.0, 도시 중앙값 적용) | 최근보수=645일 전 (187m, 보정 -2점)",1,F0011,2024-03-26,187.10632243644346,645.0,0.953226352616221,0.696248318989472,-0.08492964696704859,0.09850479154862715,-0.007391001686411909,0.007281250748113266,1.2142911181258602,1.2994385038814298,99.70588235294117,상위 1%
R00221,35.96474,126.737245,군산 데모도로,군산시,1384801.76,612246.21,0.442118307244208,14.853572251212228,matched,1,F0011,2024-03-26,임시보수,117.57902927230556,1,220,2914-00,국도29호선,개정면-성산면(2914-00),3585.963749851004,3290.9867000000004,15555.0,0.0942109404788128,city_median,79.4299920661839,44.2118307244208,2025-12-31,13.0,100.0,9.050000000000008,17.75,17.960000000000008,-2.0,35.0,4.490000000000002,8.84236614488416,15.88599841323678,64.21836455812094,99.70588235294117,매우 위험,보수 후 경과기간,"Logistic 위험순위 상위 0.3% | 주요 증가요인=보수 후 경과기간 | 동결융해 14일 13회 | 7일 강수 9.1mm | 14일 강수 17.8mm | 하수관 노후비율 44.2% | ESAL 3291.0 (도시 중앙값) | 최근 보수 645일 전 / 거리 118m | 모델기여도[동결융해=+0.696, 7일 누적강수=-0.085, 14일 누적강수=+0.099, 하수관로 노후도=-0.007, 교통하중=+0.007, 과거 보수이력=+1.214, 보수 후 경과기간=+1.299]",62.21836455812094,위험,"주요원인=동결융해 | 동결융해=100.0점 (14일 13회) | 누적강수=18.0점 (7일 9.1mm, 14일 17.8mm) | 하수관로 노후도=44.2점 (30년 이상 비율 44.2%) | 교통하중=79.4점 (ESAL 3291.0, 도시 중앙값 적용) | 최근보수=645일 전 (118m, 보정 -2점)",1,F0011,2024-03-26,117.57902927230556,645.0,0.953226352616221,0.696248318989472,-0.08492964696704859,0.09850479154862715,-0.007391001686411909,0.007281250748113266,1.2142911181258602,1.2994385038814298,99.70588235294117,상위 1%
R00255,35.965179,126.738767,군산 데모도로,군산시,1384801.76,612246.21,0.442118307244208,14.853572251212228,matched,1,F0011,2024-03-26,임시보수,177.07354209606078,1,254,2914-00,국도29호선,개정면-성산면(2914-00),3443.250222568696,3290.9867000000004,15555.0,0.0942109404788128,city_median,79.4299920661839,44.2118307244208,2025-12-31,13.0,100.0,9.050000000000008,17.75,17.960000000000008,-2.0,35.0,4.490000000000002,8.84236614488416,15.88599841323678,64.21836455812094,99.70588235294117,매우 위험,보수 후 경과기간,"Logistic 위험순위 상위 0.3% | 주요 증가요인=보수 후 경과기간 | 동결융해 14일 13회 | 7일 강수 9.1mm | 14일 강수 17.8mm | 하수관 노후비율 44.2% | ESAL 3291.0 (도시 중앙값) | 최근 보수 645일 전 / 거리 177m | 모델기여도[동결융해=+0.696, 7일 누적강수=-0.085, 14일 누적강수=+0.099, 하수관로 노후도=-0.007, 교통하중=+0.007, 과거 보수이력=+1.214, 보수 후 경과기간=+1.299]",62.21836455812094,위험,"주요원인=동결융해 | 동결융해=100.0점 (14일 13회) | 누적강수=18.0점 (7일 9.1mm, 14일 17.8mm) | 하수관로 노후도=44.2점 (30년 이상 비율 44.2%) | 교통하중=79.4점 (ESAL 3291.0, 도시 중앙값 적용) | 최근보수=645일 전 (177m, 보정 -2점)",1,F0011,2024-03-26,177.07354209606078,645.0,0.953226352616221,0.696248318989472,-0.08492964696704859,0.09850479154862715,-0.007391001686411909,0.007281250748113266,1.2142911181258602,1.2994385038814298,99.70588235294117,상위 1%
R00559,35.568964,126.84381,정읍 데모도로,정읍시,845508.0,326882.92,0.3866112680187532,9.4307279162049,matched,1,F0021,2024-02-23,덧씌우기,46.37641616568677,1,558,2101-13,국도21호선,쌍치면-정읍시(2101-13),4130.098484290938,1150.0363,9688.5,0.0338430466812314,city_median,61.41042297962357,38.66112680187532,2025-12-31,13.0,100.0,0.0,8.97,3.5880000000000005,-2.0,35.0,0.8970000000000001,7.732225360375065,12.282084595924715,55.911309956299775,99.26470588235294,매우 위험,보수 후 경과기간,"Logistic 위험순위 상위 0.7% | 주요 증가요인=보수 후 경과기간 | 동결융해 14일 13회 | 7일 강수 0.0mm | 14일 강수 9.0mm | 하수관 노후비율 38.7% | ESAL 1150.0 (도시 중앙값) | 최근 보수 677일 전 / 거리 46m | 모델기여도[동결융해=+0.696, 7일 누적강수=-0.264, 14일 누적강수=+0.198, 하수관로 노후도=+0.003, 교통하중=-0.003, 과거 보수이력=+1.214, 보수 후 경과기간=+1.365]",53.911309956299775,주의,"주요원인=동결융해 | 동결융해=100.0점 (14일 13회) | 누적강수=3.6점 (7일 0.0mm, 14일 9.0mm) | 하수관로 노후도=38.7점 (30년 이상 비율 38.7%) | 교통하중=61.4점 (ESAL 1150.0, 도시 중앙값 적용) | 최근보수=677일 전 (46m, 보정 -2점)",1,F0021,2024-02-23,46.37641616568677,677.0,0.9525978723841154,0.696248318989472,-0.2641455745468213,0.19750546345590905,0.0034172125813376917,-0.0026691807566838026,1.2142911181258602,1.3647892804926693,99.26470588235294,상위 1%
R00591,35.555235,126.840653,정읍 데모도로,정읍시,845508.0,326882.92,0.3866112680187532,9.4307279162049,matched,1,F0029,2024-03-20,덧씌우기,30.622025103564173,1,590,2101-13,국도21호선,쌍치면-정읍시(2101-13),3771.666934683203,1150.0363,9688.5,0.0338430466812314,city_median,61.41042297962357,38.66112680187532,2025-12-31,13.0,100.0,0.0,8.97,3.5880000000000005,-2.0,35.0,0.8970000000000001,7.732225360375065,12.282084595924715,55.911309956299775,99.11764705882354,매우 위험,보수 후 경과기간,"Logistic 위험순위 상위 0.9% | 주요 증가요인=보수 후 경과기간 | 동결융해 14일 13회 | 7일 강수 0.0mm | 14일 강수 9.0mm | 하수관 노후비율 38.7% | ESAL 1150.0 (도시 중앙값) | 최근 보수 651일 전 / 거리 31m | 모델기여도[동결융해=+0.696, 7일 누적강수=-0.264, 14일 누적강수=+0.198, 하수관로 노후도=+0.003, 교통하중=-0.003, 과거 보수이력=+1.214, 보수 후 경과기간=+1.312]",53.911309956299775,주의,"주요원인=동결융해 | 동결융해=100.0점 (14일 13회) | 누적강수=3.6점 (7일 0.0mm, 14일 9.0mm) | 하수관로 노후도=38.7점 (30년 이상 비율 38.7%) | 교통하중=61.4점 (ESAL 1150.0, 도시 중앙값 적용) | 최근보수=651일 전 (31m, 보정 -2점)",1,F0029,2024-03-20,30.622025103564173,651.0,0.9501417987932743,0.696248318989472,-0.2641455745468213,0.19750546345590905,0.0034172125813376917,-0.0026691807566838026,1.2142911181258602,1.3116917744960372,99.11764705882354,상위 1%
R00660,35.557868,126.868173,정읍 데모도로,정읍시,845508.0,326882.92,0.3866112680187532,9.4307279162049,matched,1,F0078,2024-04-02,상온아스콘,104.19575292623712,1,659,2101-13,국도21호선,쌍치면-정읍시(2101-13),1634.0206125717448,264.4052,7479.0,0.0113651557694878,nearest_station,36.251614245274666,38.66112680187532,2025-12-31,13.0,100.0,0.0,8.97,3.5880000000000005,-2.0,35.0,0.8970000000000001,7.732225360375065,7.250322849054934,50.87954820942999,98.97058823529412,위험,보수 후 경과기간,"Logistic 위험순위 상위 1.0% | 주요 증가요인=보수 후 경과기간 | 동결융해 14일 13회 | 7일 강수 0.0mm | 14일 강수 9.0mm | 하수관 노후비율 38.7% | ESAL 264.4 (실제 조사점 1.6km) | 최근 보수 638일 전 / 거리 104m | 모델기여도[동결융해=+0.696, 7일 누적강수=-0.264, 14일 누적강수=+0.198, 하수관로 노후도=+0.003, 교통하중=-0.007, 과거 보수이력=+1.214, 보수 후 경과기간=+1.285]",48.87954820942999,주의,"주요원인=동결융해 | 동결융해=100.0점 (14일 13회) | 누적강수=3.6점 (7일 0.0mm, 14일 9.0mm) | 하수관로 노후도=38.7점 (30년 이상 비율 38.7%) | 교통하중=36.3점 (ESAL 264.4, 1.6km 이내 실제 조사점 적용) | 최근보수=638일 전 (104m, 보정 -2점)",1,F0078,2024-04-02,104.19575292623712,638.0,0.9486689157094509,0.696248318989472,-0.2641455745468213,0.19750546345590905,0.0034172125813376917,-0.00678530208255295,1.2142911181258602,1.2851430214977213,98.97058823529412,상위 1~5%
R00618,35.514389,126.856841,정읍 데모도로,정읍시,845508.0,326882.92,0.3866112680187532,9.4307279162049,matched,1,F0014,2024-04-09,상온아스콘,40.01655283658238,2,617,2101-13,국도21호선,쌍치면-정읍시(2101-13),4325.848634744519,1150.0363,9688.5,0.0338430466812314,city_median,61.41042297962357,38.66112680187532,2025-12-31,13.0,100.0,0.0,8.97,3.5880000000000005,-2.0,35.0,0.8970000000000001,7.732225360375065,12.282084595924715,55.911309956299775,98.82352941176471,위험,보수 후 경과기간,"Logistic 위험순위 상위 1.2% | 주요 증가요인=보수 후 경과기간 | 동결융해 14일 13회 | 7일 강수 0.0mm | 14일 강수 9.0mm | 하수관 노후비율 38.7% | ESAL 1150.0 (도시 중앙값) | 최근 보수 631일 전 / 거리 40m | 모델기여도[동결융해=+0.696, 7일 누적강수=-0.264, 14일 누적강수=+0.198, 하수관로 노후도=+0.003, 교통하중=-0.003, 과거 보수이력=+1.214, 보수 후 경과기간=+1.271]",53.911309956299775,주의,"주요원인=동결융해 | 동결융해=100.0점 (14일 13회) | 누적강수=3.6점 (7일 0.0mm, 14일 9.0mm) | 하수관로 노후도=38.7점 (30년 이상 비율 38.7%) | 교통하중=61.4점 (ESAL 1150.0, 도시 중앙값 적용) | 최근보수=631일 전 (40m, 보정 -2점)",1,F0014,2024-04-09,40.01655283658238,631.0,0.9481709494730048,0.696248318989472,-0.2641455745468213,0.19750546345590905,0.0034172125813376917,-0.0026691807566838026,1.2142911181258602,1.2708475391140124,98.82352941176471,상위 1~5%
R00224,35.980116,126.737311,군산 데모도로,군산시,1384801.76,612246.21,0.442118307244208,14.853572251212228,matched,1,F0062,2024-05-21,상온아스콘,46.28867242259897,2,223,2914-00,국도29호선,개정면-성산면(2914-00),3087.210117880671,3290.9867000000004,15555.0,0.0942109404788128,city_median,79.4299920661839,44.2118307244208,2025-12-31,13.0,100.0,9.050000000000008,17.75,17.960000000000008,-2.0,35.0,4.490000000000002,8.84236614488416,15.88599841323678,64.21836455812094,98.6764705882353,위험,과거 보수이력,"Logistic 위험순위 상위 1.3% | 주요 증가요인=과거 보수이력 | 동결융해 14일 13회 | 7일 강수 9.1mm | 14일 강수 17.8mm | 하수관 노후비율 44.2% | ESAL 3291.0 (도시 중앙값) | 최근 보수 589일 전 / 거리 46m | 모델기여도[동결융해=+0.696, 7일 누적강수=-0.085, 14일 누적강수=+0.099, 하수관로 노후도=-0.007, 교통하중=+0.007, 과거 보수이력=+1.214, 보수 후 경과기간=+1.185]",62.21836455812094,위험,"주요원인=동결융해 | 동결융해=100.0점 (14일 13회) | 누적강수=18.0점 (7일 9.1mm, 14일 17.8mm) | 하수관로 노후도=44.2점 (30년 이상 비율 44.2%) | 교통하중=79.4점 (ESAL 3291.0, 도시 중앙값 적용) | 최근보수=589일 전 (46m, 보정 -2점)",1,F0062,2024-05-21,46.28867242259897,589.0,0.9478547697049022,0.696248318989472,-0.08492964696704859,0.09850479154862715,-0.007391001686411909,0.007281250748113266,1.2142911181258602,1.1850746448117606,98.6764705882353,상위 1~5%
R00406,35.997527,126.907476,익산 데모도로,익산시,1404068.0,1069912.0,0.7620086776423934,10.189728749446369,matched,1,F0012,2024-01-19,임시보수,16.87355486376633,1,405,2711-00,국도27호선,익산시-성산면(2711-00),2820.7823616403225,1862.3388,20572.0,0.0407835893447404,nearest_station,69.67072113572632,76.20086776423935,2025-12-31,12.0,100.0,3.429999999999993,17.97,11.303999999999991,-2.0,35.0,2.825999999999998,15.240173552847873,13.934144227145266,67.00031777999314,98.52941176470588,위험,보수 후 경과기간,"Logistic 위험순위 상위 1.5% | 주요 증가요인=보수 후 경과기간 | 동결융해 14일 12회 | 7일 강수 3.4mm | 14일 강수 18.0mm | 하수관 노후비율 76.2% | ESAL 1862.3 (실제 조사점 2.8km) | 최근 보수 712일 전 / 거리 17m | 모델기여도[동결융해=+0.620, 7일 누적강수=-0.196, 14일 누적강수=+0.096, 하수관로 노후도=-0.070, 교통하중=+0.001, 과거 보수이력=+1.214, 보수 후 경과기간=+1.436]",65.00031777999314,위험,"주요원인=동결융해 | 동결융해=100.0점 (14일 12회) | 누적강수=11.3점 (7일 3.4mm, 14일 18.0mm) | 하수관로 노후도=76.2점 (30년 이상 비율 76.2%) | 교통하중=69.7점 (ESAL 1862.3, 2.8km 이내 실제 조사점 적용) | 최근보수=712일 전 (17m, 보정 -2점)",1,F0012,2024-01-19,16.87355486376633,712.0,0.9474550953912155,0.6197001285313087,-0.19622174785084137,0.09602413689946974,-0.06967938373125776,0.0006413663895488769,1.2142911181258602,1.4362666924112126,98.52941176470588,상위 1~5%
R00534,35.438364,127.367754,남원 데모도로,남원시,670188.0,287953.6,0.4296609309626552,17.276260308101918,matched,1,F0031,2024-01-15,상온아스콘,16.74323945473795,1,533,2411-03,국도24호선,대강면-남원시(2411-03),7056.414509249748,196.3664,2752.0,0.0593161200279134,city_median,31.172459494826025,42.96609309626552,2025-12-31,14.0,100.0,0.0,35.94,14.376,-2.0,35.0,3.594,8.593218619253104,6.234491898965206,53.42171051821831,98.38235294117646,위험,보수 후 경과기간,"Logistic 위험순위 상위 1.6% | 주요 증가요인=보수 후 경과기간 | 동결융해 14일 14회 | 7일 강수 0.0mm | 14일 강수 35.9mm | 하수관 노후비율 43.0% | ESAL 196.4 (도시 중앙값) | 최근 보수 716일 전 / 거리 17m | 모델기여도[동결융해=+0.773, 7일 누적강수=-0.264, 14일 누적강수=-0.107, 하수관로 노후도=-0.005, 교통하중=-0.007, 과거 보수이력=+1.214, 보수 후 경과기간=+1.444]",51.42171051821831,주의,"주요원인=동결융해 | 동결융해=100.0점 (14일 14회) | 누적강수=14.4점 (7일 0.0mm, 14일 35.9mm) | 하수관로 노후도=43.0점 (30년 이상 비율 43.0%) | 교통하중=31.2점 (ESAL 196.4, 도시 중앙값 적용) | 최근보수=716일 전 (17m, 보정 -2점)",1,F0031,2024-01-15,16.74323945473795,716.0,0.9447890096493046,0.7727965094476354,-0.2641455745468213,-0.1066002451248875,-0.004965327502672356,-0.007101523989921092,1.2142911181258602,1.4444355394876176,98.38235294117646,상위 1~5%
R00011,35.824282,127.116859,전주 데모도로,전주시,2081706.65,842.95,0.0004049321742811,7.742488395563824,matched,1,F0054,2024-09-07,상온아스콘,47.77544131531806,1,10,0116-02,국도1호선,김제IC-전주시(0116-02),8427.101007309828,2061.5824,24125.0,0.0379012869466836,city_median,71.41276306437679,0.04049321742811,2025-12-31,10.0,100.0,32.11999999999999,37.29,53.46,-2.0,35.0,13.364999999999998,0.008098643485622,14.282552612875358,62.655651256360976,98.23529411764706,위험,과거 보수이력,"Logistic 위험순위 상위 1.8% | 주요 증가요인=과거 보수이력 | 동결융해 14일 10회 | 7일 강수 32.1mm | 14일 강수 37.3mm | 하수관 노후비율 0.0% | ESAL 2061.6 (도시 중앙값) | 최근 보수 480일 전 / 거리 48m | 모델기여도[동결융해=+0.467, 7일 누적강수=+0.372, 14일 누적강수=-0.122, 하수관로 노후도=+0.079, 교통하중=+0.002, 과거 보수이력=+1.214, 보수 후 경과기간=+0.962]",60.655651256360976,위험,"주요원인=동결융해 | 동결융해=100.0점 (14일 10회) | 누적강수=53.5점 (7일 32.1mm, 14일 37.3mm) | 하수관로 노후도=0.0점 (30년 이상 비율 0.0%) | 교통하중=71.4점 (ESAL 2061.6, 도시 중앙값 적용) | 최근보수=480일 전 (48m, 보정 -2점)",1,F0054,2024-09-07,47.77544131531806,480.0,0.9407406221892177,0.4666037476149821,0.37192244687442655,-0.12182244410835341,0.07861850033900436,0.0015673849440044974,1.2142911181258602,0.9624735619797257,98.23529411764706,상위 1~5%
R00121,35.829855,127.142617,전주 데모도로,전주시,2081706.65,842.95,0.0004049321742811,7.742488395563824,matched,1,F0047,2024-09-26,덧씌우기,120.37828454162783,1,120,2606-00,국도26호선,전주시-소양면(2606-00),7240.653968090958,2061.5824,24125.0,0.0379012869466836,city_median,71.41276306437679,0.04049321742811,2025-12-31,10.0,100.0,32.11999999999999,37.29,53.46,-2.0,35.0,13.364999999999998,0.008098643485622,14.282552612875358,62.655651256360976,98.08823529411764,위험,과거 보수이력,"Logistic 위험순위 상위 1.9% | 주요 증가요인=과거 보수이력 | 동결융해 14일 10회 | 7일 강수 32.1mm | 14일 강수 37.3mm | 하수관 노후비율 0.0% | ESAL 2061.6 (도시 중앙값) | 최근 보수 461일 전 / 거리 120m | 모델기여도[동결융해=+0.467, 7일 누적강수=+0.372, 14일 누적강수=-0.122, 하수관로 노후도=+0.079, 교통하중=+0.002, 과거 보수이력=+1.214, 보수 후 경과기간=+0.924]",60.655651256360976,위험,"주요원인=동결융해 | 동결융해=100.0점 (14일 10회) | 누적강수=53.5점 (7일 32.1mm, 14일 37.3mm) | 하수관로 노후도=0.0점 (30년 이상 비율 0.0%) | 교통하중=71.4점 (ESAL 2061.6, 도시 중앙값 적용) | 최근보수=461일 전 (120m, 보정 -2점)",1,F0047,2024-09-26,120.37828454162783,461.0,0.9385401427628066,0.4666037476149821,0.37192244687442655,-0.12182244410835341,0.07861850033900436,0.0015673849440044974,1.2142911181258602,0.9236715383668023,98.08823529411764,상위 1~5%
R00579,35.514755,126.798666,정읍 데모도로,정읍시,845508.0,326882.92,0.3866112680187532,9.4307279162049,matched,1,F0073,2024-07-27,임시보수,72.95949834242464,1,578,2202-01,국도22호선,정읍IC-흥덕면(2202-01),5321.208279277214,1150.0363,9688.5,0.0338430466812314,city_median,61.41042297962357,38.66112680187532,2025-12-31,13.0,100.0,0.0,8.97,3.5880000000000005,-2.0,35.0,0.8970000000000001,7.732225360375065,12.282084595924715,55.911309956299775,97.94117647058823,위험,과거 보수이력,"Logistic 위험순위 상위 2.1% | 주요 증가요인=과거 보수이력 | 동결융해 14일 13회 | 7일 강수 0.0mm | 14일 강수 9.0mm | 하수관 노후비율 38.7% | ESAL 1150.0 (도시 중앙값) | 최근 보수 522일 전 / 거리 73m | 모델기여도[동결융해=+0.696, 7일 누적강수=-0.264, 14일 누적강수=+0.198, 하수관로 노후도=+0.003, 교통하중=-0.003, 과거 보수이력=+1.214, 보수 후 경과기간=+1.048]",53.911309956299775,주의,"주요원인=동결융해 | 동결융해=100.0점 (14일 13회) | 누적강수=3.6점 (7일 0.0mm, 14일 9.0mm) | 하수관로 노후도=38.7점 (30년 이상 비율 38.7%) | 교통하중=61.4점 (ESAL 1150.0, 도시 중앙값 적용) | 최근보수=522일 전 (73m, 보정 -2점)",1,F0073,2024-07-27,72.95949834242464,522.0,0.936074870525345,0.696248318989472,-0.2641455745468213,0.19750546345590905,0.0034172125813376917,-0.0026691807566838026,1.2142911181258602,1.0482464562819778,97.94117647058823,상위 1~5%
R00391,35.94597,126.960501,익산 데모도로,익산시,1404068.0,1069912.0,0.7620086776423934,10.189728749446369,matched,1,F0061,2024-05-03,덧씌우기,241.2059430824673,1,390,2711-00,국도27호선,익산시-성산면(2711-00),6997.895192443911,1862.3388,20572.0,0.0407835893447404,city_median,69.67072113572632,76.20086776423935,2025-12-31,12.0,100.0,3.429999999999993,17.97,11.303999999999991,-2.0,35.0,2.825999999999998,15.240173552847873,13.934144227145266,67.00031777999314,97.6470588235294,위험,보수 후 경과기간,"Logistic 위험순위 상위 2.4% | 주요 증가요인=보수 후 경과기간 | 동결융해 14일 12회 | 7일 강수 3.4mm | 14일 강수 18.0mm | 하수관 노후비율 76.2% | ESAL 1862.3 (도시 중앙값) | 최근 보수 607일 전 / 거리 241m | 모델기여도[동결융해=+0.620, 7일 누적강수=-0.196, 14일 누적강수=+0.096, 하수관로 노후도=-0.070, 교통하중=+0.001, 과거 보수이력=+1.214, 보수 후 경과기간=+1.222]",65.00031777999314,위험,"주요원인=동결융해 | 동결융해=100.0점 (14일 12회) | 누적강수=11.3점 (7일 3.4mm, 14일 18.0mm) | 하수관로 노후도=76.2점 (30년 이상 비율 76.2%) | 교통하중=69.7점 (ESAL 1862.3, 도시 중앙값 적용) | 최근보수=607일 전 (241m, 보정 -2점)",1,F0061,2024-05-03,241.20594308246734,607.0,0.935696624416754,0.6197001285313087,-0.19622174785084137,0.09602413689946974,-0.06967938373125776,0.0006413663895488769,1.2142911181258602,1.2218344566555828,97.6470588235294,상위 1~5%
R00392,35.948941,126.957302,익산 데모도로,익산시,1404068.0,1069912.0,0.7620086776423934,10.189728749446369,matched,1,F0061,2024-05-03,덧씌우기,287.2705145235735,1,391,2711-00,국도27호선,익산시-성산면(2711-00),6590.298303139492,1862.3388,20572.0,0.0407835893447404,city_median,69.67072113572632,76.20086776423935,2025-12-31,12.0,100.0,3.429999999999993,17.97,11.303999999999991,-2.0,35.0,2.825999999999998,15.240173552847873,13.934144227145266,67.00031777999314,97.6470588235294,위험,보수 후 경과기간,"Logistic 위험순위 상위 2.4% | 주요 증가요인=보수 후 경과기간 | 동결융해 14일 12회 | 7일 강수 3.4mm | 14일 강수 18.0mm | 하수관 노후비율 76.2% | ESAL 1862.3 (도시 중앙값) | 최근 보수 607일 전 / 거리 287m | 모델기여도[동결융해=+0.620, 7일 누적강수=-0.196, 14일 누적강수=+0.096, 하수관로 노후도=-0.070, 교통하중=+0.001, 과거 보수이력=+1.214, 보수 후 경과기간=+1.222]",65.00031777999314,위험,"주요원인=동결융해 | 동결융해=100.0점 (14일 12회) | 누적강수=11.3점 (7일 3.4mm, 14일 18.0mm) | 하수관로 노후도=76.2점 (30년 이상 비율 76.2%) | 교통하중=69.7점 (ESAL 1862.3, 도시 중앙값 적용) | 최근보수=607일 전 (287m, 보정 -2점)",1,F0061,2024-05-03,287.2705145235735,607.0,0.935696624416754,0.6197001285313087,-0.19622174785084137,0.09602413689946974,-0.06967938373125776,0.0006413663895488769,1.2142911181258602,1.2218344566555828,97.6470588235294,상위 1~5%
R00290,35.948538,126.959971,익산 데모도로,익산시,1404068.0,1069912.0,0.7620086776423934,10.189728749446369,matched,1,F0061,2024-05-03,덧씌우기,55.46006762674781,1,289,2711-00,국도27호선,익산시-성산면(2711-00),6825.436389798247,1862.3388,20572.0,0.0407835893447404,city_median,69.67072113572632,76.20086776423935,2025-12-31,12.0,100.0,3.429999999999993,17.97,11.303999999999991,-2.0,35.0,2.825999999999998,15.240173552847873,13.934144227145266,67.00031777999314,97.6470588235294,위험,보수 후 경과기간,"Logistic 위험순위 상위 2.4% | 주요 증가요인=보수 후 경과기간 | 동결융해 14일 12회 | 7일 강수 3.4mm | 14일 강수 18.0mm | 하수관 노후비율 76.2% | ESAL 1862.3 (도시 중앙값) | 최근 보수 607일 전 / 거리 55m | 모델기여도[동결융해=+0.620, 7일 누적강수=-0.196, 14일 누적강수=+0.096, 하수관로 노후도=-0.070, 교통하중=+0.001, 과거 보수이력=+1.214, 보수 후 경과기간=+1.222]",65.00031777999314,위험,"주요원인=동결융해 | 동결융해=100.0점 (14일 12회) | 누적강수=11.3점 (7일 3.4mm, 14일 18.0mm) | 하수관로 노후도=76.2점 (30년 이상 비율 76.2%) | 교통하중=69.7점 (ESAL 1862.3, 도시 중앙값 적용) | 최근보수=607일 전 (55m, 보정 -2점)",1,F0061,2024-05-03,55.46006762674781,607.0,0.935696624416754,0.6197001285313087,-0.19622174785084137,0.09602413689946974,-0.06967938373125776,0.0006413663895488769,1.2142911181258602,1.2218344566555828,97.6470588235294,상위 1~5%
R00468,35.445372,127.419546,남원 데모도로,남원시,670188.0,287953.6,0.4296609309626552,17.276260308101918,matched,1,F0043,2024-04-11,임시보수,22.83920998847246,1,467,2411-03,국도24호선,대강면-남원시(2411-03),11448.46534784234,196.3664,2752.0,0.0593161200279134,city_median,31.172459494826025,42.96609309626552,2025-12-31,14.0,100.0,0.0,35.94,14.376,-2.0,35.0,3.594,8.593218619253104,6.234491898965206,53.42171051821831,97.35294117647058,위험,보수 후 경과기간,"Logistic 위험순위 상위 2.6% | 주요 증가요인=보수 후 경과기간 | 동결융해 14일 14회 | 7일 강수 0.0mm | 14일 강수 35.9mm | 하수관 노후비율 43.0% | ESAL 196.4 (도시 중앙값) | 최근 보수 629일 전 / 거리 23m | 모델기여도[동결융해=+0.773, 7일 누적강수=-0.264, 14일 누적강수=-0.107, 하수관로 노후도=-0.005, 교통하중=-0.007, 과거 보수이력=+1.214, 보수 후 경과기간=+1.267]",51.42171051821831,주의,"주요원인=동결융해 | 동결융해=100.0점 (14일 14회) | 누적강수=14.4점 (7일 0.0mm, 14일 35.9mm) | 하수관로 노후도=43.0점 (30년 이상 비율 43.0%) | 교통하중=31.2점 (ESAL 196.4, 도시 중앙값 적용) | 최근보수=629일 전 (23m, 보정 -2점)",1,F0043,2024-04-11,22.83920998847246,629.0,0.9347545198066358,0.7727965094476354,-0.2641455745468213,-0.1066002451248875,-0.004965327502672356,-0.007101523989921092,1.2142911181258602,1.2667631155758101,97.35294117647058,상위 1~5%
R00210,35.912191,126.736465,군산 데모도로,군산시,1384801.76,612246.21,0.442118307244208,14.853572251212228,matched,1,F0030,2024-09-23,상온아스콘,70.51339636284223,2,209,2914-00,국도29호선,개정면-성산면(2914-00),8287.384935822498,3290.9867000000004,15555.0,0.0942109404788128,city_median,79.4299920661839,44.2118307244208,2025-12-31,13.0,100.0,9.050000000000008,17.75,17.960000000000008,-2.0,35.0,4.490000000000002,8.84236614488416,15.88599841323678,64.21836455812094,97.20588235294117,위험,과거 보수이력,"Logistic 위험순위 상위 2.8% | 주요 증가요인=과거 보수이력 | 동결융해 14일 13회 | 7일 강수 9.1mm | 14일 강수 17.8mm | 하수관 노후비율 44.2% | ESAL 3291.0 (도시 중앙값) | 최근 보수 464일 전 / 거리 71m | 모델기여도[동결융해=+0.696, 7일 누적강수=-0.085, 14일 누적강수=+0.099, 하수관로 노후도=-0.007, 교통하중=+0.007, 과거 보수이력=+1.214, 보수 후 경과기간=+0.930]",62.21836455812094,위험,"주요원인=동결융해 | 동결융해=100.0점 (14일 13회) | 누적강수=18.0점 (7일 9.1mm, 14일 17.8mm) | 하수관로 노후도=44.2점 (30년 이상 비율 44.2%) | 교통하중=79.4점 (ESAL 3291.0, 도시 중앙값 적용) | 최근보수=464일 전 (71m, 보정 -2점)",1,F0030,2024-09-23,70.51339636284223,464.0,0.9336954694864344,0.696248318989472,-0.08492964696704859,0.09850479154862715,-0.007391001686411909,0.007281250748113266,1.2142911181258602,0.929798173674106,97.20588235294117,상위 1~5%
R00003,35.824446,127.078537,전주 데모도로,전주시,2081706.65,842.95,0.0004049321742811,7.742488395563824,matched,1,F0025,2024-12-21,임시보수,74.05669924623368,1,2,0116-02,국도1호선,김제IC-전주시(0116-02),5669.937637848831,2061.5824,24125.0,0.0379012869466836,city_median,71.41276306437679,0.04049321742811,2025-12-31,10.0,100.0,32.11999999999999,37.29,53.46,-2.0,35.0,13.364999999999998,0.008098643485622,14.282552612875358,62.655651256360976,96.98529411764706,위험,과거 보수이력,"Logistic 위험순위 상위 3.0% | 주요 증가요인=과거 보수이력 | 동결융해 14일 10회 | 7일 강수 32.1mm | 14일 강수 37.3mm | 하수관 노후비율 0.0% | ESAL 2061.6 (도시 중앙값) | 최근 보수 375일 전 / 거리 74m | 모델기여도[동결융해=+0.467, 7일 누적강수=+0.372, 14일 누적강수=-0.122, 하수관로 노후도=+0.079, 교통하중=+0.002, 과거 보수이력=+1.214, 보수 후 경과기간=+0.748]",60.655651256360976,위험,"주요원인=동결융해 | 동결융해=100.0점 (14일 10회) | 누적강수=53.5점 (7일 32.1mm, 14일 37.3mm) | 하수관로 노후도=0.0점 (30년 이상 비율 0.0%) | 교통하중=71.4점 (ESAL 2061.6, 도시 중앙값 적용) | 최근보수=375일 전 (74m, 보정 -2점)",1,F0025,2024-12-21,74.05669924623368,375.0,0.9275944173708686,0.4666037476149821,0.37192244687442655,-0.12182244410835341,0.07861850033900436,0.0015673849440044974,1.2142911181258602,0.7480413262240959,96.98529411764706,상위 1~5%
R00004,35.824761,127.08082,전주 데모도로,전주시,2081706.65,842.95,0.0004049321742811,7.742488395563824,matched,1,F0025,2024-12-21,임시보수,232.6316133835872,1,3,0116-02,국도1호선,김제IC-전주시(0116-02),5838.81975354146,2061.5824,24125.0,0.0379012869466836,city_median,71.41276306437679,0.04049321742811,2025-12-31,10.0,100.0,32.11999999999999,37.29,53.46,-2.0,35.0,13.364999999999998,0.008098643485622,14.282552612875358,62.655651256360976,96.98529411764706,위험,과거 보수이력,"Logistic 위험순위 상위 3.0% | 주요 증가요인=과거 보수이력 | 동결융해 14일 10회 | 7일 강수 32.1mm | 14일 강수 37.3mm | 하수관 노후비율 0.0% | ESAL 2061.6 (도시 중앙값) | 최근 보수 375일 전 / 거리 233m | 모델기여도[동결융해=+0.467, 7일 누적강수=+0.372, 14일 누적강수=-0.122, 하수관로 노후도=+0.079, 교통하중=+0.002, 과거 보수이력=+1.214, 보수 후 경과기간=+0.748]",60.655651256360976,위험,"주요원인=동결융해 | 동결융해=100.0점 (14일 10회) | 누적강수=53.5점 (7일 32.1mm, 14일 37.3mm) | 하수관로 노후도=0.0점 (30년 이상 비율 0.0%) | 교통하중=71.4점 (ESAL 2061.6, 도시 중앙값 적용) | 최근보수=375일 전 (233m, 보정 -2점)",1,F0025,2024-12-21,232.6316133835872,375.0,0.9275944173708686,0.4666037476149821,0.37192244687442655,-0.12182244410835341,0.07861850033900436,0.0015673849440044974,1.2142911181258602,0.7480413262240959,96.98529411764706,상위 1~5%
R00064,35.866069,127.192037,전주 데모도로,전주시,2081706.65,842.95,0.0004049321742811,7.742488395563824,matched,1,F0005,2025-01-01,상온아스콘,24.35732709571809,2,63,2606-00,국도26호선,전주시-소양면(2606-00),2615.604608115723,1597.81,24125.0,0.0261139896373057,nearest_station,67.0451909311063,0.04049321742811,2025-12-31,10.0,100.0,32.11999999999999,37.29,53.46,-4.0,35.0,13.364999999999998,0.008098643485622,13.40903818622126,61.78213682970688,96.76470588235294,위험,과거 보수이력,"Logistic 위험순위 상위 3.2% | 주요 증가요인=과거 보수이력 | 동결융해 14일 10회 | 7일 강수 32.1mm | 14일 강수 37.3mm | 하수관 노후비율 0.0% | ESAL 1597.8 (실제 조사점 2.6km) | 최근 보수 364일 전 / 거리 24m | 모델기여도[동결융해=+0.467, 7일 누적강수=+0.372, 14일 누적강수=-0.122, 하수관로 노후도=+0.079, 교통하중=-0.001, 과거 보수이력=+1.214, 보수 후 경과기간=+0.726]",57.78213682970688,위험,"주요원인=동결융해 | 동결융해=100.0점 (14일 10회) | 누적강수=53.5점 (7일 32.1mm, 14일 37.3mm) | 하수관로 노후도=0.0점 (30년 이상 비율 0.0%) | 교통하중=67.0점 (ESAL 1597.8, 2.6km 이내 실제 조사점 적용) | 최근보수=364일 전 (24m, 보정 -4점)",1,F0005,2025-01-01,24.357327095718098,364.0,0.9259233708434795,0.4666037476149821,0.37192244687442655,-0.12182244410835341,0.07861850033900436,-0.0005880762474436302,1.2142911181258602,0.7255769967639824,96.76470588235294,상위 1~5%
R00091,35.851923,127.148471,전주 데모도로,전주시,2081706.65,842.95,0.0004049321742811,7.742488395563824,matched,1,F0028,2025-01-06,임시보수,43.30526227990157,1,90,2606-00,국도26호선,전주시-소양면(2606-00),6191.421694706993,2061.5824,24125.0,0.0379012869466836,city_median,71.41276306437679,0.04049321742811,2025-12-31,10.0,100.0,32.11999999999999,37.29,53.46,-4.0,35.0,13.364999999999998,0.008098643485622,14.282552612875358,62.655651256360976,96.61764705882354,위험,과거 보수이력,"Logistic 위험순위 상위 3.4% | 주요 증가요인=과거 보수이력 | 동결융해 14일 10회 | 7일 강수 32.1mm | 14일 강수 37.3mm | 하수관 노후비율 0.0% | ESAL 2061.6 (도시 중앙값) | 최근 보수 359일 전 / 거리 43m | 모델기여도[동결융해=+0.467, 7일 누적강수=+0.372, 14일 누적강수=-0.122, 하수관로 노후도=+0.079, 교통하중=+0.002, 과거 보수이력=+1.214, 보수 후 경과기간=+0.715]",58.655651256360976,위험,"주요원인=동결융해 | 동결융해=100.0점 (14일 10회) | 누적강수=53.5점 (7일 32.1mm, 14일 37.3mm) | 하수관로 노후도=0.0점 (30년 이상 비율 0.0%) | 교통하중=71.4점 (ESAL 2061.6, 도시 중앙값 적용) | 최근보수=359일 전 (43m, 보정 -4점)",1,F0028,2025-01-06,43.30526227990157,359.0,0.9253689439049829,0.4666037476149821,0.37192244687442655,-0.12182244410835341,0.07861850033900436,0.0015673849440044974,1.2142911181258602,0.7153659379184762,96.61764705882354,상위 1~5%
R00077,35.782909,127.148281,전주 데모도로,전주시,2081706.65,842.95,0.0004049321742811,7.742488395563824,matched,1,F0026,2025-01-07,덧씌우기,59.280089921032285,1,76,2606-00,국도26호선,전주시-소양면(2606-00),10069.251238872088,2061.5824,24125.0,0.0379012869466836,city_median,71.41276306437679,0.04049321742811,2025-12-31,10.0,100.0,32.11999999999999,37.29,53.46,-4.0,35.0,13.364999999999998,0.008098643485622,14.282552612875358,62.655651256360976,96.47058823529412,위험,과거 보수이력,"Logistic 위험순위 상위 3.5% | 주요 증가요인=과거 보수이력 | 동결융해 14일 10회 | 7일 강수 32.1mm | 14일 강수 37.3mm | 하수관 노후비율 0.0% | ESAL 2061.6 (도시 중앙값) | 최근 보수 358일 전 / 거리 59m | 모델기여도[동결융해=+0.467, 7일 누적강수=+0.372, 14일 누적강수=-0.122, 하수관로 노후도=+0.079, 교통하중=+0.002, 과거 보수이력=+1.214, 보수 후 경과기간=+0.713]",58.655651256360976,위험,"주요원인=동결융해 | 동결융해=100.0점 (14일 10회) | 누적강수=53.5점 (7일 32.1mm, 14일 37.3mm) | 하수관로 노후도=0.0점 (30년 이상 비율 0.0%) | 교통하중=71.4점 (ESAL 2061.6, 도시 중앙값 적용) | 최근보수=358일 전 (59m, 보정 -4점)",1,F0026,2025-01-07,59.280089921032285,358.0,0.9252277836078671,0.4666037476149821,0.37192244687442655,-0.12182244410835341,0.07861850033900436,0.0015673849440044974,1.2142911181258602,0.713323726149375,96.47058823529412,상위 1~5%
R00483,35.365376,127.390555,남원 데모도로,남원시,670188.0,287953.6,0.4296609309626552,17.276260308101918,matched,1,F0049,2024-07-06,상온아스콘,43.10099463333667,1,482,2411-03,국도24호선,대강면-남원시(2411-03),8449.465925804207,196.3664,2752.0,0.0593161200279134,city_median,31.172459494826025,42.96609309626552,2025-12-31,14.0,100.0,0.0,35.94,14.376,-2.0,35.0,3.594,8.593218619253104,6.234491898965206,53.42171051821831,96.32352941176471,위험,과거 보수이력,"Logistic 위험순위 상위 3.7% | 주요 증가요인=과거 보수이력 | 동결융해 14일 14회 | 7일 강수 0.0mm | 14일 강수 35.9mm | 하수관 노후비율 43.0% | ESAL 196.4 (도시 중앙값) | 최근 보수 543일 전 / 거리 43m | 모델기여도[동결융해=+0.773, 7일 누적강수=-0.264, 14일 누적강수=-0.107, 하수관로 노후도=-0.005, 교통하중=-0.007, 과거 보수이력=+1.214, 보수 후 경과기간=+1.091]",51.42171051821831,주의,"주요원인=동결융해 | 동결융해=100.0점 (14일 14회) | 누적강수=14.4점 (7일 0.0mm, 14일 35.9mm) | 하수관로 노후도=43.0점 (30년 이상 비율 43.0%) | 교통하중=31.2점 (ESAL 196.4, 도시 중앙값 적용) | 최근보수=543일 전 (43m, 보정 -2점)",1,F0049,2024-07-06,43.10099463333667,543.0,0.9231897687246815,0.7727965094476354,-0.2641455745468213,-0.1066002451248875,-0.004965327502672356,-0.007101523989921092,1.2142911181258602,1.0911329034331037,96.32352941176471,상위 1~5%
R00261,35.988141,126.717713,군산 데모도로,군산시,1384801.76,612246.21,0.442118307244208,14.853572251212228,matched,1,F0010,2025-01-17,임시보수,89.25965130574198,2,260,2914-00,국도29호선,개정면-성산면(2914-00),4911.703952387988,3290.9867000000004,15555.0,0.0942109404788128,city_median,79.4299920661839,44.2118307244208,2025-12-31,13.0,100.0,9.050000000000008,17.75,17.960000000000008,-4.0,35.0,4.490000000000002,8.84236614488416,15.88599841323678,64.21836455812094,96.17647058823529,위험,과거 보수이력,"Logistic 위험순위 상위 3.8% | 주요 증가요인=과거 보수이력 | 동결융해 14일 13회 | 7일 강수 9.1mm | 14일 강수 17.8mm | 하수관 노후비율 44.2% | ESAL 3291.0 (도시 중앙값) | 최근 보수 348일 전 / 거리 89m | 모델기여도[동결융해=+0.696, 7일 누적강수=-0.085, 14일 누적강수=+0.099, 하수관로 노후도=-0.007, 교통하중=+0.007, 과거 보수이력=+1.214, 보수 후 경과기간=+0.693]",60.21836455812094,위험,"주요원인=동결융해 | 동결융해=100.0점 (14일 13회) | 누적강수=18.0점 (7일 9.1mm, 14일 17.8mm) | 하수관로 노후도=44.2점 (30년 이상 비율 44.2%) | 교통하중=79.4점 (ESAL 3291.0, 도시 중앙값 적용) | 최근보수=348일 전 (89m, 보정 -4점)",1,F0010,2025-01-17,89.25965130574198,348.0,0.9174349750663435,0.696248318989472,-0.08492964696704859,0.09850479154862715,-0.007391001686411909,0.007281250748113266,1.2142911181258602,0.6929016084583626,96.17647058823529,상위 1~5%
R00136,35.881617,127.092076,전주 데모도로,전주시,2081706.65,842.95,0.0004049321742811,7.742488395563824,matched,1,F0074,2025-03-12,상온아스콘,41.68219006603318,2,135,0120-01,국도1호선,전주시-삼례읍(0120-01),4674.436571704157,2061.5824,24125.0,0.0379012869466836,city_median,71.41276306437679,0.04049321742811,2025-12-31,10.0,100.0,32.11999999999999,37.29,53.46,-4.0,35.0,13.364999999999998,0.008098643485622,14.282552612875358,62.655651256360976,96.02941176470588,위험,과거 보수이력,"Logistic 위험순위 상위 4.0% | 주요 증가요인=과거 보수이력 | 동결융해 14일 10회 | 7일 강수 32.1mm | 14일 강수 37.3mm | 하수관 노후비율 0.0% | ESAL 2061.6 (도시 중앙값) | 최근 보수 294일 전 / 거리 42m | 모델기여도[동결융해=+0.467, 7일 누적강수=+0.372, 14일 누적강수=-0.122, 하수관로 노후도=+0.079, 교통하중=+0.002, 과거 보수이력=+1.214, 보수 후 경과기간=+0.583]",58.655651256360976,위험,"주요원인=동결융해 | 동결융해=100.0점 (14일 10회) | 누적강수=53.5점 (7일 32.1mm, 14일 37.3mm) | 하수관로 노후도=0.0점 (30년 이상 비율 0.0%) | 교통하중=71.4점 (ESAL 2061.6, 도시 중앙값 적용) | 최근보수=294일 전 (42m, 보정 -4점)",1,F0074,2025-03-12,41.68219006603318,294.0,0.915667966428496,0.4666037476149821,0.37192244687442655,-0.12182244410835341,0.07861850033900436,0.0015673849440044974,1.2142911181258602,0.5826221729268959,96.02941176470588,상위 1~5%
R00648,35.516605,126.909882,정읍 데모도로,정읍시,845508.0,326882.92,0.3866112680187532,9.4307279162049,matched,1,F0063,2025-01-29,상온아스콘,35.41790110235762,1,647,2101-13,국도21호선,쌍치면-정읍시(2101-13),4325.192976919774,1150.0363,9688.5,0.0338430466812314,city_median,61.41042297962357,38.66112680187532,2025-12-31,13.0,100.0,0.0,8.97,3.5880000000000005,-4.0,35.0,0.8970000000000001,7.732225360375065,12.282084595924715,55.911309956299775,95.88235294117648,위험,과거 보수이력,"Logistic 위험순위 상위 4.1% | 주요 증가요인=과거 보수이력 | 동결융해 14일 13회 | 7일 강수 0.0mm | 14일 강수 9.0mm | 하수관 노후비율 38.7% | ESAL 1150.0 (도시 중앙값) | 최근 보수 336일 전 / 거리 35m | 모델기여도[동결융해=+0.696, 7일 누적강수=-0.264, 14일 누적강수=+0.198, 하수관로 노후도=+0.003, 교통하중=-0.003, 과거 보수이력=+1.214, 보수 후 경과기간=+0.668]",51.911309956299775,주의,"주요원인=동결융해 | 동결융해=100.0점 (14일 13회) | 누적강수=3.6점 (7일 0.0mm, 14일 9.0mm) | 하수관로 노후도=38.7점 (30년 이상 비율 38.7%) | 교통하중=61.4점 (ESAL 1150.0, 도시 중앙값 적용) | 최근보수=336일 전 (35m, 보정 -4점)",1,F0063,2025-01-29,35.41790110235762,336.0,0.9092186327690319,0.696248318989472,-0.2641455745468213,0.19750546345590905,0.0034172125813376917,-0.0026691807566838026,1.2142911181258602,0.6683950672291478,95.88235294117648,상위 1~5%
R00209,35.906807,126.736432,군산 데모도로,군산시,1384801.76,612246.21,0.442118307244208,14.853572251212228,matched,1,F0075,2025-03-13,임시보수,74.26482719326758,1,208,2914-00,국도29호선,개정면-성산면(2914-00),8844.797780074523,3290.9867000000004,15555.0,0.0942109404788128,city_median,79.4299920661839,44.2118307244208,2025-12-31,13.0,100.0,9.050000000000008,17.75,17.960000000000008,-4.0,35.0,4.490000000000002,8.84236614488416,15.88599841323678,64.21836455812094,95.73529411764706,위험,과거 보수이력,"Logistic 위험순위 상위 4.3% | 주요 증가요인=과거 보수이력 | 동결융해 14일 13회 | 7일 강수 9.1mm | 14일 강수 17.8mm | 하수관 노후비율 44.2% | ESAL 3291.0 (도시 중앙값) | 최근 보수 293일 전 / 거리 74m | 모델기여도[동결융해=+0.696, 7일 누적강수=-0.085, 14일 누적강수=+0.099, 하수관로 노후도=-0.007, 교통하중=+0.007, 과거 보수이력=+1.214, 보수 후 경과기간=+0.581]",60.21836455812094,위험,"주요원인=동결융해 | 동결융해=100.0점 (14일 13회) | 누적강수=18.0점 (7일 9.1mm, 14일 17.8mm) | 하수관로 노후도=44.2점 (30년 이상 비율 44.2%) | 교통하중=79.4점 (ESAL 3291.0, 도시 중앙값 적용) | 최근보수=293일 전 (74m, 보정 -4점)",1,F0075,2025-03-13,74.26482719326758,293.0,0.9085181184734786,0.696248318989472,-0.08492964696704859,0.09850479154862715,-0.007391001686411909,0.007281250748113266,1.2142911181258602,0.5805799611577946,95.73529411764706,상위 1~5%
R00320,35.934892,126.945135,익산 데모도로,익산시,1404068.0,1069912.0,0.7620086776423934,10.189728749446369,matched,1,F0055,2024-12-23,상온아스콘,82.4759824508526,2,319,2711-00,국도27호선,익산시-성산면(2711-00),6588.896773287132,1862.3388,20572.0,0.0407835893447404,city_median,69.67072113572632,76.20086776423935,2025-12-31,12.0,100.0,3.429999999999993,17.97,11.303999999999991,-2.0,35.0,2.825999999999998,15.240173552847873,13.934144227145266,67.00031777999314,95.58823529411765,위험,과거 보수이력,"Logistic 위험순위 상위 4.4% | 주요 증가요인=과거 보수이력 | 동결융해 14일 12회 | 7일 강수 3.4mm | 14일 강수 18.0mm | 하수관 노후비율 76.2% | ESAL 1862.3 (도시 중앙값) | 최근 보수 373일 전 / 거리 82m | 모델기여도[동결융해=+0.620, 7일 누적강수=-0.196, 14일 누적강수=+0.096, 하수관로 노후도=-0.070, 교통하중=+0.001, 과거 보수이력=+1.214, 보수 후 경과기간=+0.744]",65.00031777999314,위험,"주요원인=동결융해 | 동결융해=100.0점 (14일 12회) | 누적강수=11.3점 (7일 3.4mm, 14일 18.0mm) | 하수관로 노후도=76.2점 (30년 이상 비율 76.2%) | 교통하중=69.7점 (ESAL 1862.3, 도시 중앙값 적용) | 최근보수=373일 전 (82m, 보정 -2점)",1,F0055,2024-12-23,82.4759824508526,373.0,0.9002316951894661,0.6197001285313087,-0.19622174785084137,0.09602413689946974,-0.06967938373125776,0.0006413663895488769,1.2142911181258602,0.7439569026858934,95.58823529411765,상위 1~5%
R00307,35.892097,126.901079,익산 데모도로,익산시,1404068.0,1069912.0,0.7620086776423934,10.189728749446369,matched,1,F0006,2024-12-28,상온아스콘,68.85092218809531,1,306,2711-00,국도27호선,익산시-성산면(2711-00),9314.382564262562,1862.3388,20572.0,0.0407835893447404,city_median,69.67072113572632,76.20086776423935,2025-12-31,12.0,100.0,3.429999999999993,17.97,11.303999999999991,-2.0,35.0,2.825999999999998,15.240173552847873,13.934144227145266,67.00031777999314,95.44117647058825,위험,과거 보수이력,"Logistic 위험순위 상위 4.6% | 주요 증가요인=과거 보수이력 | 동결융해 14일 12회 | 7일 강수 3.4mm | 14일 강수 18.0mm | 하수관 노후비율 76.2% | ESAL 1862.3 (도시 중앙값) | 최근 보수 368일 전 / 거리 69m | 모델기여도[동결융해=+0.620, 7일 누적강수=-0.196, 14일 누적강수=+0.096, 하수관로 노후도=-0.070, 교통하중=+0.001, 과거 보수이력=+1.214, 보수 후 경과기간=+0.734]",65.00031777999314,위험,"주요원인=동결융해 | 동결융해=100.0점 (14일 12회) | 누적강수=11.3점 (7일 3.4mm, 14일 18.0mm) | 하수관로 노후도=76.2점 (30년 이상 비율 76.2%) | 교통하중=69.7점 (ESAL 1862.3, 도시 중앙값 적용) | 최근보수=368일 전 (69m, 보정 -2점)",1,F0006,2024-12-28,68.85092218809531,368.0,0.899310837774927,0.6197001285313087,-0.19622174785084137,0.09602413689946974,-0.06967938373125776,0.0006413663895488769,1.2142911181258602,0.7337458438403873,95.44117647058825,상위 1~5%
R00481,35.357294,127.39005,남원 데모도로,남원시,670188.0,287953.6,0.4296609309626552,17.276260308101918,matched,1,F0038,2024-12-02,상온아스콘,21.613938761646885,1,480,2411-03,국도24호선,대강면-남원시(2411-03),8842.857965697829,196.3664,2752.0,0.0593161200279134,city_median,31.172459494826025,42.96609309626552,2025-12-31,14.0,100.0,0.0,35.94,14.376,-2.0,35.0,3.594,8.593218619253104,6.234491898965206,53.42171051821831,95.29411764705881,위험,과거 보수이력,"Logistic 위험순위 상위 4.7% | 주요 증가요인=과거 보수이력 | 동결융해 14일 14회 | 7일 강수 0.0mm | 14일 강수 35.9mm | 하수관 노후비율 43.0% | ESAL 196.4 (도시 중앙값) | 최근 보수 394일 전 / 거리 22m | 모델기여도[동결융해=+0.773, 7일 누적강수=-0.264, 14일 누적강수=-0.107, 하수관로 노후도=-0.005, 교통하중=-0.007, 과거 보수이력=+1.214, 보수 후 경과기간=+0.787]",51.42171051821831,주의,"주요원인=동결융해 | 동결융해=100.0점 (14일 14회) | 누적강수=14.4점 (7일 0.0mm, 14일 35.9mm) | 하수관로 노후도=43.0점 (30년 이상 비율 43.0%) | 교통하중=31.2점 (ESAL 196.4, 도시 중앙값 적용) | 최근보수=394일 전 (22m, 보정 -2점)",1,F0038,2024-12-02,21.613938761646885,394.0,0.8986403129133432,0.7727965094476354,-0.2641455745468213,-0.1066002451248875,-0.004965327502672356,-0.007101523989921092,1.2142911181258602,0.7868433498370194,95.29411764705881,상위 1~5%
R00085,35.821804,127.148389,전주 데모도로,전주시,2081706.65,842.95,0.0004049321742811,7.742488395563824,matched,1,F0016,2025-06-20,상온아스콘,89.21257688824713,2,84,2606-00,국도26호선,전주시-소양면(2606-00),7167.07095666938,2061.5824,24125.0,0.0379012869466836,city_median,71.41276306437679,0.04049321742811,2025-12-31,10.0,100.0,32.11999999999999,37.29,53.46,-4.0,35.0,13.364999999999998,0.008098643485622,14.282552612875358,62.655651256360976,95.0735294117647,위험,과거 보수이력,"Logistic 위험순위 상위 4.9% | 주요 증가요인=과거 보수이력 | 동결융해 14일 10회 | 7일 강수 32.1mm | 14일 강수 37.3mm | 하수관 노후비율 0.0% | ESAL 2061.6 (도시 중앙값) | 최근 보수 194일 전 / 거리 89m | 모델기여도[동결융해=+0.467, 7일 누적강수=+0.372, 14일 누적강수=-0.122, 하수관로 노후도=+0.079, 교통하중=+0.002, 과거 보수이력=+1.214, 보수 후 경과기간=+0.378]",58.655651256360976,위험,"주요원인=동결융해 | 동결융해=100.0점 (14일 10회) | 누적강수=53.5점 (7일 32.1mm, 14일 37.3mm) | 하수관로 노후도=0.0점 (30년 이상 비율 0.0%) | 교통하중=71.4점 (ESAL 2061.6, 도시 중앙값 적용) | 최근보수=194일 전 (89m, 보정 -4점)",1,F0016,2025-06-20,89.21257688824713,194.0,0.8985002685314356,0.4666037476149821,0.37192244687442655,-0.12182244410835341,0.07861850033900436,0.0015673849440044974,1.2142911181258602,0.37840099601677224,95.0735294117647,상위 1~5%
R00119,35.822136,127.149945,전주 데모도로,전주시,2081706.65,842.95,0.0004049321742811,7.742488395563824,matched,1,F0016,2025-06-20,상온아스콘,107.16910328454772,2,118,2606-00,국도26호선,전주시-소양면(2606-00),7027.366770525431,2061.5824,24125.0,0.0379012869466836,city_median,71.41276306437679,0.04049321742811,2025-12-31,10.0,100.0,32.11999999999999,37.29,53.46,-4.0,35.0,13.364999999999998,0.008098643485622,14.282552612875358,62.655651256360976,95.0735294117647,위험,과거 보수이력,"Logistic 위험순위 상위 4.9% | 주요 증가요인=과거 보수이력 | 동결융해 14일 10회 | 7일 강수 32.1mm | 14일 강수 37.3mm | 하수관 노후비율 0.0% | ESAL 2061.6 (도시 중앙값) | 최근 보수 194일 전 / 거리 107m | 모델기여도[동결융해=+0.467, 7일 누적강수=+0.372, 14일 누적강수=-0.122, 하수관로 노후도=+0.079, 교통하중=+0.002, 과거 보수이력=+1.214, 보수 후 경과기간=+0.378]",58.655651256360976,위험,"주요원인=동결융해 | 동결융해=100.0점 (14일 10회) | 누적강수=53.5점 (7일 32.1mm, 14일 37.3mm) | 하수관로 노후도=0.0점 (30년 이상 비율 0.0%) | 교통하중=71.4점 (ESAL 2061.6, 도시 중앙값 적용) | 최근보수=194일 전 (107m, 보정 -4점)",1,F0016,2025-06-20,107.16910328454772,194.0,0.8985002685314356,0.4666037476149821,0.37192244687442655,-0.12182244410835341,0.07861850033900436,0.0015673849440044974,1.2142911181258602,0.37840099601677224,95.0735294117647,상위 1~5%
R00354,35.931685,126.958902,익산 데모도로,익산시,1404068.0,1069912.0,0.7620086776423934,10.189728749446369,matched,1,F0076,2025-01-27,상온아스콘,76.92133332542402,2,353,2711-00,국도27호선,익산시-성산면(2711-00),7757.88219871894,1862.3388,20572.0,0.0407835893447404,city_median,69.67072113572632,76.20086776423935,2025-12-31,12.0,100.0,3.429999999999993,17.97,11.303999999999991,-4.0,35.0,2.825999999999998,15.240173552847873,13.934144227145266,67.00031777999314,94.85294117647058,주의,과거 보수이력,"Logistic 위험순위 상위 5.1% | 주요 증가요인=과거 보수이력 | 동결융해 14일 12회 | 7일 강수 3.4mm | 14일 강수 18.0mm | 하수관 노후비율 76.2% | ESAL 1862.3 (도시 중앙값) | 최근 보수 338일 전 / 거리 77m | 모델기여도[동결융해=+0.620, 7일 누적강수=-0.196, 14일 누적강수=+0.096, 하수관로 노후도=-0.070, 교통하중=+0.001, 과거 보수이력=+1.214, 보수 후 경과기간=+0.672]",63.00031777999314,위험,"주요원인=동결융해 | 동결융해=100.0점 (14일 12회) | 누적강수=11.3점 (7일 3.4mm, 14일 18.0mm) | 하수관로 노후도=76.2점 (30년 이상 비율 76.2%) | 교통하중=69.7점 (ESAL 1862.3, 도시 중앙값 적용) | 최근보수=338일 전 (77m, 보정 -4점)",1,F0076,2025-01-27,76.92133332542402,338.0,0.8936258150716317,0.6197001285313087,-0.19622174785084137,0.09602413689946974,-0.06967938373125776,0.0006413663895488769,1.2142911181258602,0.6724794907673503,94.85294117647058,상위 5~15%
R00211,35.915869,126.737413,군산 데모도로,군산시,1384801.76,612246.21,0.442118307244208,14.853572251212228,matched,1,F0039,2025-07-01,덧씌우기,38.43476087695338,1,210,2914-00,국도29호선,개정면-성산면(2914-00),7877.14706118471,3290.9867000000004,15555.0,0.0942109404788128,city_median,79.4299920661839,44.2118307244208,2025-12-31,13.0,100.0,9.050000000000008,17.75,17.960000000000008,-4.0,35.0,4.490000000000002,8.84236614488416,15.88599841323678,64.21836455812094,94.70588235294117,주의,과거 보수이력,"Logistic 위험순위 상위 5.3% | 주요 증가요인=과거 보수이력 | 동결융해 14일 13회 | 7일 강수 9.1mm | 14일 강수 17.8mm | 하수관 노후비율 44.2% | ESAL 3291.0 (도시 중앙값) | 최근 보수 183일 전 / 거리 38m | 모델기여도[동결융해=+0.696, 7일 누적강수=-0.085, 14일 누적강수=+0.099, 하수관로 노후도=-0.007, 교통하중=+0.007, 과거 보수이력=+1.214, 보수 후 경과기간=+0.356]",60.21836455812094,위험,"주요원인=동결융해 | 동결융해=100.0점 (14일 13회) | 누적강수=18.0점 (7일 9.1mm, 14일 17.8mm) | 하수관로 노후도=44.2점 (30년 이상 비율 44.2%) | 교통하중=79.4점 (ESAL 3291.0, 도시 중앙값 적용) | 최근보수=183일 전 (38m, 보정 -4점)",1,F0039,2025-07-01,38.43476087695338,183.0,0.888055457398905,0.696248318989472,-0.08492964696704859,0.09850479154862715,-0.007391001686411909,0.007281250748113266,1.2142911181258602,0.3559366665566586,94.70588235294117,상위 5~15%
R00382,35.916638,126.989727,익산 데모도로,익산시,1404068.0,1069912.0,0.7620086776423934,10.189728749446369,matched,1,F0042,2025-02-28,덧씌우기,139.94437715521968,2,381,2711-00,국도27호선,익산시-성산면(2711-00),10977.189054561602,1862.3388,20572.0,0.0407835893447404,city_median,69.67072113572632,76.20086776423935,2025-12-31,12.0,100.0,3.429999999999993,17.97,11.303999999999991,-4.0,35.0,2.825999999999998,15.240173552847873,13.934144227145266,67.00031777999314,94.55882352941177,주의,과거 보수이력,"Logistic 위험순위 상위 5.4% | 주요 증가요인=과거 보수이력 | 동결융해 14일 12회 | 7일 강수 3.4mm | 14일 강수 18.0mm | 하수관 노후비율 76.2% | ESAL 1862.3 (도시 중앙값) | 최근 보수 306일 전 / 거리 140m | 모델기여도[동결융해=+0.620, 7일 누적강수=-0.196, 14일 누적강수=+0.096, 하수관로 노후도=-0.070, 교통하중=+0.001, 과거 보수이력=+1.214, 보수 후 경과기간=+0.607]",63.00031777999314,위험,"주요원인=동결융해 | 동결융해=100.0점 (14일 12회) | 누적강수=11.3점 (7일 3.4mm, 14일 18.0mm) | 하수관로 노후도=76.2점 (30년 이상 비율 76.2%) | 교통하중=69.7점 (ESAL 1862.3, 도시 중앙값 적용) | 최근보수=306일 전 (140m, 보정 -4점)",1,F0042,2025-02-28,139.94437715521968,306.0,0.8872519629007954,0.6197001285313087,-0.19622174785084137,0.09602413689946974,-0.06967938373125776,0.0006413663895488769,1.2142911181258602,0.6071287141561107,94.55882352941177,상위 5~15%
R00335,35.987871,126.998088,익산 데모도로,익산시,1404068.0,1069912.0,0.7620086776423934,10.189728749446369,matched,1,F0003,2025-03-05,상온아스콘,20.06007090848022,2,334,2711-00,국도27호선,익산시-성산면(2711-00),9656.33966705787,1862.3388,20572.0,0.0407835893447404,city_median,69.67072113572632,76.20086776423935,2025-12-31,12.0,100.0,3.429999999999993,17.97,11.303999999999991,-4.0,35.0,2.825999999999998,15.240173552847873,13.934144227145266,67.00031777999314,94.41176470588235,주의,과거 보수이력,"Logistic 위험순위 상위 5.6% | 주요 증가요인=과거 보수이력 | 동결융해 14일 12회 | 7일 강수 3.4mm | 14일 강수 18.0mm | 하수관 노후비율 76.2% | ESAL 1862.3 (도시 중앙값) | 최근 보수 301일 전 / 거리 20m | 모델기여도[동결융해=+0.620, 7일 누적강수=-0.196, 14일 누적강수=+0.096, 하수관로 노후도=-0.070, 교통하중=+0.001, 과거 보수이력=+1.214, 보수 후 경과기간=+0.597]",63.00031777999314,위험,"주요원인=동결융해 | 동결융해=100.0점 (14일 12회) | 누적강수=11.3점 (7일 3.4mm, 14일 18.0mm) | 하수관로 노후도=76.2점 (30년 이상 비율 76.2%) | 교통하중=69.7점 (ESAL 1862.3, 도시 중앙값 적용) | 최근보수=301일 전 (20m, 보정 -4점)",1,F0003,2025-03-05,20.06007090848022,301.0,0.8862264440131158,0.6197001285313087,-0.19622174785084137,0.09602413689946974,-0.06967938373125776,0.0006413663895488769,1.2142911181258602,0.5969176553106046,94.41176470588235,상위 5~15%
R00543,35.469876,127.337365,남원 데모도로,남원시,670188.0,287953.6,0.4296609309626552,17.276260308101918,matched,1,F0050,2025-03-01,상온아스콘,58.17664296622837,1,542,2411-03,국도24호선,대강면-남원시(2411-03),8371.538861663628,196.3664,2752.0,0.0593161200279134,city_median,31.172459494826025,42.96609309626552,2025-12-31,14.0,100.0,0.0,35.94,14.376,-4.0,35.0,3.594,8.593218619253104,6.234491898965206,53.42171051821831,94.26470588235294,주의,과거 보수이력,"Logistic 위험순위 상위 5.7% | 주요 증가요인=과거 보수이력 | 동결융해 14일 14회 | 7일 강수 0.0mm | 14일 강수 35.9mm | 하수관 노후비율 43.0% | ESAL 196.4 (도시 중앙값) | 최근 보수 305일 전 / 거리 58m | 모델기여도[동결융해=+0.773, 7일 누적강수=-0.264, 14일 누적강수=-0.107, 하수관로 노후도=-0.005, 교통하중=-0.007, 과거 보수이력=+1.214, 보수 후 경과기간=+0.605]",49.42171051821831,주의,"주요원인=동결융해 | 동결융해=100.0점 (14일 14회) | 누적강수=14.4점 (7일 0.0mm, 14일 35.9mm) | 하수관로 노후도=43.0점 (30년 이상 비율 43.0%) | 교통하중=31.2점 (ESAL 196.4, 도시 중앙값 적용) | 최근보수=305일 전 (58m, 보정 -4점)",1,F0050,2025-03-01,58.176642966228364,305.0,0.880844375901152,0.7727965094476354,-0.2641455745468213,-0.1066002451248875,-0.004965327502672356,-0.007101523989921092,1.2142911181258602,0.6050865023870095,94.26470588235294,상위 5~15%
R00323,35.94691,126.956026,익산 데모도로,익산시,1404068.0,1069912.0,0.7620086776423934,10.189728749446369,matched,1,F0051,2025-03-31,덧씌우기,282.78321484119584,1,322,2711-00,국도27호선,익산시-성산면(2711-00),6593.911419070522,1862.3388,20572.0,0.0407835893447404,city_median,69.67072113572632,76.20086776423935,2025-12-31,12.0,100.0,3.429999999999993,17.97,11.303999999999991,-4.0,35.0,2.825999999999998,15.240173552847873,13.934144227145266,67.00031777999314,94.04411764705883,주의,과거 보수이력,"Logistic 위험순위 상위 6.0% | 주요 증가요인=과거 보수이력 | 동결융해 14일 12회 | 7일 강수 3.4mm | 14일 강수 18.0mm | 하수관 노후비율 76.2% | ESAL 1862.3 (도시 중앙값) | 최근 보수 275일 전 / 거리 283m | 모델기여도[동결융해=+0.620, 7일 누적강수=-0.196, 14일 누적강수=+0.096, 하수관로 노후도=-0.070, 교통하중=+0.001, 과거 보수이력=+1.214, 보수 후 경과기간=+0.544]",63.00031777999314,위험,"주요원인=동결융해 | 동결융해=100.0점 (14일 12회) | 누적강수=11.3점 (7일 3.4mm, 14일 18.0mm) | 하수관로 노후도=76.2점 (30년 이상 비율 76.2%) | 교통하중=69.7점 (ESAL 1862.3, 도시 중앙값 적용) | 최근보수=275일 전 (283m, 보정 -4점)",1,F0051,2025-03-31,282.78321484119584,275.0,0.8807618869988375,0.6197001285313087,-0.19622174785084137,0.09602413689946974,-0.06967938373125776,0.0006413663895488769,1.2142911181258602,0.5438201493139724,94.04411764705883,상위 5~15%
R00357,35.945171,126.956855,익산 데모도로,익산시,1404068.0,1069912.0,0.7620086776423934,10.189728749446369,matched,1,F0051,2025-03-31,덧씌우기,79.51234609783661,1,356,2711-00,국도27호선,익산시-성산면(2711-00),6753.955684808624,1862.3388,20572.0,0.0407835893447404,city_median,69.67072113572632,76.20086776423935,2025-12-31,12.0,100.0,3.429999999999993,17.97,11.303999999999991,-4.0,35.0,2.825999999999998,15.240173552847873,13.934144227145266,67.00031777999314,94.04411764705883,주의,과거 보수이력,"Logistic 위험순위 상위 6.0% | 주요 증가요인=과거 보수이력 | 동결융해 14일 12회 | 7일 강수 3.4mm | 14일 강수 18.0mm | 하수관 노후비율 76.2% | ESAL 1862.3 (도시 중앙값) | 최근 보수 275일 전 / 거리 80m | 모델기여도[동결융해=+0.620, 7일 누적강수=-0.196, 14일 누적강수=+0.096, 하수관로 노후도=-0.070, 교통하중=+0.001, 과거 보수이력=+1.214, 보수 후 경과기간=+0.544]",63.00031777999314,위험,"주요원인=동결융해 | 동결융해=100.0점 (14일 12회) | 누적강수=11.3점 (7일 3.4mm, 14일 18.0mm) | 하수관로 노후도=76.2점 (30년 이상 비율 76.2%) | 교통하중=69.7점 (ESAL 1862.3, 도시 중앙값 적용) | 최근보수=275일 전 (80m, 보정 -4점)",1,F0051,2025-03-31,79.51234609783661,275.0,0.8807618869988375,0.6197001285313087,-0.19622174785084137,0.09602413689946974,-0.06967938373125776,0.0006413663895488769,1.2142911181258602,0.5438201493139724,94.04411764705883,상위 5~15%
R00486,35.379834,127.389667,남원 데모도로,남원시,670188.0,287953.6,0.4296609309626552,17.276260308101918,matched,1,F0007,2025-03-09,임시보수,95.1167272895672,1,485,2411-03,국도24호선,대강면-남원시(2411-03),7797.384181827787,196.3664,2752.0,0.0593161200279134,city_median,31.172459494826025,42.96609309626552,2025-12-31,14.0,100.0,0.0,35.94,14.376,-4.0,35.0,3.594,8.593218619253104,6.234491898965206,53.42171051821831,93.82352941176471,주의,과거 보수이력,"Logistic 위험순위 상위 6.2% | 주요 증가요인=과거 보수이력 | 동결융해 14일 14회 | 7일 강수 0.0mm | 14일 강수 35.9mm | 하수관 노후비율 43.0% | ESAL 196.4 (도시 중앙값) | 최근 보수 297일 전 / 거리 95m | 모델기여도[동결융해=+0.773, 7일 누적강수=-0.264, 14일 누적강수=-0.107, 하수관로 노후도=-0.005, 교통하중=-0.007, 과거 보수이력=+1.214, 보수 후 경과기간=+0.589]",49.42171051821831,주의,"주요원인=동결융해 | 동결융해=100.0점 (14일 14회) | 누적강수=14.4점 (7일 0.0mm, 14일 35.9mm) | 하수관로 노후도=43.0점 (30년 이상 비율 43.0%) | 교통하중=31.2점 (ESAL 196.4, 도시 중앙값 적용) | 최근보수=297일 전 (95m, 보정 -4점)",1,F0007,2025-03-09,95.11672728956721,297.0,0.8791189137138328,0.7727965094476354,-0.2641455745468213,-0.1066002451248875,-0.004965327502672356,-0.007101523989921092,1.2142911181258602,0.5887488082341995,93.82352941176471,상위 5~15%
R00418,35.417109,127.353301,남원 데모도로,남원시,670188.0,287953.6,0.4296609309626552,17.276260308101918,matched,1,F0013,2025-03-31,임시보수,37.24219377630799,2,417,2411-03,국도24호선,대강면-남원시(2411-03),4674.947209910455,196.3664,2752.0,0.0593161200279134,city_median,31.172459494826025,42.96609309626552,2025-12-31,14.0,100.0,0.0,35.94,14.376,-4.0,35.0,3.594,8.593218619253104,6.234491898965206,53.42171051821831,93.67647058823529,주의,과거 보수이력,"Logistic 위험순위 상위 6.3% | 주요 증가요인=과거 보수이력 | 동결융해 14일 14회 | 7일 강수 0.0mm | 14일 강수 35.9mm | 하수관 노후비율 43.0% | ESAL 196.4 (도시 중앙값) | 최근 보수 275일 전 / 거리 37m | 모델기여도[동결융해=+0.773, 7일 누적강수=-0.264, 14일 누적강수=-0.107, 하수관로 노후도=-0.005, 교통하중=-0.007, 과거 보수이력=+1.214, 보수 후 경과기간=+0.544]",49.42171051821831,주의,"주요원인=동결융해 | 동결융해=100.0점 (14일 14회) | 누적강수=14.4점 (7일 0.0mm, 14일 35.9mm) | 하수관로 노후도=43.0점 (30년 이상 비율 43.0%) | 교통하중=31.2점 (ESAL 196.4, 도시 중앙값 적용) | 최근보수=275일 전 (37m, 보정 -4점)",1,F0013,2025-03-31,37.24219377630799,275.0,0.8742624928335432,0.7727965094476354,-0.2641455745468213,-0.1066002451248875,-0.004965327502672356,-0.007101523989921092,1.2142911181258602,0.5438201493139724,93.67647058823529,상위 5~15%
R00056,35.840218,127.163224,전주 데모도로,전주시,2081706.65,842.95,0.0004049321742811,7.742488395563824,matched,1,F0002,2025-10-19,상온아스콘,117.388877606805,2,55,2606-00,국도26호선,전주시-소양면(2606-00),5100.333643666397,2061.5824,24125.0,0.0379012869466836,city_median,71.41276306437679,0.04049321742811,2025-12-31,10.0,100.0,32.11999999999999,37.29,53.46,-10.0,35.0,13.364999999999998,0.008098643485622,14.282552612875358,62.655651256360976,93.52941176470588,주의,과거 보수이력,"Logistic 위험순위 상위 6.5% | 주요 증가요인=과거 보수이력 | 동결융해 14일 10회 | 7일 강수 32.1mm | 14일 강수 37.3mm | 하수관 노후비율 0.0% | ESAL 2061.6 (도시 중앙값) | 최근 보수 73일 전 / 거리 117m | 모델기여도[동결융해=+0.467, 7일 누적강수=+0.372, 14일 누적강수=-0.122, 하수관로 노후도=+0.079, 교통하중=+0.002, 과거 보수이력=+1.214, 보수 후 경과기간=+0.131]",52.655651256360976,주의,"주요원인=동결융해 | 동결융해=100.0점 (14일 10회) | 누적강수=53.5점 (7일 32.1mm, 14일 37.3mm) | 하수관로 노후도=0.0점 (30년 이상 비율 0.0%) | 교통하중=71.4점 (ESAL 2061.6, 도시 중앙값 적용) | 최근보수=73일 전 (117m, 보정 -10점)",1,F0002,2025-10-19,117.388877606805,73.0,0.8736432910730382,0.4666037476149821,0.37192244687442655,-0.12182244410835341,0.07861850033900436,0.0015673849440044974,1.2142911181258602,0.13129337195552268,93.52941176470588,상위 5~15%
R00102,35.903994,127.147452,전주 데모도로,전주시,2081706.65,842.95,0.0004049321742811,7.742488395563824,matched,1,F0077,2025-11-01,덧씌우기,50.72886566344648,1,101,1714-01,국도17호선,전주시-봉동읍(1714-01),2179.149658821507,1904.6626,21213.0,0.0379012869466836,nearest_station,70.05586158549313,0.04049321742811,2025-12-31,10.0,100.0,32.11999999999999,37.29,53.46,-10.0,35.0,13.364999999999998,0.008098643485622,14.011172317098628,62.384270960584246,93.38235294117648,주의,과거 보수이력,"Logistic 위험순위 상위 6.6% | 주요 증가요인=과거 보수이력 | 동결융해 14일 10회 | 7일 강수 32.1mm | 14일 강수 37.3mm | 하수관 노후비율 0.0% | ESAL 1904.7 (실제 조사점 2.2km) | 최근 보수 60일 전 / 거리 51m | 모델기여도[동결융해=+0.467, 7일 누적강수=+0.372, 14일 누적강수=-0.122, 하수관로 노후도=+0.079, 교통하중=+0.001, 과거 보수이력=+1.214, 보수 후 경과기간=+0.105]",52.384270960584246,주의,"주요원인=동결융해 | 동결융해=100.0점 (14일 10회) | 누적강수=53.5점 (7일 32.1mm, 14일 37.3mm) | 하수관로 노후도=0.0점 (30년 이상 비율 0.0%) | 교통하중=70.1점 (ESAL 1904.7, 2.2km 이내 실제 조사점 적용) | 최근보수=60일 전 (51m, 보정 -10점)",1,F0077,2025-11-01,50.72886566344648,60.0,0.8706012298163934,0.4666037476149821,0.37192244687442655,-0.12182244410835341,0.07861850033900436,0.0008380734561501074,1.2142911181258602,0.10474461895720662,93.38235294117648,상위 5~15%
R00430,35.416204,127.411326,남원 데모도로,남원시,670188.0,287953.6,0.4296609309626552,17.276260308101918,matched,1,F0008,2025-05-08,덧씌우기,74.561778545862,2,429,2411-03,국도24호선,대강면-남원시(2411-03),9663.253274727473,196.3664,2752.0,0.0593161200279134,city_median,31.172459494826025,42.96609309626552,2025-12-31,14.0,100.0,0.0,35.94,14.376,-4.0,35.0,3.594,8.593218619253104,6.234491898965206,53.42171051821831,93.23529411764706,주의,과거 보수이력,"Logistic 위험순위 상위 6.8% | 주요 증가요인=과거 보수이력 | 동결융해 14일 14회 | 7일 강수 0.0mm | 14일 강수 35.9mm | 하수관 노후비율 43.0% | ESAL 196.4 (도시 중앙값) | 최근 보수 237일 전 / 거리 75m | 모델기여도[동결융해=+0.773, 7일 누적강수=-0.264, 14일 누적강수=-0.107, 하수관로 노후도=-0.005, 교통하중=-0.007, 과거 보수이력=+1.214, 보수 후 경과기간=+0.466]",49.42171051821831,주의,"주요원인=동결융해 | 동결융해=100.0점 (14일 14회) | 누적강수=14.4점 (7일 0.0mm, 14일 35.9mm) | 하수관로 노후도=43.0점 (30년 이상 비율 43.0%) | 교통하중=31.2점 (ESAL 196.4, 도시 중앙값 적용) | 최근보수=237일 전 (75m, 보정 -4점)",1,F0008,2025-05-08,74.561778545862,237.0,0.8654810223755705,0.7727965094476354,-0.2641455745468213,-0.1066002451248875,-0.004965327502672356,-0.007101523989921092,1.2142911181258602,0.4662161020881254,93.23529411764706,상위 5~15%
R00032,35.8245,127.218084,전주 데모도로,전주시,2081706.65,842.95,0.0004049321742811,7.742488395563824,matched,1,F0058,2025-11-28,상온아스콘,71.11890867315076,1,31,2606-00,국도26호선,전주시-소양면(2606-00),3305.879295849444,2061.5824,24125.0,0.0379012869466836,city_median,71.41276306437679,0.04049321742811,2025-12-31,10.0,100.0,32.11999999999999,37.29,53.46,-10.0,35.0,13.364999999999998,0.008098643485622,14.282552612875358,62.655651256360976,93.08823529411765,주의,과거 보수이력,"Logistic 위험순위 상위 6.9% | 주요 증가요인=과거 보수이력 | 동결융해 14일 10회 | 7일 강수 32.1mm | 14일 강수 37.3mm | 하수관 노후비율 0.0% | ESAL 2061.6 (도시 중앙값) | 최근 보수 33일 전 / 거리 71m | 모델기여도[동결융해=+0.467, 7일 누적강수=+0.372, 14일 누적강수=-0.122, 하수관로 노후도=+0.079, 교통하중=+0.002, 과거 보수이력=+1.214, 보수 후 경과기간=+0.050]",52.655651256360976,주의,"주요원인=동결융해 | 동결융해=100.0점 (14일 10회) | 누적강수=53.5점 (7일 32.1mm, 14일 37.3mm) | 하수관로 노후도=0.0점 (30년 이상 비율 0.0%) | 교통하중=71.4점 (ESAL 2061.6, 도시 중앙값 적용) | 최근보수=33일 전 (71m, 보정 -10점)",1,F0058,2025-11-28,71.11890867315076,33.0,0.8643470707574968,0.4666037476149821,0.37192244687442655,-0.12182244410835341,0.07861850033900436,0.0015673849440044974,1.2142911181258602,0.04960490119147325,93.08823529411765,상위 5~15%
R00319,35.932404,126.941022,익산 데모도로,익산시,1404068.0,1069912.0,0.7620086776423934,10.189728749446369,matched,1,F0072,2025-06-12,임시보수,23.032660345809123,1,318,2711-00,국도27호선,익산시-성산면(2711-00),6525.144347385121,1862.3388,20572.0,0.0407835893447404,city_median,69.67072113572632,76.20086776423935,2025-12-31,12.0,100.0,3.429999999999993,17.97,11.303999999999991,-4.0,35.0,2.825999999999998,15.240173552847873,13.934144227145266,67.00031777999314,92.94117647058823,주의,과거 보수이력,"Logistic 위험순위 상위 7.1% | 주요 증가요인=과거 보수이력 | 동결융해 14일 12회 | 7일 강수 3.4mm | 14일 강수 18.0mm | 하수관 노후비율 76.2% | ESAL 1862.3 (도시 중앙값) | 최근 보수 202일 전 / 거리 23m | 모델기여도[동결융해=+0.620, 7일 누적강수=-0.196, 14일 누적강수=+0.096, 하수관로 노후도=-0.070, 교통하중=+0.001, 과거 보수이력=+1.214, 보수 후 경과기간=+0.395]",63.00031777999314,위험,"주요원인=동결융해 | 동결융해=100.0점 (14일 12회) | 누적강수=11.3점 (7일 3.4mm, 14일 18.0mm) | 하수관로 노후도=76.2점 (30년 이상 비율 76.2%) | 교통하중=69.7점 (ESAL 1862.3, 도시 중앙값 적용) | 최근보수=202일 전 (23m, 보정 -4점)",1,F0072,2025-06-12,23.032660345809123,202.0,0.8641955875698187,0.6197001285313087,-0.19622174785084137,0.09602413689946974,-0.06967938373125776,0.0006413663895488769,1.2142911181258602,0.39473869016958213,92.94117647058823,상위 5~15%
R00668,35.584904,126.840671,정읍 데모도로,정읍시,845508.0,326882.92,0.3866112680187532,9.4307279162049,matched,1,F0060,2025-09-13,상온아스콘,107.8272115992774,1,667,2101-13,국도21호선,쌍치면-정읍시(2101-13),5526.936157783986,1150.0363,9688.5,0.0338430466812314,city_median,61.41042297962357,38.66112680187532,2025-12-31,13.0,100.0,0.0,8.97,3.5880000000000005,-7.0,35.0,0.8970000000000001,7.732225360375065,12.282084595924715,55.911309956299775,92.79411764705883,주의,과거 보수이력,"Logistic 위험순위 상위 7.2% | 주요 증가요인=과거 보수이력 | 동결융해 14일 13회 | 7일 강수 0.0mm | 14일 강수 9.0mm | 하수관 노후비율 38.7% | ESAL 1150.0 (도시 중앙값) | 최근 보수 109일 전 / 거리 108m | 모델기여도[동결융해=+0.696, 7일 누적강수=-0.264, 14일 누적강수=+0.198, 하수관로 노후도=+0.003, 교통하중=-0.003, 과거 보수이력=+1.214, 보수 후 경과기간=+0.205]",48.911309956299775,주의,"주요원인=동결융해 | 동결융해=100.0점 (14일 13회) | 누적강수=3.6점 (7일 0.0mm, 14일 9.0mm) | 하수관로 노후도=38.7점 (30년 이상 비율 38.7%) | 교통하중=61.4점 (ESAL 1150.0, 도시 중앙값 적용) | 최근보수=109일 전 (108m, 보정 -7점)",1,F0060,2025-09-13,107.82721159927739,109.0,0.8630136776493935,0.696248318989472,-0.2641455745468213,0.19750546345590905,0.0034172125813376917,-0.0026691807566838026,1.2142911181258602,0.20481299564316718,92.79411764705883,상위 5~15%
R00079,35.792888,127.148975,전주 데모도로,전주시,2081706.65,842.95,0.0004049321742811,7.742488395563824,matched,1,F0057,2025-12-06,덧씌우기,65.08847281994517,1,78,2606-00,국도26호선,전주시-소양면(2606-00),9178.582129641807,2061.5824,24125.0,0.0379012869466836,city_median,71.41276306437679,0.04049321742811,2025-12-31,10.0,100.0,32.11999999999999,37.29,53.46,-10.0,35.0,13.364999999999998,0.008098643485622,14.282552612875358,62.655651256360976,92.64705882352942,주의,과거 보수이력,"Logistic 위험순위 상위 7.4% | 주요 증가요인=과거 보수이력 | 동결융해 14일 10회 | 7일 강수 32.1mm | 14일 강수 37.3mm | 하수관 노후비율 0.0% | ESAL 2061.6 (도시 중앙값) | 최근 보수 25일 전 / 거리 65m | 모델기여도[동결융해=+0.467, 7일 누적강수=+0.372, 14일 누적강수=-0.122, 하수관로 노후도=+0.079, 교통하중=+0.002, 과거 보수이력=+1.214, 보수 후 경과기간=+0.033]",52.655651256360976,주의,"주요원인=동결융해 | 동결융해=100.0점 (14일 10회) | 누적강수=53.5점 (7일 32.1mm, 14일 37.3mm) | 하수관로 노후도=0.0점 (30년 이상 비율 0.0%) | 교통하중=71.4점 (ESAL 2061.6, 도시 중앙값 적용) | 최근보수=25일 전 (65m, 보정 -10점)",1,F0057,2025-12-06,65.08847281994517,25.0,0.8624200282842978,0.4666037476149821,0.37192244687442655,-0.12182244410835341,0.07861850033900436,0.0015673849440044974,1.2142911181258602,0.03326720703866336,92.64705882352942,상위 5~15%
R00672,35.599161,126.826231,정읍 데모도로,정읍시,845508.0,326882.92,0.3866112680187532,9.4307279162049,matched,1,F0034,2025-09-20,임시보수,118.8733200867511,1,671,2909-01,국도29호선,정읍시-화호리(2909-01),4340.807276659744,1150.0363,9688.5,0.0338430466812314,city_median,61.41042297962357,38.66112680187532,2025-12-31,13.0,100.0,0.0,8.97,3.5880000000000005,-7.0,35.0,0.8970000000000001,7.732225360375065,12.282084595924715,55.911309956299775,92.5,주의,과거 보수이력,"Logistic 위험순위 상위 7.5% | 주요 증가요인=과거 보수이력 | 동결융해 14일 13회 | 7일 강수 0.0mm | 14일 강수 9.0mm | 하수관 노후비율 38.7% | ESAL 1150.0 (도시 중앙값) | 최근 보수 102일 전 / 거리 119m | 모델기여도[동결융해=+0.696, 7일 누적강수=-0.264, 14일 누적강수=+0.198, 하수관로 노후도=+0.003, 교통하중=-0.003, 과거 보수이력=+1.214, 보수 후 경과기간=+0.191]",48.911309956299775,주의,"주요원인=동결융해 | 동결융해=100.0점 (14일 13회) | 누적강수=3.6점 (7일 0.0mm, 14일 9.0mm) | 하수관로 노후도=38.7점 (30년 이상 비율 38.7%) | 교통하중=61.4점 (ESAL 1150.0, 도시 중앙값 적용) | 최근보수=102일 전 (119m, 보정 -7점)",1,F0034,2025-09-20,118.8733200867511,102.0,0.861314863437963,0.696248318989472,-0.2641455745468213,0.19750546345590905,0.0034172125813376917,-0.0026691807566838026,1.2142911181258602,0.1905175132594585,92.5,상위 5~15%
R00166,35.967555,126.79673,군산 데모도로,군산시,1384801.76,612246.21,0.442118307244208,14.853572251212228,matched,1,F0053,2025-11-12,상온아스콘,89.18513329030091,2,165,2914-00,국도29호선,개정면-성산면(2914-00),2715.816235594644,4712.053800000001,20282.0,0.1065969825460999,nearest_station,85.58344961603397,44.2118307244208,2025-12-31,13.0,100.0,9.050000000000008,17.75,17.960000000000008,-10.0,35.0,4.490000000000002,8.84236614488416,17.116689923206795,65.44905606809095,92.3529411764706,주의,과거 보수이력,"Logistic 위험순위 상위 7.6% | 주요 증가요인=과거 보수이력 | 동결융해 14일 13회 | 7일 강수 9.1mm | 14일 강수 17.8mm | 하수관 노후비율 44.2% | ESAL 4712.1 (실제 조사점 2.7km) | 최근 보수 49일 전 / 거리 89m | 모델기여도[동결융해=+0.696, 7일 누적강수=-0.085, 14일 누적강수=+0.099, 하수관로 노후도=-0.007, 교통하중=+0.014, 과거 보수이력=+1.214, 보수 후 경과기간=+0.082]",55.44905606809096,위험,"주요원인=동결융해 | 동결융해=100.0점 (14일 13회) | 누적강수=18.0점 (7일 9.1mm, 14일 17.8mm) | 하수관로 노후도=44.2점 (30년 이상 비율 44.2%) | 교통하중=85.6점 (ESAL 4712.1, 2.7km 이내 실제 조사점 적용) | 최근보수=49일 전 (89m, 보정 -10점)",1,F0053,2025-11-12,89.18513329030091,49.0,0.8586325909435271,0.696248318989472,-0.08492964696704859,0.09850479154862715,-0.007391001686411909,0.013885902047961505,1.2142911181258602,0.08228028949709303,92.3529411764706,상위 5~15%
R00200,36.01122,126.779538,군산 데모도로,군산시,1384801.76,612246.21,0.442118307244208,14.853572251212228,matched,1,F0035,2025-11-17,덧씌우기,10.903288952814576,1,199,2914-00,국도29호선,개정면-성산면(2914-00),3426.6542239951623,3290.9867000000004,15555.0,0.0942109404788128,city_median,79.4299920661839,44.2118307244208,2025-12-31,13.0,100.0,9.050000000000008,17.75,17.960000000000008,-10.0,35.0,4.490000000000002,8.84236614488416,15.88599841323678,64.21836455812094,92.20588235294119,주의,과거 보수이력,"Logistic 위험순위 상위 7.8% | 주요 증가요인=과거 보수이력 | 동결융해 14일 13회 | 7일 강수 9.1mm | 14일 강수 17.8mm | 하수관 노후비율 44.2% | ESAL 3291.0 (도시 중앙값) | 최근 보수 44일 전 / 거리 11m | 모델기여도[동결융해=+0.696, 7일 누적강수=-0.085, 14일 누적강수=+0.099, 하수관로 노후도=-0.007, 교통하중=+0.007, 과거 보수이력=+1.214, 보수 후 경과기간=+0.072]",54.21836455812094,주의,"주요원인=동결융해 | 동결융해=100.0점 (14일 13회) | 누적강수=18.0점 (7일 9.1mm, 14일 17.8mm) | 하수관로 노후도=44.2점 (30년 이상 비율 44.2%) | 교통하중=79.4점 (ESAL 3291.0, 도시 중앙값 적용) | 최근보수=44일 전 (11m, 보정 -10점)",1,F0035,2025-11-17,10.903288952814576,44.0,0.8565791198352634,0.696248318989472,-0.08492964696704859,0.09850479154862715,-0.007391001686411909,0.007281250748113266,1.2142911181258602,0.07206923065158684,92.20588235294119,상위 5~15%
R00235,36.033441,126.73549,군산 데모도로,군산시,1384801.76,612246.21,0.442118307244208,14.853572251212228,matched,1,F0015,2025-12-07,임시보수,62.68638319725091,1,234,2914-00,국도29호선,개정면-성산면(2914-00),6667.016027575918,3290.9867000000004,15555.0,0.0942109404788128,city_median,79.4299920661839,44.2118307244208,2025-12-31,13.0,100.0,9.050000000000008,17.75,17.960000000000008,-10.0,35.0,4.490000000000002,8.84236614488416,15.88599841323678,64.21836455812094,92.05882352941175,주의,과거 보수이력,"Logistic 위험순위 상위 7.9% | 주요 증가요인=과거 보수이력 | 동결융해 14일 13회 | 7일 강수 9.1mm | 14일 강수 17.8mm | 하수관 노후비율 44.2% | ESAL 3291.0 (도시 중앙값) | 최근 보수 24일 전 / 거리 63m | 모델기여도[동결융해=+0.696, 7일 누적강수=-0.085, 14일 누적강수=+0.099, 하수관로 노후도=-0.007, 교통하중=+0.007, 과거 보수이력=+1.214, 보수 후 경과기간=+0.031]",54.21836455812094,주의,"주요원인=동결융해 | 동결융해=100.0점 (14일 13회) | 누적강수=18.0점 (7일 9.1mm, 14일 17.8mm) | 하수관로 노후도=44.2점 (30년 이상 비율 44.2%) | 교통하중=79.4점 (ESAL 3291.0, 도시 중앙값 적용) | 최근보수=24일 전 (63m, 보정 -10점)",1,F0015,2025-12-07,62.68638319725091,24.0,0.8514879094947493,0.696248318989472,-0.08492964696704859,0.09850479154862715,-0.007391001686411909,0.007281250748113266,1.2142911181258602,0.031224995269562118,92.05882352941175,상위 5~15%
R00619,35.520201,126.855662,정읍 데모도로,정읍시,845508.0,326882.92,0.3866112680187532,9.4307279162049,matched,1,F0040,2025-12-01,상온아스콘,120.17049008308062,2,618,2101-13,국도21호선,쌍치면-정읍시(2101-13),3848.706545273786,1150.0363,9688.5,0.0338430466812314,city_median,61.41042297962357,38.66112680187532,2025-12-31,13.0,100.0,0.0,8.97,3.5880000000000005,-10.0,35.0,0.8970000000000001,7.732225360375065,12.282084595924715,55.911309956299775,91.83823529411764,주의,과거 보수이력,"Logistic 위험순위 상위 8.2% | 주요 증가요인=과거 보수이력 | 동결융해 14일 13회 | 7일 강수 0.0mm | 14일 강수 9.0mm | 하수관 노후비율 38.7% | ESAL 1150.0 (도시 중앙값) | 최근 보수 30일 전 / 거리 120m | 모델기여도[동결융해=+0.696, 7일 누적강수=-0.264, 14일 누적강수=+0.198, 하수관로 노후도=+0.003, 교통하중=-0.003, 과거 보수이력=+1.214, 보수 후 경과기간=+0.043]",45.911309956299775,주의,"주요원인=동결융해 | 동결융해=100.0점 (14일 13회) | 누적강수=3.6점 (7일 0.0mm, 14일 9.0mm) | 하수관로 노후도=38.7점 (30년 이상 비율 38.7%) | 교통하중=61.4점 (ESAL 1150.0, 도시 중앙값 적용) | 최근보수=30일 전 (120m, 보정 -10점)",1,F0040,2025-12-01,120.17049008308062,30.0,0.8428005199137268,0.696248318989472,-0.2641455745468213,0.19750546345590905,0.0034172125813376917,-0.0026691807566838026,1.2142911181258602,0.04347826588416954,91.83823529411764,상위 5~15%
R00677,35.616548,126.809821,정읍 데모도로,정읍시,845508.0,326882.92,0.3866112680187532,9.4307279162049,matched,1,F0067,2025-12-01,덧씌우기,5.691369928888043,2,676,2909-01,국도29호선,정읍시-화호리(2909-01),3037.932839524279,1150.0363,9688.5,0.0338430466812314,city_median,61.41042297962357,38.66112680187532,2025-12-31,13.0,100.0,0.0,8.97,3.5880000000000005,-10.0,35.0,0.8970000000000001,7.732225360375065,12.282084595924715,55.911309956299775,91.83823529411764,주의,과거 보수이력,"Logistic 위험순위 상위 8.2% | 주요 증가요인=과거 보수이력 | 동결융해 14일 13회 | 7일 강수 0.0mm | 14일 강수 9.0mm | 하수관 노후비율 38.7% | ESAL 1150.0 (도시 중앙값) | 최근 보수 30일 전 / 거리 6m | 모델기여도[동결융해=+0.696, 7일 누적강수=-0.264, 14일 누적강수=+0.198, 하수관로 노후도=+0.003, 교통하중=-0.003, 과거 보수이력=+1.214, 보수 후 경과기간=+0.043]",45.911309956299775,주의,"주요원인=동결융해 | 동결융해=100.0점 (14일 13회) | 누적강수=3.6점 (7일 0.0mm, 14일 9.0mm) | 하수관로 노후도=38.7점 (30년 이상 비율 38.7%) | 교통하중=61.4점 (ESAL 1150.0, 도시 중앙값 적용) | 최근보수=30일 전 (6m, 보정 -10점)",1,F0067,2025-12-01,5.691369928888043,30.0,0.8428005199137268,0.696248318989472,-0.2641455745468213,0.19750546345590905,0.0034172125813376917,-0.0026691807566838026,1.2142911181258602,0.04347826588416954,91.83823529411764,상위 5~15%
R00608,35.612504,126.898103,정읍 데모도로,정읍시,845508.0,326882.92,0.3866112680187532,9.4307279162049,matched,1,F0019,2025-12-11,덧씌우기,66.54379000810414,2,607,0115-01,국도1호선,정읍시-태인면(0115-01),1947.2346238664368,1950.6952,24234.0,0.0348271024180902,nearest_station,70.46515873560128,38.66112680187532,2025-12-31,13.0,100.0,0.0,8.97,3.5880000000000005,-10.0,35.0,0.8970000000000001,7.732225360375065,14.093031747120255,57.72225710749532,91.61764705882352,주의,과거 보수이력,"Logistic 위험순위 상위 8.4% | 주요 증가요인=과거 보수이력 | 동결융해 14일 13회 | 7일 강수 0.0mm | 14일 강수 9.0mm | 하수관 노후비율 38.7% | ESAL 1950.7 (실제 조사점 1.9km) | 최근 보수 20일 전 / 거리 67m | 모델기여도[동결융해=+0.696, 7일 누적강수=-0.264, 14일 누적강수=+0.198, 하수관로 노후도=+0.003, 교통하중=+0.001, 과거 보수이력=+1.214, 보수 후 경과기간=+0.023]",47.72225710749532,주의,"주요원인=동결융해 | 동결융해=100.0점 (14일 13회) | 누적강수=3.6점 (7일 0.0mm, 14일 9.0mm) | 하수관로 노후도=38.7점 (30년 이상 비율 38.7%) | 교통하중=70.5점 (ESAL 1950.7, 1.9km 이내 실제 조사점 적용) | 최근보수=20일 전 (67m, 보정 -10점)",1,F0019,2025-12-11,66.54379000810414,20.0,0.8405751631916636,0.696248318989472,-0.2641455745468213,0.19750546345590905,0.0034172125813376917,0.0010520178022160984,1.2142911181258602,0.023056148193157173,91.61764705882352,상위 5~15%
R00581,35.519509,126.805886,정읍 데모도로,정읍시,845508.0,326882.92,0.3866112680187532,9.4307279162049,matched,1,F0068,2025-12-28,상온아스콘,39.29216474944008,1,580,2202-01,국도22호선,정읍IC-흥덕면(2202-01),5466.556752954386,1150.0363,9688.5,0.0338430466812314,city_median,61.41042297962357,38.66112680187532,2025-12-31,13.0,100.0,0.0,8.97,3.5880000000000005,-10.0,35.0,0.8970000000000001,7.732225360375065,12.282084595924715,55.911309956299775,91.47058823529412,주의,과거 보수이력,"Logistic 위험순위 상위 8.5% | 주요 증가요인=과거 보수이력 | 동결융해 14일 13회 | 7일 강수 0.0mm | 14일 강수 9.0mm | 하수관 노후비율 38.7% | ESAL 1150.0 (도시 중앙값) | 최근 보수 3일 전 / 거리 39m | 모델기여도[동결융해=+0.696, 7일 누적강수=-0.264, 14일 누적강수=+0.198, 하수관로 노후도=+0.003, 교통하중=-0.003, 과거 보수이력=+1.214, 보수 후 경과기간=-0.012]",45.911309956299775,주의,"주요원인=동결융해 | 동결융해=100.0점 (14일 13회) | 누적강수=3.6점 (7일 0.0mm, 14일 9.0mm) | 하수관로 노후도=38.7점 (30년 이상 비율 38.7%) | 교통하중=61.4점 (ESAL 1150.0, 도시 중앙값 적용) | 최근보수=3일 전 (39m, 보정 -10점)",1,F0068,2025-12-28,39.29216474944008,3.0,0.8353563568142852,0.696248318989472,-0.2641455745468213,0.19750546345590905,0.0034172125813376917,-0.0026691807566838026,1.2142911181258602,-0.011661451881563839,91.47058823529412,상위 5~15%
R00297,35.948073,126.993646,익산 데모도로,익산시,1404068.0,1069912.0,0.7620086776423934,10.189728749446369,matched,1,F0046,2025-10-29,임시보수,78.4701743515356,2,296,2711-00,국도27호선,익산시-성산면(2711-00),9656.31540633687,1862.3388,20572.0,0.0407835893447404,city_median,69.67072113572632,76.20086776423935,2025-12-31,12.0,100.0,3.429999999999993,17.97,11.303999999999991,-10.0,35.0,2.825999999999998,15.240173552847873,13.934144227145266,67.00031777999314,91.32352941176471,주의,과거 보수이력,"Logistic 위험순위 상위 8.7% | 주요 증가요인=과거 보수이력 | 동결융해 14일 12회 | 7일 강수 3.4mm | 14일 강수 18.0mm | 하수관 노후비율 76.2% | ESAL 1862.3 (도시 중앙값) | 최근 보수 63일 전 / 거리 78m | 모델기여도[동결융해=+0.620, 7일 누적강수=-0.196, 14일 누적강수=+0.096, 하수관로 노후도=-0.070, 교통하중=+0.001, 과거 보수이력=+1.214, 보수 후 경과기간=+0.111]",57.00031777999314,위험,"주요원인=동결융해 | 동결융해=100.0점 (14일 12회) | 누적강수=11.3점 (7일 3.4mm, 14일 18.0mm) | 하수관로 노후도=76.2점 (30년 이상 비율 76.2%) | 교통하중=69.7점 (ESAL 1862.3, 도시 중앙값 적용) | 최근보수=63일 전 (78m, 보정 -10점)",1,F0046,2025-10-29,78.4701743515356,63.0,0.8273149404713852,0.6197001285313087,-0.19622174785084137,0.09602413689946974,-0.06967938373125776,0.0006413663895488769,1.2142911181258602,0.11087125426451032,91.32352941176471,상위 5~15%
R00311,35.905867,126.914919,익산 데모도로,익산시,1404068.0,1069912.0,0.7620086776423934,10.189728749446369,matched,1,F0004,2025-11-19,덧씌우기,79.49476409493717,2,310,2711-00,국도27호선,익산시-성산면(2711-00),8019.513699098427,1862.3388,20572.0,0.0407835893447404,city_median,69.67072113572632,76.20086776423935,2025-12-31,12.0,100.0,3.429999999999993,17.97,11.303999999999991,-10.0,35.0,2.825999999999998,15.240173552847873,13.934144227145266,67.00031777999314,91.17647058823529,주의,과거 보수이력,"Logistic 위험순위 상위 8.8% | 주요 증가요인=과거 보수이력 | 동결융해 14일 12회 | 7일 강수 3.4mm | 14일 강수 18.0mm | 하수관 노후비율 76.2% | ESAL 1862.3 (도시 중앙값) | 최근 보수 42일 전 / 거리 79m | 모델기여도[동결융해=+0.620, 7일 누적강수=-0.196, 14일 누적강수=+0.096, 하수관로 노후도=-0.070, 교통하중=+0.001, 과거 보수이력=+1.214, 보수 후 경과기간=+0.068]",57.00031777999314,위험,"주요원인=동결융해 | 동결융해=100.0점 (14일 12회) | 누적강수=11.3점 (7일 3.4mm, 14일 18.0mm) | 하수관로 노후도=76.2점 (30년 이상 비율 76.2%) | 교통하중=69.7점 (ESAL 1862.3, 도시 중앙값 적용) | 최근보수=42일 전 (79m, 보정 -10점)",1,F0004,2025-11-19,79.49476409493717,42.0,0.8211017059874548,0.6197001285313087,-0.19622174785084137,0.09602413689946974,-0.06967938373125776,0.0006413663895488769,1.2142911181258602,0.06798480711338438,91.17647058823529,상위 5~15%
R00293,35.948796,126.974781,익산 데모도로,익산시,1404068.0,1069912.0,0.7620086776423934,10.189728749446369,matched,1,F0052,2025-12-11,덧씌우기,77.18968037390293,1,292,2711-00,국도27호선,익산시-성산면(2711-00),8033.288006297917,1862.3388,20572.0,0.0407835893447404,city_median,69.67072113572632,76.20086776423935,2025-12-31,12.0,100.0,3.429999999999993,17.97,11.303999999999991,-10.0,35.0,2.825999999999998,15.240173552847873,13.934144227145266,67.00031777999314,91.02941176470588,주의,과거 보수이력,"Logistic 위험순위 상위 9.0% | 주요 증가요인=과거 보수이력 | 동결융해 14일 12회 | 7일 강수 3.4mm | 14일 강수 18.0mm | 하수관 노후비율 76.2% | ESAL 1862.3 (도시 중앙값) | 최근 보수 20일 전 / 거리 77m | 모델기여도[동결융해=+0.620, 7일 누적강수=-0.196, 14일 누적강수=+0.096, 하수관로 노후도=-0.070, 교통하중=+0.001, 과거 보수이력=+1.214, 보수 후 경과기간=+0.023]",57.00031777999314,위험,"주요원인=동결융해 | 동결융해=100.0점 (14일 12회) | 누적강수=11.3점 (7일 3.4mm, 14일 18.0mm) | 하수관로 노후도=76.2점 (30년 이상 비율 76.2%) | 교통하중=69.7점 (ESAL 1862.3, 도시 중앙값 적용) | 최근보수=20일 전 (77m, 보정 -10점)",1,F0052,2025-12-11,77.18968037390293,20.0,0.8144065060578529,0.6197001285313087,-0.19622174785084137,0.09602413689946974,-0.06967938373125776,0.0006413663895488769,1.2142911181258602,0.023056148193157173,91.02941176470588,상위 5~15%
R00291,35.948641,126.964972,익산 데모도로,익산시,1404068.0,1069912.0,0.7620086776423934,10.189728749446369,matched,1,F0018,2025-12-31,덧씌우기,53.87184894734594,1,290,2711-00,국도27호선,익산시-성산면(2711-00),7227.642742732129,1862.3388,20572.0,0.0407835893447404,city_median,69.67072113572632,76.20086776423935,2025-12-31,12.0,100.0,3.429999999999993,17.97,11.303999999999991,-10.0,35.0,2.825999999999998,15.240173552847873,13.934144227145266,67.00031777999314,90.88235294117646,주의,과거 보수이력,"Logistic 위험순위 상위 9.1% | 주요 증가요인=과거 보수이력 | 동결융해 14일 12회 | 7일 강수 3.4mm | 14일 강수 18.0mm | 하수관 노후비율 76.2% | ESAL 1862.3 (도시 중앙값) | 최근 보수 0일 전 / 거리 54m | 모델기여도[동결융해=+0.620, 7일 누적강수=-0.196, 14일 누적강수=+0.096, 하수관로 노후도=-0.070, 교통하중=+0.001, 과거 보수이력=+1.214, 보수 후 경과기간=-0.018]",57.00031777999314,위험,"주요원인=동결융해 | 동결융해=100.0점 (14일 12회) | 누적강수=11.3점 (7일 3.4mm, 14일 18.0mm) | 하수관로 노후도=76.2점 (30년 이상 비율 76.2%) | 교통하중=69.7점 (ESAL 1862.3, 도시 중앙값 적용) | 최근보수=0일 전 (54m, 보정 -10점)",1,F0018,2025-12-31,53.87184894734594,0.0,0.8081535296116125,0.6197001285313087,-0.19622174785084137,0.09602413689946974,-0.06967938373125776,0.0006413663895488769,1.2142911181258602,-0.017788087188867548,90.88235294117646,상위 5~15%
R00496,35.42844,127.390172,남원 데모도로,남원시,670188.0,287953.6,0.4296609309626552,17.276260308101918,matched,1,F0041,2025-12-21,덧씌우기,133.6078740843646,2,495,2411-03,국도24호선,대강면-남원시(2411-03),8237.537263314623,196.3664,2752.0,0.0593161200279134,city_median,31.172459494826025,42.96609309626552,2025-12-31,14.0,100.0,0.0,35.94,14.376,-10.0,35.0,3.594,8.593218619253104,6.234491898965206,53.42171051821831,90.73529411764706,주의,과거 보수이력,"Logistic 위험순위 상위 9.3% | 주요 증가요인=과거 보수이력 | 동결융해 14일 14회 | 7일 강수 0.0mm | 14일 강수 35.9mm | 하수관 노후비율 43.0% | ESAL 196.4 (도시 중앙값) | 최근 보수 10일 전 / 거리 134m | 모델기여도[동결융해=+0.773, 7일 누적강수=-0.264, 14일 누적강수=-0.107, 하수관로 노후도=-0.005, 교통하중=-0.007, 과거 보수이력=+1.214, 보수 후 경과기간=+0.003]",43.42171051821831,주의,"주요원인=동결융해 | 동결융해=100.0점 (14일 14회) | 누적강수=14.4점 (7일 0.0mm, 14일 35.9mm) | 하수관로 노후도=43.0점 (30년 이상 비율 43.0%) | 교통하중=31.2점 (ESAL 196.4, 도시 중앙값 적용) | 최근보수=10일 전 (134m, 보정 -10점)",1,F0041,2025-12-21,133.6078740843646,10.0,0.8018660233868449,0.7727965094476354,-0.2641455745468213,-0.1066002451248875,-0.004965327502672356,-0.007101523989921092,1.2142911181258602,0.0026340305021448126,90.73529411764706,상위 5~15%
R00027,35.82491,127.194303,전주 데모도로,전주시,2081706.65,842.95,0.0004049321742811,7.742488395563824,matched,0,,,,,0,26,2606-00,국도26호선,전주시-소양면(2606-00),3853.363371610159,2061.5824,24125.0,0.0379012869466836,city_median,71.41276306437679,0.04049321742811,2025-12-31,10.0,100.0,32.11999999999999,37.29,53.46,0.0,35.0,13.364999999999998,0.008098643485622,14.282552612875358,62.655651256360976,82.13235294117646,관심,동결융해,"Logistic 위험순위 상위 17.9% | 주요 증가요인=동결융해 | 동결융해 14일 10회 | 7일 강수 32.1mm | 14일 강수 37.3mm | 하수관 노후비율 0.0% | ESAL 2061.6 (도시 중앙값) | 과거 300m 이내 보수이력 없음 | 모델기여도[동결융해=+0.467, 7일 누적강수=+0.372, 14일 누적강수=-0.122, 하수관로 노후도=+0.079, 교통하중=+0.002, 과거 보수이력=-0.061, 보수 후 경과기간=-0.018]",62.655651256360976,위험,"주요원인=동결융해 | 동결융해=100.0점 (14일 10회) | 누적강수=53.5점 (7일 32.1mm, 14일 37.3mm) | 하수관로 노후도=0.0점 (30년 이상 비율 0.0%) | 교통하중=71.4점 (ESAL 2061.6, 도시 중앙값 적용) | 300m 이내 확인된 보수이력 없음",0,,,,0.0,0.6246816970723522,0.4666037476149821,0.37192244687442655,-0.12182244410835341,0.07861850033900436,0.0015673849440044974,-0.06072288933117835,-0.017788087188867548,82.13235294117646,상위 15~30%
R00028,35.824172,127.198837,전주 데모도로,전주시,2081706.65,842.95,0.0004049321742811,7.742488395563824,matched,0,,,,,0,27,2606-00,국도26호선,전주시-소양면(2606-00),3725.137529955256,2061.5824,24125.0,0.0379012869466836,city_median,71.41276306437679,0.04049321742811,2025-12-31,10.0,100.0,32.11999999999999,37.29,53.46,0.0,35.0,13.364999999999998,0.008098643485622,14.282552612875358,62.655651256360976,82.13235294117646,관심,동결융해,"Logistic 위험순위 상위 17.9% | 주요 증가요인=동결융해 | 동결융해 14일 10회 | 7일 강수 32.1mm | 14일 강수 37.3mm | 하수관 노후비율 0.0% | ESAL 2061.6 (도시 중앙값) | 과거 300m 이내 보수이력 없음 | 모델기여도[동결융해=+0.467, 7일 누적강수=+0.372, 14일 누적강수=-0.122, 하수관로 노후도=+0.079, 교통하중=+0.002, 과거 보수이력=-0.061, 보수 후 경과기간=-0.018]",62.655651256360976,위험,"주요원인=동결융해 | 동결융해=100.0점 (14일 10회) | 누적강수=53.5점 (7일 32.1mm, 14일 37.3mm) | 하수관로 노후도=0.0점 (30년 이상 비율 0.0%) | 교통하중=71.4점 (ESAL 2061.6, 도시 중앙값 적용) | 300m 이내 확인된 보수이력 없음",0,,,,0.0,0.6246816970723522,0.4666037476149821,0.37192244687442655,-0.12182244410835341,0.07861850033900436,0.0015673849440044974,-0.06072288933117835,-0.017788087188867548,82.13235294117646,상위 15~30%
R00031,35.823656,127.213669,전주 데모도로,전주시,2081706.65,842.95,0.0004049321742811,7.742488395563824,matched,0,,,,,0,30,2606-00,국도26호선,전주시-소양면(2606-00),3412.6870010251373,2061.5824,24125.0,0.0379012869466836,city_median,71.41276306437679,0.04049321742811,2025-12-31,10.0,100.0,32.11999999999999,37.29,53.46,0.0,35.0,13.364999999999998,0.008098643485622,14.282552612875358,62.655651256360976,82.13235294117646,관심,동결융해,"Logistic 위험순위 상위 17.9% | 주요 증가요인=동결융해 | 동결융해 14일 10회 | 7일 강수 32.1mm | 14일 강수 37.3mm | 하수관 노후비율 0.0% | ESAL 2061.6 (도시 중앙값) | 과거 300m 이내 보수이력 없음 | 모델기여도[동결융해=+0.467, 7일 누적강수=+0.372, 14일 누적강수=-0.122, 하수관로 노후도=+0.079, 교통하중=+0.002, 과거 보수이력=-0.061, 보수 후 경과기간=-0.018]",62.655651256360976,위험,"주요원인=동결융해 | 동결융해=100.0점 (14일 10회) | 누적강수=53.5점 (7일 32.1mm, 14일 37.3mm) | 하수관로 노후도=0.0점 (30년 이상 비율 0.0%) | 교통하중=71.4점 (ESAL 2061.6, 도시 중앙값 적용) | 300m 이내 확인된 보수이력 없음",0,,,,0.0,0.6246816970723522,0.4666037476149821,0.37192244687442655,-0.12182244410835341,0.07861850033900436,0.0015673849440044974,-0.06072288933117835,-0.017788087188867548,82.13235294117646,상위 15~30%
R00030,35.824298,127.208096,전주 데모도로,전주시,2081706.65,842.95,0.0004049321742811,7.742488395563824,matched,0,,,,,0,29,2606-00,국도26호선,전주시-소양면(2606-00),3424.9534315600904,2061.5824,24125.0,0.0379012869466836,city_median,71.41276306437679,0.04049321742811,2025-12-31,10.0,100.0,32.11999999999999,37.29,53.46,0.0,35.0,13.364999999999998,0.008098643485622,14.282552612875358,62.655651256360976,82.13235294117646,관심,동결융해,"Logistic 위험순위 상위 17.9% | 주요 증가요인=동결융해 | 동결융해 14일 10회 | 7일 강수 32.1mm | 14일 강수 37.3mm | 하수관 노후비율 0.0% | ESAL 2061.6 (도시 중앙값) | 과거 300m 이내 보수이력 없음 | 모델기여도[동결융해=+0.467, 7일 누적강수=+0.372, 14일 누적강수=-0.122, 하수관로 노후도=+0.079, 교통하중=+0.002, 과거 보수이력=-0.061, 보수 후 경과기간=-0.018]",62.655651256360976,위험,"주요원인=동결융해 | 동결융해=100.0점 (14일 10회) | 누적강수=53.5점 (7일 32.1mm, 14일 37.3mm) | 하수관로 노후도=0.0점 (30년 이상 비율 0.0%) | 교통하중=71.4점 (ESAL 2061.6, 도시 중앙값 적용) | 300m 이내 확인된 보수이력 없음",0,,,,0.0,0.6246816970723522,0.4666037476149821,0.37192244687442655,-0.12182244410835341,0.07861850033900436,0.0015673849440044974,-0.06072288933117835,-0.017788087188867548,82.13235294117646,상위 15~30%
R00029,35.82406,127.204213,전주 데모도로,전주시,2081706.65,842.95,0.0004049321742811,7.742488395563824,matched,0,,,,,0,28,2606-00,국도26호선,전주시-소양면(2606-00),3549.427440792967,2061.5824,24125.0,0.0379012869466836,city_median,71.41276306437679,0.04049321742811,2025-12-31,10.0,100.0,32.11999999999999,37.29,53.46,0.0,35.0,13.364999999999998,0.008098643485622,14.282552612875358,62.655651256360976,82.13235294117646,관심,동결융해,"Logistic 위험순위 상위 17.9% | 주요 증가요인=동결융해 | 동결융해 14일 10회 | 7일 강수 32.1mm | 14일 강수 37.3mm | 하수관 노후비율 0.0% | ESAL 2061.6 (도시 중앙값) | 과거 300m 이내 보수이력 없음 | 모델기여도[동결융해=+0.467, 7일 누적강수=+0.372, 14일 누적강수=-0.122, 하수관로 노후도=+0.079, 교통하중=+0.002, 과거 보수이력=-0.061, 보수 후 경과기간=-0.018]",62.655651256360976,위험,"주요원인=동결융해 | 동결융해=100.0점 (14일 10회) | 누적강수=53.5점 (7일 32.1mm, 14일 37.3mm) | 하수관로 노후도=0.0점 (30년 이상 비율 0.0%) | 교통하중=71.4점 (ESAL 2061.6, 도시 중앙값 적용) | 300m 이내 확인된 보수이력 없음",0,,,,0.0,0.6246816970723522,0.4666037476149821,0.37192244687442655,-0.12182244410835341,0.07861850033900436,0.0015673849440044974,-0.06072288933117835,-0.017788087188867548,82.13235294117646,상위 15~30%
R00021,35.825393,127.165179,전주 데모도로,전주시,2081706.65,842.95,0.0004049321742811,7.742488395563824,matched,0,,,,,0,20,2606-00,국도26호선,전주시-소양면(2606-00),5673.401856931479,2061.5824,24125.0,0.0379012869466836,city_median,71.41276306437679,0.04049321742811,2025-12-31,10.0,100.0,32.11999999999999,37.29,53.46,0.0,35.0,13.364999999999998,0.008098643485622,14.282552612875358,62.655651256360976,82.13235294117646,관심,동결융해,"Logistic 위험순위 상위 17.9% | 주요 증가요인=동결융해 | 동결융해 14일 10회 | 7일 강수 32.1mm | 14일 강수 37.3mm | 하수관 노후비율 0.0% | ESAL 2061.6 (도시 중앙값) | 과거 300m 이내 보수이력 없음 | 모델기여도[동결융해=+0.467, 7일 누적강수=+0.372, 14일 누적강수=-0.122, 하수관로 노후도=+0.079, 교통하중=+0.002, 과거 보수이력=-0.061, 보수 후 경과기간=-0.018]",62.655651256360976,위험,"주요원인=동결융해 | 동결융해=100.0점 (14일 10회) | 누적강수=53.5점 (7일 32.1mm, 14일 37.3mm) | 하수관로 노후도=0.0점 (30년 이상 비율 0.0%) | 교통하중=71.4점 (ESAL 2061.6, 도시 중앙값 적용) | 300m 이내 확인된 보수이력 없음",0,,,,0.0,0.6246816970723522,0.4666037476149821,0.37192244687442655,-0.12182244410835341,0.07861850033900436,0.0015673849440044974,-0.06072288933117835,-0.017788087188867548,82.13235294117646,상위 15~30%
R00022,35.824024,127.169147,전주 데모도로,전주시,2081706.65,842.95,0.0004049321742811,7.742488395563824,matched,0,,,,,0,21,2606-00,국도26호선,전주시-소양면(2606-00),5474.133687298819,2061.5824,24125.0,0.0379012869466836,city_median,71.41276306437679,0.04049321742811,2025-12-31,10.0,100.0,32.11999999999999,37.29,53.46,0.0,35.0,13.364999999999998,0.008098643485622,14.282552612875358,62.655651256360976,82.13235294117646,관심,동결융해,"Logistic 위험순위 상위 17.9% | 주요 증가요인=동결융해 | 동결융해 14일 10회 | 7일 강수 32.1mm | 14일 강수 37.3mm | 하수관 노후비율 0.0% | ESAL 2061.6 (도시 중앙값) | 과거 300m 이내 보수이력 없음 | 모델기여도[동결융해=+0.467, 7일 누적강수=+0.372, 14일 누적강수=-0.122, 하수관로 노후도=+0.079, 교통하중=+0.002, 과거 보수이력=-0.061, 보수 후 경과기간=-0.018]",62.655651256360976,위험,"주요원인=동결융해 | 동결융해=100.0점 (14일 10회) | 누적강수=53.5점 (7일 32.1mm, 14일 37.3mm) | 하수관로 노후도=0.0점 (30년 이상 비율 0.0%) | 교통하중=71.4점 (ESAL 2061.6, 도시 중앙값 적용) | 300m 이내 확인된 보수이력 없음",0,,,,0.0,0.6246816970723522,0.4666037476149821,0.37192244687442655,-0.12182244410835341,0.07861850033900436,0.0015673849440044974,-0.06072288933117835,-0.017788087188867548,82.13235294117646,상위 15~30%
R00023,35.823867,127.174381,전주 데모도로,전주시,2081706.65,842.95,0.0004049321742811,7.742488395563824,matched,0,,,,,0,22,2606-00,국도26호선,전주시-소양면(2606-00),5121.1973580618505,2061.5824,24125.0,0.0379012869466836,city_median,71.41276306437679,0.04049321742811,2025-12-31,10.0,100.0,32.11999999999999,37.29,53.46,0.0,35.0,13.364999999999998,0.008098643485622,14.282552612875358,62.655651256360976,82.13235294117646,관심,동결융해,"Logistic 위험순위 상위 17.9% | 주요 증가요인=동결융해 | 동결융해 14일 10회 | 7일 강수 32.1mm | 14일 강수 37.3mm | 하수관 노후비율 0.0% | ESAL 2061.6 (도시 중앙값) | 과거 300m 이내 보수이력 없음 | 모델기여도[동결융해=+0.467, 7일 누적강수=+0.372, 14일 누적강수=-0.122, 하수관로 노후도=+0.079, 교통하중=+0.002, 과거 보수이력=-0.061, 보수 후 경과기간=-0.018]",62.655651256360976,위험,"주요원인=동결융해 | 동결융해=100.0점 (14일 10회) | 누적강수=53.5점 (7일 32.1mm, 14일 37.3mm) | 하수관로 노후도=0.0점 (30년 이상 비율 0.0%) | 교통하중=71.4점 (ESAL 2061.6, 도시 중앙값 적용) | 300m 이내 확인된 보수이력 없음",0,,,,0.0,0.6246816970723522,0.4666037476149821,0.37192244687442655,-0.12182244410835341,0.07861850033900436,0.0015673849440044974,-0.06072288933117835,-0.017788087188867548,82.13235294117646,상위 15~30%
R00024,35.823785,127.178872,전주 데모도로,전주시,2081706.65,842.95,0.0004049321742811,7.742488395563824,matched,0,,,,,0,23,2606-00,국도26호선,전주시-소양면(2606-00),4830.493840830808,2061.5824,24125.0,0.0379012869466836,city_median,71.41276306437679,0.04049321742811,2025-12-31,10.0,100.0,32.11999999999999,37.29,53.46,0.0,35.0,13.364999999999998,0.008098643485622,14.282552612875358,62.655651256360976,82.13235294117646,관심,동결융해,"Logistic 위험순위 상위 17.9% | 주요 증가요인=동결융해 | 동결융해 14일 10회 | 7일 강수 32.1mm | 14일 강수 37.3mm | 하수관 노후비율 0.0% | ESAL 2061.6 (도시 중앙값) | 과거 300m 이내 보수이력 없음 | 모델기여도[동결융해=+0.467, 7일 누적강수=+0.372, 14일 누적강수=-0.122, 하수관로 노후도=+0.079, 교통하중=+0.002, 과거 보수이력=-0.061, 보수 후 경과기간=-0.018]",62.655651256360976,위험,"주요원인=동결융해 | 동결융해=100.0점 (14일 10회) | 누적강수=53.5점 (7일 32.1mm, 14일 37.3mm) | 하수관로 노후도=0.0점 (30년 이상 비율 0.0%) | 교통하중=71.4점 (ESAL 2061.6, 도시 중앙값 적용) | 300m 이내 확인된 보수이력 없음",0,,,,0.0,0.6246816970723522,0.4666037476149821,0.37192244687442655,-0.12182244410835341,0.07861850033900436,0.0015673849440044974,-0.06072288933117835,-0.017788087188867548,82.13235294117646,상위 15~30%
R00025,35.824481,127.185551,전주 데모도로,전주시,2081706.65,842.95,0.0004049321742811,7.742488395563824,matched,0,,,,,0,24,2606-00,국도26호선,전주시-소양면(2606-00),4362.091617425894,2061.5824,24125.0,0.0379012869466836,city_median,71.41276306437679,0.04049321742811,2025-12-31,10.0,100.0,32.11999999999999,37.29,53.46,0.0,35.0,13.364999999999998,0.008098643485622,14.282552612875358,62.655651256360976,82.13235294117646,관심,동결융해,"Logistic 위험순위 상위 17.9% | 주요 증가요인=동결융해 | 동결융해 14일 10회 | 7일 강수 32.1mm | 14일 강수 37.3mm | 하수관 노후비율 0.0% | ESAL 2061.6 (도시 중앙값) | 과거 300m 이내 보수이력 없음 | 모델기여도[동결융해=+0.467, 7일 누적강수=+0.372, 14일 누적강수=-0.122, 하수관로 노후도=+0.079, 교통하중=+0.002, 과거 보수이력=-0.061, 보수 후 경과기간=-0.018]",62.655651256360976,위험,"주요원인=동결융해 | 동결융해=100.0점 (14일 10회) | 누적강수=53.5점 (7일 32.1mm, 14일 37.3mm) | 하수관로 노후도=0.0점 (30년 이상 비율 0.0%) | 교통하중=71.4점 (ESAL 2061.6, 도시 중앙값 적용) | 300m 이내 확인된 보수이력 없음",0,,,,0.0,0.6246816970723522,0.4666037476149821,0.37192244687442655,-0.12182244410835341,0.07861850033900436,0.0015673849440044974,-0.06072288933117835,-0.017788087188867548,82.13235294117646,상위 15~30%
R00026,35.824853,127.188986,전주 데모도로,전주시,2081706.65,842.95,0.0004049321742811,7.742488395563824,matched,0,,,,,0,25,2606-00,국도26호선,전주시-소양면(2606-00),4134.022078816787,2061.5824,24125.0,0.0379012869466836,city_median,71.41276306437679,0.04049321742811,2025-12-31,10.0,100.0,32.11999999999999,37.29,53.46,0.0,35.0,13.364999999999998,0.008098643485622,14.282552612875358,62.655651256360976,82.13235294117646,관심,동결융해,"Logistic 위험순위 상위 17.9% | 주요 증가요인=동결융해 | 동결융해 14일 10회 | 7일 강수 32.1mm | 14일 강수 37.3mm | 하수관 노후비율 0.0% | ESAL 2061.6 (도시 중앙값) | 과거 300m 이내 보수이력 없음 | 모델기여도[동결융해=+0.467, 7일 누적강수=+0.372, 14일 누적강수=-0.122, 하수관로 노후도=+0.079, 교통하중=+0.002, 과거 보수이력=-0.061, 보수 후 경과기간=-0.018]",62.655651256360976,위험,"주요원인=동결융해 | 동결융해=100.0점 (14일 10회) | 누적강수=53.5점 (7일 32.1mm, 14일 37.3mm) | 하수관로 노후도=0.0점 (30년 이상 비율 0.0%) | 교통하중=71.4점 (ESAL 2061.6, 도시 중앙값 적용) | 300m 이내 확인된 보수이력 없음",0,,,,0.0,0.6246816970723522,0.4666037476149821,0.37192244687442655,-0.12182244410835341,0.07861850033900436,0.0015673849440044974,-0.06072288933117835,-0.017788087188867548,82.13235294117646,상위 15~30%
R00048,35.811944,127.135805,전주 데모도로,전주시,2081706.65,842.95,0.0004049321742811,7.742488395563824,matched,0,,,,,0,47,2606-00,국도26호선,전주시-소양면(2606-00),8707.484354283562,2061.5824,24125.0,0.0379012869466836,city_median,71.41276306437679,0.04049321742811,2025-12-31,10.0,100.0,32.11999999999999,37.29,53.46,0.0,35.0,13.364999999999998,0.008098643485622,14.282552612875358,62.655651256360976,82.13235294117646,관심,동결융해,"Logistic 위험순위 상위 17.9% | 주요 증가요인=동결융해 | 동결융해 14일 10회 | 7일 강수 32.1mm | 14일 강수 37.3mm | 하수관 노후비율 0.0% | ESAL 2061.6 (도시 중앙값) | 과거 300m 이내 보수이력 없음 | 모델기여도[동결융해=+0.467, 7일 누적강수=+0.372, 14일 누적강수=-0.122, 하수관로 노후도=+0.079, 교통하중=+0.002, 과거 보수이력=-0.061, 보수 후 경과기간=-0.018]",62.655651256360976,위험,"주요원인=동결융해 | 동결융해=100.0점 (14일 10회) | 누적강수=53.5점 (7일 32.1mm, 14일 37.3mm) | 하수관로 노후도=0.0점 (30년 이상 비율 0.0%) | 교통하중=71.4점 (ESAL 2061.6, 도시 중앙값 적용) | 300m 이내 확인된 보수이력 없음",0,,,,0.0,0.6246816970723522,0.4666037476149821,0.37192244687442655,-0.12182244410835341,0.07861850033900436,0.0015673849440044974,-0.06072288933117835,-0.017788087188867548,82.13235294117646,상위 15~30%
R00020,35.824556,127.161415,전주 데모도로,전주시,2081706.65,842.95,0.0004049321742811,7.742488395563824,matched,0,,,,,0,19,2606-00,국도26호선,전주시-소양면(2606-00),6007.054628730035,2061.5824,24125.0,0.0379012869466836,city_median,71.41276306437679,0.04049321742811,2025-12-31,10.0,100.0,32.11999999999999,37.29,53.46,0.0,35.0,13.364999999999998,0.008098643485622,14.282552612875358,62.655651256360976,82.13235294117646,관심,동결융해,"Logistic 위험순위 상위 17.9% | 주요 증가요인=동결융해 | 동결융해 14일 10회 | 7일 강수 32.1mm | 14일 강수 37.3mm | 하수관 노후비율 0.0% | ESAL 2061.6 (도시 중앙값) | 과거 300m 이내 보수이력 없음 | 모델기여도[동결융해=+0.467, 7일 누적강수=+0.372, 14일 누적강수=-0.122, 하수관로 노후도=+0.079, 교통하중=+0.002, 과거 보수이력=-0.061, 보수 후 경과기간=-0.018]",62.655651256360976,위험,"주요원인=동결융해 | 동결융해=100.0점 (14일 10회) | 누적강수=53.5점 (7일 32.1mm, 14일 37.3mm) | 하수관로 노후도=0.0점 (30년 이상 비율 0.0%) | 교통하중=71.4점 (ESAL 2061.6, 도시 중앙값 적용) | 300m 이내 확인된 보수이력 없음",0,,,,0.0,0.6246816970723522,0.4666037476149821,0.37192244687442655,-0.12182244410835341,0.07861850033900436,0.0015673849440044974,-0.06072288933117835,-0.017788087188867548,82.13235294117646,상위 15~30%
R00044,35.800347,127.121283,전주 데모도로,전주시,2081706.65,842.95,0.0004049321742811,7.742488395563824,matched,0,,,,,0,43,0116-02,국도1호선,김제IC-전주시(0116-02),7901.677887763495,2061.5824,24125.0,0.0379012869466836,city_median,71.41276306437679,0.04049321742811,2025-12-31,10.0,100.0,32.11999999999999,37.29,53.46,0.0,35.0,13.364999999999998,0.008098643485622,14.282552612875358,62.655651256360976,82.13235294117646,관심,동결융해,"Logistic 위험순위 상위 17.9% | 주요 증가요인=동결융해 | 동결융해 14일 10회 | 7일 강수 32.1mm | 14일 강수 37.3mm | 하수관 노후비율 0.0% | ESAL 2061.6 (도시 중앙값) | 과거 300m 이내 보수이력 없음 | 모델기여도[동결융해=+0.467, 7일 누적강수=+0.372, 14일 누적강수=-0.122, 하수관로 노후도=+0.079, 교통하중=+0.002, 과거 보수이력=-0.061, 보수 후 경과기간=-0.018]",62.655651256360976,위험,"주요원인=동결융해 | 동결융해=100.0점 (14일 10회) | 누적강수=53.5점 (7일 32.1mm, 14일 37.3mm) | 하수관로 노후도=0.0점 (30년 이상 비율 0.0%) | 교통하중=71.4점 (ESAL 2061.6, 도시 중앙값 적용) | 300m 이내 확인된 보수이력 없음",0,,,,0.0,0.6246816970723522,0.4666037476149821,0.37192244687442655,-0.12182244410835341,0.07861850033900436,0.0015673849440044974,-0.06072288933117835,-0.017788087188867548,82.13235294117646,상위 15~30%
R00043,35.795211,127.118698,전주 데모도로,전주시,2081706.65,842.95,0.0004049321742811,7.742488395563824,matched,0,,,,,0,42,0116-02,국도1호선,김제IC-전주시(0116-02),7587.794620210192,2061.5824,24125.0,0.0379012869466836,city_median,71.41276306437679,0.04049321742811,2025-12-31,10.0,100.0,32.11999999999999,37.29,53.46,0.0,35.0,13.364999999999998,0.008098643485622,14.282552612875358,62.655651256360976,82.13235294117646,관심,동결융해,"Logistic 위험순위 상위 17.9% | 주요 증가요인=동결융해 | 동결융해 14일 10회 | 7일 강수 32.1mm | 14일 강수 37.3mm | 하수관 노후비율 0.0% | ESAL 2061.6 (도시 중앙값) | 과거 300m 이내 보수이력 없음 | 모델기여도[동결융해=+0.467, 7일 누적강수=+0.372, 14일 누적강수=-0.122, 하수관로 노후도=+0.079, 교통하중=+0.002, 과거 보수이력=-0.061, 보수 후 경과기간=-0.018]",62.655651256360976,위험,"주요원인=동결융해 | 동결융해=100.0점 (14일 10회) | 누적강수=53.5점 (7일 32.1mm, 14일 37.3mm) | 하수관로 노후도=0.0점 (30년 이상 비율 0.0%) | 교통하중=71.4점 (ESAL 2061.6, 도시 중앙값 적용) | 300m 이내 확인된 보수이력 없음",0,,,,0.0,0.6246816970723522,0.4666037476149821,0.37192244687442655,-0.12182244410835341,0.07861850033900436,0.0015673849440044974,-0.06072288933117835,-0.017788087188867548,82.13235294117646,상위 15~30%
R00042,35.791222,127.116183,전주 데모도로,전주시,2081706.65,842.95,0.0004049321742811,7.742488395563824,matched,0,,,,,0,41,0116-02,국도1호선,김제IC-전주시(0116-02),7324.745119540667,2061.5824,24125.0,0.0379012869466836,city_median,71.41276306437679,0.04049321742811,2025-12-31,10.0,100.0,32.11999999999999,37.29,53.46,0.0,35.0,13.364999999999998,0.008098643485622,14.282552612875358,62.655651256360976,82.13235294117646,관심,동결융해,"Logistic 위험순위 상위 17.9% | 주요 증가요인=동결융해 | 동결융해 14일 10회 | 7일 강수 32.1mm | 14일 강수 37.3mm | 하수관 노후비율 0.0% | ESAL 2061.6 (도시 중앙값) | 과거 300m 이내 보수이력 없음 | 모델기여도[동결융해=+0.467, 7일 누적강수=+0.372, 14일 누적강수=-0.122, 하수관로 노후도=+0.079, 교통하중=+0.002, 과거 보수이력=-0.061, 보수 후 경과기간=-0.018]",62.655651256360976,위험,"주요원인=동결융해 | 동결융해=100.0점 (14일 10회) | 누적강수=53.5점 (7일 32.1mm, 14일 37.3mm) | 하수관로 노후도=0.0점 (30년 이상 비율 0.0%) | 교통하중=71.4점 (ESAL 2061.6, 도시 중앙값 적용) | 300m 이내 확인된 보수이력 없음",0,,,,0.0,0.6246816970723522,0.4666037476149821,0.37192244687442655,-0.12182244410835341,0.07861850033900436,0.0015673849440044974,-0.06072288933117835,-0.017788087188867548,82.13235294117646,상위 15~30%
R00041,35.788013,127.111612,전주 데모도로,전주시,2081706.65,842.95,0.0004049321742811,7.742488395563824,matched,0,,,,,0,40,0116-02,국도1호선,김제IC-전주시(0116-02),6901.552749541172,2061.5824,24125.0,0.0379012869466836,city_median,71.41276306437679,0.04049321742811,2025-12-31,10.0,100.0,32.11999999999999,37.29,53.46,0.0,35.0,13.364999999999998,0.008098643485622,14.282552612875358,62.655651256360976,82.13235294117646,관심,동결융해,"Logistic 위험순위 상위 17.9% | 주요 증가요인=동결융해 | 동결융해 14일 10회 | 7일 강수 32.1mm | 14일 강수 37.3mm | 하수관 노후비율 0.0% | ESAL 2061.6 (도시 중앙값) | 과거 300m 이내 보수이력 없음 | 모델기여도[동결융해=+0.467, 7일 누적강수=+0.372, 14일 누적강수=-0.122, 하수관로 노후도=+0.079, 교통하중=+0.002, 과거 보수이력=-0.061, 보수 후 경과기간=-0.018]",62.655651256360976,위험,"주요원인=동결융해 | 동결융해=100.0점 (14일 10회) | 누적강수=53.5점 (7일 32.1mm, 14일 37.3mm) | 하수관로 노후도=0.0점 (30년 이상 비율 0.0%) | 교통하중=71.4점 (ESAL 2061.6, 도시 중앙값 적용) | 300m 이내 확인된 보수이력 없음",0,,,,0.0,0.6246816970723522,0.4666037476149821,0.37192244687442655,-0.12182244410835341,0.07861850033900436,0.0015673849440044974,-0.06072288933117835,-0.017788087188867548,82.13235294117646,상위 15~30%
R00040,35.785713,127.108003,전주 데모도로,전주시,2081706.65,842.95,0.0004049321742811,7.742488395563824,matched,0,,,,,0,39,0116-02,국도1호선,김제IC-전주시(0116-02),6579.224187225237,2061.5824,24125.0,0.0379012869466836,city_median,71.41276306437679,0.04049321742811,2025-12-31,10.0,100.0,32.11999999999999,37.29,53.46,0.0,35.0,13.364999999999998,0.008098643485622,14.282552612875358,62.655651256360976,82.13235294117646,관심,동결융해,"Logistic 위험순위 상위 17.9% | 주요 증가요인=동결융해 | 동결융해 14일 10회 | 7일 강수 32.1mm | 14일 강수 37.3mm | 하수관 노후비율 0.0% | ESAL 2061.6 (도시 중앙값) | 과거 300m 이내 보수이력 없음 | 모델기여도[동결융해=+0.467, 7일 누적강수=+0.372, 14일 누적강수=-0.122, 하수관로 노후도=+0.079, 교통하중=+0.002, 과거 보수이력=-0.061, 보수 후 경과기간=-0.018]",62.655651256360976,위험,"주요원인=동결융해 | 동결융해=100.0점 (14일 10회) | 누적강수=53.5점 (7일 32.1mm, 14일 37.3mm) | 하수관로 노후도=0.0점 (30년 이상 비율 0.0%) | 교통하중=71.4점 (ESAL 2061.6, 도시 중앙값 적용) | 300m 이내 확인된 보수이력 없음",0,,,,0.0,0.6246816970723522,0.4666037476149821,0.37192244687442655,-0.12182244410835341,0.07861850033900436,0.0015673849440044974,-0.06072288933117835,-0.017788087188867548,82.13235294117646,상위 15~30%
R00019,35.823855,127.156045,전주 데모도로,전주시,2081706.65,842.95,0.0004049321742811,7.742488395563824,matched,0,,,,,0,18,2606-00,국도26호선,전주시-소양면(2606-00),6457.550042916167,2061.5824,24125.0,0.0379012869466836,city_median,71.41276306437679,0.04049321742811,2025-12-31,10.0,100.0,32.11999999999999,37.29,53.46,0.0,35.0,13.364999999999998,0.008098643485622,14.282552612875358,62.655651256360976,82.13235294117646,관심,동결융해,"Logistic 위험순위 상위 17.9% | 주요 증가요인=동결융해 | 동결융해 14일 10회 | 7일 강수 32.1mm | 14일 강수 37.3mm | 하수관 노후비율 0.0% | ESAL 2061.6 (도시 중앙값) | 과거 300m 이내 보수이력 없음 | 모델기여도[동결융해=+0.467, 7일 누적강수=+0.372, 14일 누적강수=-0.122, 하수관로 노후도=+0.079, 교통하중=+0.002, 과거 보수이력=-0.061, 보수 후 경과기간=-0.018]",62.655651256360976,위험,"주요원인=동결융해 | 동결융해=100.0점 (14일 10회) | 누적강수=53.5점 (7일 32.1mm, 14일 37.3mm) | 하수관로 노후도=0.0점 (30년 이상 비율 0.0%) | 교통하중=71.4점 (ESAL 2061.6, 도시 중앙값 적용) | 300m 이내 확인된 보수이력 없음",0,,,,0.0,0.6246816970723522,0.4666037476149821,0.37192244687442655,-0.12182244410835341,0.07861850033900436,0.0015673849440044974,-0.06072288933117835,-0.017788087188867548,82.13235294117646,상위 15~30%
R00018,35.824759,127.148978,전주 데모도로,전주시,2081706.65,842.95,0.0004049321742811,7.742488395563824,matched,0,,,,,0,17,2606-00,국도26호선,전주시-소양면(2606-00),6960.584853510004,2061.5824,24125.0,0.0379012869466836,city_median,71.41276306437679,0.04049321742811,2025-12-31,10.0,100.0,32.11999999999999,37.29,53.46,0.0,35.0,13.364999999999998,0.008098643485622,14.282552612875358,62.655651256360976,82.13235294117646,관심,동결융해,"Logistic 위험순위 상위 17.9% | 주요 증가요인=동결융해 | 동결융해 14일 10회 | 7일 강수 32.1mm | 14일 강수 37.3mm | 하수관 노후비율 0.0% | ESAL 2061.6 (도시 중앙값) | 과거 300m 이내 보수이력 없음 | 모델기여도[동결융해=+0.467, 7일 누적강수=+0.372, 14일 누적강수=-0.122, 하수관로 노후도=+0.079, 교통하중=+0.002, 과거 보수이력=-0.061, 보수 후 경과기간=-0.018]",62.655651256360976,위험,"주요원인=동결융해 | 동결융해=100.0점 (14일 10회) | 누적강수=53.5점 (7일 32.1mm, 14일 37.3mm) | 하수관로 노후도=0.0점 (30년 이상 비율 0.0%) | 교통하중=71.4점 (ESAL 2061.6, 도시 중앙값 적용) | 300m 이내 확인된 보수이력 없음",0,,,,0.0,0.6246816970723522,0.4666037476149821,0.37192244687442655,-0.12182244410835341,0.07861850033900436,0.0015673849440044974,-0.06072288933117835,-0.017788087188867548,82.13235294117646,상위 15~30%
R00017,35.824821,127.145805,전주 데모도로,전주시,2081706.65,842.95,0.0004049321742811,7.742488395563824,matched,0,,,,,0,16,2606-00,국도26호선,전주시-소양면(2606-00),7211.072297131081,2061.5824,24125.0,0.0379012869466836,city_median,71.41276306437679,0.04049321742811,2025-12-31,10.0,100.0,32.11999999999999,37.29,53.46,0.0,35.0,13.364999999999998,0.008098643485622,14.282552612875358,62.655651256360976,82.13235294117646,관심,동결융해,"Logistic 위험순위 상위 17.9% | 주요 증가요인=동결융해 | 동결융해 14일 10회 | 7일 강수 32.1mm | 14일 강수 37.3mm | 하수관 노후비율 0.0% | ESAL 2061.6 (도시 중앙값) | 과거 300m 이내 보수이력 없음 | 모델기여도[동결융해=+0.467, 7일 누적강수=+0.372, 14일 누적강수=-0.122, 하수관로 노후도=+0.079, 교통하중=+0.002, 과거 보수이력=-0.061, 보수 후 경과기간=-0.018]",62.655651256360976,위험,"주요원인=동결융해 | 동결융해=100.0점 (14일 10회) | 누적강수=53.5점 (7일 32.1mm, 14일 37.3mm) | 하수관로 노후도=0.0점 (30년 이상 비율 0.0%) | 교통하중=71.4점 (ESAL 2061.6, 도시 중앙값 적용) | 300m 이내 확인된 보수이력 없음",0,,,,0.0,0.6246816970723522,0.4666037476149821,0.37192244687442655,-0.12182244410835341,0.07861850033900436,0.0015673849440044974,-0.06072288933117835,-0.017788087188867548,82.13235294117646,상위 15~30%
R00036,35.771193,127.095657,전주 데모도로,전주시,2081706.65,842.95,0.0004049321742811,7.742488395563824,matched,0,,,,,0,35,0116-02,국도1호선,김제IC-전주시(0116-02),5758.702203108688,2061.5824,24125.0,0.0379012869466836,city_median,71.41276306437679,0.04049321742811,2025-12-31,10.0,100.0,32.11999999999999,37.29,53.46,0.0,35.0,13.364999999999998,0.008098643485622,14.282552612875358,62.655651256360976,82.13235294117646,관심,동결융해,"Logistic 위험순위 상위 17.9% | 주요 증가요인=동결융해 | 동결융해 14일 10회 | 7일 강수 32.1mm | 14일 강수 37.3mm | 하수관 노후비율 0.0% | ESAL 2061.6 (도시 중앙값) | 과거 300m 이내 보수이력 없음 | 모델기여도[동결융해=+0.467, 7일 누적강수=+0.372, 14일 누적강수=-0.122, 하수관로 노후도=+0.079, 교통하중=+0.002, 과거 보수이력=-0.061, 보수 후 경과기간=-0.018]",62.655651256360976,위험,"주요원인=동결융해 | 동결융해=100.0점 (14일 10회) | 누적강수=53.5점 (7일 32.1mm, 14일 37.3mm) | 하수관로 노후도=0.0점 (30년 이상 비율 0.0%) | 교통하중=71.4점 (ESAL 2061.6, 도시 중앙값 적용) | 300m 이내 확인된 보수이력 없음",0,,,,0.0,0.6246816970723522,0.4666037476149821,0.37192244687442655,-0.12182244410835341,0.07861850033900436,0.0015673849440044974,-0.06072288933117835,-0.017788087188867548,82.13235294117646,상위 15~30%
R00035,35.768569,127.091285,전주 데모도로,전주시,2081706.65,842.95,0.0004049321742811,7.742488395563824,matched,0,,,,,0,34,0116-02,국도1호선,김제IC-전주시(0116-02),5491.672407008742,2061.5824,24125.0,0.0379012869466836,city_median,71.41276306437679,0.04049321742811,2025-12-31,10.0,100.0,32.11999999999999,37.29,53.46,0.0,35.0,13.364999999999998,0.008098643485622,14.282552612875358,62.655651256360976,82.13235294117646,관심,동결융해,"Logistic 위험순위 상위 17.9% | 주요 증가요인=동결융해 | 동결융해 14일 10회 | 7일 강수 32.1mm | 14일 강수 37.3mm | 하수관 노후비율 0.0% | ESAL 2061.6 (도시 중앙값) | 과거 300m 이내 보수이력 없음 | 모델기여도[동결융해=+0.467, 7일 누적강수=+0.372, 14일 누적강수=-0.122, 하수관로 노후도=+0.079, 교통하중=+0.002, 과거 보수이력=-0.061, 보수 후 경과기간=-0.018]",62.655651256360976,위험,"주요원인=동결융해 | 동결융해=100.0점 (14일 10회) | 누적강수=53.5점 (7일 32.1mm, 14일 37.3mm) | 하수관로 노후도=0.0점 (30년 이상 비율 0.0%) | 교통하중=71.4점 (ESAL 2061.6, 도시 중앙값 적용) | 300m 이내 확인된 보수이력 없음",0,,,,0.0,0.6246816970723522,0.4666037476149821,0.37192244687442655,-0.12182244410835341,0.07861850033900436,0.0015673849440044974,-0.06072288933117835,-0.017788087188867548,82.13235294117646,상위 15~30%
R00034,35.824927,127.226609,전주 데모도로,전주시,2081706.65,842.95,0.0004049321742811,7.742488395563824,matched,0,,,,,0,33,2606-00,국도26호선,전주시-소양면(2606-00),3367.8974854849616,2061.5824,24125.0,0.0379012869466836,city_median,71.41276306437679,0.04049321742811,2025-12-31,10.0,100.0,32.11999999999999,37.29,53.46,0.0,35.0,13.364999999999998,0.008098643485622,14.282552612875358,62.655651256360976,82.13235294117646,관심,동결융해,"Logistic 위험순위 상위 17.9% | 주요 증가요인=동결융해 | 동결융해 14일 10회 | 7일 강수 32.1mm | 14일 강수 37.3mm | 하수관 노후비율 0.0% | ESAL 2061.6 (도시 중앙값) | 과거 300m 이내 보수이력 없음 | 모델기여도[동결융해=+0.467, 7일 누적강수=+0.372, 14일 누적강수=-0.122, 하수관로 노후도=+0.079, 교통하중=+0.002, 과거 보수이력=-0.061, 보수 후 경과기간=-0.018]",62.655651256360976,위험,"주요원인=동결융해 | 동결융해=100.0점 (14일 10회) | 누적강수=53.5점 (7일 32.1mm, 14일 37.3mm) | 하수관로 노후도=0.0점 (30년 이상 비율 0.0%) | 교통하중=71.4점 (ESAL 2061.6, 도시 중앙값 적용) | 300m 이내 확인된 보수이력 없음",0,,,,0.0,0.6246816970723522,0.4666037476149821,0.37192244687442655,-0.12182244410835341,0.07861850033900436,0.0015673849440044974,-0.06072288933117835,-0.017788087188867548,82.13235294117646,상위 15~30%
R00131,35.863854,127.10724,전주 데모도로,전주시,2081706.65,842.95,0.0004049321742811,7.742488395563824,matched,0,,,,,0,130,0120-01,국도1호선,전주시-삼례읍(0120-01),7044.835401292942,2061.5824,24125.0,0.0379012869466836,city_median,71.41276306437679,0.04049321742811,2025-12-31,10.0,100.0,32.11999999999999,37.29,53.46,0.0,35.0,13.364999999999998,0.008098643485622,14.282552612875358,62.655651256360976,82.13235294117646,관심,동결융해,"Logistic 위험순위 상위 17.9% | 주요 증가요인=동결융해 | 동결융해 14일 10회 | 7일 강수 32.1mm | 14일 강수 37.3mm | 하수관 노후비율 0.0% | ESAL 2061.6 (도시 중앙값) | 과거 300m 이내 보수이력 없음 | 모델기여도[동결융해=+0.467, 7일 누적강수=+0.372, 14일 누적강수=-0.122, 하수관로 노후도=+0.079, 교통하중=+0.002, 과거 보수이력=-0.061, 보수 후 경과기간=-0.018]",62.655651256360976,위험,"주요원인=동결융해 | 동결융해=100.0점 (14일 10회) | 누적강수=53.5점 (7일 32.1mm, 14일 37.3mm) | 하수관로 노후도=0.0점 (30년 이상 비율 0.0%) | 교통하중=71.4점 (ESAL 2061.6, 도시 중앙값 적용) | 300m 이내 확인된 보수이력 없음",0,,,,0.0,0.6246816970723522,0.4666037476149821,0.37192244687442655,-0.12182244410835341,0.07861850033900436,0.0015673849440044974,-0.06072288933117835,-0.017788087188867548,82.13235294117646,상위 15~30%
R00130,35.860353,127.112973,전주 데모도로,전주시,2081706.65,842.95,0.0004049321742811,7.742488395563824,matched,0,,,,,0,129,0120-01,국도1호선,전주시-삼례읍(0120-01),7681.203726089946,2061.5824,24125.0,0.0379012869466836,city_median,71.41276306437679,0.04049321742811,2025-12-31,10.0,100.0,32.11999999999999,37.29,53.46,0.0,35.0,13.364999999999998,0.008098643485622,14.282552612875358,62.655651256360976,82.13235294117646,관심,동결융해,"Logistic 위험순위 상위 17.9% | 주요 증가요인=동결융해 | 동결융해 14일 10회 | 7일 강수 32.1mm | 14일 강수 37.3mm | 하수관 노후비율 0.0% | ESAL 2061.6 (도시 중앙값) | 과거 300m 이내 보수이력 없음 | 모델기여도[동결융해=+0.467, 7일 누적강수=+0.372, 14일 누적강수=-0.122, 하수관로 노후도=+0.079, 교통하중=+0.002, 과거 보수이력=-0.061, 보수 후 경과기간=-0.018]",62.655651256360976,위험,"주요원인=동결융해 | 동결융해=100.0점 (14일 10회) | 누적강수=53.5점 (7일 32.1mm, 14일 37.3mm) | 하수관로 노후도=0.0점 (30년 이상 비율 0.0%) | 교통하중=71.4점 (ESAL 2061.6, 도시 중앙값 적용) | 300m 이내 확인된 보수이력 없음",0,,,,0.0,0.6246816970723522,0.4666037476149821,0.37192244687442655,-0.12182244410835341,0.07861850033900436,0.0015673849440044974,-0.06072288933117835,-0.017788087188867548,82.13235294117646,상위 15~30%
R00129,35.855777,127.114311,전주 데모도로,전주시,2081706.65,842.95,0.0004049321742811,7.742488395563824,matched,0,,,,,0,128,0120-01,국도1호선,전주시-삼례읍(0120-01),8139.276324267172,2061.5824,24125.0,0.0379012869466836,city_median,71.41276306437679,0.04049321742811,2025-12-31,10.0,100.0,32.11999999999999,37.29,53.46,0.0,35.0,13.364999999999998,0.008098643485622,14.282552612875358,62.655651256360976,82.13235294117646,관심,동결융해,"Logistic 위험순위 상위 17.9% | 주요 증가요인=동결융해 | 동결융해 14일 10회 | 7일 강수 32.1mm | 14일 강수 37.3mm | 하수관 노후비율 0.0% | ESAL 2061.6 (도시 중앙값) | 과거 300m 이내 보수이력 없음 | 모델기여도[동결융해=+0.467, 7일 누적강수=+0.372, 14일 누적강수=-0.122, 하수관로 노후도=+0.079, 교통하중=+0.002, 과거 보수이력=-0.061, 보수 후 경과기간=-0.018]",62.655651256360976,위험,"주요원인=동결융해 | 동결융해=100.0점 (14일 10회) | 누적강수=53.5점 (7일 32.1mm, 14일 37.3mm) | 하수관로 노후도=0.0점 (30년 이상 비율 0.0%) | 교통하중=71.4점 (ESAL 2061.6, 도시 중앙값 적용) | 300m 이내 확인된 보수이력 없음",0,,,,0.0,0.6246816970723522,0.4666037476149821,0.37192244687442655,-0.12182244410835341,0.07861850033900436,0.0015673849440044974,-0.06072288933117835,-0.017788087188867548,82.13235294117646,상위 15~30%
R00117,35.814964,127.156567,전주 데모도로,전주시,2081706.65,842.95,0.0004049321742811,7.742488395563824,matched,0,,,,,0,116,2606-00,국도26호선,전주시-소양면(2606-00),6988.633433920068,2061.5824,24125.0,0.0379012869466836,city_median,71.41276306437679,0.04049321742811,2025-12-31,10.0,100.0,32.11999999999999,37.29,53.46,0.0,35.0,13.364999999999998,0.008098643485622,14.282552612875358,62.655651256360976,82.13235294117646,관심,동결융해,"Logistic 위험순위 상위 17.9% | 주요 증가요인=동결융해 | 동결융해 14일 10회 | 7일 강수 32.1mm | 14일 강수 37.3mm | 하수관 노후비율 0.0% | ESAL 2061.6 (도시 중앙값) | 과거 300m 이내 보수이력 없음 | 모델기여도[동결융해=+0.467, 7일 누적강수=+0.372, 14일 누적강수=-0.122, 하수관로 노후도=+0.079, 교통하중=+0.002, 과거 보수이력=-0.061, 보수 후 경과기간=-0.018]",62.655651256360976,위험,"주요원인=동결융해 | 동결융해=100.0점 (14일 10회) | 누적강수=53.5점 (7일 32.1mm, 14일 37.3mm) | 하수관로 노후도=0.0점 (30년 이상 비율 0.0%) | 교통하중=71.4점 (ESAL 2061.6, 도시 중앙값 적용) | 300m 이내 확인된 보수이력 없음",0,,,,0.0,0.6246816970723522,0.4666037476149821,0.37192244687442655,-0.12182244410835341,0.07861850033900436,0.0015673849440044974,-0.06072288933117835,-0.017788087188867548,82.13235294117646,상위 15~30%
R00118,35.818803,127.152232,전주 데모도로,전주시,2081706.65,842.95,0.0004049321742811,7.742488395563824,matched,0,,,,,0,117,2606-00,국도26호선,전주시-소양면(2606-00),7050.760759191084,2061.5824,24125.0,0.0379012869466836,city_median,71.41276306437679,0.04049321742811,2025-12-31,10.0,100.0,32.11999999999999,37.29,53.46,0.0,35.0,13.364999999999998,0.008098643485622,14.282552612875358,62.655651256360976,82.13235294117646,관심,동결융해,"Logistic 위험순위 상위 17.9% | 주요 증가요인=동결융해 | 동결융해 14일 10회 | 7일 강수 32.1mm | 14일 강수 37.3mm | 하수관 노후비율 0.0% | ESAL 2061.6 (도시 중앙값) | 과거 300m 이내 보수이력 없음 | 모델기여도[동결융해=+0.467, 7일 누적강수=+0.372, 14일 누적강수=-0.122, 하수관로 노후도=+0.079, 교통하중=+0.002, 과거 보수이력=-0.061, 보수 후 경과기간=-0.018]",62.655651256360976,위험,"주요원인=동결융해 | 동결융해=100.0점 (14일 10회) | 누적강수=53.5점 (7일 32.1mm, 14일 37.3mm) | 하수관로 노후도=0.0점 (30년 이상 비율 0.0%) | 교통하중=71.4점 (ESAL 2061.6, 도시 중앙값 적용) | 300m 이내 확인된 보수이력 없음",0,,,,0.0,0.6246816970723522,0.4666037476149821,0.37192244687442655,-0.12182244410835341,0.07861850033900436,0.0015673849440044974,-0.06072288933117835,-0.017788087188867548,82.13235294117646,상위 15~30%
R00120,35.825854,127.146328,전주 데모도로,전주시,2081706.65,842.95,0.0004049321742811,7.742488395563824,matched,0,,,,,0,119,2606-00,국도26호선,전주시-소양면(2606-00),7117.402989221836,2061.5824,24125.0,0.0379012869466836,city_median,71.41276306437679,0.04049321742811,2025-12-31,10.0,100.0,32.11999999999999,37.29,53.46,0.0,35.0,13.364999999999998,0.008098643485622,14.282552612875358,62.655651256360976,82.13235294117646,관심,동결융해,"Logistic 위험순위 상위 17.9% | 주요 증가요인=동결융해 | 동결융해 14일 10회 | 7일 강수 32.1mm | 14일 강수 37.3mm | 하수관 노후비율 0.0% | ESAL 2061.6 (도시 중앙값) | 과거 300m 이내 보수이력 없음 | 모델기여도[동결융해=+0.467, 7일 누적강수=+0.372, 14일 누적강수=-0.122, 하수관로 노후도=+0.079, 교통하중=+0.002, 과거 보수이력=-0.061, 보수 후 경과기간=-0.018]",62.655651256360976,위험,"주요원인=동결융해 | 동결융해=100.0점 (14일 10회) | 누적강수=53.5점 (7일 32.1mm, 14일 37.3mm) | 하수관로 노후도=0.0점 (30년 이상 비율 0.0%) | 교통하중=71.4점 (ESAL 2061.6, 도시 중앙값 적용) | 300m 이내 확인된 보수이력 없음",0,,,,0.0,0.6246816970723522,0.4666037476149821,0.37192244687442655,-0.12182244410835341,0.07861850033900436,0.0015673849440044974,-0.06072288933117835,-0.017788087188867548,82.13235294117646,상위 15~30%
R00114,35.806461,127.166725,전주 데모도로,전주시,2081706.65,842.95,0.0004049321742811,7.742488395563824,matched,0,,,,,0,113,2606-00,국도26호선,전주시-소양면(2606-00),6988.1663647477335,2061.5824,24125.0,0.0379012869466836,city_median,71.41276306437679,0.04049321742811,2025-12-31,10.0,100.0,32.11999999999999,37.29,53.46,0.0,35.0,13.364999999999998,0.008098643485622,14.282552612875358,62.655651256360976,82.13235294117646,관심,동결융해,"Logistic 위험순위 상위 17.9% | 주요 증가요인=동결융해 | 동결융해 14일 10회 | 7일 강수 32.1mm | 14일 강수 37.3mm | 하수관 노후비율 0.0% | ESAL 2061.6 (도시 중앙값) | 과거 300m 이내 보수이력 없음 | 모델기여도[동결융해=+0.467, 7일 누적강수=+0.372, 14일 누적강수=-0.122, 하수관로 노후도=+0.079, 교통하중=+0.002, 과거 보수이력=-0.061, 보수 후 경과기간=-0.018]",62.655651256360976,위험,"주요원인=동결융해 | 동결융해=100.0점 (14일 10회) | 누적강수=53.5점 (7일 32.1mm, 14일 37.3mm) | 하수관로 노후도=0.0점 (30년 이상 비율 0.0%) | 교통하중=71.4점 (ESAL 2061.6, 도시 중앙값 적용) | 300m 이내 확인된 보수이력 없음",0,,,,0.0,0.6246816970723522,0.4666037476149821,0.37192244687442655,-0.12182244410835341,0.07861850033900436,0.0015673849440044974,-0.06072288933117835,-0.017788087188867548,82.13235294117646,상위 15~30%
R00134,35.874049,127.097945,전주 데모도로,전주시,2081706.65,842.95,0.0004049321742811,7.742488395563824,matched,0,,,,,0,133,0120-01,국도1호선,전주시-삼례읍(0120-01),5644.191270015313,2061.5824,24125.0,0.0379012869466836,city_median,71.41276306437679,0.04049321742811,2025-12-31,10.0,100.0,32.11999999999999,37.29,53.46,0.0,35.0,13.364999999999998,0.008098643485622,14.282552612875358,62.655651256360976,82.13235294117646,관심,동결융해,"Logistic 위험순위 상위 17.9% | 주요 증가요인=동결융해 | 동결융해 14일 10회 | 7일 강수 32.1mm | 14일 강수 37.3mm | 하수관 노후비율 0.0% | ESAL 2061.6 (도시 중앙값) | 과거 300m 이내 보수이력 없음 | 모델기여도[동결융해=+0.467, 7일 누적강수=+0.372, 14일 누적강수=-0.122, 하수관로 노후도=+0.079, 교통하중=+0.002, 과거 보수이력=-0.061, 보수 후 경과기간=-0.018]",62.655651256360976,위험,"주요원인=동결융해 | 동결융해=100.0점 (14일 10회) | 누적강수=53.5점 (7일 32.1mm, 14일 37.3mm) | 하수관로 노후도=0.0점 (30년 이상 비율 0.0%) | 교통하중=71.4점 (ESAL 2061.6, 도시 중앙값 적용) | 300m 이내 확인된 보수이력 없음",0,,,,0.0,0.6246816970723522,0.4666037476149821,0.37192244687442655,-0.12182244410835341,0.07861850033900436,0.0015673849440044974,-0.06072288933117835,-0.017788087188867548,82.13235294117646,상위 15~30%
R00135,35.87861,127.095273,전주 데모도로,전주시,2081706.65,842.95,0.0004049321742811,7.742488395563824,matched,0,,,,,0,134,0120-01,국도1호선,전주시-삼례읍(0120-01),5114.018589115591,2061.5824,24125.0,0.0379012869466836,city_median,71.41276306437679,0.04049321742811,2025-12-31,10.0,100.0,32.11999999999999,37.29,53.46,0.0,35.0,13.364999999999998,0.008098643485622,14.282552612875358,62.655651256360976,82.13235294117646,관심,동결융해,"Logistic 위험순위 상위 17.9% | 주요 증가요인=동결융해 | 동결융해 14일 10회 | 7일 강수 32.1mm | 14일 강수 37.3mm | 하수관 노후비율 0.0% | ESAL 2061.6 (도시 중앙값) | 과거 300m 이내 보수이력 없음 | 모델기여도[동결융해=+0.467, 7일 누적강수=+0.372, 14일 누적강수=-0.122, 하수관로 노후도=+0.079, 교통하중=+0.002, 과거 보수이력=-0.061, 보수 후 경과기간=-0.018]",62.655651256360976,위험,"주요원인=동결융해 | 동결융해=100.0점 (14일 10회) | 누적강수=53.5점 (7일 32.1mm, 14일 37.3mm) | 하수관로 노후도=0.0점 (30년 이상 비율 0.0%) | 교통하중=71.4점 (ESAL 2061.6, 도시 중앙값 적용) | 300m 이내 확인된 보수이력 없음",0,,,,0.0,0.6246816970723522,0.4666037476149821,0.37192244687442655,-0.12182244410835341,0.07861850033900436,0.0015673849440044974,-0.06072288933117835,-0.017788087188867548,82.13235294117646,상위 15~30%
R00116,35.812461,127.158257,전주 데모도로,전주시,2081706.65,842.95,0.0004049321742811,7.742488395563824,matched,0,,,,,0,115,2606-00,국도26호선,전주시-소양면(2606-00),7050.487609195196,2061.5824,24125.0,0.0379012869466836,city_median,71.41276306437679,0.04049321742811,2025-12-31,10.0,100.0,32.11999999999999,37.29,53.46,0.0,35.0,13.364999999999998,0.008098643485622,14.282552612875358,62.655651256360976,82.13235294117646,관심,동결융해,"Logistic 위험순위 상위 17.9% | 주요 증가요인=동결융해 | 동결융해 14일 10회 | 7일 강수 32.1mm | 14일 강수 37.3mm | 하수관 노후비율 0.0% | ESAL 2061.6 (도시 중앙값) | 과거 300m 이내 보수이력 없음 | 모델기여도[동결융해=+0.467, 7일 누적강수=+0.372, 14일 누적강수=-0.122, 하수관로 노후도=+0.079, 교통하중=+0.002, 과거 보수이력=-0.061, 보수 후 경과기간=-0.018]",62.655651256360976,위험,"주요원인=동결융해 | 동결융해=100.0점 (14일 10회) | 누적강수=53.5점 (7일 32.1mm, 14일 37.3mm) | 하수관로 노후도=0.0점 (30년 이상 비율 0.0%) | 교통하중=71.4점 (ESAL 2061.6, 도시 중앙값 적용) | 300m 이내 확인된 보수이력 없음",0,,,,0.0,0.6246816970723522,0.4666037476149821,0.37192244687442655,-0.12182244410835341,0.07861850033900436,0.0015673849440044974,-0.06072288933117835,-0.017788087188867548,82.13235294117646,상위 15~30%
R00047,35.809363,127.132389,전주 데모도로,전주시,2081706.65,842.95,0.0004049321742811,7.742488395563824,matched,0,,,,,0,46,0116-02,국도1호선,김제IC-전주시(0116-02),9102.474971758844,2061.5824,24125.0,0.0379012869466836,city_median,71.41276306437679,0.04049321742811,2025-12-31,10.0,100.0,32.11999999999999,37.29,53.46,0.0,35.0,13.364999999999998,0.008098643485622,14.282552612875358,62.655651256360976,82.13235294117646,관심,동결융해,"Logistic 위험순위 상위 17.9% | 주요 증가요인=동결융해 | 동결융해 14일 10회 | 7일 강수 32.1mm | 14일 강수 37.3mm | 하수관 노후비율 0.0% | ESAL 2061.6 (도시 중앙값) | 과거 300m 이내 보수이력 없음 | 모델기여도[동결융해=+0.467, 7일 누적강수=+0.372, 14일 누적강수=-0.122, 하수관로 노후도=+0.079, 교통하중=+0.002, 과거 보수이력=-0.061, 보수 후 경과기간=-0.018]",62.655651256360976,위험,"주요원인=동결융해 | 동결융해=100.0점 (14일 10회) | 누적강수=53.5점 (7일 32.1mm, 14일 37.3mm) | 하수관로 노후도=0.0점 (30년 이상 비율 0.0%) | 교통하중=71.4점 (ESAL 2061.6, 도시 중앙값 적용) | 300m 이내 확인된 보수이력 없음",0,,,,0.0,0.6246816970723522,0.4666037476149821,0.37192244687442655,-0.12182244410835341,0.07861850033900436,0.0015673849440044974,-0.06072288933117835,-0.017788087188867548,82.13235294117646,상위 15~30%
R00046,35.805234,127.129248,전주 데모도로,전주시,2081706.65,842.95,0.0004049321742811,7.742488395563824,matched,0,,,,,0,45,0116-02,국도1호선,김제IC-전주시(0116-02),8715.18974578383,2061.5824,24125.0,0.0379012869466836,city_median,71.41276306437679,0.04049321742811,2025-12-31,10.0,100.0,32.11999999999999,37.29,53.46,0.0,35.0,13.364999999999998,0.008098643485622,14.282552612875358,62.655651256360976,82.13235294117646,관심,동결융해,"Logistic 위험순위 상위 17.9% | 주요 증가요인=동결융해 | 동결융해 14일 10회 | 7일 강수 32.1mm | 14일 강수 37.3mm | 하수관 노후비율 0.0% | ESAL 2061.6 (도시 중앙값) | 과거 300m 이내 보수이력 없음 | 모델기여도[동결융해=+0.467, 7일 누적강수=+0.372, 14일 누적강수=-0.122, 하수관로 노후도=+0.079, 교통하중=+0.002, 과거 보수이력=-0.061, 보수 후 경과기간=-0.018]",62.655651256360976,위험,"주요원인=동결융해 | 동결융해=100.0점 (14일 10회) | 누적강수=53.5점 (7일 32.1mm, 14일 37.3mm) | 하수관로 노후도=0.0점 (30년 이상 비율 0.0%) | 교통하중=71.4점 (ESAL 2061.6, 도시 중앙값 적용) | 300m 이내 확인된 보수이력 없음",0,,,,0.0,0.6246816970723522,0.4666037476149821,0.37192244687442655,-0.12182244410835341,0.07861850033900436,0.0015673849440044974,-0.06072288933117835,-0.017788087188867548,82.13235294117646,상위 15~30%
R00045,35.802299,127.124981,전주 데모도로,전주시,2081706.65,842.95,0.0004049321742811,7.742488395563824,matched,0,,,,,0,44,0116-02,국도1호선,김제IC-전주시(0116-02),8270.109381858574,2061.5824,24125.0,0.0379012869466836,city_median,71.41276306437679,0.04049321742811,2025-12-31,10.0,100.0,32.11999999999999,37.29,53.46,0.0,35.0,13.364999999999998,0.008098643485622,14.282552612875358,62.655651256360976,82.13235294117646,관심,동결융해,"Logistic 위험순위 상위 17.9% | 주요 증가요인=동결융해 | 동결융해 14일 10회 | 7일 강수 32.1mm | 14일 강수 37.3mm | 하수관 노후비율 0.0% | ESAL 2061.6 (도시 중앙값) | 과거 300m 이내 보수이력 없음 | 모델기여도[동결융해=+0.467, 7일 누적강수=+0.372, 14일 누적강수=-0.122, 하수관로 노후도=+0.079, 교통하중=+0.002, 과거 보수이력=-0.061, 보수 후 경과기간=-0.018]",62.655651256360976,위험,"주요원인=동결융해 | 동결융해=100.0점 (14일 10회) | 누적강수=53.5점 (7일 32.1mm, 14일 37.3mm) | 하수관로 노후도=0.0점 (30년 이상 비율 0.0%) | 교통하중=71.4점 (ESAL 2061.6, 도시 중앙값 적용) | 300m 이내 확인된 보수이력 없음",0,,,,0.0,0.6246816970723522,0.4666037476149821,0.37192244687442655,-0.12182244410835341,0.07861850033900436,0.0015673849440044974,-0.06072288933117835,-0.017788087188867548,82.13235294117646,상위 15~30%
R00112,35.800445,127.174046,전주 데모도로,전주시,2081706.65,842.95,0.0004049321742811,7.742488395563824,matched,0,,,,,0,111,2606-00,국도26호선,전주시-소양면(2606-00),7129.365446448774,2061.5824,24125.0,0.0379012869466836,city_median,71.41276306437679,0.04049321742811,2025-12-31,10.0,100.0,32.11999999999999,37.29,53.46,0.0,35.0,13.364999999999998,0.008098643485622,14.282552612875358,62.655651256360976,82.13235294117646,관심,동결융해,"Logistic 위험순위 상위 17.9% | 주요 증가요인=동결융해 | 동결융해 14일 10회 | 7일 강수 32.1mm | 14일 강수 37.3mm | 하수관 노후비율 0.0% | ESAL 2061.6 (도시 중앙값) | 과거 300m 이내 보수이력 없음 | 모델기여도[동결융해=+0.467, 7일 누적강수=+0.372, 14일 누적강수=-0.122, 하수관로 노후도=+0.079, 교통하중=+0.002, 과거 보수이력=-0.061, 보수 후 경과기간=-0.018]",62.655651256360976,위험,"주요원인=동결융해 | 동결융해=100.0점 (14일 10회) | 누적강수=53.5점 (7일 32.1mm, 14일 37.3mm) | 하수관로 노후도=0.0점 (30년 이상 비율 0.0%) | 교통하중=71.4점 (ESAL 2061.6, 도시 중앙값 적용) | 300m 이내 확인된 보수이력 없음",0,,,,0.0,0.6246816970723522,0.4666037476149821,0.37192244687442655,-0.12182244410835341,0.07861850033900436,0.0015673849440044974,-0.06072288933117835,-0.017788087188867548,82.13235294117646,상위 15~30%
R00083,35.811975,127.14672,전주 데모도로,전주시,2081706.65,842.95,0.0004049321742811,7.742488395563824,matched,0,,,,,0,82,2606-00,국도26호선,전주시-소양면(2606-00),7895.059485418413,2061.5824,24125.0,0.0379012869466836,city_median,71.41276306437679,0.04049321742811,2025-12-31,10.0,100.0,32.11999999999999,37.29,53.46,0.0,35.0,13.364999999999998,0.008098643485622,14.282552612875358,62.655651256360976,82.13235294117646,관심,동결융해,"Logistic 위험순위 상위 17.9% | 주요 증가요인=동결융해 | 동결융해 14일 10회 | 7일 강수 32.1mm | 14일 강수 37.3mm | 하수관 노후비율 0.0% | ESAL 2061.6 (도시 중앙값) | 과거 300m 이내 보수이력 없음 | 모델기여도[동결융해=+0.467, 7일 누적강수=+0.372, 14일 누적강수=-0.122, 하수관로 노후도=+0.079, 교통하중=+0.002, 과거 보수이력=-0.061, 보수 후 경과기간=-0.018]",62.655651256360976,위험,"주요원인=동결융해 | 동결융해=100.0점 (14일 10회) | 누적강수=53.5점 (7일 32.1mm, 14일 37.3mm) | 하수관로 노후도=0.0점 (30년 이상 비율 0.0%) | 교통하중=71.4점 (ESAL 2061.6, 도시 중앙값 적용) | 300m 이내 확인된 보수이력 없음",0,,,,0.0,0.6246816970723522,0.4666037476149821,0.37192244687442655,-0.12182244410835341,0.07861850033900436,0.0015673849440044974,-0.06072288933117835,-0.017788087188867548,82.13235294117646,상위 15~30%
R00126,35.847251,127.124777,전주 데모도로,전주시,2081706.65,842.95,0.0004049321742811,7.742488395563824,matched,0,,,,,0,125,2606-00,국도26호선,전주시-소양면(2606-00),8357.840766324041,2061.5824,24125.0,0.0379012869466836,city_median,71.41276306437679,0.04049321742811,2025-12-31,10.0,100.0,32.11999999999999,37.29,53.46,0.0,35.0,13.364999999999998,0.008098643485622,14.282552612875358,62.655651256360976,82.13235294117646,관심,동결융해,"Logistic 위험순위 상위 17.9% | 주요 증가요인=동결융해 | 동결융해 14일 10회 | 7일 강수 32.1mm | 14일 강수 37.3mm | 하수관 노후비율 0.0% | ESAL 2061.6 (도시 중앙값) | 과거 300m 이내 보수이력 없음 | 모델기여도[동결융해=+0.467, 7일 누적강수=+0.372, 14일 누적강수=-0.122, 하수관로 노후도=+0.079, 교통하중=+0.002, 과거 보수이력=-0.061, 보수 후 경과기간=-0.018]",62.655651256360976,위험,"주요원인=동결융해 | 동결융해=100.0점 (14일 10회) | 누적강수=53.5점 (7일 32.1mm, 14일 37.3mm) | 하수관로 노후도=0.0점 (30년 이상 비율 0.0%) | 교통하중=71.4점 (ESAL 2061.6, 도시 중앙값 적용) | 300m 이내 확인된 보수이력 없음",0,,,,0.0,0.6246816970723522,0.4666037476149821,0.37192244687442655,-0.12182244410835341,0.07861850033900436,0.0015673849440044974,-0.06072288933117835,-0.017788087188867548,82.13235294117646,상위 15~30%
R00125,35.843201,127.129563,전주 데모도로,전주시,2081706.65,842.95,0.0004049321742811,7.742488395563824,matched,0,,,,,0,124,2606-00,국도26호선,전주시-소양면(2606-00),7985.246998997125,2061.5824,24125.0,0.0379012869466836,city_median,71.41276306437679,0.04049321742811,2025-12-31,10.0,100.0,32.11999999999999,37.29,53.46,0.0,35.0,13.364999999999998,0.008098643485622,14.282552612875358,62.655651256360976,82.13235294117646,관심,동결융해,"Logistic 위험순위 상위 17.9% | 주요 증가요인=동결융해 | 동결융해 14일 10회 | 7일 강수 32.1mm | 14일 강수 37.3mm | 하수관 노후비율 0.0% | ESAL 2061.6 (도시 중앙값) | 과거 300m 이내 보수이력 없음 | 모델기여도[동결융해=+0.467, 7일 누적강수=+0.372, 14일 누적강수=-0.122, 하수관로 노후도=+0.079, 교통하중=+0.002, 과거 보수이력=-0.061, 보수 후 경과기간=-0.018]",62.655651256360976,위험,"주요원인=동결융해 | 동결융해=100.0점 (14일 10회) | 누적강수=53.5점 (7일 32.1mm, 14일 37.3mm) | 하수관로 노후도=0.0점 (30년 이상 비율 0.0%) | 교통하중=71.4점 (ESAL 2061.6, 도시 중앙값 적용) | 300m 이내 확인된 보수이력 없음",0,,,,0.0,0.6246816970723522,0.4666037476149821,0.37192244687442655,-0.12182244410835341,0.07861850033900436,0.0015673849440044974,-0.06072288933117835,-0.017788087188867548,82.13235294117646,상위 15~30%
R00122,35.833722,127.138737,전주 데모도로,전주시,2081706.65,842.95,0.0004049321742811,7.742488395563824,matched,0,,,,,0,121,2606-00,국도26호선,전주시-소양면(2606-00),7422.848168985741,2061.5824,24125.0,0.0379012869466836,city_median,71.41276306437679,0.04049321742811,2025-12-31,10.0,100.0,32.11999999999999,37.29,53.46,0.0,35.0,13.364999999999998,0.008098643485622,14.282552612875358,62.655651256360976,82.13235294117646,관심,동결융해,"Logistic 위험순위 상위 17.9% | 주요 증가요인=동결융해 | 동결융해 14일 10회 | 7일 강수 32.1mm | 14일 강수 37.3mm | 하수관 노후비율 0.0% | ESAL 2061.6 (도시 중앙값) | 과거 300m 이내 보수이력 없음 | 모델기여도[동결융해=+0.467, 7일 누적강수=+0.372, 14일 누적강수=-0.122, 하수관로 노후도=+0.079, 교통하중=+0.002, 과거 보수이력=-0.061, 보수 후 경과기간=-0.018]",62.655651256360976,위험,"주요원인=동결융해 | 동결융해=100.0점 (14일 10회) | 누적강수=53.5점 (7일 32.1mm, 14일 37.3mm) | 하수관로 노후도=0.0점 (30년 이상 비율 0.0%) | 교통하중=71.4점 (ESAL 2061.6, 도시 중앙값 적용) | 300m 이내 확인된 보수이력 없음",0,,,,0.0,0.6246816970723522,0.4666037476149821,0.37192244687442655,-0.12182244410835341,0.07861850033900436,0.0015673849440044974,-0.06072288933117835,-0.017788087188867548,82.13235294117646,상위 15~30%
R00084,35.816631,127.148041,전주 데모도로,전주시,2081706.65,842.95,0.0004049321742811,7.742488395563824,matched,0,,,,,0,83,2606-00,국도26호선,전주시-소양면(2606-00),7499.108699189782,2061.5824,24125.0,0.0379012869466836,city_median,71.41276306437679,0.04049321742811,2025-12-31,10.0,100.0,32.11999999999999,37.29,53.46,0.0,35.0,13.364999999999998,0.008098643485622,14.282552612875358,62.655651256360976,82.13235294117646,관심,동결융해,"Logistic 위험순위 상위 17.9% | 주요 증가요인=동결융해 | 동결융해 14일 10회 | 7일 강수 32.1mm | 14일 강수 37.3mm | 하수관 노후비율 0.0% | ESAL 2061.6 (도시 중앙값) | 과거 300m 이내 보수이력 없음 | 모델기여도[동결융해=+0.467, 7일 누적강수=+0.372, 14일 누적강수=-0.122, 하수관로 노후도=+0.079, 교통하중=+0.002, 과거 보수이력=-0.061, 보수 후 경과기간=-0.018]",62.655651256360976,위험,"주요원인=동결융해 | 동결융해=100.0점 (14일 10회) | 누적강수=53.5점 (7일 32.1mm, 14일 37.3mm) | 하수관로 노후도=0.0점 (30년 이상 비율 0.0%) | 교통하중=71.4점 (ESAL 2061.6, 도시 중앙값 적용) | 300m 이내 확인된 보수이력 없음",0,,,,0.0,0.6246816970723522,0.4666037476149821,0.37192244687442655,-0.12182244410835341,0.07861850033900436,0.0015673849440044974,-0.06072288933117835,-0.017788087188867548,82.13235294117646,상위 15~30%
R00124,35.839379,127.13237,전주 데모도로,전주시,2081706.65,842.95,0.0004049321742811,7.742488395563824,matched,0,,,,,0,123,2606-00,국도26호선,전주시-소양면(2606-00),7814.1151182571475,2061.5824,24125.0,0.0379012869466836,city_median,71.41276306437679,0.04049321742811,2025-12-31,10.0,100.0,32.11999999999999,37.29,53.46,0.0,35.0,13.364999999999998,0.008098643485622,14.282552612875358,62.655651256360976,82.13235294117646,관심,동결융해,"Logistic 위험순위 상위 17.9% | 주요 증가요인=동결융해 | 동결융해 14일 10회 | 7일 강수 32.1mm | 14일 강수 37.3mm | 하수관 노후비율 0.0% | ESAL 2061.6 (도시 중앙값) | 과거 300m 이내 보수이력 없음 | 모델기여도[동결융해=+0.467, 7일 누적강수=+0.372, 14일 누적강수=-0.122, 하수관로 노후도=+0.079, 교통하중=+0.002, 과거 보수이력=-0.061, 보수 후 경과기간=-0.018]",62.655651256360976,위험,"주요원인=동결융해 | 동결융해=100.0점 (14일 10회) | 누적강수=53.5점 (7일 32.1mm, 14일 37.3mm) | 하수관로 노후도=0.0점 (30년 이상 비율 0.0%) | 교통하중=71.4점 (ESAL 2061.6, 도시 중앙값 적용) | 300m 이내 확인된 보수이력 없음",0,,,,0.0,0.6246816970723522,0.4666037476149821,0.37192244687442655,-0.12182244410835341,0.07861850033900436,0.0015673849440044974,-0.06072288933117835,-0.017788087188867548,82.13235294117646,상위 15~30%
R00115,35.809502,127.16284,전주 데모도로,전주시,2081706.65,842.95,0.0004049321742811,7.742488395563824,matched,0,,,,,0,114,2606-00,국도26호선,전주시-소양면(2606-00),6975.734911573311,2061.5824,24125.0,0.0379012869466836,city_median,71.41276306437679,0.04049321742811,2025-12-31,10.0,100.0,32.11999999999999,37.29,53.46,0.0,35.0,13.364999999999998,0.008098643485622,14.282552612875358,62.655651256360976,82.13235294117646,관심,동결융해,"Logistic 위험순위 상위 17.9% | 주요 증가요인=동결융해 | 동결융해 14일 10회 | 7일 강수 32.1mm | 14일 강수 37.3mm | 하수관 노후비율 0.0% | ESAL 2061.6 (도시 중앙값) | 과거 300m 이내 보수이력 없음 | 모델기여도[동결융해=+0.467, 7일 누적강수=+0.372, 14일 누적강수=-0.122, 하수관로 노후도=+0.079, 교통하중=+0.002, 과거 보수이력=-0.061, 보수 후 경과기간=-0.018]",62.655651256360976,위험,"주요원인=동결융해 | 동결융해=100.0점 (14일 10회) | 누적강수=53.5점 (7일 32.1mm, 14일 37.3mm) | 하수관로 노후도=0.0점 (30년 이상 비율 0.0%) | 교통하중=71.4점 (ESAL 2061.6, 도시 중앙값 적용) | 300m 이내 확인된 보수이력 없음",0,,,,0.0,0.6246816970723522,0.4666037476149821,0.37192244687442655,-0.12182244410835341,0.07861850033900436,0.0015673849440044974,-0.06072288933117835,-0.017788087188867548,82.13235294117646,상위 15~30%
R00132,35.865877,127.105213,전주 데모도로,전주시,2081706.65,842.95,0.0004049321742811,7.742488395563824,matched,0,,,,,0,131,0120-01,국도1호선,전주시-삼례읍(0120-01),6755.5156078683485,2061.5824,24125.0,0.0379012869466836,city_median,71.41276306437679,0.04049321742811,2025-12-31,10.0,100.0,32.11999999999999,37.29,53.46,0.0,35.0,13.364999999999998,0.008098643485622,14.282552612875358,62.655651256360976,82.13235294117646,관심,동결융해,"Logistic 위험순위 상위 17.9% | 주요 증가요인=동결융해 | 동결융해 14일 10회 | 7일 강수 32.1mm | 14일 강수 37.3mm | 하수관 노후비율 0.0% | ESAL 2061.6 (도시 중앙값) | 과거 300m 이내 보수이력 없음 | 모델기여도[동결융해=+0.467, 7일 누적강수=+0.372, 14일 누적강수=-0.122, 하수관로 노후도=+0.079, 교통하중=+0.002, 과거 보수이력=-0.061, 보수 후 경과기간=-0.018]",62.655651256360976,위험,"주요원인=동결융해 | 동결융해=100.0점 (14일 10회) | 누적강수=53.5점 (7일 32.1mm, 14일 37.3mm) | 하수관로 노후도=0.0점 (30년 이상 비율 0.0%) | 교통하중=71.4점 (ESAL 2061.6, 도시 중앙값 적용) | 300m 이내 확인된 보수이력 없음",0,,,,0.0,0.6246816970723522,0.4666037476149821,0.37192244687442655,-0.12182244410835341,0.07861850033900436,0.0015673849440044974,-0.06072288933117835,-0.017788087188867548,82.13235294117646,상위 15~30%
R00098,35.884505,127.14753,전주 데모도로,전주시,2081706.65,842.95,0.0004049321742811,7.742488395563824,matched,0,,,,,0,97,1714-01,국도17호선,전주시-봉동읍(1714-01),3962.3783909018553,2061.5824,24125.0,0.0379012869466836,city_median,71.41276306437679,0.04049321742811,2025-12-31,10.0,100.0,32.11999999999999,37.29,53.46,0.0,35.0,13.364999999999998,0.008098643485622,14.282552612875358,62.655651256360976,82.13235294117646,관심,동결융해,"Logistic 위험순위 상위 17.9% | 주요 증가요인=동결융해 | 동결융해 14일 10회 | 7일 강수 32.1mm | 14일 강수 37.3mm | 하수관 노후비율 0.0% | ESAL 2061.6 (도시 중앙값) | 과거 300m 이내 보수이력 없음 | 모델기여도[동결융해=+0.467, 7일 누적강수=+0.372, 14일 누적강수=-0.122, 하수관로 노후도=+0.079, 교통하중=+0.002, 과거 보수이력=-0.061, 보수 후 경과기간=-0.018]",62.655651256360976,위험,"주요원인=동결융해 | 동결융해=100.0점 (14일 10회) | 누적강수=53.5점 (7일 32.1mm, 14일 37.3mm) | 하수관로 노후도=0.0점 (30년 이상 비율 0.0%) | 교통하중=71.4점 (ESAL 2061.6, 도시 중앙값 적용) | 300m 이내 확인된 보수이력 없음",0,,,,0.0,0.6246816970723522,0.4666037476149821,0.37192244687442655,-0.12182244410835341,0.07861850033900436,0.0015673849440044974,-0.06072288933117835,-0.017788087188867548,82.13235294117646,상위 15~30%
R00097,35.880955,127.147854,전주 데모도로,전주시,2081706.65,842.95,0.0004049321742811,7.742488395563824,matched,0,,,,,0,96,1714-01,국도17호선,전주시-봉동읍(1714-01),4314.740073042723,2061.5824,24125.0,0.0379012869466836,city_median,71.41276306437679,0.04049321742811,2025-12-31,10.0,100.0,32.11999999999999,37.29,53.46,0.0,35.0,13.364999999999998,0.008098643485622,14.282552612875358,62.655651256360976,82.13235294117646,관심,동결융해,"Logistic 위험순위 상위 17.9% | 주요 증가요인=동결융해 | 동결융해 14일 10회 | 7일 강수 32.1mm | 14일 강수 37.3mm | 하수관 노후비율 0.0% | ESAL 2061.6 (도시 중앙값) | 과거 300m 이내 보수이력 없음 | 모델기여도[동결융해=+0.467, 7일 누적강수=+0.372, 14일 누적강수=-0.122, 하수관로 노후도=+0.079, 교통하중=+0.002, 과거 보수이력=-0.061, 보수 후 경과기간=-0.018]",62.655651256360976,위험,"주요원인=동결융해 | 동결융해=100.0점 (14일 10회) | 누적강수=53.5점 (7일 32.1mm, 14일 37.3mm) | 하수관로 노후도=0.0점 (30년 이상 비율 0.0%) | 교통하중=71.4점 (ESAL 2061.6, 도시 중앙값 적용) | 300m 이내 확인된 보수이력 없음",0,,,,0.0,0.6246816970723522,0.4666037476149821,0.37192244687442655,-0.12182244410835341,0.07861850033900436,0.0015673849440044974,-0.06072288933117835,-0.017788087188867548,82.13235294117646,상위 15~30%
R00099,35.890533,127.148617,전주 데모도로,전주시,2081706.65,842.95,0.0004049321742811,7.742488395563824,matched,0,,,,,0,98,1714-01,국도17호선,전주시-봉동읍(1714-01),3315.846262283925,2061.5824,24125.0,0.0379012869466836,city_median,71.41276306437679,0.04049321742811,2025-12-31,10.0,100.0,32.11999999999999,37.29,53.46,0.0,35.0,13.364999999999998,0.008098643485622,14.282552612875358,62.655651256360976,82.13235294117646,관심,동결융해,"Logistic 위험순위 상위 17.9% | 주요 증가요인=동결융해 | 동결융해 14일 10회 | 7일 강수 32.1mm | 14일 강수 37.3mm | 하수관 노후비율 0.0% | ESAL 2061.6 (도시 중앙값) | 과거 300m 이내 보수이력 없음 | 모델기여도[동결융해=+0.467, 7일 누적강수=+0.372, 14일 누적강수=-0.122, 하수관로 노후도=+0.079, 교통하중=+0.002, 과거 보수이력=-0.061, 보수 후 경과기간=-0.018]",62.655651256360976,위험,"주요원인=동결융해 | 동결융해=100.0점 (14일 10회) | 누적강수=53.5점 (7일 32.1mm, 14일 37.3mm) | 하수관로 노후도=0.0점 (30년 이상 비율 0.0%) | 교통하중=71.4점 (ESAL 2061.6, 도시 중앙값 적용) | 300m 이내 확인된 보수이력 없음",0,,,,0.0,0.6246816970723522,0.4666037476149821,0.37192244687442655,-0.12182244410835341,0.07861850033900436,0.0015673849440044974,-0.06072288933117835,-0.017788087188867548,82.13235294117646,상위 15~30%
R00128,35.853217,127.119876,전주 데모도로,전주시,2081706.65,842.95,0.0004049321742811,7.742488395563824,matched,0,,,,,0,127,1714-01,국도17호선,전주시-봉동읍(1714-01),8200.562457480439,2061.5824,24125.0,0.0379012869466836,city_median,71.41276306437679,0.04049321742811,2025-12-31,10.0,100.0,32.11999999999999,37.29,53.46,0.0,35.0,13.364999999999998,0.008098643485622,14.282552612875358,62.655651256360976,82.13235294117646,관심,동결융해,"Logistic 위험순위 상위 17.9% | 주요 증가요인=동결융해 | 동결융해 14일 10회 | 7일 강수 32.1mm | 14일 강수 37.3mm | 하수관 노후비율 0.0% | ESAL 2061.6 (도시 중앙값) | 과거 300m 이내 보수이력 없음 | 모델기여도[동결융해=+0.467, 7일 누적강수=+0.372, 14일 누적강수=-0.122, 하수관로 노후도=+0.079, 교통하중=+0.002, 과거 보수이력=-0.061, 보수 후 경과기간=-0.018]",62.655651256360976,위험,"주요원인=동결융해 | 동결융해=100.0점 (14일 10회) | 누적강수=53.5점 (7일 32.1mm, 14일 37.3mm) | 하수관로 노후도=0.0점 (30년 이상 비율 0.0%) | 교통하중=71.4점 (ESAL 2061.6, 도시 중앙값 적용) | 300m 이내 확인된 보수이력 없음",0,,,,0.0,0.6246816970723522,0.4666037476149821,0.37192244687442655,-0.12182244410835341,0.07861850033900436,0.0015673849440044974,-0.06072288933117835,-0.017788087188867548,82.13235294117646,상위 15~30%
R00127,35.850219,127.120805,전주 데모도로,전주시,2081706.65,842.95,0.0004049321742811,7.742488395563824,matched,0,,,,,0,126,1714-01,국도17호선,전주시-봉동읍(1714-01),8450.423037697768,2061.5824,24125.0,0.0379012869466836,city_median,71.41276306437679,0.04049321742811,2025-12-31,10.0,100.0,32.11999999999999,37.29,53.46,0.0,35.0,13.364999999999998,0.008098643485622,14.282552612875358,62.655651256360976,82.13235294117646,관심,동결융해,"Logistic 위험순위 상위 17.9% | 주요 증가요인=동결융해 | 동결융해 14일 10회 | 7일 강수 32.1mm | 14일 강수 37.3mm | 하수관 노후비율 0.0% | ESAL 2061.6 (도시 중앙값) | 과거 300m 이내 보수이력 없음 | 모델기여도[동결융해=+0.467, 7일 누적강수=+0.372, 14일 누적강수=-0.122, 하수관로 노후도=+0.079, 교통하중=+0.002, 과거 보수이력=-0.061, 보수 후 경과기간=-0.018]",62.655651256360976,위험,"주요원인=동결융해 | 동결융해=100.0점 (14일 10회) | 누적강수=53.5점 (7일 32.1mm, 14일 37.3mm) | 하수관로 노후도=0.0점 (30년 이상 비율 0.0%) | 교통하중=71.4점 (ESAL 2061.6, 도시 중앙값 적용) | 300m 이내 확인된 보수이력 없음",0,,,,0.0,0.6246816970723522,0.4666037476149821,0.37192244687442655,-0.12182244410835341,0.07861850033900436,0.0015673849440044974,-0.06072288933117835,-0.017788087188867548,82.13235294117646,상위 15~30%
R00133,35.869658,127.101812,전주 데모도로,전주시,2081706.65,842.95,0.0004049321742811,7.742488395563824,matched,0,,,,,0,132,0120-01,국도1호선,전주시-삼례읍(0120-01),6238.589251593823,2061.5824,24125.0,0.0379012869466836,city_median,71.41276306437679,0.04049321742811,2025-12-31,10.0,100.0,32.11999999999999,37.29,53.46,0.0,35.0,13.364999999999998,0.008098643485622,14.282552612875358,62.655651256360976,82.13235294117646,관심,동결융해,"Logistic 위험순위 상위 17.9% | 주요 증가요인=동결융해 | 동결융해 14일 10회 | 7일 강수 32.1mm | 14일 강수 37.3mm | 하수관 노후비율 0.0% | ESAL 2061.6 (도시 중앙값) | 과거 300m 이내 보수이력 없음 | 모델기여도[동결융해=+0.467, 7일 누적강수=+0.372, 14일 누적강수=-0.122, 하수관로 노후도=+0.079, 교통하중=+0.002, 과거 보수이력=-0.061, 보수 후 경과기간=-0.018]",62.655651256360976,위험,"주요원인=동결융해 | 동결융해=100.0점 (14일 10회) | 누적강수=53.5점 (7일 32.1mm, 14일 37.3mm) | 하수관로 노후도=0.0점 (30년 이상 비율 0.0%) | 교통하중=71.4점 (ESAL 2061.6, 도시 중앙값 적용) | 300m 이내 확인된 보수이력 없음",0,,,,0.0,0.6246816970723522,0.4666037476149821,0.37192244687442655,-0.12182244410835341,0.07861850033900436,0.0015673849440044974,-0.06072288933117835,-0.017788087188867548,82.13235294117646,상위 15~30%
R00113,35.80096,127.170589,전주 데모도로,전주시,2081706.65,842.95,0.0004049321742811,7.742488395563824,matched,0,,,,,0,112,2606-00,국도26호선,전주시-소양면(2606-00),7256.95300815742,2061.5824,24125.0,0.0379012869466836,city_median,71.41276306437679,0.04049321742811,2025-12-31,10.0,100.0,32.11999999999999,37.29,53.46,0.0,35.0,13.364999999999998,0.008098643485622,14.282552612875358,62.655651256360976,82.13235294117646,관심,동결융해,"Logistic 위험순위 상위 17.9% | 주요 증가요인=동결융해 | 동결융해 14일 10회 | 7일 강수 32.1mm | 14일 강수 37.3mm | 하수관 노후비율 0.0% | ESAL 2061.6 (도시 중앙값) | 과거 300m 이내 보수이력 없음 | 모델기여도[동결융해=+0.467, 7일 누적강수=+0.372, 14일 누적강수=-0.122, 하수관로 노후도=+0.079, 교통하중=+0.002, 과거 보수이력=-0.061, 보수 후 경과기간=-0.018]",62.655651256360976,위험,"주요원인=동결융해 | 동결융해=100.0점 (14일 10회) | 누적강수=53.5점 (7일 32.1mm, 14일 37.3mm) | 하수관로 노후도=0.0점 (30년 이상 비율 0.0%) | 교통하중=71.4점 (ESAL 2061.6, 도시 중앙값 적용) | 300m 이내 확인된 보수이력 없음",0,,,,0.0,0.6246816970723522,0.4666037476149821,0.37192244687442655,-0.12182244410835341,0.07861850033900436,0.0015673849440044974,-0.06072288933117835,-0.017788087188867548,82.13235294117646,상위 15~30%
R00110,35.792172,127.179274,전주 데모도로,전주시,2081706.65,842.95,0.0004049321742811,7.742488395563824,matched,0,,,,,0,109,2606-00,국도26호선,전주시-소양면(2606-00),7696.682157279854,2061.5824,24125.0,0.0379012869466836,city_median,71.41276306437679,0.04049321742811,2025-12-31,10.0,100.0,32.11999999999999,37.29,53.46,0.0,35.0,13.364999999999998,0.008098643485622,14.282552612875358,62.655651256360976,82.13235294117646,관심,동결융해,"Logistic 위험순위 상위 17.9% | 주요 증가요인=동결융해 | 동결융해 14일 10회 | 7일 강수 32.1mm | 14일 강수 37.3mm | 하수관 노후비율 0.0% | ESAL 2061.6 (도시 중앙값) | 과거 300m 이내 보수이력 없음 | 모델기여도[동결융해=+0.467, 7일 누적강수=+0.372, 14일 누적강수=-0.122, 하수관로 노후도=+0.079, 교통하중=+0.002, 과거 보수이력=-0.061, 보수 후 경과기간=-0.018]",62.655651256360976,위험,"주요원인=동결융해 | 동결융해=100.0점 (14일 10회) | 누적강수=53.5점 (7일 32.1mm, 14일 37.3mm) | 하수관로 노후도=0.0점 (30년 이상 비율 0.0%) | 교통하중=71.4점 (ESAL 2061.6, 도시 중앙값 적용) | 300m 이내 확인된 보수이력 없음",0,,,,0.0,0.6246816970723522,0.4666037476149821,0.37192244687442655,-0.12182244410835341,0.07861850033900436,0.0015673849440044974,-0.06072288933117835,-0.017788087188867548,82.13235294117646,상위 15~30%
R00111,35.795652,127.178417,전주 데모도로,전주시,2081706.65,842.95,0.0004049321742811,7.742488395563824,matched,0,,,,,0,110,2606-00,국도26호선,전주시-소양면(2606-00),7387.940928840577,2061.5824,24125.0,0.0379012869466836,city_median,71.41276306437679,0.04049321742811,2025-12-31,10.0,100.0,32.11999999999999,37.29,53.46,0.0,35.0,13.364999999999998,0.008098643485622,14.282552612875358,62.655651256360976,82.13235294117646,관심,동결융해,"Logistic 위험순위 상위 17.9% | 주요 증가요인=동결융해 | 동결융해 14일 10회 | 7일 강수 32.1mm | 14일 강수 37.3mm | 하수관 노후비율 0.0% | ESAL 2061.6 (도시 중앙값) | 과거 300m 이내 보수이력 없음 | 모델기여도[동결융해=+0.467, 7일 누적강수=+0.372, 14일 누적강수=-0.122, 하수관로 노후도=+0.079, 교통하중=+0.002, 과거 보수이력=-0.061, 보수 후 경과기간=-0.018]",62.655651256360976,위험,"주요원인=동결융해 | 동결융해=100.0점 (14일 10회) | 누적강수=53.5점 (7일 32.1mm, 14일 37.3mm) | 하수관로 노후도=0.0점 (30년 이상 비율 0.0%) | 교통하중=71.4점 (ESAL 2061.6, 도시 중앙값 적용) | 300m 이내 확인된 보수이력 없음",0,,,,0.0,0.6246816970723522,0.4666037476149821,0.37192244687442655,-0.12182244410835341,0.07861850033900436,0.0015673849440044974,-0.06072288933117835,-0.017788087188867548,82.13235294117646,상위 15~30%
R00081,35.8024,127.147489,전주 데모도로,전주시,2081706.65,842.95,0.0004049321742811,7.742488395563824,matched,0,,,,,0,80,2606-00,국도26호선,전주시-소양면(2606-00),8520.44088170854,2061.5824,24125.0,0.0379012869466836,city_median,71.41276306437679,0.04049321742811,2025-12-31,10.0,100.0,32.11999999999999,37.29,53.46,0.0,35.0,13.364999999999998,0.008098643485622,14.282552612875358,62.655651256360976,82.13235294117646,관심,동결융해,"Logistic 위험순위 상위 17.9% | 주요 증가요인=동결융해 | 동결융해 14일 10회 | 7일 강수 32.1mm | 14일 강수 37.3mm | 하수관 노후비율 0.0% | ESAL 2061.6 (도시 중앙값) | 과거 300m 이내 보수이력 없음 | 모델기여도[동결융해=+0.467, 7일 누적강수=+0.372, 14일 누적강수=-0.122, 하수관로 노후도=+0.079, 교통하중=+0.002, 과거 보수이력=-0.061, 보수 후 경과기간=-0.018]",62.655651256360976,위험,"주요원인=동결융해 | 동결융해=100.0점 (14일 10회) | 누적강수=53.5점 (7일 32.1mm, 14일 37.3mm) | 하수관로 노후도=0.0점 (30년 이상 비율 0.0%) | 교통하중=71.4점 (ESAL 2061.6, 도시 중앙값 적용) | 300m 이내 확인된 보수이력 없음",0,,,,0.0,0.6246816970723522,0.4666037476149821,0.37192244687442655,-0.12182244410835341,0.07861850033900436,0.0015673849440044974,-0.06072288933117835,-0.017788087188867548,82.13235294117646,상위 15~30%
R00082,35.806953,127.148901,전주 데모도로,전주시,2081706.65,842.95,0.0004049321742811,7.742488395563824,matched,0,,,,,0,81,2606-00,국도26호선,전주시-소양면(2606-00),8089.24477466674,2061.5824,24125.0,0.0379012869466836,city_median,71.41276306437679,0.04049321742811,2025-12-31,10.0,100.0,32.11999999999999,37.29,53.46,0.0,35.0,13.364999999999998,0.008098643485622,14.282552612875358,62.655651256360976,82.13235294117646,관심,동결융해,"Logistic 위험순위 상위 17.9% | 주요 증가요인=동결융해 | 동결융해 14일 10회 | 7일 강수 32.1mm | 14일 강수 37.3mm | 하수관 노후비율 0.0% | ESAL 2061.6 (도시 중앙값) | 과거 300m 이내 보수이력 없음 | 모델기여도[동결융해=+0.467, 7일 누적강수=+0.372, 14일 누적강수=-0.122, 하수관로 노후도=+0.079, 교통하중=+0.002, 과거 보수이력=-0.061, 보수 후 경과기간=-0.018]",62.655651256360976,위험,"주요원인=동결융해 | 동결융해=100.0점 (14일 10회) | 누적강수=53.5점 (7일 32.1mm, 14일 37.3mm) | 하수관로 노후도=0.0점 (30년 이상 비율 0.0%) | 교통하중=71.4점 (ESAL 2061.6, 도시 중앙값 적용) | 300m 이내 확인된 보수이력 없음",0,,,,0.0,0.6246816970723522,0.4666037476149821,0.37192244687442655,-0.12182244410835341,0.07861850033900436,0.0015673849440044974,-0.06072288933117835,-0.017788087188867548,82.13235294117646,상위 15~30%
R00109,35.788213,127.185125,전주 데모도로,전주시,2081706.65,842.95,0.0004049321742811,7.742488395563824,matched,0,,,,,0,108,2606-00,국도26호선,전주시-소양면(2606-00),7885.864931847256,2061.5824,24125.0,0.0379012869466836,city_median,71.41276306437679,0.04049321742811,2025-12-31,10.0,100.0,32.11999999999999,37.29,53.46,0.0,35.0,13.364999999999998,0.008098643485622,14.282552612875358,62.655651256360976,82.13235294117646,관심,동결융해,"Logistic 위험순위 상위 17.9% | 주요 증가요인=동결융해 | 동결융해 14일 10회 | 7일 강수 32.1mm | 14일 강수 37.3mm | 하수관 노후비율 0.0% | ESAL 2061.6 (도시 중앙값) | 과거 300m 이내 보수이력 없음 | 모델기여도[동결융해=+0.467, 7일 누적강수=+0.372, 14일 누적강수=-0.122, 하수관로 노후도=+0.079, 교통하중=+0.002, 과거 보수이력=-0.061, 보수 후 경과기간=-0.018]",62.655651256360976,위험,"주요원인=동결융해 | 동결융해=100.0점 (14일 10회) | 누적강수=53.5점 (7일 32.1mm, 14일 37.3mm) | 하수관로 노후도=0.0점 (30년 이상 비율 0.0%) | 교통하중=71.4점 (ESAL 2061.6, 도시 중앙값 적용) | 300m 이내 확인된 보수이력 없음",0,,,,0.0,0.6246816970723522,0.4666037476149821,0.37192244687442655,-0.12182244410835341,0.07861850033900436,0.0015673849440044974,-0.06072288933117835,-0.017788087188867548,82.13235294117646,상위 15~30%
R00123,35.837549,127.13678,전주 데모도로,전주시,2081706.65,842.95,0.0004049321742811,7.742488395563824,matched,0,,,,,0,122,2606-00,국도26호선,전주시-소양면(2606-00),7474.002199847573,2061.5824,24125.0,0.0379012869466836,city_median,71.41276306437679,0.04049321742811,2025-12-31,10.0,100.0,32.11999999999999,37.29,53.46,0.0,35.0,13.364999999999998,0.008098643485622,14.282552612875358,62.655651256360976,82.13235294117646,관심,동결융해,"Logistic 위험순위 상위 17.9% | 주요 증가요인=동결융해 | 동결융해 14일 10회 | 7일 강수 32.1mm | 14일 강수 37.3mm | 하수관 노후비율 0.0% | ESAL 2061.6 (도시 중앙값) | 과거 300m 이내 보수이력 없음 | 모델기여도[동결융해=+0.467, 7일 누적강수=+0.372, 14일 누적강수=-0.122, 하수관로 노후도=+0.079, 교통하중=+0.002, 과거 보수이력=-0.061, 보수 후 경과기간=-0.018]",62.655651256360976,위험,"주요원인=동결융해 | 동결융해=100.0점 (14일 10회) | 누적강수=53.5점 (7일 32.1mm, 14일 37.3mm) | 하수관로 노후도=0.0점 (30년 이상 비율 0.0%) | 교통하중=71.4점 (ESAL 2061.6, 도시 중앙값 적용) | 300m 이내 확인된 보수이력 없음",0,,,,0.0,0.6246816970723522,0.4666037476149821,0.37192244687442655,-0.12182244410835341,0.07861850033900436,0.0015673849440044974,-0.06072288933117835,-0.017788087188867548,82.13235294117646,상위 15~30%
R00096,35.874516,127.146631,전주 데모도로,전주시,2081706.65,842.95,0.0004049321742811,7.742488395563824,matched,0,,,,,0,95,1714-01,국도17호선,전주시-봉동읍(1714-01),5023.475962521423,2061.5824,24125.0,0.0379012869466836,city_median,71.41276306437679,0.04049321742811,2025-12-31,10.0,100.0,32.11999999999999,37.29,53.46,0.0,35.0,13.364999999999998,0.008098643485622,14.282552612875358,62.655651256360976,82.13235294117646,관심,동결융해,"Logistic 위험순위 상위 17.9% | 주요 증가요인=동결융해 | 동결융해 14일 10회 | 7일 강수 32.1mm | 14일 강수 37.3mm | 하수관 노후비율 0.0% | ESAL 2061.6 (도시 중앙값) | 과거 300m 이내 보수이력 없음 | 모델기여도[동결융해=+0.467, 7일 누적강수=+0.372, 14일 누적강수=-0.122, 하수관로 노후도=+0.079, 교통하중=+0.002, 과거 보수이력=-0.061, 보수 후 경과기간=-0.018]",62.655651256360976,위험,"주요원인=동결융해 | 동결융해=100.0점 (14일 10회) | 누적강수=53.5점 (7일 32.1mm, 14일 37.3mm) | 하수관로 노후도=0.0점 (30년 이상 비율 0.0%) | 교통하중=71.4점 (ESAL 2061.6, 도시 중앙값 적용) | 300m 이내 확인된 보수이력 없음",0,,,,0.0,0.6246816970723522,0.4666037476149821,0.37192244687442655,-0.12182244410835341,0.07861850033900436,0.0015673849440044974,-0.06072288933117835,-0.017788087188867548,82.13235294117646,상위 15~30%
R00092,35.855794,127.148422,전주 데모도로,전주시,2081706.65,842.95,0.0004049321742811,7.742488395563824,matched,0,,,,,0,91,2606-00,국도26호선,전주시-소양면(2606-00),6192.889861363059,2061.5824,24125.0,0.0379012869466836,city_median,71.41276306437679,0.04049321742811,2025-12-31,10.0,100.0,32.11999999999999,37.29,53.46,0.0,35.0,13.364999999999998,0.008098643485622,14.282552612875358,62.655651256360976,82.13235294117646,관심,동결융해,"Logistic 위험순위 상위 17.9% | 주요 증가요인=동결융해 | 동결융해 14일 10회 | 7일 강수 32.1mm | 14일 강수 37.3mm | 하수관 노후비율 0.0% | ESAL 2061.6 (도시 중앙값) | 과거 300m 이내 보수이력 없음 | 모델기여도[동결융해=+0.467, 7일 누적강수=+0.372, 14일 누적강수=-0.122, 하수관로 노후도=+0.079, 교통하중=+0.002, 과거 보수이력=-0.061, 보수 후 경과기간=-0.018]",62.655651256360976,위험,"주요원인=동결융해 | 동결융해=100.0점 (14일 10회) | 누적강수=53.5점 (7일 32.1mm, 14일 37.3mm) | 하수관로 노후도=0.0점 (30년 이상 비율 0.0%) | 교통하중=71.4점 (ESAL 2061.6, 도시 중앙값 적용) | 300m 이내 확인된 보수이력 없음",0,,,,0.0,0.6246816970723522,0.4666037476149821,0.37192244687442655,-0.12182244410835341,0.07861850033900436,0.0015673849440044974,-0.06072288933117835,-0.017788087188867548,82.13235294117646,상위 15~30%
R00107,35.781744,127.189963,전주 데모도로,전주시,2081706.65,842.95,0.0004049321742811,7.742488395563824,matched,0,,,,,0,106,2606-00,국도26호선,전주시-소양면(2606-00),8422.486137598766,2061.5824,24125.0,0.0379012869466836,city_median,71.41276306437679,0.04049321742811,2025-12-31,10.0,100.0,32.11999999999999,37.29,53.46,0.0,35.0,13.364999999999998,0.008098643485622,14.282552612875358,62.655651256360976,82.13235294117646,관심,동결융해,"Logistic 위험순위 상위 17.9% | 주요 증가요인=동결융해 | 동결융해 14일 10회 | 7일 강수 32.1mm | 14일 강수 37.3mm | 하수관 노후비율 0.0% | ESAL 2061.6 (도시 중앙값) | 과거 300m 이내 보수이력 없음 | 모델기여도[동결융해=+0.467, 7일 누적강수=+0.372, 14일 누적강수=-0.122, 하수관로 노후도=+0.079, 교통하중=+0.002, 과거 보수이력=-0.061, 보수 후 경과기간=-0.018]",62.655651256360976,위험,"주요원인=동결융해 | 동결융해=100.0점 (14일 10회) | 누적강수=53.5점 (7일 32.1mm, 14일 37.3mm) | 하수관로 노후도=0.0점 (30년 이상 비율 0.0%) | 교통하중=71.4점 (ESAL 2061.6, 도시 중앙값 적용) | 300m 이내 확인된 보수이력 없음",0,,,,0.0,0.6246816970723522,0.4666037476149821,0.37192244687442655,-0.12182244410835341,0.07861850033900436,0.0015673849440044974,-0.06072288933117835,-0.017788087188867548,82.13235294117646,상위 15~30%
R00106,35.776484,127.193677,전주 데모도로,전주시,2081706.65,842.95,0.0004049321742811,7.742488395563824,matched,0,,,,,0,105,2606-00,국도26호선,전주시-소양면(2606-00),8898.346465924884,2061.5824,24125.0,0.0379012869466836,city_median,71.41276306437679,0.04049321742811,2025-12-31,10.0,100.0,32.11999999999999,37.29,53.46,0.0,35.0,13.364999999999998,0.008098643485622,14.282552612875358,62.655651256360976,82.13235294117646,관심,동결융해,"Logistic 위험순위 상위 17.9% | 주요 증가요인=동결융해 | 동결융해 14일 10회 | 7일 강수 32.1mm | 14일 강수 37.3mm | 하수관 노후비율 0.0% | ESAL 2061.6 (도시 중앙값) | 과거 300m 이내 보수이력 없음 | 모델기여도[동결융해=+0.467, 7일 누적강수=+0.372, 14일 누적강수=-0.122, 하수관로 노후도=+0.079, 교통하중=+0.002, 과거 보수이력=-0.061, 보수 후 경과기간=-0.018]",62.655651256360976,위험,"주요원인=동결융해 | 동결융해=100.0점 (14일 10회) | 누적강수=53.5점 (7일 32.1mm, 14일 37.3mm) | 하수관로 노후도=0.0점 (30년 이상 비율 0.0%) | 교통하중=71.4점 (ESAL 2061.6, 도시 중앙값 적용) | 300m 이내 확인된 보수이력 없음",0,,,,0.0,0.6246816970723522,0.4666037476149821,0.37192244687442655,-0.12182244410835341,0.07861850033900436,0.0015673849440044974,-0.06072288933117835,-0.017788087188867548,82.13235294117646,상위 15~30%
R00103,35.766707,127.205112,전주 데모도로,전주시,2081706.65,842.95,0.0004049321742811,7.742488395563824,matched,0,,,,,0,102,2606-00,국도26호선,전주시-소양면(2606-00),9790.961334713787,2061.5824,24125.0,0.0379012869466836,city_median,71.41276306437679,0.04049321742811,2025-12-31,10.0,100.0,32.11999999999999,37.29,53.46,0.0,35.0,13.364999999999998,0.008098643485622,14.282552612875358,62.655651256360976,82.13235294117646,관심,동결융해,"Logistic 위험순위 상위 17.9% | 주요 증가요인=동결융해 | 동결융해 14일 10회 | 7일 강수 32.1mm | 14일 강수 37.3mm | 하수관 노후비율 0.0% | ESAL 2061.6 (도시 중앙값) | 과거 300m 이내 보수이력 없음 | 모델기여도[동결융해=+0.467, 7일 누적강수=+0.372, 14일 누적강수=-0.122, 하수관로 노후도=+0.079, 교통하중=+0.002, 과거 보수이력=-0.061, 보수 후 경과기간=-0.018]",62.655651256360976,위험,"주요원인=동결융해 | 동결융해=100.0점 (14일 10회) | 누적강수=53.5점 (7일 32.1mm, 14일 37.3mm) | 하수관로 노후도=0.0점 (30년 이상 비율 0.0%) | 교통하중=71.4점 (ESAL 2061.6, 도시 중앙값 적용) | 300m 이내 확인된 보수이력 없음",0,,,,0.0,0.6246816970723522,0.4666037476149821,0.37192244687442655,-0.12182244410835341,0.07861850033900436,0.0015673849440044974,-0.06072288933117835,-0.017788087188867548,82.13235294117646,상위 15~30%
R00104,35.770905,127.201572,전주 데모도로,전주시,2081706.65,842.95,0.0004049321742811,7.742488395563824,matched,0,,,,,0,103,2606-00,국도26호선,전주시-소양면(2606-00),9369.554735102309,2061.5824,24125.0,0.0379012869466836,city_median,71.41276306437679,0.04049321742811,2025-12-31,10.0,100.0,32.11999999999999,37.29,53.46,0.0,35.0,13.364999999999998,0.008098643485622,14.282552612875358,62.655651256360976,82.13235294117646,관심,동결융해,"Logistic 위험순위 상위 17.9% | 주요 증가요인=동결융해 | 동결융해 14일 10회 | 7일 강수 32.1mm | 14일 강수 37.3mm | 하수관 노후비율 0.0% | ESAL 2061.6 (도시 중앙값) | 과거 300m 이내 보수이력 없음 | 모델기여도[동결융해=+0.467, 7일 누적강수=+0.372, 14일 누적강수=-0.122, 하수관로 노후도=+0.079, 교통하중=+0.002, 과거 보수이력=-0.061, 보수 후 경과기간=-0.018]",62.655651256360976,위험,"주요원인=동결융해 | 동결융해=100.0점 (14일 10회) | 누적강수=53.5점 (7일 32.1mm, 14일 37.3mm) | 하수관로 노후도=0.0점 (30년 이상 비율 0.0%) | 교통하중=71.4점 (ESAL 2061.6, 도시 중앙값 적용) | 300m 이내 확인된 보수이력 없음",0,,,,0.0,0.6246816970723522,0.4666037476149821,0.37192244687442655,-0.12182244410835341,0.07861850033900436,0.0015673849440044974,-0.06072288933117835,-0.017788087188867548,82.13235294117646,상위 15~30%
R00108,35.785035,127.186453,전주 데모도로,전주시,2081706.65,842.95,0.0004049321742811,7.742488395563824,matched,0,,,,,0,107,2606-00,국도26호선,전주시-소양면(2606-00),8174.540957804266,2061.5824,24125.0,0.0379012869466836,city_median,71.41276306437679,0.04049321742811,2025-12-31,10.0,100.0,32.11999999999999,37.29,53.46,0.0,35.0,13.364999999999998,0.008098643485622,14.282552612875358,62.655651256360976,82.13235294117646,관심,동결융해,"Logistic 위험순위 상위 17.9% | 주요 증가요인=동결융해 | 동결융해 14일 10회 | 7일 강수 32.1mm | 14일 강수 37.3mm | 하수관 노후비율 0.0% | ESAL 2061.6 (도시 중앙값) | 과거 300m 이내 보수이력 없음 | 모델기여도[동결융해=+0.467, 7일 누적강수=+0.372, 14일 누적강수=-0.122, 하수관로 노후도=+0.079, 교통하중=+0.002, 과거 보수이력=-0.061, 보수 후 경과기간=-0.018]",62.655651256360976,위험,"주요원인=동결융해 | 동결융해=100.0점 (14일 10회) | 누적강수=53.5점 (7일 32.1mm, 14일 37.3mm) | 하수관로 노후도=0.0점 (30년 이상 비율 0.0%) | 교통하중=71.4점 (ESAL 2061.6, 도시 중앙값 적용) | 300m 이내 확인된 보수이력 없음",0,,,,0.0,0.6246816970723522,0.4666037476149821,0.37192244687442655,-0.12182244410835341,0.07861850033900436,0.0015673849440044974,-0.06072288933117835,-0.017788087188867548,82.13235294117646,상위 15~30%
R00039,35.779927,127.10576,전주 데모도로,전주시,2081706.65,842.95,0.0004049321742811,7.742488395563824,matched,0,,,,,0,38,0116-02,국도1호선,김제IC-전주시(0116-02),6430.414400668084,2061.5824,24125.0,0.0379012869466836,city_median,71.41276306437679,0.04049321742811,2025-12-31,10.0,100.0,32.11999999999999,37.29,53.46,0.0,35.0,13.364999999999998,0.008098643485622,14.282552612875358,62.655651256360976,82.13235294117646,관심,동결융해,"Logistic 위험순위 상위 17.9% | 주요 증가요인=동결융해 | 동결융해 14일 10회 | 7일 강수 32.1mm | 14일 강수 37.3mm | 하수관 노후비율 0.0% | ESAL 2061.6 (도시 중앙값) | 과거 300m 이내 보수이력 없음 | 모델기여도[동결융해=+0.467, 7일 누적강수=+0.372, 14일 누적강수=-0.122, 하수관로 노후도=+0.079, 교통하중=+0.002, 과거 보수이력=-0.061, 보수 후 경과기간=-0.018]",62.655651256360976,위험,"주요원인=동결융해 | 동결융해=100.0점 (14일 10회) | 누적강수=53.5점 (7일 32.1mm, 14일 37.3mm) | 하수관로 노후도=0.0점 (30년 이상 비율 0.0%) | 교통하중=71.4점 (ESAL 2061.6, 도시 중앙값 적용) | 300m 이내 확인된 보수이력 없음",0,,,,0.0,0.6246816970723522,0.4666037476149821,0.37192244687442655,-0.12182244410835341,0.07861850033900436,0.0015673849440044974,-0.06072288933117835,-0.017788087188867548,82.13235294117646,상위 15~30%
R00038,35.778085,127.100754,전주 데모도로,전주시,2081706.65,842.95,0.0004049321742811,7.742488395563824,matched,0,,,,,0,37,0116-02,국도1호선,김제IC-전주시(0116-02),6015.736461483815,2061.5824,24125.0,0.0379012869466836,city_median,71.41276306437679,0.04049321742811,2025-12-31,10.0,100.0,32.11999999999999,37.29,53.46,0.0,35.0,13.364999999999998,0.008098643485622,14.282552612875358,62.655651256360976,82.13235294117646,관심,동결융해,"Logistic 위험순위 상위 17.9% | 주요 증가요인=동결융해 | 동결융해 14일 10회 | 7일 강수 32.1mm | 14일 강수 37.3mm | 하수관 노후비율 0.0% | ESAL 2061.6 (도시 중앙값) | 과거 300m 이내 보수이력 없음 | 모델기여도[동결융해=+0.467, 7일 누적강수=+0.372, 14일 누적강수=-0.122, 하수관로 노후도=+0.079, 교통하중=+0.002, 과거 보수이력=-0.061, 보수 후 경과기간=-0.018]",62.655651256360976,위험,"주요원인=동결융해 | 동결융해=100.0점 (14일 10회) | 누적강수=53.5점 (7일 32.1mm, 14일 37.3mm) | 하수관로 노후도=0.0점 (30년 이상 비율 0.0%) | 교통하중=71.4점 (ESAL 2061.6, 도시 중앙값 적용) | 300m 이내 확인된 보수이력 없음",0,,,,0.0,0.6246816970723522,0.4666037476149821,0.37192244687442655,-0.12182244410835341,0.07861850033900436,0.0015673849440044974,-0.06072288933117835,-0.017788087188867548,82.13235294117646,상위 15~30%
R00037,35.775645,127.09899,전주 데모도로,전주시,2081706.65,842.95,0.0004049321742811,7.742488395563824,matched,0,,,,,0,36,0116-02,국도1호선,김제IC-전주시(0116-02),5914.150731159818,2061.5824,24125.0,0.0379012869466836,city_median,71.41276306437679,0.04049321742811,2025-12-31,10.0,100.0,32.11999999999999,37.29,53.46,0.0,35.0,13.364999999999998,0.008098643485622,14.282552612875358,62.655651256360976,82.13235294117646,관심,동결융해,"Logistic 위험순위 상위 17.9% | 주요 증가요인=동결융해 | 동결융해 14일 10회 | 7일 강수 32.1mm | 14일 강수 37.3mm | 하수관 노후비율 0.0% | ESAL 2061.6 (도시 중앙값) | 과거 300m 이내 보수이력 없음 | 모델기여도[동결융해=+0.467, 7일 누적강수=+0.372, 14일 누적강수=-0.122, 하수관로 노후도=+0.079, 교통하중=+0.002, 과거 보수이력=-0.061, 보수 후 경과기간=-0.018]",62.655651256360976,위험,"주요원인=동결융해 | 동결융해=100.0점 (14일 10회) | 누적강수=53.5점 (7일 32.1mm, 14일 37.3mm) | 하수관로 노후도=0.0점 (30년 이상 비율 0.0%) | 교통하중=71.4점 (ESAL 2061.6, 도시 중앙값 적용) | 300m 이내 확인된 보수이력 없음",0,,,,0.0,0.6246816970723522,0.4666037476149821,0.37192244687442655,-0.12182244410835341,0.07861850033900436,0.0015673849440044974,-0.06072288933117835,-0.017788087188867548,82.13235294117646,상위 15~30%
R00016,35.823803,127.140991,전주 데모도로,전주시,2081706.65,842.95,0.0004049321742811,7.742488395563824,matched,0,,,,,0,15,2606-00,국도26호선,전주시-소양면(2606-00),7649.816338477247,2061.5824,24125.0,0.0379012869466836,city_median,71.41276306437679,0.04049321742811,2025-12-31,10.0,100.0,32.11999999999999,37.29,53.46,0.0,35.0,13.364999999999998,0.008098643485622,14.282552612875358,62.655651256360976,82.13235294117646,관심,동결융해,"Logistic 위험순위 상위 17.9% | 주요 증가요인=동결융해 | 동결융해 14일 10회 | 7일 강수 32.1mm | 14일 강수 37.3mm | 하수관 노후비율 0.0% | ESAL 2061.6 (도시 중앙값) | 과거 300m 이내 보수이력 없음 | 모델기여도[동결융해=+0.467, 7일 누적강수=+0.372, 14일 누적강수=-0.122, 하수관로 노후도=+0.079, 교통하중=+0.002, 과거 보수이력=-0.061, 보수 후 경과기간=-0.018]",62.655651256360976,위험,"주요원인=동결융해 | 동결융해=100.0점 (14일 10회) | 누적강수=53.5점 (7일 32.1mm, 14일 37.3mm) | 하수관로 노후도=0.0점 (30년 이상 비율 0.0%) | 교통하중=71.4점 (ESAL 2061.6, 도시 중앙값 적용) | 300m 이내 확인된 보수이력 없음",0,,,,0.0,0.6246816970723522,0.4666037476149821,0.37192244687442655,-0.12182244410835341,0.07861850033900436,0.0015673849440044974,-0.06072288933117835,-0.017788087188867548,82.13235294117646,상위 15~30%
R00015,35.823135,127.13637,전주 데모도로,전주시,2081706.65,842.95,0.0004049321742811,7.742488395563824,matched,0,,,,,0,14,2606-00,국도26호선,전주시-소양면(2606-00),8057.162981304939,2061.5824,24125.0,0.0379012869466836,city_median,71.41276306437679,0.04049321742811,2025-12-31,10.0,100.0,32.11999999999999,37.29,53.46,0.0,35.0,13.364999999999998,0.008098643485622,14.282552612875358,62.655651256360976,82.13235294117646,관심,동결융해,"Logistic 위험순위 상위 17.9% | 주요 증가요인=동결융해 | 동결융해 14일 10회 | 7일 강수 32.1mm | 14일 강수 37.3mm | 하수관 노후비율 0.0% | ESAL 2061.6 (도시 중앙값) | 과거 300m 이내 보수이력 없음 | 모델기여도[동결융해=+0.467, 7일 누적강수=+0.372, 14일 누적강수=-0.122, 하수관로 노후도=+0.079, 교통하중=+0.002, 과거 보수이력=-0.061, 보수 후 경과기간=-0.018]",62.655651256360976,위험,"주요원인=동결융해 | 동결융해=100.0점 (14일 10회) | 누적강수=53.5점 (7일 32.1mm, 14일 37.3mm) | 하수관로 노후도=0.0점 (30년 이상 비율 0.0%) | 교통하중=71.4점 (ESAL 2061.6, 도시 중앙값 적용) | 300m 이내 확인된 보수이력 없음",0,,,,0.0,0.6246816970723522,0.4666037476149821,0.37192244687442655,-0.12182244410835341,0.07861850033900436,0.0015673849440044974,-0.06072288933117835,-0.017788087188867548,82.13235294117646,상위 15~30%
R00014,35.823624,127.130986,전주 데모도로,전주시,2081706.65,842.95,0.0004049321742811,7.742488395563824,matched,0,,,,,0,13,2606-00,국도26호선,전주시-소양면(2606-00),8476.119276082169,2061.5824,24125.0,0.0379012869466836,city_median,71.41276306437679,0.04049321742811,2025-12-31,10.0,100.0,32.11999999999999,37.29,53.46,0.0,35.0,13.364999999999998,0.008098643485622,14.282552612875358,62.655651256360976,82.13235294117646,관심,동결융해,"Logistic 위험순위 상위 17.9% | 주요 증가요인=동결융해 | 동결융해 14일 10회 | 7일 강수 32.1mm | 14일 강수 37.3mm | 하수관 노후비율 0.0% | ESAL 2061.6 (도시 중앙값) | 과거 300m 이내 보수이력 없음 | 모델기여도[동결융해=+0.467, 7일 누적강수=+0.372, 14일 누적강수=-0.122, 하수관로 노후도=+0.079, 교통하중=+0.002, 과거 보수이력=-0.061, 보수 후 경과기간=-0.018]",62.655651256360976,위험,"주요원인=동결융해 | 동결융해=100.0점 (14일 10회) | 누적강수=53.5점 (7일 32.1mm, 14일 37.3mm) | 하수관로 노후도=0.0점 (30년 이상 비율 0.0%) | 교통하중=71.4점 (ESAL 2061.6, 도시 중앙값 적용) | 300m 이내 확인된 보수이력 없음",0,,,,0.0,0.6246816970723522,0.4666037476149821,0.37192244687442655,-0.12182244410835341,0.07861850033900436,0.0015673849440044974,-0.06072288933117835,-0.017788087188867548,82.13235294117646,상위 15~30%
R00013,35.823537,127.12596,전주 데모도로,전주시,2081706.65,842.95,0.0004049321742811,7.742488395563824,matched,0,,,,,0,12,2606-00,국도26호선,전주시-소양면(2606-00),8896.645796035766,2061.5824,24125.0,0.0379012869466836,city_median,71.41276306437679,0.04049321742811,2025-12-31,10.0,100.0,32.11999999999999,37.29,53.46,0.0,35.0,13.364999999999998,0.008098643485622,14.282552612875358,62.655651256360976,82.13235294117646,관심,동결융해,"Logistic 위험순위 상위 17.9% | 주요 증가요인=동결융해 | 동결융해 14일 10회 | 7일 강수 32.1mm | 14일 강수 37.3mm | 하수관 노후비율 0.0% | ESAL 2061.6 (도시 중앙값) | 과거 300m 이내 보수이력 없음 | 모델기여도[동결융해=+0.467, 7일 누적강수=+0.372, 14일 누적강수=-0.122, 하수관로 노후도=+0.079, 교통하중=+0.002, 과거 보수이력=-0.061, 보수 후 경과기간=-0.018]",62.655651256360976,위험,"주요원인=동결융해 | 동결융해=100.0점 (14일 10회) | 누적강수=53.5점 (7일 32.1mm, 14일 37.3mm) | 하수관로 노후도=0.0점 (30년 이상 비율 0.0%) | 교통하중=71.4점 (ESAL 2061.6, 도시 중앙값 적용) | 300m 이내 확인된 보수이력 없음",0,,,,0.0,0.6246816970723522,0.4666037476149821,0.37192244687442655,-0.12182244410835341,0.07861850033900436,0.0015673849440044974,-0.06072288933117835,-0.017788087188867548,82.13235294117646,상위 15~30%
R00049,35.814873,127.139872,전주 데모도로,전주시,2081706.65,842.95,0.0004049321742811,7.742488395563824,matched,0,,,,,0,48,2606-00,국도26호선,전주시-소양면(2606-00),8223.285018576484,2061.5824,24125.0,0.0379012869466836,city_median,71.41276306437679,0.04049321742811,2025-12-31,10.0,100.0,32.11999999999999,37.29,53.46,0.0,35.0,13.364999999999998,0.008098643485622,14.282552612875358,62.655651256360976,82.13235294117646,관심,동결융해,"Logistic 위험순위 상위 17.9% | 주요 증가요인=동결융해 | 동결융해 14일 10회 | 7일 강수 32.1mm | 14일 강수 37.3mm | 하수관 노후비율 0.0% | ESAL 2061.6 (도시 중앙값) | 과거 300m 이내 보수이력 없음 | 모델기여도[동결융해=+0.467, 7일 누적강수=+0.372, 14일 누적강수=-0.122, 하수관로 노후도=+0.079, 교통하중=+0.002, 과거 보수이력=-0.061, 보수 후 경과기간=-0.018]",62.655651256360976,위험,"주요원인=동결융해 | 동결융해=100.0점 (14일 10회) | 누적강수=53.5점 (7일 32.1mm, 14일 37.3mm) | 하수관로 노후도=0.0점 (30년 이상 비율 0.0%) | 교통하중=71.4점 (ESAL 2061.6, 도시 중앙값 적용) | 300m 이내 확인된 보수이력 없음",0,,,,0.0,0.6246816970723522,0.4666037476149821,0.37192244687442655,-0.12182244410835341,0.07861850033900436,0.0015673849440044974,-0.06072288933117835,-0.017788087188867548,82.13235294117646,상위 15~30%
R00050,35.819254,127.143162,전주 데모도로,전주시,2081706.65,842.95,0.0004049321742811,7.742488395563824,matched,0,,,,,0,49,2606-00,국도26호선,전주시-소양면(2606-00),7717.023471095518,2061.5824,24125.0,0.0379012869466836,city_median,71.41276306437679,0.04049321742811,2025-12-31,10.0,100.0,32.11999999999999,37.29,53.46,0.0,35.0,13.364999999999998,0.008098643485622,14.282552612875358,62.655651256360976,82.13235294117646,관심,동결융해,"Logistic 위험순위 상위 17.9% | 주요 증가요인=동결융해 | 동결융해 14일 10회 | 7일 강수 32.1mm | 14일 강수 37.3mm | 하수관 노후비율 0.0% | ESAL 2061.6 (도시 중앙값) | 과거 300m 이내 보수이력 없음 | 모델기여도[동결융해=+0.467, 7일 누적강수=+0.372, 14일 누적강수=-0.122, 하수관로 노후도=+0.079, 교통하중=+0.002, 과거 보수이력=-0.061, 보수 후 경과기간=-0.018]",62.655651256360976,위험,"주요원인=동결융해 | 동결융해=100.0점 (14일 10회) | 누적강수=53.5점 (7일 32.1mm, 14일 37.3mm) | 하수관로 노후도=0.0점 (30년 이상 비율 0.0%) | 교통하중=71.4점 (ESAL 2061.6, 도시 중앙값 적용) | 300m 이내 확인된 보수이력 없음",0,,,,0.0,0.6246816970723522,0.4666037476149821,0.37192244687442655,-0.12182244410835341,0.07861850033900436,0.0015673849440044974,-0.06072288933117835,-0.017788087188867548,82.13235294117646,상위 15~30%
R00080,35.796415,127.147441,전주 데모도로,전주시,2081706.65,842.95,0.0004049321742811,7.742488395563824,matched,0,,,,,0,79,2606-00,국도26호선,전주시-소양면(2606-00),8987.075285722987,2061.5824,24125.0,0.0379012869466836,city_median,71.41276306437679,0.04049321742811,2025-12-31,10.0,100.0,32.11999999999999,37.29,53.46,0.0,35.0,13.364999999999998,0.008098643485622,14.282552612875358,62.655651256360976,82.13235294117646,관심,동결융해,"Logistic 위험순위 상위 17.9% | 주요 증가요인=동결융해 | 동결융해 14일 10회 | 7일 강수 32.1mm | 14일 강수 37.3mm | 하수관 노후비율 0.0% | ESAL 2061.6 (도시 중앙값) | 과거 300m 이내 보수이력 없음 | 모델기여도[동결융해=+0.467, 7일 누적강수=+0.372, 14일 누적강수=-0.122, 하수관로 노후도=+0.079, 교통하중=+0.002, 과거 보수이력=-0.061, 보수 후 경과기간=-0.018]",62.655651256360976,위험,"주요원인=동결융해 | 동결융해=100.0점 (14일 10회) | 누적강수=53.5점 (7일 32.1mm, 14일 37.3mm) | 하수관로 노후도=0.0점 (30년 이상 비율 0.0%) | 교통하중=71.4점 (ESAL 2061.6, 도시 중앙값 적용) | 300m 이내 확인된 보수이력 없음",0,,,,0.0,0.6246816970723522,0.4666037476149821,0.37192244687442655,-0.12182244410835341,0.07861850033900436,0.0015673849440044974,-0.06072288933117835,-0.017788087188867548,82.13235294117646,상위 15~30%
R00078,35.788345,127.14824,전주 데모도로,전주시,2081706.65,842.95,0.0004049321742811,7.742488395563824,matched,0,,,,,0,77,2606-00,국도26호선,전주시-소양면(2606-00),9602.732926434475,2061.5824,24125.0,0.0379012869466836,city_median,71.41276306437679,0.04049321742811,2025-12-31,10.0,100.0,32.11999999999999,37.29,53.46,0.0,35.0,13.364999999999998,0.008098643485622,14.282552612875358,62.655651256360976,82.13235294117646,관심,동결융해,"Logistic 위험순위 상위 17.9% | 주요 증가요인=동결융해 | 동결융해 14일 10회 | 7일 강수 32.1mm | 14일 강수 37.3mm | 하수관 노후비율 0.0% | ESAL 2061.6 (도시 중앙값) | 과거 300m 이내 보수이력 없음 | 모델기여도[동결융해=+0.467, 7일 누적강수=+0.372, 14일 누적강수=-0.122, 하수관로 노후도=+0.079, 교통하중=+0.002, 과거 보수이력=-0.061, 보수 후 경과기간=-0.018]",62.655651256360976,위험,"주요원인=동결융해 | 동결융해=100.0점 (14일 10회) | 누적강수=53.5점 (7일 32.1mm, 14일 37.3mm) | 하수관로 노후도=0.0점 (30년 이상 비율 0.0%) | 교통하중=71.4점 (ESAL 2061.6, 도시 중앙값 적용) | 300m 이내 확인된 보수이력 없음",0,,,,0.0,0.6246816970723522,0.4666037476149821,0.37192244687442655,-0.12182244410835341,0.07861850033900436,0.0015673849440044974,-0.06072288933117835,-0.017788087188867548,82.13235294117646,상위 15~30%
R00076,35.778204,127.148321,전주 데모도로,전주시,2081706.65,842.95,0.0004049321742811,7.742488395563824,matched,0,,,,,0,75,0116-02,국도1호선,김제IC-전주시(0116-02),10266.242300735645,2061.5824,24125.0,0.0379012869466836,city_median,71.41276306437679,0.04049321742811,2025-12-31,10.0,100.0,32.11999999999999,37.29,53.46,0.0,35.0,13.364999999999998,0.008098643485622,14.282552612875358,62.655651256360976,82.13235294117646,관심,동결융해,"Logistic 위험순위 상위 17.9% | 주요 증가요인=동결융해 | 동결융해 14일 10회 | 7일 강수 32.1mm | 14일 강수 37.3mm | 하수관 노후비율 0.0% | ESAL 2061.6 (도시 중앙값) | 과거 300m 이내 보수이력 없음 | 모델기여도[동결융해=+0.467, 7일 누적강수=+0.372, 14일 누적강수=-0.122, 하수관로 노후도=+0.079, 교통하중=+0.002, 과거 보수이력=-0.061, 보수 후 경과기간=-0.018]",62.655651256360976,위험,"주요원인=동결융해 | 동결융해=100.0점 (14일 10회) | 누적강수=53.5점 (7일 32.1mm, 14일 37.3mm) | 하수관로 노후도=0.0점 (30년 이상 비율 0.0%) | 교통하중=71.4점 (ESAL 2061.6, 도시 중앙값 적용) | 300m 이내 확인된 보수이력 없음",0,,,,0.0,0.6246816970723522,0.4666037476149821,0.37192244687442655,-0.12182244410835341,0.07861850033900436,0.0015673849440044974,-0.06072288933117835,-0.017788087188867548,82.13235294117646,상위 15~30%
R00075,35.773982,127.148347,전주 데모도로,전주시,2081706.65,842.95,0.0004049321742811,7.742488395563824,matched,0,,,,,0,74,0116-02,국도1호선,김제IC-전주시(0116-02),10327.074936259727,2061.5824,24125.0,0.0379012869466836,city_median,71.41276306437679,0.04049321742811,2025-12-31,10.0,100.0,32.11999999999999,37.29,53.46,0.0,35.0,13.364999999999998,0.008098643485622,14.282552612875358,62.655651256360976,82.13235294117646,관심,동결융해,"Logistic 위험순위 상위 17.9% | 주요 증가요인=동결융해 | 동결융해 14일 10회 | 7일 강수 32.1mm | 14일 강수 37.3mm | 하수관 노후비율 0.0% | ESAL 2061.6 (도시 중앙값) | 과거 300m 이내 보수이력 없음 | 모델기여도[동결융해=+0.467, 7일 누적강수=+0.372, 14일 누적강수=-0.122, 하수관로 노후도=+0.079, 교통하중=+0.002, 과거 보수이력=-0.061, 보수 후 경과기간=-0.018]",62.655651256360976,위험,"주요원인=동결융해 | 동결융해=100.0점 (14일 10회) | 누적강수=53.5점 (7일 32.1mm, 14일 37.3mm) | 하수관로 노후도=0.0점 (30년 이상 비율 0.0%) | 교통하중=71.4점 (ESAL 2061.6, 도시 중앙값 적용) | 300m 이내 확인된 보수이력 없음",0,,,,0.0,0.6246816970723522,0.4666037476149821,0.37192244687442655,-0.12182244410835341,0.07861850033900436,0.0015673849440044974,-0.06072288933117835,-0.017788087188867548,82.13235294117646,상위 15~30%
R00093,35.860091,127.146524,전주 데모도로,전주시,2081706.65,842.95,0.0004049321742811,7.742488395563824,matched,0,,,,,0,92,2606-00,국도26호선,전주시-소양면(2606-00),6394.70876369755,2061.5824,24125.0,0.0379012869466836,city_median,71.41276306437679,0.04049321742811,2025-12-31,10.0,100.0,32.11999999999999,37.29,53.46,0.0,35.0,13.364999999999998,0.008098643485622,14.282552612875358,62.655651256360976,82.13235294117646,관심,동결융해,"Logistic 위험순위 상위 17.9% | 주요 증가요인=동결융해 | 동결융해 14일 10회 | 7일 강수 32.1mm | 14일 강수 37.3mm | 하수관 노후비율 0.0% | ESAL 2061.6 (도시 중앙값) | 과거 300m 이내 보수이력 없음 | 모델기여도[동결융해=+0.467, 7일 누적강수=+0.372, 14일 누적강수=-0.122, 하수관로 노후도=+0.079, 교통하중=+0.002, 과거 보수이력=-0.061, 보수 후 경과기간=-0.018]",62.655651256360976,위험,"주요원인=동결융해 | 동결융해=100.0점 (14일 10회) | 누적강수=53.5점 (7일 32.1mm, 14일 37.3mm) | 하수관로 노후도=0.0점 (30년 이상 비율 0.0%) | 교통하중=71.4점 (ESAL 2061.6, 도시 중앙값 적용) | 300m 이내 확인된 보수이력 없음",0,,,,0.0,0.6246816970723522,0.4666037476149821,0.37192244687442655,-0.12182244410835341,0.07861850033900436,0.0015673849440044974,-0.06072288933117835,-0.017788087188867548,82.13235294117646,상위 15~30%
R00094,35.864987,127.148523,전주 데모도로,전주시,2081706.65,842.95,0.0004049321742811,7.742488395563824,matched,0,,,,,0,93,1714-01,국도17호선,전주시-봉동읍(1714-01),5985.205510344124,2061.5824,24125.0,0.0379012869466836,city_median,71.41276306437679,0.04049321742811,2025-12-31,10.0,100.0,32.11999999999999,37.29,53.46,0.0,35.0,13.364999999999998,0.008098643485622,14.282552612875358,62.655651256360976,82.13235294117646,관심,동결융해,"Logistic 위험순위 상위 17.9% | 주요 증가요인=동결융해 | 동결융해 14일 10회 | 7일 강수 32.1mm | 14일 강수 37.3mm | 하수관 노후비율 0.0% | ESAL 2061.6 (도시 중앙값) | 과거 300m 이내 보수이력 없음 | 모델기여도[동결융해=+0.467, 7일 누적강수=+0.372, 14일 누적강수=-0.122, 하수관로 노후도=+0.079, 교통하중=+0.002, 과거 보수이력=-0.061, 보수 후 경과기간=-0.018]",62.655651256360976,위험,"주요원인=동결융해 | 동결융해=100.0점 (14일 10회) | 누적강수=53.5점 (7일 32.1mm, 14일 37.3mm) | 하수관로 노후도=0.0점 (30년 이상 비율 0.0%) | 교통하중=71.4점 (ESAL 2061.6, 도시 중앙값 적용) | 300m 이내 확인된 보수이력 없음",0,,,,0.0,0.6246816970723522,0.4666037476149821,0.37192244687442655,-0.12182244410835341,0.07861850033900436,0.0015673849440044974,-0.06072288933117835,-0.017788087188867548,82.13235294117646,상위 15~30%
R00090,35.846595,127.147731,전주 데모도로,전주시,2081706.65,842.95,0.0004049321742811,7.742488395563824,matched,0,,,,,0,89,2606-00,국도26호선,전주시-소양면(2606-00),6310.273984097064,2061.5824,24125.0,0.0379012869466836,city_median,71.41276306437679,0.04049321742811,2025-12-31,10.0,100.0,32.11999999999999,37.29,53.46,0.0,35.0,13.364999999999998,0.008098643485622,14.282552612875358,62.655651256360976,82.13235294117646,관심,동결융해,"Logistic 위험순위 상위 17.9% | 주요 증가요인=동결융해 | 동결융해 14일 10회 | 7일 강수 32.1mm | 14일 강수 37.3mm | 하수관 노후비율 0.0% | ESAL 2061.6 (도시 중앙값) | 과거 300m 이내 보수이력 없음 | 모델기여도[동결융해=+0.467, 7일 누적강수=+0.372, 14일 누적강수=-0.122, 하수관로 노후도=+0.079, 교통하중=+0.002, 과거 보수이력=-0.061, 보수 후 경과기간=-0.018]",62.655651256360976,위험,"주요원인=동결융해 | 동결융해=100.0점 (14일 10회) | 누적강수=53.5점 (7일 32.1mm, 14일 37.3mm) | 하수관로 노후도=0.0점 (30년 이상 비율 0.0%) | 교통하중=71.4점 (ESAL 2061.6, 도시 중앙값 적용) | 300m 이내 확인된 보수이력 없음",0,,,,0.0,0.6246816970723522,0.4666037476149821,0.37192244687442655,-0.12182244410835341,0.07861850033900436,0.0015673849440044974,-0.06072288933117835,-0.017788087188867548,82.13235294117646,상위 15~30%
R00087,35.830638,127.147691,전주 데모도로,전주시,2081706.65,842.95,0.0004049321742811,7.742488395563824,matched,0,,,,,0,86,2606-00,국도26호선,전주시-소양면(2606-00),6784.511082135649,2061.5824,24125.0,0.0379012869466836,city_median,71.41276306437679,0.04049321742811,2025-12-31,10.0,100.0,32.11999999999999,37.29,53.46,0.0,35.0,13.364999999999998,0.008098643485622,14.282552612875358,62.655651256360976,82.13235294117646,관심,동결융해,"Logistic 위험순위 상위 17.9% | 주요 증가요인=동결융해 | 동결융해 14일 10회 | 7일 강수 32.1mm | 14일 강수 37.3mm | 하수관 노후비율 0.0% | ESAL 2061.6 (도시 중앙값) | 과거 300m 이내 보수이력 없음 | 모델기여도[동결융해=+0.467, 7일 누적강수=+0.372, 14일 누적강수=-0.122, 하수관로 노후도=+0.079, 교통하중=+0.002, 과거 보수이력=-0.061, 보수 후 경과기간=-0.018]",62.655651256360976,위험,"주요원인=동결융해 | 동결융해=100.0점 (14일 10회) | 누적강수=53.5점 (7일 32.1mm, 14일 37.3mm) | 하수관로 노후도=0.0점 (30년 이상 비율 0.0%) | 교통하중=71.4점 (ESAL 2061.6, 도시 중앙값 적용) | 300m 이내 확인된 보수이력 없음",0,,,,0.0,0.6246816970723522,0.4666037476149821,0.37192244687442655,-0.12182244410835341,0.07861850033900436,0.0015673849440044974,-0.06072288933117835,-0.017788087188867548,82.13235294117646,상위 15~30%
R00068,35.879031,127.203977,전주 데모도로,전주시,2081706.65,842.95,0.0004049321742811,7.742488395563824,matched,0,,,,,0,67,2606-00,국도26호선,전주시-소양면(2606-00),3001.962515954476,2061.5824,24125.0,0.0379012869466836,city_median,71.41276306437679,0.04049321742811,2025-12-31,10.0,100.0,32.11999999999999,37.29,53.46,0.0,35.0,13.364999999999998,0.008098643485622,14.282552612875358,62.655651256360976,82.13235294117646,관심,동결융해,"Logistic 위험순위 상위 17.9% | 주요 증가요인=동결융해 | 동결융해 14일 10회 | 7일 강수 32.1mm | 14일 강수 37.3mm | 하수관 노후비율 0.0% | ESAL 2061.6 (도시 중앙값) | 과거 300m 이내 보수이력 없음 | 모델기여도[동결융해=+0.467, 7일 누적강수=+0.372, 14일 누적강수=-0.122, 하수관로 노후도=+0.079, 교통하중=+0.002, 과거 보수이력=-0.061, 보수 후 경과기간=-0.018]",62.655651256360976,위험,"주요원인=동결융해 | 동결융해=100.0점 (14일 10회) | 누적강수=53.5점 (7일 32.1mm, 14일 37.3mm) | 하수관로 노후도=0.0점 (30년 이상 비율 0.0%) | 교통하중=71.4점 (ESAL 2061.6, 도시 중앙값 적용) | 300m 이내 확인된 보수이력 없음",0,,,,0.0,0.6246816970723522,0.4666037476149821,0.37192244687442655,-0.12182244410835341,0.07861850033900436,0.0015673849440044974,-0.06072288933117835,-0.017788087188867548,82.13235294117646,상위 15~30%
R00105,35.774689,127.198096,전주 데모도로,전주시,2081706.65,842.95,0.0004049321742811,7.742488395563824,matched,0,,,,,0,104,2606-00,국도26호선,전주시-소양면(2606-00),9008.105492056166,2061.5824,24125.0,0.0379012869466836,city_median,71.41276306437679,0.04049321742811,2025-12-31,10.0,100.0,32.11999999999999,37.29,53.46,0.0,35.0,13.364999999999998,0.008098643485622,14.282552612875358,62.655651256360976,82.13235294117646,관심,동결융해,"Logistic 위험순위 상위 17.9% | 주요 증가요인=동결융해 | 동결융해 14일 10회 | 7일 강수 32.1mm | 14일 강수 37.3mm | 하수관 노후비율 0.0% | ESAL 2061.6 (도시 중앙값) | 과거 300m 이내 보수이력 없음 | 모델기여도[동결융해=+0.467, 7일 누적강수=+0.372, 14일 누적강수=-0.122, 하수관로 노후도=+0.079, 교통하중=+0.002, 과거 보수이력=-0.061, 보수 후 경과기간=-0.018]",62.655651256360976,위험,"주요원인=동결융해 | 동결융해=100.0점 (14일 10회) | 누적강수=53.5점 (7일 32.1mm, 14일 37.3mm) | 하수관로 노후도=0.0점 (30년 이상 비율 0.0%) | 교통하중=71.4점 (ESAL 2061.6, 도시 중앙값 적용) | 300m 이내 확인된 보수이력 없음",0,,,,0.0,0.6246816970723522,0.4666037476149821,0.37192244687442655,-0.12182244410835341,0.07861850033900436,0.0015673849440044974,-0.06072288933117835,-0.017788087188867548,82.13235294117646,상위 15~30%
R00057,35.842324,127.166713,전주 데모도로,전주시,2081706.65,842.95,0.0004049321742811,7.742488395563824,matched,0,,,,,0,56,2606-00,국도26호선,전주시-소양면(2606-00),4731.032953009672,2061.5824,24125.0,0.0379012869466836,city_median,71.41276306437679,0.04049321742811,2025-12-31,10.0,100.0,32.11999999999999,37.29,53.46,0.0,35.0,13.364999999999998,0.008098643485622,14.282552612875358,62.655651256360976,82.13235294117646,관심,동결융해,"Logistic 위험순위 상위 17.9% | 주요 증가요인=동결융해 | 동결융해 14일 10회 | 7일 강수 32.1mm | 14일 강수 37.3mm | 하수관 노후비율 0.0% | ESAL 2061.6 (도시 중앙값) | 과거 300m 이내 보수이력 없음 | 모델기여도[동결융해=+0.467, 7일 누적강수=+0.372, 14일 누적강수=-0.122, 하수관로 노후도=+0.079, 교통하중=+0.002, 과거 보수이력=-0.061, 보수 후 경과기간=-0.018]",62.655651256360976,위험,"주요원인=동결융해 | 동결융해=100.0점 (14일 10회) | 누적강수=53.5점 (7일 32.1mm, 14일 37.3mm) | 하수관로 노후도=0.0점 (30년 이상 비율 0.0%) | 교통하중=71.4점 (ESAL 2061.6, 도시 중앙값 적용) | 300m 이내 확인된 보수이력 없음",0,,,,0.0,0.6246816970723522,0.4666037476149821,0.37192244687442655,-0.12182244410835341,0.07861850033900436,0.0015673849440044974,-0.06072288933117835,-0.017788087188867548,82.13235294117646,상위 15~30%
R00060,35.85261,127.176597,전주 데모도로,전주시,2081706.65,842.95,0.0004049321742811,7.742488395563824,matched,0,,,,,0,59,2606-00,국도26호선,전주시-소양면(2606-00),3655.640719233414,2061.5824,24125.0,0.0379012869466836,city_median,71.41276306437679,0.04049321742811,2025-12-31,10.0,100.0,32.11999999999999,37.29,53.46,0.0,35.0,13.364999999999998,0.008098643485622,14.282552612875358,62.655651256360976,82.13235294117646,관심,동결융해,"Logistic 위험순위 상위 17.9% | 주요 증가요인=동결융해 | 동결융해 14일 10회 | 7일 강수 32.1mm | 14일 강수 37.3mm | 하수관 노후비율 0.0% | ESAL 2061.6 (도시 중앙값) | 과거 300m 이내 보수이력 없음 | 모델기여도[동결융해=+0.467, 7일 누적강수=+0.372, 14일 누적강수=-0.122, 하수관로 노후도=+0.079, 교통하중=+0.002, 과거 보수이력=-0.061, 보수 후 경과기간=-0.018]",62.655651256360976,위험,"주요원인=동결융해 | 동결융해=100.0점 (14일 10회) | 누적강수=53.5점 (7일 32.1mm, 14일 37.3mm) | 하수관로 노후도=0.0점 (30년 이상 비율 0.0%) | 교통하중=71.4점 (ESAL 2061.6, 도시 중앙값 적용) | 300m 이내 확인된 보수이력 없음",0,,,,0.0,0.6246816970723522,0.4666037476149821,0.37192244687442655,-0.12182244410835341,0.07861850033900436,0.0015673849440044974,-0.06072288933117835,-0.017788087188867548,82.13235294117646,상위 15~30%
R00059,35.850445,127.173177,전주 데모도로,전주시,2081706.65,842.95,0.0004049321742811,7.742488395563824,matched,0,,,,,0,58,2606-00,국도26호선,전주시-소양면(2606-00),3981.72558899746,2061.5824,24125.0,0.0379012869466836,city_median,71.41276306437679,0.04049321742811,2025-12-31,10.0,100.0,32.11999999999999,37.29,53.46,0.0,35.0,13.364999999999998,0.008098643485622,14.282552612875358,62.655651256360976,82.13235294117646,관심,동결융해,"Logistic 위험순위 상위 17.9% | 주요 증가요인=동결융해 | 동결융해 14일 10회 | 7일 강수 32.1mm | 14일 강수 37.3mm | 하수관 노후비율 0.0% | ESAL 2061.6 (도시 중앙값) | 과거 300m 이내 보수이력 없음 | 모델기여도[동결융해=+0.467, 7일 누적강수=+0.372, 14일 누적강수=-0.122, 하수관로 노후도=+0.079, 교통하중=+0.002, 과거 보수이력=-0.061, 보수 후 경과기간=-0.018]",62.655651256360976,위험,"주요원인=동결융해 | 동결융해=100.0점 (14일 10회) | 누적강수=53.5점 (7일 32.1mm, 14일 37.3mm) | 하수관로 노후도=0.0점 (30년 이상 비율 0.0%) | 교통하중=71.4점 (ESAL 2061.6, 도시 중앙값 적용) | 300m 이내 확인된 보수이력 없음",0,,,,0.0,0.6246816970723522,0.4666037476149821,0.37192244687442655,-0.12182244410835341,0.07861850033900436,0.0015673849440044974,-0.06072288933117835,-0.017788087188867548,82.13235294117646,상위 15~30%
R00088,35.835885,127.1478,전주 데모도로,전주시,2081706.65,842.95,0.0004049321742811,7.742488395563824,matched,0,,,,,0,87,2606-00,국도26호선,전주시-소양면(2606-00),6571.511345576678,2061.5824,24125.0,0.0379012869466836,city_median,71.41276306437679,0.04049321742811,2025-12-31,10.0,100.0,32.11999999999999,37.29,53.46,0.0,35.0,13.364999999999998,0.008098643485622,14.282552612875358,62.655651256360976,82.13235294117646,관심,동결융해,"Logistic 위험순위 상위 17.9% | 주요 증가요인=동결융해 | 동결융해 14일 10회 | 7일 강수 32.1mm | 14일 강수 37.3mm | 하수관 노후비율 0.0% | ESAL 2061.6 (도시 중앙값) | 과거 300m 이내 보수이력 없음 | 모델기여도[동결융해=+0.467, 7일 누적강수=+0.372, 14일 누적강수=-0.122, 하수관로 노후도=+0.079, 교통하중=+0.002, 과거 보수이력=-0.061, 보수 후 경과기간=-0.018]",62.655651256360976,위험,"주요원인=동결융해 | 동결융해=100.0점 (14일 10회) | 누적강수=53.5점 (7일 32.1mm, 14일 37.3mm) | 하수관로 노후도=0.0점 (30년 이상 비율 0.0%) | 교통하중=71.4점 (ESAL 2061.6, 도시 중앙값 적용) | 300m 이내 확인된 보수이력 없음",0,,,,0.0,0.6246816970723522,0.4666037476149821,0.37192244687442655,-0.12182244410835341,0.07861850033900436,0.0015673849440044974,-0.06072288933117835,-0.017788087188867548,82.13235294117646,상위 15~30%
R00086,35.826956,127.147903,전주 데모도로,전주시,2081706.65,842.95,0.0004049321742811,7.742488395563824,matched,0,,,,,0,85,2606-00,국도26호선,전주시-소양면(2606-00),6935.949955234051,2061.5824,24125.0,0.0379012869466836,city_median,71.41276306437679,0.04049321742811,2025-12-31,10.0,100.0,32.11999999999999,37.29,53.46,0.0,35.0,13.364999999999998,0.008098643485622,14.282552612875358,62.655651256360976,82.13235294117646,관심,동결융해,"Logistic 위험순위 상위 17.9% | 주요 증가요인=동결융해 | 동결융해 14일 10회 | 7일 강수 32.1mm | 14일 강수 37.3mm | 하수관 노후비율 0.0% | ESAL 2061.6 (도시 중앙값) | 과거 300m 이내 보수이력 없음 | 모델기여도[동결융해=+0.467, 7일 누적강수=+0.372, 14일 누적강수=-0.122, 하수관로 노후도=+0.079, 교통하중=+0.002, 과거 보수이력=-0.061, 보수 후 경과기간=-0.018]",62.655651256360976,위험,"주요원인=동결융해 | 동결융해=100.0점 (14일 10회) | 누적강수=53.5점 (7일 32.1mm, 14일 37.3mm) | 하수관로 노후도=0.0점 (30년 이상 비율 0.0%) | 교통하중=71.4점 (ESAL 2061.6, 도시 중앙값 적용) | 300m 이내 확인된 보수이력 없음",0,,,,0.0,0.6246816970723522,0.4666037476149821,0.37192244687442655,-0.12182244410835341,0.07861850033900436,0.0015673849440044974,-0.06072288933117835,-0.017788087188867548,82.13235294117646,상위 15~30%
R00033,35.823408,127.224027,전주 데모도로,전주시,2081706.65,842.95,0.0004049321742811,7.742488395563824,matched,0,,,,,0,32,2606-00,국도26호선,전주시-소양면(2606-00),3482.411584555176,2061.5824,24125.0,0.0379012869466836,city_median,71.41276306437679,0.04049321742811,2025-12-31,10.0,100.0,32.11999999999999,37.29,53.46,0.0,35.0,13.364999999999998,0.008098643485622,14.282552612875358,62.655651256360976,82.13235294117646,관심,동결융해,"Logistic 위험순위 상위 17.9% | 주요 증가요인=동결융해 | 동결융해 14일 10회 | 7일 강수 32.1mm | 14일 강수 37.3mm | 하수관 노후비율 0.0% | ESAL 2061.6 (도시 중앙값) | 과거 300m 이내 보수이력 없음 | 모델기여도[동결융해=+0.467, 7일 누적강수=+0.372, 14일 누적강수=-0.122, 하수관로 노후도=+0.079, 교통하중=+0.002, 과거 보수이력=-0.061, 보수 후 경과기간=-0.018]",62.655651256360976,위험,"주요원인=동결융해 | 동결융해=100.0점 (14일 10회) | 누적강수=53.5점 (7일 32.1mm, 14일 37.3mm) | 하수관로 노후도=0.0점 (30년 이상 비율 0.0%) | 교통하중=71.4점 (ESAL 2061.6, 도시 중앙값 적용) | 300m 이내 확인된 보수이력 없음",0,,,,0.0,0.6246816970723522,0.4666037476149821,0.37192244687442655,-0.12182244410835341,0.07861850033900436,0.0015673849440044974,-0.06072288933117835,-0.017788087188867548,82.13235294117646,상위 15~30%
R00062,35.860978,127.183322,전주 데모도로,전주시,2081706.65,842.95,0.0004049321742811,7.742488395563824,matched,0,,,,,0,61,2606-00,국도26호선,전주시-소양면(2606-00),3136.3528025687388,2061.5824,24125.0,0.0379012869466836,city_median,71.41276306437679,0.04049321742811,2025-12-31,10.0,100.0,32.11999999999999,37.29,53.46,0.0,35.0,13.364999999999998,0.008098643485622,14.282552612875358,62.655651256360976,82.13235294117646,관심,동결융해,"Logistic 위험순위 상위 17.9% | 주요 증가요인=동결융해 | 동결융해 14일 10회 | 7일 강수 32.1mm | 14일 강수 37.3mm | 하수관 노후비율 0.0% | ESAL 2061.6 (도시 중앙값) | 과거 300m 이내 보수이력 없음 | 모델기여도[동결융해=+0.467, 7일 누적강수=+0.372, 14일 누적강수=-0.122, 하수관로 노후도=+0.079, 교통하중=+0.002, 과거 보수이력=-0.061, 보수 후 경과기간=-0.018]",62.655651256360976,위험,"주요원인=동결융해 | 동결융해=100.0점 (14일 10회) | 누적강수=53.5점 (7일 32.1mm, 14일 37.3mm) | 하수관로 노후도=0.0점 (30년 이상 비율 0.0%) | 교통하중=71.4점 (ESAL 2061.6, 도시 중앙값 적용) | 300m 이내 확인된 보수이력 없음",0,,,,0.0,0.6246816970723522,0.4666037476149821,0.37192244687442655,-0.12182244410835341,0.07861850033900436,0.0015673849440044974,-0.06072288933117835,-0.017788087188867548,82.13235294117646,상위 15~30%
R00061,35.856379,127.180453,전주 데모도로,전주시,2081706.65,842.95,0.0004049321742811,7.742488395563824,matched,0,,,,,0,60,2606-00,국도26호선,전주시-소양면(2606-00),3312.3632680797828,2061.5824,24125.0,0.0379012869466836,city_median,71.41276306437679,0.04049321742811,2025-12-31,10.0,100.0,32.11999999999999,37.29,53.46,0.0,35.0,13.364999999999998,0.008098643485622,14.282552612875358,62.655651256360976,82.13235294117646,관심,동결융해,"Logistic 위험순위 상위 17.9% | 주요 증가요인=동결융해 | 동결융해 14일 10회 | 7일 강수 32.1mm | 14일 강수 37.3mm | 하수관 노후비율 0.0% | ESAL 2061.6 (도시 중앙값) | 과거 300m 이내 보수이력 없음 | 모델기여도[동결융해=+0.467, 7일 누적강수=+0.372, 14일 누적강수=-0.122, 하수관로 노후도=+0.079, 교통하중=+0.002, 과거 보수이력=-0.061, 보수 후 경과기간=-0.018]",62.655651256360976,위험,"주요원인=동결융해 | 동결융해=100.0점 (14일 10회) | 누적강수=53.5점 (7일 32.1mm, 14일 37.3mm) | 하수관로 노후도=0.0점 (30년 이상 비율 0.0%) | 교통하중=71.4점 (ESAL 2061.6, 도시 중앙값 적용) | 300m 이내 확인된 보수이력 없음",0,,,,0.0,0.6246816970723522,0.4666037476149821,0.37192244687442655,-0.12182244410835341,0.07861850033900436,0.0015673849440044974,-0.06072288933117835,-0.017788087188867548,82.13235294117646,상위 15~30%
R00054,35.833718,127.15628,전주 데모도로,전주시,2081706.65,842.95,0.0004049321742811,7.742488395563824,matched,0,,,,,0,53,2606-00,국도26호선,전주시-소양면(2606-00),5938.035521401616,2061.5824,24125.0,0.0379012869466836,city_median,71.41276306437679,0.04049321742811,2025-12-31,10.0,100.0,32.11999999999999,37.29,53.46,0.0,35.0,13.364999999999998,0.008098643485622,14.282552612875358,62.655651256360976,82.13235294117646,관심,동결융해,"Logistic 위험순위 상위 17.9% | 주요 증가요인=동결융해 | 동결융해 14일 10회 | 7일 강수 32.1mm | 14일 강수 37.3mm | 하수관 노후비율 0.0% | ESAL 2061.6 (도시 중앙값) | 과거 300m 이내 보수이력 없음 | 모델기여도[동결융해=+0.467, 7일 누적강수=+0.372, 14일 누적강수=-0.122, 하수관로 노후도=+0.079, 교통하중=+0.002, 과거 보수이력=-0.061, 보수 후 경과기간=-0.018]",62.655651256360976,위험,"주요원인=동결융해 | 동결융해=100.0점 (14일 10회) | 누적강수=53.5점 (7일 32.1mm, 14일 37.3mm) | 하수관로 노후도=0.0점 (30년 이상 비율 0.0%) | 교통하중=71.4점 (ESAL 2061.6, 도시 중앙값 적용) | 300m 이내 확인된 보수이력 없음",0,,,,0.0,0.6246816970723522,0.4666037476149821,0.37192244687442655,-0.12182244410835341,0.07861850033900436,0.0015673849440044974,-0.06072288933117835,-0.017788087188867548,82.13235294117646,상위 15~30%
R00055,35.836059,127.160836,전주 데모도로,전주시,2081706.65,842.95,0.0004049321742811,7.742488395563824,matched,1,F0027,2026-01-01,임시보수,52.53360985818903,1,54,2606-00,국도26호선,전주시-소양면(2606-00),5459.465108091157,2061.5824,24125.0,0.0379012869466836,city_median,71.41276306437679,0.04049321742811,2025-12-31,10.0,100.0,32.11999999999999,37.29,53.46,0.0,35.0,13.364999999999998,0.008098643485622,14.282552612875358,62.655651256360976,82.13235294117646,관심,동결융해,"Logistic 위험순위 상위 17.9% | 주요 증가요인=동결융해 | 동결융해 14일 10회 | 7일 강수 32.1mm | 14일 강수 37.3mm | 하수관 노후비율 0.0% | ESAL 2061.6 (도시 중앙값) | 과거 300m 이내 보수이력 없음 | 모델기여도[동결융해=+0.467, 7일 누적강수=+0.372, 14일 누적강수=-0.122, 하수관로 노후도=+0.079, 교통하중=+0.002, 과거 보수이력=-0.061, 보수 후 경과기간=-0.018]",62.655651256360976,위험,"주요원인=동결융해 | 동결융해=100.0점 (14일 10회) | 누적강수=53.5점 (7일 32.1mm, 14일 37.3mm) | 하수관로 노후도=0.0점 (30년 이상 비율 0.0%) | 교통하중=71.4점 (ESAL 2061.6, 도시 중앙값 적용) | 300m 이내 확인된 보수이력 없음",0,,,,0.0,0.6246816970723522,0.4666037476149821,0.37192244687442655,-0.12182244410835341,0.07861850033900436,0.0015673849440044974,-0.06072288933117835,-0.017788087188867548,82.13235294117646,상위 15~30%
R00053,35.830333,127.153403,전주 데모도로,전주시,2081706.65,842.95,0.0004049321742811,7.742488395563824,matched,0,,,,,0,52,2606-00,국도26호선,전주시-소양면(2606-00),6326.962938963064,2061.5824,24125.0,0.0379012869466836,city_median,71.41276306437679,0.04049321742811,2025-12-31,10.0,100.0,32.11999999999999,37.29,53.46,0.0,35.0,13.364999999999998,0.008098643485622,14.282552612875358,62.655651256360976,82.13235294117646,관심,동결융해,"Logistic 위험순위 상위 17.9% | 주요 증가요인=동결융해 | 동결융해 14일 10회 | 7일 강수 32.1mm | 14일 강수 37.3mm | 하수관 노후비율 0.0% | ESAL 2061.6 (도시 중앙값) | 과거 300m 이내 보수이력 없음 | 모델기여도[동결융해=+0.467, 7일 누적강수=+0.372, 14일 누적강수=-0.122, 하수관로 노후도=+0.079, 교통하중=+0.002, 과거 보수이력=-0.061, 보수 후 경과기간=-0.018]",62.655651256360976,위험,"주요원인=동결융해 | 동결융해=100.0점 (14일 10회) | 누적강수=53.5점 (7일 32.1mm, 14일 37.3mm) | 하수관로 노후도=0.0점 (30년 이상 비율 0.0%) | 교통하중=71.4점 (ESAL 2061.6, 도시 중앙값 적용) | 300m 이내 확인된 보수이력 없음",0,,,,0.0,0.6246816970723522,0.4666037476149821,0.37192244687442655,-0.12182244410835341,0.07861850033900436,0.0015673849440044974,-0.06072288933117835,-0.017788087188867548,82.13235294117646,상위 15~30%
R00058,35.846005,127.171492,전주 데모도로,전주시,2081706.65,842.95,0.0004049321742811,7.742488395563824,matched,0,,,,,0,57,2606-00,국도26호선,전주시-소양면(2606-00),4211.7678135812685,2061.5824,24125.0,0.0379012869466836,city_median,71.41276306437679,0.04049321742811,2025-12-31,10.0,100.0,32.11999999999999,37.29,53.46,0.0,35.0,13.364999999999998,0.008098643485622,14.282552612875358,62.655651256360976,82.13235294117646,관심,동결융해,"Logistic 위험순위 상위 17.9% | 주요 증가요인=동결융해 | 동결융해 14일 10회 | 7일 강수 32.1mm | 14일 강수 37.3mm | 하수관 노후비율 0.0% | ESAL 2061.6 (도시 중앙값) | 과거 300m 이내 보수이력 없음 | 모델기여도[동결융해=+0.467, 7일 누적강수=+0.372, 14일 누적강수=-0.122, 하수관로 노후도=+0.079, 교통하중=+0.002, 과거 보수이력=-0.061, 보수 후 경과기간=-0.018]",62.655651256360976,위험,"주요원인=동결융해 | 동결융해=100.0점 (14일 10회) | 누적강수=53.5점 (7일 32.1mm, 14일 37.3mm) | 하수관로 노후도=0.0점 (30년 이상 비율 0.0%) | 교통하중=71.4점 (ESAL 2061.6, 도시 중앙값 적용) | 300m 이내 확인된 보수이력 없음",0,,,,0.0,0.6246816970723522,0.4666037476149821,0.37192244687442655,-0.12182244410835341,0.07861850033900436,0.0015673849440044974,-0.06072288933117835,-0.017788087188867548,82.13235294117646,상위 15~30%
R00051,35.822437,127.146151,전주 데모도로,전주시,2081706.65,842.95,0.0004049321742811,7.742488395563824,matched,0,,,,,0,50,2606-00,국도26호선,전주시-소양면(2606-00),7307.822063132988,2061.5824,24125.0,0.0379012869466836,city_median,71.41276306437679,0.04049321742811,2025-12-31,10.0,100.0,32.11999999999999,37.29,53.46,0.0,35.0,13.364999999999998,0.008098643485622,14.282552612875358,62.655651256360976,82.13235294117646,관심,동결융해,"Logistic 위험순위 상위 17.9% | 주요 증가요인=동결융해 | 동결융해 14일 10회 | 7일 강수 32.1mm | 14일 강수 37.3mm | 하수관 노후비율 0.0% | ESAL 2061.6 (도시 중앙값) | 과거 300m 이내 보수이력 없음 | 모델기여도[동결융해=+0.467, 7일 누적강수=+0.372, 14일 누적강수=-0.122, 하수관로 노후도=+0.079, 교통하중=+0.002, 과거 보수이력=-0.061, 보수 후 경과기간=-0.018]",62.655651256360976,위험,"주요원인=동결융해 | 동결융해=100.0점 (14일 10회) | 누적강수=53.5점 (7일 32.1mm, 14일 37.3mm) | 하수관로 노후도=0.0점 (30년 이상 비율 0.0%) | 교통하중=71.4점 (ESAL 2061.6, 도시 중앙값 적용) | 300m 이내 확인된 보수이력 없음",0,,,,0.0,0.6246816970723522,0.4666037476149821,0.37192244687442655,-0.12182244410835341,0.07861850033900436,0.0015673849440044974,-0.06072288933117835,-0.017788087188867548,82.13235294117646,상위 15~30%
R00052,35.826737,127.150429,전주 데모도로,전주시,2081706.65,842.95,0.0004049321742811,7.742488395563824,matched,0,,,,,0,51,2606-00,국도26호선,전주시-소양면(2606-00),6742.90242510127,2061.5824,24125.0,0.0379012869466836,city_median,71.41276306437679,0.04049321742811,2025-12-31,10.0,100.0,32.11999999999999,37.29,53.46,0.0,35.0,13.364999999999998,0.008098643485622,14.282552612875358,62.655651256360976,82.13235294117646,관심,동결융해,"Logistic 위험순위 상위 17.9% | 주요 증가요인=동결융해 | 동결융해 14일 10회 | 7일 강수 32.1mm | 14일 강수 37.3mm | 하수관 노후비율 0.0% | ESAL 2061.6 (도시 중앙값) | 과거 300m 이내 보수이력 없음 | 모델기여도[동결융해=+0.467, 7일 누적강수=+0.372, 14일 누적강수=-0.122, 하수관로 노후도=+0.079, 교통하중=+0.002, 과거 보수이력=-0.061, 보수 후 경과기간=-0.018]",62.655651256360976,위험,"주요원인=동결융해 | 동결융해=100.0점 (14일 10회) | 누적강수=53.5점 (7일 32.1mm, 14일 37.3mm) | 하수관로 노후도=0.0점 (30년 이상 비율 0.0%) | 교통하중=71.4점 (ESAL 2061.6, 도시 중앙값 적용) | 300m 이내 확인된 보수이력 없음",0,,,,0.0,0.6246816970723522,0.4666037476149821,0.37192244687442655,-0.12182244410835341,0.07861850033900436,0.0015673849440044974,-0.06072288933117835,-0.017788087188867548,82.13235294117646,상위 15~30%
R00089,35.841654,127.148283,전주 데모도로,전주시,2081706.65,842.95,0.0004049321742811,7.742488395563824,matched,0,,,,,0,88,2606-00,국도26호선,전주시-소양면(2606-00),6358.910824424283,2061.5824,24125.0,0.0379012869466836,city_median,71.41276306437679,0.04049321742811,2025-12-31,10.0,100.0,32.11999999999999,37.29,53.46,0.0,35.0,13.364999999999998,0.008098643485622,14.282552612875358,62.655651256360976,82.13235294117646,관심,동결융해,"Logistic 위험순위 상위 17.9% | 주요 증가요인=동결융해 | 동결융해 14일 10회 | 7일 강수 32.1mm | 14일 강수 37.3mm | 하수관 노후비율 0.0% | ESAL 2061.6 (도시 중앙값) | 과거 300m 이내 보수이력 없음 | 모델기여도[동결융해=+0.467, 7일 누적강수=+0.372, 14일 누적강수=-0.122, 하수관로 노후도=+0.079, 교통하중=+0.002, 과거 보수이력=-0.061, 보수 후 경과기간=-0.018]",62.655651256360976,위험,"주요원인=동결융해 | 동결융해=100.0점 (14일 10회) | 누적강수=53.5점 (7일 32.1mm, 14일 37.3mm) | 하수관로 노후도=0.0점 (30년 이상 비율 0.0%) | 교통하중=71.4점 (ESAL 2061.6, 도시 중앙값 적용) | 300m 이내 확인된 보수이력 없음",0,,,,0.0,0.6246816970723522,0.4666037476149821,0.37192244687442655,-0.12182244410835341,0.07861850033900436,0.0015673849440044974,-0.06072288933117835,-0.017788087188867548,82.13235294117646,상위 15~30%
R00095,35.870317,127.147904,전주 데모도로,전주시,2081706.65,842.95,0.0004049321742811,7.742488395563824,matched,0,,,,,0,94,1714-01,국도17호선,전주시-봉동읍(1714-01),5430.433034279248,2061.5824,24125.0,0.0379012869466836,city_median,71.41276306437679,0.04049321742811,2025-12-31,10.0,100.0,32.11999999999999,37.29,53.46,0.0,35.0,13.364999999999998,0.008098643485622,14.282552612875358,62.655651256360976,82.13235294117646,관심,동결융해,"Logistic 위험순위 상위 17.9% | 주요 증가요인=동결융해 | 동결융해 14일 10회 | 7일 강수 32.1mm | 14일 강수 37.3mm | 하수관 노후비율 0.0% | ESAL 2061.6 (도시 중앙값) | 과거 300m 이내 보수이력 없음 | 모델기여도[동결융해=+0.467, 7일 누적강수=+0.372, 14일 누적강수=-0.122, 하수관로 노후도=+0.079, 교통하중=+0.002, 과거 보수이력=-0.061, 보수 후 경과기간=-0.018]",62.655651256360976,위험,"주요원인=동결융해 | 동결융해=100.0점 (14일 10회) | 누적강수=53.5점 (7일 32.1mm, 14일 37.3mm) | 하수관로 노후도=0.0점 (30년 이상 비율 0.0%) | 교통하중=71.4점 (ESAL 2061.6, 도시 중앙값 적용) | 300m 이내 확인된 보수이력 없음",0,,,,0.0,0.6246816970723522,0.4666037476149821,0.37192244687442655,-0.12182244410835341,0.07861850033900436,0.0015673849440044974,-0.06072288933117835,-0.017788087188867548,82.13235294117646,상위 15~30%
R00001,35.82239,127.068752,전주 데모도로,전주시,2081706.65,842.95,0.0004049321742811,7.742488395563824,matched,0,,,,,0,0,0116-02,국도1호선,김제IC-전주시(0116-02),4918.538357270052,2061.5824,24125.0,0.0379012869466836,city_median,71.41276306437679,0.04049321742811,2025-12-31,10.0,100.0,32.11999999999999,37.29,53.46,0.0,35.0,13.364999999999998,0.008098643485622,14.282552612875358,62.655651256360976,82.13235294117646,관심,동결융해,"Logistic 위험순위 상위 17.9% | 주요 증가요인=동결융해 | 동결융해 14일 10회 | 7일 강수 32.1mm | 14일 강수 37.3mm | 하수관 노후비율 0.0% | ESAL 2061.6 (도시 중앙값) | 과거 300m 이내 보수이력 없음 | 모델기여도[동결융해=+0.467, 7일 누적강수=+0.372, 14일 누적강수=-0.122, 하수관로 노후도=+0.079, 교통하중=+0.002, 과거 보수이력=-0.061, 보수 후 경과기간=-0.018]",62.655651256360976,위험,"주요원인=동결융해 | 동결융해=100.0점 (14일 10회) | 누적강수=53.5점 (7일 32.1mm, 14일 37.3mm) | 하수관로 노후도=0.0점 (30년 이상 비율 0.0%) | 교통하중=71.4점 (ESAL 2061.6, 도시 중앙값 적용) | 300m 이내 확인된 보수이력 없음",0,,,,0.0,0.6246816970723522,0.4666037476149821,0.37192244687442655,-0.12182244410835341,0.07861850033900436,0.0015673849440044974,-0.06072288933117835,-0.017788087188867548,82.13235294117646,상위 15~30%
R00007,35.824622,127.0969,전주 데모도로,전주시,2081706.65,842.95,0.0004049321742811,7.742488395563824,matched,0,,,,,0,6,0116-02,국도1호선,김제IC-전주시(0116-02),6929.962996984739,2061.5824,24125.0,0.0379012869466836,city_median,71.41276306437679,0.04049321742811,2025-12-31,10.0,100.0,32.11999999999999,37.29,53.46,0.0,35.0,13.364999999999998,0.008098643485622,14.282552612875358,62.655651256360976,82.13235294117646,관심,동결융해,"Logistic 위험순위 상위 17.9% | 주요 증가요인=동결융해 | 동결융해 14일 10회 | 7일 강수 32.1mm | 14일 강수 37.3mm | 하수관 노후비율 0.0% | ESAL 2061.6 (도시 중앙값) | 과거 300m 이내 보수이력 없음 | 모델기여도[동결융해=+0.467, 7일 누적강수=+0.372, 14일 누적강수=-0.122, 하수관로 노후도=+0.079, 교통하중=+0.002, 과거 보수이력=-0.061, 보수 후 경과기간=-0.018]",62.655651256360976,위험,"주요원인=동결융해 | 동결융해=100.0점 (14일 10회) | 누적강수=53.5점 (7일 32.1mm, 14일 37.3mm) | 하수관로 노후도=0.0점 (30년 이상 비율 0.0%) | 교통하중=71.4점 (ESAL 2061.6, 도시 중앙값 적용) | 300m 이내 확인된 보수이력 없음",0,,,,0.0,0.6246816970723522,0.4666037476149821,0.37192244687442655,-0.12182244410835341,0.07861850033900436,0.0015673849440044974,-0.06072288933117835,-0.017788087188867548,82.13235294117646,상위 15~30%
R00006,35.825016,127.092656,전주 데모도로,전주시,2081706.65,842.95,0.0004049321742811,7.742488395563824,matched,0,,,,,0,5,0116-02,국도1호선,김제IC-전주시(0116-02),6653.396609990054,2061.5824,24125.0,0.0379012869466836,city_median,71.41276306437679,0.04049321742811,2025-12-31,10.0,100.0,32.11999999999999,37.29,53.46,0.0,35.0,13.364999999999998,0.008098643485622,14.282552612875358,62.655651256360976,82.13235294117646,관심,동결융해,"Logistic 위험순위 상위 17.9% | 주요 증가요인=동결융해 | 동결융해 14일 10회 | 7일 강수 32.1mm | 14일 강수 37.3mm | 하수관 노후비율 0.0% | ESAL 2061.6 (도시 중앙값) | 과거 300m 이내 보수이력 없음 | 모델기여도[동결융해=+0.467, 7일 누적강수=+0.372, 14일 누적강수=-0.122, 하수관로 노후도=+0.079, 교통하중=+0.002, 과거 보수이력=-0.061, 보수 후 경과기간=-0.018]",62.655651256360976,위험,"주요원인=동결융해 | 동결융해=100.0점 (14일 10회) | 누적강수=53.5점 (7일 32.1mm, 14일 37.3mm) | 하수관로 노후도=0.0점 (30년 이상 비율 0.0%) | 교통하중=71.4점 (ESAL 2061.6, 도시 중앙값 적용) | 300m 이내 확인된 보수이력 없음",0,,,,0.0,0.6246816970723522,0.4666037476149821,0.37192244687442655,-0.12182244410835341,0.07861850033900436,0.0015673849440044974,-0.06072288933117835,-0.017788087188867548,82.13235294117646,상위 15~30%
R00005,35.82463,127.087153,전주 데모도로,전주시,2081706.65,842.95,0.0004049321742811,7.742488395563824,matched,0,,,,,0,4,0116-02,국도1호선,김제IC-전주시(0116-02),6245.56634498494,2061.5824,24125.0,0.0379012869466836,city_median,71.41276306437679,0.04049321742811,2025-12-31,10.0,100.0,32.11999999999999,37.29,53.46,0.0,35.0,13.364999999999998,0.008098643485622,14.282552612875358,62.655651256360976,82.13235294117646,관심,동결융해,"Logistic 위험순위 상위 17.9% | 주요 증가요인=동결융해 | 동결융해 14일 10회 | 7일 강수 32.1mm | 14일 강수 37.3mm | 하수관 노후비율 0.0% | ESAL 2061.6 (도시 중앙값) | 과거 300m 이내 보수이력 없음 | 모델기여도[동결융해=+0.467, 7일 누적강수=+0.372, 14일 누적강수=-0.122, 하수관로 노후도=+0.079, 교통하중=+0.002, 과거 보수이력=-0.061, 보수 후 경과기간=-0.018]",62.655651256360976,위험,"주요원인=동결융해 | 동결융해=100.0점 (14일 10회) | 누적강수=53.5점 (7일 32.1mm, 14일 37.3mm) | 하수관로 노후도=0.0점 (30년 이상 비율 0.0%) | 교통하중=71.4점 (ESAL 2061.6, 도시 중앙값 적용) | 300m 이내 확인된 보수이력 없음",0,,,,0.0,0.6246816970723522,0.4666037476149821,0.37192244687442655,-0.12182244410835341,0.07861850033900436,0.0015673849440044974,-0.06072288933117835,-0.017788087188867548,82.13235294117646,상위 15~30%
R00012,35.824178,127.120984,전주 데모도로,전주시,2081706.65,842.95,0.0004049321742811,7.742488395563824,matched,0,,,,,0,11,0116-02,국도1호선,김제IC-전주시(0116-02),8749.033316783127,2061.5824,24125.0,0.0379012869466836,city_median,71.41276306437679,0.04049321742811,2025-12-31,10.0,100.0,32.11999999999999,37.29,53.46,0.0,35.0,13.364999999999998,0.008098643485622,14.282552612875358,62.655651256360976,82.13235294117646,관심,동결융해,"Logistic 위험순위 상위 17.9% | 주요 증가요인=동결융해 | 동결융해 14일 10회 | 7일 강수 32.1mm | 14일 강수 37.3mm | 하수관 노후비율 0.0% | ESAL 2061.6 (도시 중앙값) | 과거 300m 이내 보수이력 없음 | 모델기여도[동결융해=+0.467, 7일 누적강수=+0.372, 14일 누적강수=-0.122, 하수관로 노후도=+0.079, 교통하중=+0.002, 과거 보수이력=-0.061, 보수 후 경과기간=-0.018]",62.655651256360976,위험,"주요원인=동결융해 | 동결융해=100.0점 (14일 10회) | 누적강수=53.5점 (7일 32.1mm, 14일 37.3mm) | 하수관로 노후도=0.0점 (30년 이상 비율 0.0%) | 교통하중=71.4점 (ESAL 2061.6, 도시 중앙값 적용) | 300m 이내 확인된 보수이력 없음",0,,,,0.0,0.6246816970723522,0.4666037476149821,0.37192244687442655,-0.12182244410835341,0.07861850033900436,0.0015673849440044974,-0.06072288933117835,-0.017788087188867548,82.13235294117646,상위 15~30%
R00010,35.823175,127.11063,전주 데모도로,전주시,2081706.65,842.95,0.0004049321742811,7.742488395563824,matched,0,,,,,0,9,0116-02,국도1호선,김제IC-전주시(0116-02),7877.7820829896145,2061.5824,24125.0,0.0379012869466836,city_median,71.41276306437679,0.04049321742811,2025-12-31,10.0,100.0,32.11999999999999,37.29,53.46,0.0,35.0,13.364999999999998,0.008098643485622,14.282552612875358,62.655651256360976,82.13235294117646,관심,동결융해,"Logistic 위험순위 상위 17.9% | 주요 증가요인=동결융해 | 동결융해 14일 10회 | 7일 강수 32.1mm | 14일 강수 37.3mm | 하수관 노후비율 0.0% | ESAL 2061.6 (도시 중앙값) | 과거 300m 이내 보수이력 없음 | 모델기여도[동결융해=+0.467, 7일 누적강수=+0.372, 14일 누적강수=-0.122, 하수관로 노후도=+0.079, 교통하중=+0.002, 과거 보수이력=-0.061, 보수 후 경과기간=-0.018]",62.655651256360976,위험,"주요원인=동결융해 | 동결융해=100.0점 (14일 10회) | 누적강수=53.5점 (7일 32.1mm, 14일 37.3mm) | 하수관로 노후도=0.0점 (30년 이상 비율 0.0%) | 교통하중=71.4점 (ESAL 2061.6, 도시 중앙값 적용) | 300m 이내 확인된 보수이력 없음",0,,,,0.0,0.6246816970723522,0.4666037476149821,0.37192244687442655,-0.12182244410835341,0.07861850033900436,0.0015673849440044974,-0.06072288933117835,-0.017788087188867548,82.13235294117646,상위 15~30%
R00009,35.82294,127.106375,전주 데모도로,전주시,2081706.65,842.95,0.0004049321742811,7.742488395563824,matched,0,,,,,0,8,0116-02,국도1호선,김제IC-전주시(0116-02),7534.814562581249,2061.5824,24125.0,0.0379012869466836,city_median,71.41276306437679,0.04049321742811,2025-12-31,10.0,100.0,32.11999999999999,37.29,53.46,0.0,35.0,13.364999999999998,0.008098643485622,14.282552612875358,62.655651256360976,82.13235294117646,관심,동결융해,"Logistic 위험순위 상위 17.9% | 주요 증가요인=동결융해 | 동결융해 14일 10회 | 7일 강수 32.1mm | 14일 강수 37.3mm | 하수관 노후비율 0.0% | ESAL 2061.6 (도시 중앙값) | 과거 300m 이내 보수이력 없음 | 모델기여도[동결융해=+0.467, 7일 누적강수=+0.372, 14일 누적강수=-0.122, 하수관로 노후도=+0.079, 교통하중=+0.002, 과거 보수이력=-0.061, 보수 후 경과기간=-0.018]",62.655651256360976,위험,"주요원인=동결융해 | 동결융해=100.0점 (14일 10회) | 누적강수=53.5점 (7일 32.1mm, 14일 37.3mm) | 하수관로 노후도=0.0점 (30년 이상 비율 0.0%) | 교통하중=71.4점 (ESAL 2061.6, 도시 중앙값 적용) | 300m 이내 확인된 보수이력 없음",0,,,,0.0,0.6246816970723522,0.4666037476149821,0.37192244687442655,-0.12182244410835341,0.07861850033900436,0.0015673849440044974,-0.06072288933117835,-0.017788087188867548,82.13235294117646,상위 15~30%
R00008,35.823561,127.101636,전주 데모도로,전주시,2081706.65,842.95,0.0004049321742811,7.742488395563824,matched,0,,,,,0,7,0116-02,국도1호선,김제IC-전주시(0116-02),7211.776323868607,2061.5824,24125.0,0.0379012869466836,city_median,71.41276306437679,0.04049321742811,2025-12-31,10.0,100.0,32.11999999999999,37.29,53.46,0.0,35.0,13.364999999999998,0.008098643485622,14.282552612875358,62.655651256360976,82.13235294117646,관심,동결융해,"Logistic 위험순위 상위 17.9% | 주요 증가요인=동결융해 | 동결융해 14일 10회 | 7일 강수 32.1mm | 14일 강수 37.3mm | 하수관 노후비율 0.0% | ESAL 2061.6 (도시 중앙값) | 과거 300m 이내 보수이력 없음 | 모델기여도[동결융해=+0.467, 7일 누적강수=+0.372, 14일 누적강수=-0.122, 하수관로 노후도=+0.079, 교통하중=+0.002, 과거 보수이력=-0.061, 보수 후 경과기간=-0.018]",62.655651256360976,위험,"주요원인=동결융해 | 동결융해=100.0점 (14일 10회) | 누적강수=53.5점 (7일 32.1mm, 14일 37.3mm) | 하수관로 노후도=0.0점 (30년 이상 비율 0.0%) | 교통하중=71.4점 (ESAL 2061.6, 도시 중앙값 적용) | 300m 이내 확인된 보수이력 없음",0,,,,0.0,0.6246816970723522,0.4666037476149821,0.37192244687442655,-0.12182244410835341,0.07861850033900436,0.0015673849440044974,-0.06072288933117835,-0.017788087188867548,82.13235294117646,상위 15~30%
R00002,35.823858,127.073667,전주 데모도로,전주시,2081706.65,842.95,0.0004049321742811,7.742488395563824,matched,0,,,,,0,1,0116-02,국도1호선,김제IC-전주시(0116-02),5326.236253424568,2061.5824,24125.0,0.0379012869466836,city_median,71.41276306437679,0.04049321742811,2025-12-31,10.0,100.0,32.11999999999999,37.29,53.46,0.0,35.0,13.364999999999998,0.008098643485622,14.282552612875358,62.655651256360976,82.13235294117646,관심,동결융해,"Logistic 위험순위 상위 17.9% | 주요 증가요인=동결융해 | 동결융해 14일 10회 | 7일 강수 32.1mm | 14일 강수 37.3mm | 하수관 노후비율 0.0% | ESAL 2061.6 (도시 중앙값) | 과거 300m 이내 보수이력 없음 | 모델기여도[동결융해=+0.467, 7일 누적강수=+0.372, 14일 누적강수=-0.122, 하수관로 노후도=+0.079, 교통하중=+0.002, 과거 보수이력=-0.061, 보수 후 경과기간=-0.018]",62.655651256360976,위험,"주요원인=동결융해 | 동결융해=100.0점 (14일 10회) | 누적강수=53.5점 (7일 32.1mm, 14일 37.3mm) | 하수관로 노후도=0.0점 (30년 이상 비율 0.0%) | 교통하중=71.4점 (ESAL 2061.6, 도시 중앙값 적용) | 300m 이내 확인된 보수이력 없음",0,,,,0.0,0.6246816970723522,0.4666037476149821,0.37192244687442655,-0.12182244410835341,0.07861850033900436,0.0015673849440044974,-0.06072288933117835,-0.017788087188867548,82.13235294117646,상위 15~30%
R00071,35.754092,127.148307,전주 데모도로,전주시,2081706.65,842.95,0.0004049321742811,7.742488395563824,matched,0,,,,,0,70,0116-02,국도1호선,김제IC-전주시(0116-02),10871.086867529397,2061.5824,24125.0,0.0379012869466836,city_median,71.41276306437679,0.04049321742811,2025-12-31,10.0,100.0,32.11999999999999,37.29,53.46,0.0,35.0,13.364999999999998,0.008098643485622,14.282552612875358,62.655651256360976,82.13235294117646,관심,동결융해,"Logistic 위험순위 상위 17.9% | 주요 증가요인=동결융해 | 동결융해 14일 10회 | 7일 강수 32.1mm | 14일 강수 37.3mm | 하수관 노후비율 0.0% | ESAL 2061.6 (도시 중앙값) | 과거 300m 이내 보수이력 없음 | 모델기여도[동결융해=+0.467, 7일 누적강수=+0.372, 14일 누적강수=-0.122, 하수관로 노후도=+0.079, 교통하중=+0.002, 과거 보수이력=-0.061, 보수 후 경과기간=-0.018]",62.655651256360976,위험,"주요원인=동결융해 | 동결융해=100.0점 (14일 10회) | 누적강수=53.5점 (7일 32.1mm, 14일 37.3mm) | 하수관로 노후도=0.0점 (30년 이상 비율 0.0%) | 교통하중=71.4점 (ESAL 2061.6, 도시 중앙값 적용) | 300m 이내 확인된 보수이력 없음",0,,,,0.0,0.6246816970723522,0.4666037476149821,0.37192244687442655,-0.12182244410835341,0.07861850033900436,0.0015673849440044974,-0.06072288933117835,-0.017788087188867548,82.13235294117646,상위 15~30%
R00074,35.768304,127.147497,전주 데모도로,전주시,2081706.65,842.95,0.0004049321742811,7.742488395563824,matched,0,,,,,0,73,0116-02,국도1호선,김제IC-전주시(0116-02),10363.540654084143,2061.5824,24125.0,0.0379012869466836,city_median,71.41276306437679,0.04049321742811,2025-12-31,10.0,100.0,32.11999999999999,37.29,53.46,0.0,35.0,13.364999999999998,0.008098643485622,14.282552612875358,62.655651256360976,82.13235294117646,관심,동결융해,"Logistic 위험순위 상위 17.9% | 주요 증가요인=동결융해 | 동결융해 14일 10회 | 7일 강수 32.1mm | 14일 강수 37.3mm | 하수관 노후비율 0.0% | ESAL 2061.6 (도시 중앙값) | 과거 300m 이내 보수이력 없음 | 모델기여도[동결융해=+0.467, 7일 누적강수=+0.372, 14일 누적강수=-0.122, 하수관로 노후도=+0.079, 교통하중=+0.002, 과거 보수이력=-0.061, 보수 후 경과기간=-0.018]",62.655651256360976,위험,"주요원인=동결융해 | 동결융해=100.0점 (14일 10회) | 누적강수=53.5점 (7일 32.1mm, 14일 37.3mm) | 하수관로 노후도=0.0점 (30년 이상 비율 0.0%) | 교통하중=71.4점 (ESAL 2061.6, 도시 중앙값 적용) | 300m 이내 확인된 보수이력 없음",0,,,,0.0,0.6246816970723522,0.4666037476149821,0.37192244687442655,-0.12182244410835341,0.07861850033900436,0.0015673849440044974,-0.06072288933117835,-0.017788087188867548,82.13235294117646,상위 15~30%
R00073,35.765804,127.148793,전주 데모도로,전주시,2081706.65,842.95,0.0004049321742811,7.742488395563824,matched,0,,,,,0,72,0116-02,국도1호선,김제IC-전주시(0116-02),10538.490691046612,2061.5824,24125.0,0.0379012869466836,city_median,71.41276306437679,0.04049321742811,2025-12-31,10.0,100.0,32.11999999999999,37.29,53.46,0.0,35.0,13.364999999999998,0.008098643485622,14.282552612875358,62.655651256360976,82.13235294117646,관심,동결융해,"Logistic 위험순위 상위 17.9% | 주요 증가요인=동결융해 | 동결융해 14일 10회 | 7일 강수 32.1mm | 14일 강수 37.3mm | 하수관 노후비율 0.0% | ESAL 2061.6 (도시 중앙값) | 과거 300m 이내 보수이력 없음 | 모델기여도[동결융해=+0.467, 7일 누적강수=+0.372, 14일 누적강수=-0.122, 하수관로 노후도=+0.079, 교통하중=+0.002, 과거 보수이력=-0.061, 보수 후 경과기간=-0.018]",62.655651256360976,위험,"주요원인=동결융해 | 동결융해=100.0점 (14일 10회) | 누적강수=53.5점 (7일 32.1mm, 14일 37.3mm) | 하수관로 노후도=0.0점 (30년 이상 비율 0.0%) | 교통하중=71.4점 (ESAL 2061.6, 도시 중앙값 적용) | 300m 이내 확인된 보수이력 없음",0,,,,0.0,0.6246816970723522,0.4666037476149821,0.37192244687442655,-0.12182244410835341,0.07861850033900436,0.0015673849440044974,-0.06072288933117835,-0.017788087188867548,82.13235294117646,상위 15~30%
R00072,35.759166,127.146231,전주 데모도로,전주시,2081706.65,842.95,0.0004049321742811,7.742488395563824,matched,0,,,,,0,71,0116-02,국도1호선,김제IC-전주시(0116-02),10511.889485183709,2061.5824,24125.0,0.0379012869466836,city_median,71.41276306437679,0.04049321742811,2025-12-31,10.0,100.0,32.11999999999999,37.29,53.46,0.0,35.0,13.364999999999998,0.008098643485622,14.282552612875358,62.655651256360976,82.13235294117646,관심,동결융해,"Logistic 위험순위 상위 17.9% | 주요 증가요인=동결융해 | 동결융해 14일 10회 | 7일 강수 32.1mm | 14일 강수 37.3mm | 하수관 노후비율 0.0% | ESAL 2061.6 (도시 중앙값) | 과거 300m 이내 보수이력 없음 | 모델기여도[동결융해=+0.467, 7일 누적강수=+0.372, 14일 누적강수=-0.122, 하수관로 노후도=+0.079, 교통하중=+0.002, 과거 보수이력=-0.061, 보수 후 경과기간=-0.018]",62.655651256360976,위험,"주요원인=동결융해 | 동결융해=100.0점 (14일 10회) | 누적강수=53.5점 (7일 32.1mm, 14일 37.3mm) | 하수관로 노후도=0.0점 (30년 이상 비율 0.0%) | 교통하중=71.4점 (ESAL 2061.6, 도시 중앙값 적용) | 300m 이내 확인된 보수이력 없음",0,,,,0.0,0.6246816970723522,0.4666037476149821,0.37192244687442655,-0.12182244410835341,0.07861850033900436,0.0015673849440044974,-0.06072288933117835,-0.017788087188867548,82.13235294117646,상위 15~30%
R00069,35.745471,127.149299,전주 데모도로,전주시,2081706.65,842.95,0.0004049321742811,7.742488395563824,matched,0,,,,,0,68,0116-02,국도1호선,김제IC-전주시(0116-02),11317.52135050744,2061.5824,24125.0,0.0379012869466836,city_median,71.41276306437679,0.04049321742811,2025-12-31,10.0,100.0,32.11999999999999,37.29,53.46,0.0,35.0,13.364999999999998,0.008098643485622,14.282552612875358,62.655651256360976,82.13235294117646,관심,동결융해,"Logistic 위험순위 상위 17.9% | 주요 증가요인=동결융해 | 동결융해 14일 10회 | 7일 강수 32.1mm | 14일 강수 37.3mm | 하수관 노후비율 0.0% | ESAL 2061.6 (도시 중앙값) | 과거 300m 이내 보수이력 없음 | 모델기여도[동결융해=+0.467, 7일 누적강수=+0.372, 14일 누적강수=-0.122, 하수관로 노후도=+0.079, 교통하중=+0.002, 과거 보수이력=-0.061, 보수 후 경과기간=-0.018]",62.655651256360976,위험,"주요원인=동결융해 | 동결융해=100.0점 (14일 10회) | 누적강수=53.5점 (7일 32.1mm, 14일 37.3mm) | 하수관로 노후도=0.0점 (30년 이상 비율 0.0%) | 교통하중=71.4점 (ESAL 2061.6, 도시 중앙값 적용) | 300m 이내 확인된 보수이력 없음",0,,,,0.0,0.6246816970723522,0.4666037476149821,0.37192244687442655,-0.12182244410835341,0.07861850033900436,0.0015673849440044974,-0.06072288933117835,-0.017788087188867548,82.13235294117646,상위 15~30%
R00070,35.748865,127.147329,전주 데모도로,전주시,2081706.65,842.95,0.0004049321742811,7.742488395563824,matched,0,,,,,0,69,0116-02,국도1호선,김제IC-전주시(0116-02),11002.683677275523,2061.5824,24125.0,0.0379012869466836,city_median,71.41276306437679,0.04049321742811,2025-12-31,10.0,100.0,32.11999999999999,37.29,53.46,0.0,35.0,13.364999999999998,0.008098643485622,14.282552612875358,62.655651256360976,82.13235294117646,관심,동결융해,"Logistic 위험순위 상위 17.9% | 주요 증가요인=동결융해 | 동결융해 14일 10회 | 7일 강수 32.1mm | 14일 강수 37.3mm | 하수관 노후비율 0.0% | ESAL 2061.6 (도시 중앙값) | 과거 300m 이내 보수이력 없음 | 모델기여도[동결융해=+0.467, 7일 누적강수=+0.372, 14일 누적강수=-0.122, 하수관로 노후도=+0.079, 교통하중=+0.002, 과거 보수이력=-0.061, 보수 후 경과기간=-0.018]",62.655651256360976,위험,"주요원인=동결융해 | 동결융해=100.0점 (14일 10회) | 누적강수=53.5점 (7일 32.1mm, 14일 37.3mm) | 하수관로 노후도=0.0점 (30년 이상 비율 0.0%) | 교통하중=71.4점 (ESAL 2061.6, 도시 중앙값 적용) | 300m 이내 확인된 보수이력 없음",0,,,,0.0,0.6246816970723522,0.4666037476149821,0.37192244687442655,-0.12182244410835341,0.07861850033900436,0.0015673849440044974,-0.06072288933117835,-0.017788087188867548,82.13235294117646,상위 15~30%
R00100,35.893826,127.148815,전주 데모도로,전주시,2081706.65,842.95,0.0004049321742811,7.742488395563824,matched,0,,,,,0,99,1714-01,국도17호선,전주시-봉동읍(1714-01),2986.290700497538,1904.6626,21213.0,0.0379012869466836,nearest_station,70.05586158549313,0.04049321742811,2025-12-31,10.0,100.0,32.11999999999999,37.29,53.46,0.0,35.0,13.364999999999998,0.008098643485622,14.011172317098628,62.384270960584246,73.45588235294119,관심,동결융해,"Logistic 위험순위 상위 26.5% | 주요 증가요인=동결융해 | 동결융해 14일 10회 | 7일 강수 32.1mm | 14일 강수 37.3mm | 하수관 노후비율 0.0% | ESAL 1904.7 (실제 조사점 3.0km) | 과거 300m 이내 보수이력 없음 | 모델기여도[동결융해=+0.467, 7일 누적강수=+0.372, 14일 누적강수=-0.122, 하수관로 노후도=+0.079, 교통하중=+0.001, 과거 보수이력=-0.061, 보수 후 경과기간=-0.018]",62.384270960584246,위험,"주요원인=동결융해 | 동결융해=100.0점 (14일 10회) | 누적강수=53.5점 (7일 32.1mm, 14일 37.3mm) | 하수관로 노후도=0.0점 (30년 이상 비율 0.0%) | 교통하중=70.1점 (ESAL 1904.7, 3.0km 이내 실제 조사점 적용) | 300m 이내 확인된 보수이력 없음",0,,,,0.0,0.6245106911884902,0.4666037476149821,0.37192244687442655,-0.12182244410835341,0.07861850033900436,0.0008380734561501074,-0.06072288933117835,-0.017788087188867548,73.45588235294119,상위 15~30%
R00101,35.89925,127.147573,전주 데모도로,전주시,2081706.65,842.95,0.0004049321742811,7.742488395563824,matched,0,,,,,0,100,1714-01,국도17호선,전주시-봉동읍(1714-01),2553.402402249004,1904.6626,21213.0,0.0379012869466836,nearest_station,70.05586158549313,0.04049321742811,2025-12-31,10.0,100.0,32.11999999999999,37.29,53.46,0.0,35.0,13.364999999999998,0.008098643485622,14.011172317098628,62.384270960584246,73.45588235294119,관심,동결융해,"Logistic 위험순위 상위 26.5% | 주요 증가요인=동결융해 | 동결융해 14일 10회 | 7일 강수 32.1mm | 14일 강수 37.3mm | 하수관 노후비율 0.0% | ESAL 1904.7 (실제 조사점 2.6km) | 과거 300m 이내 보수이력 없음 | 모델기여도[동결융해=+0.467, 7일 누적강수=+0.372, 14일 누적강수=-0.122, 하수관로 노후도=+0.079, 교통하중=+0.001, 과거 보수이력=-0.061, 보수 후 경과기간=-0.018]",62.384270960584246,위험,"주요원인=동결융해 | 동결융해=100.0점 (14일 10회) | 누적강수=53.5점 (7일 32.1mm, 14일 37.3mm) | 하수관로 노후도=0.0점 (30년 이상 비율 0.0%) | 교통하중=70.1점 (ESAL 1904.7, 2.6km 이내 실제 조사점 적용) | 300m 이내 확인된 보수이력 없음",0,,,,0.0,0.6245106911884902,0.4666037476149821,0.37192244687442655,-0.12182244410835341,0.07861850033900436,0.0008380734561501074,-0.06072288933117835,-0.017788087188867548,73.45588235294119,상위 15~30%
R00063,35.865229,127.186766,전주 데모도로,전주시,2081706.65,842.95,0.0004049321742811,7.742488395563824,matched,0,,,,,0,62,2606-00,국도26호선,전주시-소양면(2606-00),2996.0470582025496,1597.81,24125.0,0.0261139896373057,nearest_station,67.0451909311063,0.04049321742811,2025-12-31,10.0,100.0,32.11999999999999,37.29,53.46,0.0,35.0,13.364999999999998,0.008098643485622,13.40903818622126,61.78213682970688,73.01470588235294,관심,동결융해,"Logistic 위험순위 상위 27.0% | 주요 증가요인=동결융해 | 동결융해 14일 10회 | 7일 강수 32.1mm | 14일 강수 37.3mm | 하수관 노후비율 0.0% | ESAL 1597.8 (실제 조사점 3.0km) | 과거 300m 이내 보수이력 없음 | 모델기여도[동결융해=+0.467, 7일 누적강수=+0.372, 14일 누적강수=-0.122, 하수관로 노후도=+0.079, 교통하중=-0.001, 과거 보수이력=-0.061, 보수 후 경과기간=-0.018]",61.78213682970688,위험,"주요원인=동결융해 | 동결융해=100.0점 (14일 10회) | 누적강수=53.5점 (7일 32.1mm, 14일 37.3mm) | 하수관로 노후도=0.0점 (30년 이상 비율 0.0%) | 교통하중=67.0점 (ESAL 1597.8, 3.0km 이내 실제 조사점 적용) | 300m 이내 확인된 보수이력 없음",0,,,,0.0,0.6241762038977482,0.4666037476149821,0.37192244687442655,-0.12182244410835341,0.07861850033900436,-0.0005880762474436302,-0.06072288933117835,-0.017788087188867548,73.01470588235294,상위 15~30%
R00067,35.877436,127.200233,전주 데모도로,전주시,2081706.65,842.95,0.0004049321742811,7.742488395563824,matched,0,,,,,0,66,2606-00,국도26호선,전주시-소양면(2606-00),2996.166286770508,1597.81,24125.0,0.0261139896373057,nearest_station,67.0451909311063,0.04049321742811,2025-12-31,10.0,100.0,32.11999999999999,37.29,53.46,0.0,35.0,13.364999999999998,0.008098643485622,13.40903818622126,61.78213682970688,73.01470588235294,관심,동결융해,"Logistic 위험순위 상위 27.0% | 주요 증가요인=동결융해 | 동결융해 14일 10회 | 7일 강수 32.1mm | 14일 강수 37.3mm | 하수관 노후비율 0.0% | ESAL 1597.8 (실제 조사점 3.0km) | 과거 300m 이내 보수이력 없음 | 모델기여도[동결융해=+0.467, 7일 누적강수=+0.372, 14일 누적강수=-0.122, 하수관로 노후도=+0.079, 교통하중=-0.001, 과거 보수이력=-0.061, 보수 후 경과기간=-0.018]",61.78213682970688,위험,"주요원인=동결융해 | 동결융해=100.0점 (14일 10회) | 누적강수=53.5점 (7일 32.1mm, 14일 37.3mm) | 하수관로 노후도=0.0점 (30년 이상 비율 0.0%) | 교통하중=67.0점 (ESAL 1597.8, 3.0km 이내 실제 조사점 적용) | 300m 이내 확인된 보수이력 없음",0,,,,0.0,0.6241762038977482,0.4666037476149821,0.37192244687442655,-0.12182244410835341,0.07861850033900436,-0.0005880762474436302,-0.06072288933117835,-0.017788087188867548,73.01470588235294,상위 15~30%
R00066,35.874179,127.197996,전주 데모도로,전주시,2081706.65,842.95,0.0004049321742811,7.742488395563824,matched,0,,,,,0,65,2606-00,국도26호선,전주시-소양면(2606-00),2809.3084912312056,1597.81,24125.0,0.0261139896373057,nearest_station,67.0451909311063,0.04049321742811,2025-12-31,10.0,100.0,32.11999999999999,37.29,53.46,0.0,35.0,13.364999999999998,0.008098643485622,13.40903818622126,61.78213682970688,73.01470588235294,관심,동결융해,"Logistic 위험순위 상위 27.0% | 주요 증가요인=동결융해 | 동결융해 14일 10회 | 7일 강수 32.1mm | 14일 강수 37.3mm | 하수관 노후비율 0.0% | ESAL 1597.8 (실제 조사점 2.8km) | 과거 300m 이내 보수이력 없음 | 모델기여도[동결융해=+0.467, 7일 누적강수=+0.372, 14일 누적강수=-0.122, 하수관로 노후도=+0.079, 교통하중=-0.001, 과거 보수이력=-0.061, 보수 후 경과기간=-0.018]",61.78213682970688,위험,"주요원인=동결융해 | 동결융해=100.0점 (14일 10회) | 누적강수=53.5점 (7일 32.1mm, 14일 37.3mm) | 하수관로 노후도=0.0점 (30년 이상 비율 0.0%) | 교통하중=67.0점 (ESAL 1597.8, 2.8km 이내 실제 조사점 적용) | 300m 이내 확인된 보수이력 없음",0,,,,0.0,0.6241762038977482,0.4666037476149821,0.37192244687442655,-0.12182244410835341,0.07861850033900436,-0.0005880762474436302,-0.06072288933117835,-0.017788087188867548,73.01470588235294,상위 15~30%
R00065,35.871408,127.194156,전주 데모도로,전주시,2081706.65,842.95,0.0004049321742811,7.742488395563824,matched,0,,,,,0,64,2606-00,국도26호선,전주시-소양면(2606-00),2816.279374641212,1597.81,24125.0,0.0261139896373057,nearest_station,67.0451909311063,0.04049321742811,2025-12-31,10.0,100.0,32.11999999999999,37.29,53.46,0.0,35.0,13.364999999999998,0.008098643485622,13.40903818622126,61.78213682970688,73.01470588235294,관심,동결융해,"Logistic 위험순위 상위 27.0% | 주요 증가요인=동결융해 | 동결융해 14일 10회 | 7일 강수 32.1mm | 14일 강수 37.3mm | 하수관 노후비율 0.0% | ESAL 1597.8 (실제 조사점 2.8km) | 과거 300m 이내 보수이력 없음 | 모델기여도[동결융해=+0.467, 7일 누적강수=+0.372, 14일 누적강수=-0.122, 하수관로 노후도=+0.079, 교통하중=-0.001, 과거 보수이력=-0.061, 보수 후 경과기간=-0.018]",61.78213682970688,위험,"주요원인=동결융해 | 동결융해=100.0점 (14일 10회) | 누적강수=53.5점 (7일 32.1mm, 14일 37.3mm) | 하수관로 노후도=0.0점 (30년 이상 비율 0.0%) | 교통하중=67.0점 (ESAL 1597.8, 2.8km 이내 실제 조사점 적용) | 300m 이내 확인된 보수이력 없음",0,,,,0.0,0.6241762038977482,0.4666037476149821,0.37192244687442655,-0.12182244410835341,0.07861850033900436,-0.0005880762474436302,-0.06072288933117835,-0.017788087188867548,73.01470588235294,상위 15~30%
R00160,35.967518,126.766635,군산 데모도로,군산시,1384801.76,612246.21,0.442118307244208,14.853572251212228,matched,0,,,,,0,159,2914-00,국도29호선,개정면-성산면(2914-00),1572.8198888057716,4712.053800000001,20282.0,0.1065969825460999,nearest_station,85.58344961603397,44.2118307244208,2025-12-31,13.0,100.0,9.050000000000008,17.75,17.960000000000008,0.0,35.0,4.490000000000002,8.84236614488416,17.116689923206795,65.44905606809095,71.17647058823529,관심,동결융해,"Logistic 위험순위 상위 28.8% | 주요 증가요인=동결융해 | 동결융해 14일 13회 | 7일 강수 9.1mm | 14일 강수 17.8mm | 하수관 노후비율 44.2% | ESAL 4712.1 (실제 조사점 1.6km) | 과거 300m 이내 보수이력 없음 | 모델기여도[동결융해=+0.696, 7일 누적강수=-0.085, 14일 누적강수=+0.099, 하수관로 노후도=-0.007, 교통하중=+0.014, 과거 보수이력=-0.061, 보수 후 경과기간=-0.018]",65.44905606809095,위험,"주요원인=동결융해 | 동결융해=100.0점 (14일 13회) | 누적강수=18.0점 (7일 9.1mm, 14일 17.8mm) | 하수관로 노후도=44.2점 (30년 이상 비율 44.2%) | 교통하중=85.6점 (ESAL 4712.1, 1.6km 이내 실제 조사점 적용) | 300m 이내 확인된 보수이력 없음",0,,,,0.0,0.6056101296335593,0.696248318989472,-0.08492964696704859,0.09850479154862715,-0.007391001686411909,0.013885902047961505,-0.06072288933117835,-0.017788087188867548,71.17647058823529,상위 15~30%
R00162,35.96729,126.778488,군산 데모도로,군산시,1384801.76,612246.21,0.442118307244208,14.853572251212228,matched,0,,,,,0,161,2914-00,국도29호선,개정면-성산면(2914-00),1653.9186019909964,4712.053800000001,20282.0,0.1065969825460999,nearest_station,85.58344961603397,44.2118307244208,2025-12-31,13.0,100.0,9.050000000000008,17.75,17.960000000000008,0.0,35.0,4.490000000000002,8.84236614488416,17.116689923206795,65.44905606809095,71.17647058823529,관심,동결융해,"Logistic 위험순위 상위 28.8% | 주요 증가요인=동결융해 | 동결융해 14일 13회 | 7일 강수 9.1mm | 14일 강수 17.8mm | 하수관 노후비율 44.2% | ESAL 4712.1 (실제 조사점 1.7km) | 과거 300m 이내 보수이력 없음 | 모델기여도[동결융해=+0.696, 7일 누적강수=-0.085, 14일 누적강수=+0.099, 하수관로 노후도=-0.007, 교통하중=+0.014, 과거 보수이력=-0.061, 보수 후 경과기간=-0.018]",65.44905606809095,위험,"주요원인=동결융해 | 동결융해=100.0점 (14일 13회) | 누적강수=18.0점 (7일 9.1mm, 14일 17.8mm) | 하수관로 노후도=44.2점 (30년 이상 비율 44.2%) | 교통하중=85.6점 (ESAL 4712.1, 1.7km 이내 실제 조사점 적용) | 300m 이내 확인된 보수이력 없음",0,,,,0.0,0.6056101296335593,0.696248318989472,-0.08492964696704859,0.09850479154862715,-0.007391001686411909,0.013885902047961505,-0.06072288933117835,-0.017788087188867548,71.17647058823529,상위 15~30%
R00161,35.966337,126.774117,군산 데모도로,군산시,1384801.76,612246.21,0.442118307244208,14.853572251212228,matched,0,,,,,0,160,2914-00,국도29호선,개정면-성산면(2914-00),1654.9201629815966,4712.053800000001,20282.0,0.1065969825460999,nearest_station,85.58344961603397,44.2118307244208,2025-12-31,13.0,100.0,9.050000000000008,17.75,17.960000000000008,0.0,35.0,4.490000000000002,8.84236614488416,17.116689923206795,65.44905606809095,71.17647058823529,관심,동결융해,"Logistic 위험순위 상위 28.8% | 주요 증가요인=동결융해 | 동결융해 14일 13회 | 7일 강수 9.1mm | 14일 강수 17.8mm | 하수관 노후비율 44.2% | ESAL 4712.1 (실제 조사점 1.7km) | 과거 300m 이내 보수이력 없음 | 모델기여도[동결융해=+0.696, 7일 누적강수=-0.085, 14일 누적강수=+0.099, 하수관로 노후도=-0.007, 교통하중=+0.014, 과거 보수이력=-0.061, 보수 후 경과기간=-0.018]",65.44905606809095,위험,"주요원인=동결융해 | 동결융해=100.0점 (14일 13회) | 누적강수=18.0점 (7일 9.1mm, 14일 17.8mm) | 하수관로 노후도=44.2점 (30년 이상 비율 44.2%) | 교통하중=85.6점 (ESAL 4712.1, 1.7km 이내 실제 조사점 적용) | 300m 이내 확인된 보수이력 없음",0,,,,0.0,0.6056101296335593,0.696248318989472,-0.08492964696704859,0.09850479154862715,-0.007391001686411909,0.013885902047961505,-0.06072288933117835,-0.017788087188867548,71.17647058823529,상위 15~30%
R00192,35.983184,126.751861,군산 데모도로,군산시,1384801.76,612246.21,0.442118307244208,14.853572251212228,matched,0,,,,,0,191,2914-00,국도29호선,개정면-성산면(2914-00),1791.437164915858,4712.053800000001,20282.0,0.1065969825460999,nearest_station,85.58344961603397,44.2118307244208,2025-12-31,13.0,100.0,9.050000000000008,17.75,17.960000000000008,0.0,35.0,4.490000000000002,8.84236614488416,17.116689923206795,65.44905606809095,71.17647058823529,관심,동결융해,"Logistic 위험순위 상위 28.8% | 주요 증가요인=동결융해 | 동결융해 14일 13회 | 7일 강수 9.1mm | 14일 강수 17.8mm | 하수관 노후비율 44.2% | ESAL 4712.1 (실제 조사점 1.8km) | 과거 300m 이내 보수이력 없음 | 모델기여도[동결융해=+0.696, 7일 누적강수=-0.085, 14일 누적강수=+0.099, 하수관로 노후도=-0.007, 교통하중=+0.014, 과거 보수이력=-0.061, 보수 후 경과기간=-0.018]",65.44905606809095,위험,"주요원인=동결융해 | 동결융해=100.0점 (14일 13회) | 누적강수=18.0점 (7일 9.1mm, 14일 17.8mm) | 하수관로 노후도=44.2점 (30년 이상 비율 44.2%) | 교통하중=85.6점 (ESAL 4712.1, 1.8km 이내 실제 조사점 적용) | 300m 이내 확인된 보수이력 없음",0,,,,0.0,0.6056101296335593,0.696248318989472,-0.08492964696704859,0.09850479154862715,-0.007391001686411909,0.013885902047961505,-0.06072288933117835,-0.017788087188867548,71.17647058823529,상위 15~30%
R00189,35.973478,126.742574,군산 데모도로,군산시,1384801.76,612246.21,0.442118307244208,14.853572251212228,matched,0,,,,,0,188,2914-00,국도29호선,개정면-성산면(2914-00),2745.2700903907107,4712.053800000001,20282.0,0.1065969825460999,nearest_station,85.58344961603397,44.2118307244208,2025-12-31,13.0,100.0,9.050000000000008,17.75,17.960000000000008,0.0,35.0,4.490000000000002,8.84236614488416,17.116689923206795,65.44905606809095,71.17647058823529,관심,동결융해,"Logistic 위험순위 상위 28.8% | 주요 증가요인=동결융해 | 동결융해 14일 13회 | 7일 강수 9.1mm | 14일 강수 17.8mm | 하수관 노후비율 44.2% | ESAL 4712.1 (실제 조사점 2.7km) | 과거 300m 이내 보수이력 없음 | 모델기여도[동결융해=+0.696, 7일 누적강수=-0.085, 14일 누적강수=+0.099, 하수관로 노후도=-0.007, 교통하중=+0.014, 과거 보수이력=-0.061, 보수 후 경과기간=-0.018]",65.44905606809095,위험,"주요원인=동결융해 | 동결융해=100.0점 (14일 13회) | 누적강수=18.0점 (7일 9.1mm, 14일 17.8mm) | 하수관로 노후도=44.2점 (30년 이상 비율 44.2%) | 교통하중=85.6점 (ESAL 4712.1, 2.7km 이내 실제 조사점 적용) | 300m 이내 확인된 보수이력 없음",0,,,,0.0,0.6056101296335593,0.696248318989472,-0.08492964696704859,0.09850479154862715,-0.007391001686411909,0.013885902047961505,-0.06072288933117835,-0.017788087188867548,71.17647058823529,상위 15~30%
R00196,35.997577,126.765335,군산 데모도로,군산시,1384801.76,612246.21,0.442118307244208,14.853572251212228,matched,0,,,,,0,195,2914-00,국도29호선,개정면-성산면(2914-00),1919.0310459731409,4712.053800000001,20282.0,0.1065969825460999,nearest_station,85.58344961603397,44.2118307244208,2025-12-31,13.0,100.0,9.050000000000008,17.75,17.960000000000008,0.0,35.0,4.490000000000002,8.84236614488416,17.116689923206795,65.44905606809095,71.17647058823529,관심,동결융해,"Logistic 위험순위 상위 28.8% | 주요 증가요인=동결융해 | 동결융해 14일 13회 | 7일 강수 9.1mm | 14일 강수 17.8mm | 하수관 노후비율 44.2% | ESAL 4712.1 (실제 조사점 1.9km) | 과거 300m 이내 보수이력 없음 | 모델기여도[동결융해=+0.696, 7일 누적강수=-0.085, 14일 누적강수=+0.099, 하수관로 노후도=-0.007, 교통하중=+0.014, 과거 보수이력=-0.061, 보수 후 경과기간=-0.018]",65.44905606809095,위험,"주요원인=동결융해 | 동결융해=100.0점 (14일 13회) | 누적강수=18.0점 (7일 9.1mm, 14일 17.8mm) | 하수관로 노후도=44.2점 (30년 이상 비율 44.2%) | 교통하중=85.6점 (ESAL 4712.1, 1.9km 이내 실제 조사점 적용) | 300m 이내 확인된 보수이력 없음",0,,,,0.0,0.6056101296335593,0.696248318989472,-0.08492964696704859,0.09850479154862715,-0.007391001686411909,0.013885902047961505,-0.06072288933117835,-0.017788087188867548,71.17647058823529,상위 15~30%
R00195,35.995053,126.762328,군산 데모도로,군산시,1384801.76,612246.21,0.442118307244208,14.853572251212228,matched,0,,,,,0,194,2914-00,국도29호선,개정면-성산면(2914-00),1763.5173276073858,4712.053800000001,20282.0,0.1065969825460999,nearest_station,85.58344961603397,44.2118307244208,2025-12-31,13.0,100.0,9.050000000000008,17.75,17.960000000000008,0.0,35.0,4.490000000000002,8.84236614488416,17.116689923206795,65.44905606809095,71.17647058823529,관심,동결융해,"Logistic 위험순위 상위 28.8% | 주요 증가요인=동결융해 | 동결융해 14일 13회 | 7일 강수 9.1mm | 14일 강수 17.8mm | 하수관 노후비율 44.2% | ESAL 4712.1 (실제 조사점 1.8km) | 과거 300m 이내 보수이력 없음 | 모델기여도[동결융해=+0.696, 7일 누적강수=-0.085, 14일 누적강수=+0.099, 하수관로 노후도=-0.007, 교통하중=+0.014, 과거 보수이력=-0.061, 보수 후 경과기간=-0.018]",65.44905606809095,위험,"주요원인=동결융해 | 동결융해=100.0점 (14일 13회) | 누적강수=18.0점 (7일 9.1mm, 14일 17.8mm) | 하수관로 노후도=44.2점 (30년 이상 비율 44.2%) | 교통하중=85.6점 (ESAL 4712.1, 1.8km 이내 실제 조사점 적용) | 300m 이내 확인된 보수이력 없음",0,,,,0.0,0.6056101296335593,0.696248318989472,-0.08492964696704859,0.09850479154862715,-0.007391001686411909,0.013885902047961505,-0.06072288933117835,-0.017788087188867548,71.17647058823529,상위 15~30%
R00158,35.966508,126.758865,군산 데모도로,군산시,1384801.76,612246.21,0.442118307244208,14.853572251212228,matched,0,,,,,0,157,2914-00,국도29호선,개정면-성산면(2914-00),1984.641162873005,4712.053800000001,20282.0,0.1065969825460999,nearest_station,85.58344961603397,44.2118307244208,2025-12-31,13.0,100.0,9.050000000000008,17.75,17.960000000000008,0.0,35.0,4.490000000000002,8.84236614488416,17.116689923206795,65.44905606809095,71.17647058823529,관심,동결융해,"Logistic 위험순위 상위 28.8% | 주요 증가요인=동결융해 | 동결융해 14일 13회 | 7일 강수 9.1mm | 14일 강수 17.8mm | 하수관 노후비율 44.2% | ESAL 4712.1 (실제 조사점 2.0km) | 과거 300m 이내 보수이력 없음 | 모델기여도[동결융해=+0.696, 7일 누적강수=-0.085, 14일 누적강수=+0.099, 하수관로 노후도=-0.007, 교통하중=+0.014, 과거 보수이력=-0.061, 보수 후 경과기간=-0.018]",65.44905606809095,위험,"주요원인=동결융해 | 동결융해=100.0점 (14일 13회) | 누적강수=18.0점 (7일 9.1mm, 14일 17.8mm) | 하수관로 노후도=44.2점 (30년 이상 비율 44.2%) | 교통하중=85.6점 (ESAL 4712.1, 2.0km 이내 실제 조사점 적용) | 300m 이내 확인된 보수이력 없음",0,,,,0.0,0.6056101296335593,0.696248318989472,-0.08492964696704859,0.09850479154862715,-0.007391001686411909,0.013885902047961505,-0.06072288933117835,-0.017788087188867548,71.17647058823529,상위 15~30%
R00159,35.967974,126.763289,군산 데모도로,군산시,1384801.76,612246.21,0.442118307244208,14.853572251212228,matched,0,,,,,0,158,2914-00,국도29호선,개정면-성산면(2914-00),1638.0228771189418,4712.053800000001,20282.0,0.1065969825460999,nearest_station,85.58344961603397,44.2118307244208,2025-12-31,13.0,100.0,9.050000000000008,17.75,17.960000000000008,0.0,35.0,4.490000000000002,8.84236614488416,17.116689923206795,65.44905606809095,71.17647058823529,관심,동결융해,"Logistic 위험순위 상위 28.8% | 주요 증가요인=동결융해 | 동결융해 14일 13회 | 7일 강수 9.1mm | 14일 강수 17.8mm | 하수관 노후비율 44.2% | ESAL 4712.1 (실제 조사점 1.6km) | 과거 300m 이내 보수이력 없음 | 모델기여도[동결융해=+0.696, 7일 누적강수=-0.085, 14일 누적강수=+0.099, 하수관로 노후도=-0.007, 교통하중=+0.014, 과거 보수이력=-0.061, 보수 후 경과기간=-0.018]",65.44905606809095,위험,"주요원인=동결융해 | 동결융해=100.0점 (14일 13회) | 누적강수=18.0점 (7일 9.1mm, 14일 17.8mm) | 하수관로 노후도=44.2점 (30년 이상 비율 44.2%) | 교통하중=85.6점 (ESAL 4712.1, 1.6km 이내 실제 조사점 적용) | 300m 이내 확인된 보수이력 없음",0,,,,0.0,0.6056101296335593,0.696248318989472,-0.08492964696704859,0.09850479154862715,-0.007391001686411909,0.013885902047961505,-0.06072288933117835,-0.017788087188867548,71.17647058823529,상위 15~30%
R00156,35.968255,126.748701,군산 데모도로,군산시,1384801.76,612246.21,0.442118307244208,14.853572251212228,matched,0,,,,,0,155,2914-00,국도29호선,개정면-성산면(2914-00),2505.964382600408,4712.053800000001,20282.0,0.1065969825460999,nearest_station,85.58344961603397,44.2118307244208,2025-12-31,13.0,100.0,9.050000000000008,17.75,17.960000000000008,0.0,35.0,4.490000000000002,8.84236614488416,17.116689923206795,65.44905606809095,71.17647058823529,관심,동결융해,"Logistic 위험순위 상위 28.8% | 주요 증가요인=동결융해 | 동결융해 14일 13회 | 7일 강수 9.1mm | 14일 강수 17.8mm | 하수관 노후비율 44.2% | ESAL 4712.1 (실제 조사점 2.5km) | 과거 300m 이내 보수이력 없음 | 모델기여도[동결융해=+0.696, 7일 누적강수=-0.085, 14일 누적강수=+0.099, 하수관로 노후도=-0.007, 교통하중=+0.014, 과거 보수이력=-0.061, 보수 후 경과기간=-0.018]",65.44905606809095,위험,"주요원인=동결융해 | 동결융해=100.0점 (14일 13회) | 누적강수=18.0점 (7일 9.1mm, 14일 17.8mm) | 하수관로 노후도=44.2점 (30년 이상 비율 44.2%) | 교통하중=85.6점 (ESAL 4712.1, 2.5km 이내 실제 조사점 적용) | 300m 이내 확인된 보수이력 없음",0,,,,0.0,0.6056101296335593,0.696248318989472,-0.08492964696704859,0.09850479154862715,-0.007391001686411909,0.013885902047961505,-0.06072288933117835,-0.017788087188867548,71.17647058823529,상위 15~30%
R00155,35.967871,126.743913,군산 데모도로,군산시,1384801.76,612246.21,0.442118307244208,14.853572251212228,matched,0,,,,,0,154,2914-00,국도29호선,개정면-성산면(2914-00),2892.198993031514,4712.053800000001,20282.0,0.1065969825460999,nearest_station,85.58344961603397,44.2118307244208,2025-12-31,13.0,100.0,9.050000000000008,17.75,17.960000000000008,0.0,35.0,4.490000000000002,8.84236614488416,17.116689923206795,65.44905606809095,71.17647058823529,관심,동결융해,"Logistic 위험순위 상위 28.8% | 주요 증가요인=동결융해 | 동결융해 14일 13회 | 7일 강수 9.1mm | 14일 강수 17.8mm | 하수관 노후비율 44.2% | ESAL 4712.1 (실제 조사점 2.9km) | 과거 300m 이내 보수이력 없음 | 모델기여도[동결융해=+0.696, 7일 누적강수=-0.085, 14일 누적강수=+0.099, 하수관로 노후도=-0.007, 교통하중=+0.014, 과거 보수이력=-0.061, 보수 후 경과기간=-0.018]",65.44905606809095,위험,"주요원인=동결융해 | 동결융해=100.0점 (14일 13회) | 누적강수=18.0점 (7일 9.1mm, 14일 17.8mm) | 하수관로 노후도=44.2점 (30년 이상 비율 44.2%) | 교통하중=85.6점 (ESAL 4712.1, 2.9km 이내 실제 조사점 적용) | 300m 이내 확인된 보수이력 없음",0,,,,0.0,0.6056101296335593,0.696248318989472,-0.08492964696704859,0.09850479154862715,-0.007391001686411909,0.013885902047961505,-0.06072288933117835,-0.017788087188867548,71.17647058823529,상위 15~30%
R00157,35.968921,126.753601,군산 데모도로,군산시,1384801.76,612246.21,0.442118307244208,14.853572251212228,matched,0,,,,,0,156,2914-00,국도29호선,개정면-성산면(2914-00),2109.8131521016235,4712.053800000001,20282.0,0.1065969825460999,nearest_station,85.58344961603397,44.2118307244208,2025-12-31,13.0,100.0,9.050000000000008,17.75,17.960000000000008,0.0,35.0,4.490000000000002,8.84236614488416,17.116689923206795,65.44905606809095,71.17647058823529,관심,동결융해,"Logistic 위험순위 상위 28.8% | 주요 증가요인=동결융해 | 동결융해 14일 13회 | 7일 강수 9.1mm | 14일 강수 17.8mm | 하수관 노후비율 44.2% | ESAL 4712.1 (실제 조사점 2.1km) | 과거 300m 이내 보수이력 없음 | 모델기여도[동결융해=+0.696, 7일 누적강수=-0.085, 14일 누적강수=+0.099, 하수관로 노후도=-0.007, 교통하중=+0.014, 과거 보수이력=-0.061, 보수 후 경과기간=-0.018]",65.44905606809095,위험,"주요원인=동결융해 | 동결융해=100.0점 (14일 13회) | 누적강수=18.0점 (7일 9.1mm, 14일 17.8mm) | 하수관로 노후도=44.2점 (30년 이상 비율 44.2%) | 교통하중=85.6점 (ESAL 4712.1, 2.1km 이내 실제 조사점 적용) | 300m 이내 확인된 보수이력 없음",0,,,,0.0,0.6056101296335593,0.696248318989472,-0.08492964696704859,0.09850479154862715,-0.007391001686411909,0.013885902047961505,-0.06072288933117835,-0.017788087188867548,71.17647058823529,상위 15~30%
R00191,35.978885,126.748397,군산 데모도로,군산시,1384801.76,612246.21,0.442118307244208,14.853572251212228,matched,0,,,,,0,190,2914-00,국도29호선,개정면-성산면(2914-00),2102.056662873839,4712.053800000001,20282.0,0.1065969825460999,nearest_station,85.58344961603397,44.2118307244208,2025-12-31,13.0,100.0,9.050000000000008,17.75,17.960000000000008,0.0,35.0,4.490000000000002,8.84236614488416,17.116689923206795,65.44905606809095,71.17647058823529,관심,동결융해,"Logistic 위험순위 상위 28.8% | 주요 증가요인=동결융해 | 동결융해 14일 13회 | 7일 강수 9.1mm | 14일 강수 17.8mm | 하수관 노후비율 44.2% | ESAL 4712.1 (실제 조사점 2.1km) | 과거 300m 이내 보수이력 없음 | 모델기여도[동결융해=+0.696, 7일 누적강수=-0.085, 14일 누적강수=+0.099, 하수관로 노후도=-0.007, 교통하중=+0.014, 과거 보수이력=-0.061, 보수 후 경과기간=-0.018]",65.44905606809095,위험,"주요원인=동결융해 | 동결융해=100.0점 (14일 13회) | 누적강수=18.0점 (7일 9.1mm, 14일 17.8mm) | 하수관로 노후도=44.2점 (30년 이상 비율 44.2%) | 교통하중=85.6점 (ESAL 4712.1, 2.1km 이내 실제 조사점 적용) | 300m 이내 확인된 보수이력 없음",0,,,,0.0,0.6056101296335593,0.696248318989472,-0.08492964696704859,0.09850479154862715,-0.007391001686411909,0.013885902047961505,-0.06072288933117835,-0.017788087188867548,71.17647058823529,상위 15~30%
R00190,35.97726,126.744251,군산 데모도로,군산시,1384801.76,612246.21,0.442118307244208,14.853572251212228,matched,0,,,,,0,189,2914-00,국도29호선,개정면-성산면(2914-00),2497.3159217012217,4712.053800000001,20282.0,0.1065969825460999,nearest_station,85.58344961603397,44.2118307244208,2025-12-31,13.0,100.0,9.050000000000008,17.75,17.960000000000008,0.0,35.0,4.490000000000002,8.84236614488416,17.116689923206795,65.44905606809095,71.17647058823529,관심,동결융해,"Logistic 위험순위 상위 28.8% | 주요 증가요인=동결융해 | 동결융해 14일 13회 | 7일 강수 9.1mm | 14일 강수 17.8mm | 하수관 노후비율 44.2% | ESAL 4712.1 (실제 조사점 2.5km) | 과거 300m 이내 보수이력 없음 | 모델기여도[동결융해=+0.696, 7일 누적강수=-0.085, 14일 누적강수=+0.099, 하수관로 노후도=-0.007, 교통하중=+0.014, 과거 보수이력=-0.061, 보수 후 경과기간=-0.018]",65.44905606809095,위험,"주요원인=동결융해 | 동결융해=100.0점 (14일 13회) | 누적강수=18.0점 (7일 9.1mm, 14일 17.8mm) | 하수관로 노후도=44.2점 (30년 이상 비율 44.2%) | 교통하중=85.6점 (ESAL 4712.1, 2.5km 이내 실제 조사점 적용) | 300m 이내 확인된 보수이력 없음",0,,,,0.0,0.6056101296335593,0.696248318989472,-0.08492964696704859,0.09850479154862715,-0.007391001686411909,0.013885902047961505,-0.06072288933117835,-0.017788087188867548,71.17647058823529,상위 15~30%
R00165,35.968076,126.792348,군산 데모도로,군산시,1384801.76,612246.21,0.442118307244208,14.853572251212228,matched,1,F0020,2026-01-04,임시보수,9.795677699861187,1,164,2914-00,국도29호선,개정면-성산면(2914-00),2361.5198650205034,4712.053800000001,20282.0,0.1065969825460999,nearest_station,85.58344961603397,44.2118307244208,2025-12-31,13.0,100.0,9.050000000000008,17.75,17.960000000000008,0.0,35.0,4.490000000000002,8.84236614488416,17.116689923206795,65.44905606809095,71.17647058823529,관심,동결융해,"Logistic 위험순위 상위 28.8% | 주요 증가요인=동결융해 | 동결융해 14일 13회 | 7일 강수 9.1mm | 14일 강수 17.8mm | 하수관 노후비율 44.2% | ESAL 4712.1 (실제 조사점 2.4km) | 과거 300m 이내 보수이력 없음 | 모델기여도[동결융해=+0.696, 7일 누적강수=-0.085, 14일 누적강수=+0.099, 하수관로 노후도=-0.007, 교통하중=+0.014, 과거 보수이력=-0.061, 보수 후 경과기간=-0.018]",65.44905606809095,위험,"주요원인=동결융해 | 동결융해=100.0점 (14일 13회) | 누적강수=18.0점 (7일 9.1mm, 14일 17.8mm) | 하수관로 노후도=44.2점 (30년 이상 비율 44.2%) | 교통하중=85.6점 (ESAL 4712.1, 2.4km 이내 실제 조사점 적용) | 300m 이내 확인된 보수이력 없음",0,,,,0.0,0.6056101296335593,0.696248318989472,-0.08492964696704859,0.09850479154862715,-0.007391001686411909,0.013885902047961505,-0.06072288933117835,-0.017788087188867548,71.17647058823529,상위 15~30%
R00163,35.966578,126.781928,군산 데모도로,군산시,1384801.76,612246.21,0.442118307244208,14.853572251212228,matched,0,,,,,0,162,2914-00,국도29호선,개정면-성산면(2914-00),1861.209015819183,4712.053800000001,20282.0,0.1065969825460999,nearest_station,85.58344961603397,44.2118307244208,2025-12-31,13.0,100.0,9.050000000000008,17.75,17.960000000000008,0.0,35.0,4.490000000000002,8.84236614488416,17.116689923206795,65.44905606809095,71.17647058823529,관심,동결융해,"Logistic 위험순위 상위 28.8% | 주요 증가요인=동결융해 | 동결융해 14일 13회 | 7일 강수 9.1mm | 14일 강수 17.8mm | 하수관 노후비율 44.2% | ESAL 4712.1 (실제 조사점 1.9km) | 과거 300m 이내 보수이력 없음 | 모델기여도[동결융해=+0.696, 7일 누적강수=-0.085, 14일 누적강수=+0.099, 하수관로 노후도=-0.007, 교통하중=+0.014, 과거 보수이력=-0.061, 보수 후 경과기간=-0.018]",65.44905606809095,위험,"주요원인=동결융해 | 동결융해=100.0점 (14일 13회) | 누적강수=18.0점 (7일 9.1mm, 14일 17.8mm) | 하수관로 노후도=44.2점 (30년 이상 비율 44.2%) | 교통하중=85.6점 (ESAL 4712.1, 1.9km 이내 실제 조사점 적용) | 300m 이내 확인된 보수이력 없음",0,,,,0.0,0.6056101296335593,0.696248318989472,-0.08492964696704859,0.09850479154862715,-0.007391001686411909,0.013885902047961505,-0.06072288933117835,-0.017788087188867548,71.17647058823529,상위 15~30%
R00164,35.968175,126.787437,군산 데모도로,군산시,1384801.76,612246.21,0.442118307244208,14.853572251212228,matched,0,,,,,0,163,2914-00,국도29호선,개정면-성산면(2914-00),2022.410096485797,4712.053800000001,20282.0,0.1065969825460999,nearest_station,85.58344961603397,44.2118307244208,2025-12-31,13.0,100.0,9.050000000000008,17.75,17.960000000000008,0.0,35.0,4.490000000000002,8.84236614488416,17.116689923206795,65.44905606809095,71.17647058823529,관심,동결융해,"Logistic 위험순위 상위 28.8% | 주요 증가요인=동결융해 | 동결융해 14일 13회 | 7일 강수 9.1mm | 14일 강수 17.8mm | 하수관 노후비율 44.2% | ESAL 4712.1 (실제 조사점 2.0km) | 과거 300m 이내 보수이력 없음 | 모델기여도[동결융해=+0.696, 7일 누적강수=-0.085, 14일 누적강수=+0.099, 하수관로 노후도=-0.007, 교통하중=+0.014, 과거 보수이력=-0.061, 보수 후 경과기간=-0.018]",65.44905606809095,위험,"주요원인=동결융해 | 동결융해=100.0점 (14일 13회) | 누적강수=18.0점 (7일 9.1mm, 14일 17.8mm) | 하수관로 노후도=44.2점 (30년 이상 비율 44.2%) | 교통하중=85.6점 (ESAL 4712.1, 2.0km 이내 실제 조사점 적용) | 300m 이내 확인된 보수이력 없음",0,,,,0.0,0.6056101296335593,0.696248318989472,-0.08492964696704859,0.09850479154862715,-0.007391001686411909,0.013885902047961505,-0.06072288933117835,-0.017788087188867548,71.17647058823529,상위 15~30%
R00193,35.986169,126.755243,군산 데모도로,군산시,1384801.76,612246.21,0.442118307244208,14.853572251212228,matched,0,,,,,0,192,2914-00,국도29호선,개정면-성산면(2914-00),1576.7947775676928,4712.053800000001,20282.0,0.1065969825460999,nearest_station,85.58344961603397,44.2118307244208,2025-12-31,13.0,100.0,9.050000000000008,17.75,17.960000000000008,0.0,35.0,4.490000000000002,8.84236614488416,17.116689923206795,65.44905606809095,71.17647058823529,관심,동결융해,"Logistic 위험순위 상위 28.8% | 주요 증가요인=동결융해 | 동결융해 14일 13회 | 7일 강수 9.1mm | 14일 강수 17.8mm | 하수관 노후비율 44.2% | ESAL 4712.1 (실제 조사점 1.6km) | 과거 300m 이내 보수이력 없음 | 모델기여도[동결융해=+0.696, 7일 누적강수=-0.085, 14일 누적강수=+0.099, 하수관로 노후도=-0.007, 교통하중=+0.014, 과거 보수이력=-0.061, 보수 후 경과기간=-0.018]",65.44905606809095,위험,"주요원인=동결융해 | 동결융해=100.0점 (14일 13회) | 누적강수=18.0점 (7일 9.1mm, 14일 17.8mm) | 하수관로 노후도=44.2점 (30년 이상 비율 44.2%) | 교통하중=85.6점 (ESAL 4712.1, 1.6km 이내 실제 조사점 적용) | 300m 이내 확인된 보수이력 없음",0,,,,0.0,0.6056101296335593,0.696248318989472,-0.08492964696704859,0.09850479154862715,-0.007391001686411909,0.013885902047961505,-0.06072288933117835,-0.017788087188867548,71.17647058823529,상위 15~30%
R00194,35.990323,126.757954,군산 데모도로,군산시,1384801.76,612246.21,0.442118307244208,14.853572251212228,matched,0,,,,,0,193,2914-00,국도29호선,개정면-성산면(2914-00),1601.189331320645,4712.053800000001,20282.0,0.1065969825460999,nearest_station,85.58344961603397,44.2118307244208,2025-12-31,13.0,100.0,9.050000000000008,17.75,17.960000000000008,0.0,35.0,4.490000000000002,8.84236614488416,17.116689923206795,65.44905606809095,71.17647058823529,관심,동결융해,"Logistic 위험순위 상위 28.8% | 주요 증가요인=동결융해 | 동결융해 14일 13회 | 7일 강수 9.1mm | 14일 강수 17.8mm | 하수관 노후비율 44.2% | ESAL 4712.1 (실제 조사점 1.6km) | 과거 300m 이내 보수이력 없음 | 모델기여도[동결융해=+0.696, 7일 누적강수=-0.085, 14일 누적강수=+0.099, 하수관로 노후도=-0.007, 교통하중=+0.014, 과거 보수이력=-0.061, 보수 후 경과기간=-0.018]",65.44905606809095,위험,"주요원인=동결융해 | 동결융해=100.0점 (14일 13회) | 누적강수=18.0점 (7일 9.1mm, 14일 17.8mm) | 하수관로 노후도=44.2점 (30년 이상 비율 44.2%) | 교통하중=85.6점 (ESAL 4712.1, 1.6km 이내 실제 조사점 적용) | 300m 이내 확인된 보수이력 없음",0,,,,0.0,0.6056101296335593,0.696248318989472,-0.08492964696704859,0.09850479154862715,-0.007391001686411909,0.013885902047961505,-0.06072288933117835,-0.017788087188867548,71.17647058823529,상위 15~30%
R00198,36.004298,126.772459,군산 데모도로,군산시,1384801.76,612246.21,0.442118307244208,14.853572251212228,matched,0,,,,,0,197,2914-00,국도29호선,개정면-성산면(2914-00),2582.8802253335743,4712.053800000001,20282.0,0.1065969825460999,nearest_station,85.58344961603397,44.2118307244208,2025-12-31,13.0,100.0,9.050000000000008,17.75,17.960000000000008,0.0,35.0,4.490000000000002,8.84236614488416,17.116689923206795,65.44905606809095,71.17647058823529,관심,동결융해,"Logistic 위험순위 상위 28.8% | 주요 증가요인=동결융해 | 동결융해 14일 13회 | 7일 강수 9.1mm | 14일 강수 17.8mm | 하수관 노후비율 44.2% | ESAL 4712.1 (실제 조사점 2.6km) | 과거 300m 이내 보수이력 없음 | 모델기여도[동결융해=+0.696, 7일 누적강수=-0.085, 14일 누적강수=+0.099, 하수관로 노후도=-0.007, 교통하중=+0.014, 과거 보수이력=-0.061, 보수 후 경과기간=-0.018]",65.44905606809095,위험,"주요원인=동결융해 | 동결융해=100.0점 (14일 13회) | 누적강수=18.0점 (7일 9.1mm, 14일 17.8mm) | 하수관로 노후도=44.2점 (30년 이상 비율 44.2%) | 교통하중=85.6점 (ESAL 4712.1, 2.6km 이내 실제 조사점 적용) | 300m 이내 확인된 보수이력 없음",0,,,,0.0,0.6056101296335593,0.696248318989472,-0.08492964696704859,0.09850479154862715,-0.007391001686411909,0.013885902047961505,-0.06072288933117835,-0.017788087188867548,71.17647058823529,상위 15~30%
R00197,36.000672,126.76924,군산 데모도로,군산시,1384801.76,612246.21,0.442118307244208,14.853572251212228,matched,0,,,,,0,196,2914-00,국도29호선,개정면-성산면(2914-00),2188.8535831031218,4712.053800000001,20282.0,0.1065969825460999,nearest_station,85.58344961603397,44.2118307244208,2025-12-31,13.0,100.0,9.050000000000008,17.75,17.960000000000008,0.0,35.0,4.490000000000002,8.84236614488416,17.116689923206795,65.44905606809095,71.17647058823529,관심,동결융해,"Logistic 위험순위 상위 28.8% | 주요 증가요인=동결융해 | 동결융해 14일 13회 | 7일 강수 9.1mm | 14일 강수 17.8mm | 하수관 노후비율 44.2% | ESAL 4712.1 (실제 조사점 2.2km) | 과거 300m 이내 보수이력 없음 | 모델기여도[동결융해=+0.696, 7일 누적강수=-0.085, 14일 누적강수=+0.099, 하수관로 노후도=-0.007, 교통하중=+0.014, 과거 보수이력=-0.061, 보수 후 경과기간=-0.018]",65.44905606809095,위험,"주요원인=동결융해 | 동결융해=100.0점 (14일 13회) | 누적강수=18.0점 (7일 9.1mm, 14일 17.8mm) | 하수관로 노후도=44.2점 (30년 이상 비율 44.2%) | 교통하중=85.6점 (ESAL 4712.1, 2.2km 이내 실제 조사점 적용) | 300m 이내 확인된 보수이력 없음",0,,,,0.0,0.6056101296335593,0.696248318989472,-0.08492964696704859,0.09850479154862715,-0.007391001686411909,0.013885902047961505,-0.06072288933117835,-0.017788087188867548,71.17647058823529,상위 15~30%
R00137,35.967595,126.656464,군산 데모도로,군산시,1384801.76,612246.21,0.442118307244208,14.853572251212228,matched,0,,,,,0,136,2914-00,국도29호선,개정면-성산면(2914-00),10468.782449684975,3290.9867000000004,15555.0,0.0942109404788128,city_median,79.4299920661839,44.2118307244208,2025-12-31,13.0,100.0,9.050000000000008,17.75,17.960000000000008,0.0,35.0,4.490000000000002,8.84236614488416,15.88599841323678,64.21836455812094,62.13235294117647,일반,동결융해,"Logistic 위험순위 상위 37.9% | 주요 증가요인=동결융해 | 동결융해 14일 13회 | 7일 강수 9.1mm | 14일 강수 17.8mm | 하수관 노후비율 44.2% | ESAL 3291.0 (도시 중앙값) | 과거 300m 이내 보수이력 없음 | 모델기여도[동결융해=+0.696, 7일 누적강수=-0.085, 14일 누적강수=+0.099, 하수관로 노후도=-0.007, 교통하중=+0.007, 과거 보수이력=-0.061, 보수 후 경과기간=-0.018]",64.21836455812094,위험,"주요원인=동결융해 | 동결융해=100.0점 (14일 13회) | 누적강수=18.0점 (7일 9.1mm, 14일 17.8mm) | 하수관로 노후도=44.2점 (30년 이상 비율 44.2%) | 교통하중=79.4점 (ESAL 3291.0, 도시 중앙값 적용) | 300m 이내 확인된 보수이력 없음",0,,,,0.0,0.6040315364245082,0.696248318989472,-0.08492964696704859,0.09850479154862715,-0.007391001686411909,0.007281250748113266,-0.06072288933117835,-0.017788087188867548,62.13235294117647,하위 70%
R00140,35.967178,126.671296,군산 데모도로,군산시,1384801.76,612246.21,0.442118307244208,14.853572251212228,matched,0,,,,,0,139,2914-00,국도29호선,개정면-성산면(2914-00),9157.578586294838,3290.9867000000004,15555.0,0.0942109404788128,city_median,79.4299920661839,44.2118307244208,2025-12-31,13.0,100.0,9.050000000000008,17.75,17.960000000000008,0.0,35.0,4.490000000000002,8.84236614488416,15.88599841323678,64.21836455812094,62.13235294117647,일반,동결융해,"Logistic 위험순위 상위 37.9% | 주요 증가요인=동결융해 | 동결융해 14일 13회 | 7일 강수 9.1mm | 14일 강수 17.8mm | 하수관 노후비율 44.2% | ESAL 3291.0 (도시 중앙값) | 과거 300m 이내 보수이력 없음 | 모델기여도[동결융해=+0.696, 7일 누적강수=-0.085, 14일 누적강수=+0.099, 하수관로 노후도=-0.007, 교통하중=+0.007, 과거 보수이력=-0.061, 보수 후 경과기간=-0.018]",64.21836455812094,위험,"주요원인=동결융해 | 동결융해=100.0점 (14일 13회) | 누적강수=18.0점 (7일 9.1mm, 14일 17.8mm) | 하수관로 노후도=44.2점 (30년 이상 비율 44.2%) | 교통하중=79.4점 (ESAL 3291.0, 도시 중앙값 적용) | 300m 이내 확인된 보수이력 없음",0,,,,0.0,0.6040315364245082,0.696248318989472,-0.08492964696704859,0.09850479154862715,-0.007391001686411909,0.007281250748113266,-0.06072288933117835,-0.017788087188867548,62.13235294117647,하위 70%
R00151,35.967403,126.724237,군산 데모도로,군산시,1384801.76,612246.21,0.442118307244208,14.853572251212228,matched,0,,,,,0,150,2914-00,국도29호선,개정면-성산면(2914-00),4525.302836125165,3290.9867000000004,15555.0,0.0942109404788128,city_median,79.4299920661839,44.2118307244208,2025-12-31,13.0,100.0,9.050000000000008,17.75,17.960000000000008,0.0,35.0,4.490000000000002,8.84236614488416,15.88599841323678,64.21836455812094,62.13235294117647,일반,동결융해,"Logistic 위험순위 상위 37.9% | 주요 증가요인=동결융해 | 동결융해 14일 13회 | 7일 강수 9.1mm | 14일 강수 17.8mm | 하수관 노후비율 44.2% | ESAL 3291.0 (도시 중앙값) | 과거 300m 이내 보수이력 없음 | 모델기여도[동결융해=+0.696, 7일 누적강수=-0.085, 14일 누적강수=+0.099, 하수관로 노후도=-0.007, 교통하중=+0.007, 과거 보수이력=-0.061, 보수 후 경과기간=-0.018]",64.21836455812094,위험,"주요원인=동결융해 | 동결융해=100.0점 (14일 13회) | 누적강수=18.0점 (7일 9.1mm, 14일 17.8mm) | 하수관로 노후도=44.2점 (30년 이상 비율 44.2%) | 교통하중=79.4점 (ESAL 3291.0, 도시 중앙값 적용) | 300m 이내 확인된 보수이력 없음",0,,,,0.0,0.6040315364245082,0.696248318989472,-0.08492964696704859,0.09850479154862715,-0.007391001686411909,0.007281250748113266,-0.06072288933117835,-0.017788087188867548,62.13235294117647,하위 70%
R00150,35.967208,126.720263,군산 데모도로,군산시,1384801.76,612246.21,0.442118307244208,14.853572251212228,matched,0,,,,,0,149,2914-00,국도29호선,개정면-성산면(2914-00),4870.429531578228,3290.9867000000004,15555.0,0.0942109404788128,city_median,79.4299920661839,44.2118307244208,2025-12-31,13.0,100.0,9.050000000000008,17.75,17.960000000000008,0.0,35.0,4.490000000000002,8.84236614488416,15.88599841323678,64.21836455812094,62.13235294117647,일반,동결융해,"Logistic 위험순위 상위 37.9% | 주요 증가요인=동결융해 | 동결융해 14일 13회 | 7일 강수 9.1mm | 14일 강수 17.8mm | 하수관 노후비율 44.2% | ESAL 3291.0 (도시 중앙값) | 과거 300m 이내 보수이력 없음 | 모델기여도[동결융해=+0.696, 7일 누적강수=-0.085, 14일 누적강수=+0.099, 하수관로 노후도=-0.007, 교통하중=+0.007, 과거 보수이력=-0.061, 보수 후 경과기간=-0.018]",64.21836455812094,위험,"주요원인=동결융해 | 동결융해=100.0점 (14일 13회) | 누적강수=18.0점 (7일 9.1mm, 14일 17.8mm) | 하수관로 노후도=44.2점 (30년 이상 비율 44.2%) | 교통하중=79.4점 (ESAL 3291.0, 도시 중앙값 적용) | 300m 이내 확인된 보수이력 없음",0,,,,0.0,0.6040315364245082,0.696248318989472,-0.08492964696704859,0.09850479154862715,-0.007391001686411909,0.007281250748113266,-0.06072288933117835,-0.017788087188867548,62.13235294117647,하위 70%
R00149,35.967056,126.713692,군산 데모도로,군산시,1384801.76,612246.21,0.442118307244208,14.853572251212228,matched,0,,,,,0,148,2914-00,국도29호선,개정면-성산면(2914-00),5439.356352040418,3290.9867000000004,15555.0,0.0942109404788128,city_median,79.4299920661839,44.2118307244208,2025-12-31,13.0,100.0,9.050000000000008,17.75,17.960000000000008,0.0,35.0,4.490000000000002,8.84236614488416,15.88599841323678,64.21836455812094,62.13235294117647,일반,동결융해,"Logistic 위험순위 상위 37.9% | 주요 증가요인=동결융해 | 동결융해 14일 13회 | 7일 강수 9.1mm | 14일 강수 17.8mm | 하수관 노후비율 44.2% | ESAL 3291.0 (도시 중앙값) | 과거 300m 이내 보수이력 없음 | 모델기여도[동결융해=+0.696, 7일 누적강수=-0.085, 14일 누적강수=+0.099, 하수관로 노후도=-0.007, 교통하중=+0.007, 과거 보수이력=-0.061, 보수 후 경과기간=-0.018]",64.21836455812094,위험,"주요원인=동결융해 | 동결융해=100.0점 (14일 13회) | 누적강수=18.0점 (7일 9.1mm, 14일 17.8mm) | 하수관로 노후도=44.2점 (30년 이상 비율 44.2%) | 교통하중=79.4점 (ESAL 3291.0, 도시 중앙값 적용) | 300m 이내 확인된 보수이력 없음",0,,,,0.0,0.6040315364245082,0.696248318989472,-0.08492964696704859,0.09850479154862715,-0.007391001686411909,0.007281250748113266,-0.06072288933117835,-0.017788087188867548,62.13235294117647,하위 70%
R00152,35.967444,126.730199,군산 데모도로,군산시,1384801.76,612246.21,0.442118307244208,14.853572251212228,matched,0,,,,,0,151,2914-00,국도29호선,개정면-성산면(2914-00),4022.319083759981,3290.9867000000004,15555.0,0.0942109404788128,city_median,79.4299920661839,44.2118307244208,2025-12-31,13.0,100.0,9.050000000000008,17.75,17.960000000000008,0.0,35.0,4.490000000000002,8.84236614488416,15.88599841323678,64.21836455812094,62.13235294117647,일반,동결융해,"Logistic 위험순위 상위 37.9% | 주요 증가요인=동결융해 | 동결융해 14일 13회 | 7일 강수 9.1mm | 14일 강수 17.8mm | 하수관 노후비율 44.2% | ESAL 3291.0 (도시 중앙값) | 과거 300m 이내 보수이력 없음 | 모델기여도[동결융해=+0.696, 7일 누적강수=-0.085, 14일 누적강수=+0.099, 하수관로 노후도=-0.007, 교통하중=+0.007, 과거 보수이력=-0.061, 보수 후 경과기간=-0.018]",64.21836455812094,위험,"주요원인=동결융해 | 동결융해=100.0점 (14일 13회) | 누적강수=18.0점 (7일 9.1mm, 14일 17.8mm) | 하수관로 노후도=44.2점 (30년 이상 비율 44.2%) | 교통하중=79.4점 (ESAL 3291.0, 도시 중앙값 적용) | 300m 이내 확인된 보수이력 없음",0,,,,0.0,0.6040315364245082,0.696248318989472,-0.08492964696704859,0.09850479154862715,-0.007391001686411909,0.007281250748113266,-0.06072288933117835,-0.017788087188867548,62.13235294117647,하위 70%
R00172,35.91448,126.685149,군산 데모도로,군산시,1384801.76,612246.21,0.442118307244208,14.853572251212228,matched,0,,,,,0,171,2914-00,국도29호선,개정면-성산면(2914-00),10742.65237580508,3290.9867000000004,15555.0,0.0942109404788128,city_median,79.4299920661839,44.2118307244208,2025-12-31,13.0,100.0,9.050000000000008,17.75,17.960000000000008,0.0,35.0,4.490000000000002,8.84236614488416,15.88599841323678,64.21836455812094,62.13235294117647,일반,동결융해,"Logistic 위험순위 상위 37.9% | 주요 증가요인=동결융해 | 동결융해 14일 13회 | 7일 강수 9.1mm | 14일 강수 17.8mm | 하수관 노후비율 44.2% | ESAL 3291.0 (도시 중앙값) | 과거 300m 이내 보수이력 없음 | 모델기여도[동결융해=+0.696, 7일 누적강수=-0.085, 14일 누적강수=+0.099, 하수관로 노후도=-0.007, 교통하중=+0.007, 과거 보수이력=-0.061, 보수 후 경과기간=-0.018]",64.21836455812094,위험,"주요원인=동결융해 | 동결융해=100.0점 (14일 13회) | 누적강수=18.0점 (7일 9.1mm, 14일 17.8mm) | 하수관로 노후도=44.2점 (30년 이상 비율 44.2%) | 교통하중=79.4점 (ESAL 3291.0, 도시 중앙값 적용) | 300m 이내 확인된 보수이력 없음",0,,,,0.0,0.6040315364245082,0.696248318989472,-0.08492964696704859,0.09850479154862715,-0.007391001686411909,0.007281250748113266,-0.06072288933117835,-0.017788087188867548,62.13235294117647,하위 70%
R00173,35.917621,126.688036,군산 데모도로,군산시,1384801.76,612246.21,0.442118307244208,14.853572251212228,matched,0,,,,,0,172,2914-00,국도29호선,개정면-성산면(2914-00),10313.775860911264,3290.9867000000004,15555.0,0.0942109404788128,city_median,79.4299920661839,44.2118307244208,2025-12-31,13.0,100.0,9.050000000000008,17.75,17.960000000000008,0.0,35.0,4.490000000000002,8.84236614488416,15.88599841323678,64.21836455812094,62.13235294117647,일반,동결융해,"Logistic 위험순위 상위 37.9% | 주요 증가요인=동결융해 | 동결융해 14일 13회 | 7일 강수 9.1mm | 14일 강수 17.8mm | 하수관 노후비율 44.2% | ESAL 3291.0 (도시 중앙값) | 과거 300m 이내 보수이력 없음 | 모델기여도[동결융해=+0.696, 7일 누적강수=-0.085, 14일 누적강수=+0.099, 하수관로 노후도=-0.007, 교통하중=+0.007, 과거 보수이력=-0.061, 보수 후 경과기간=-0.018]",64.21836455812094,위험,"주요원인=동결융해 | 동결융해=100.0점 (14일 13회) | 누적강수=18.0점 (7일 9.1mm, 14일 17.8mm) | 하수관로 노후도=44.2점 (30년 이상 비율 44.2%) | 교통하중=79.4점 (ESAL 3291.0, 도시 중앙값 적용) | 300m 이내 확인된 보수이력 없음",0,,,,0.0,0.6040315364245082,0.696248318989472,-0.08492964696704859,0.09850479154862715,-0.007391001686411909,0.007281250748113266,-0.06072288933117835,-0.017788087188867548,62.13235294117647,하위 70%
R00174,35.922429,126.69067,군산 데모도로,군산시,1384801.76,612246.21,0.442118307244208,14.853572251212228,matched,0,,,,,0,173,2914-00,국도29호선,개정면-성산면(2914-00),9777.565119591778,3290.9867000000004,15555.0,0.0942109404788128,city_median,79.4299920661839,44.2118307244208,2025-12-31,13.0,100.0,9.050000000000008,17.75,17.960000000000008,0.0,35.0,4.490000000000002,8.84236614488416,15.88599841323678,64.21836455812094,62.13235294117647,일반,동결융해,"Logistic 위험순위 상위 37.9% | 주요 증가요인=동결융해 | 동결융해 14일 13회 | 7일 강수 9.1mm | 14일 강수 17.8mm | 하수관 노후비율 44.2% | ESAL 3291.0 (도시 중앙값) | 과거 300m 이내 보수이력 없음 | 모델기여도[동결융해=+0.696, 7일 누적강수=-0.085, 14일 누적강수=+0.099, 하수관로 노후도=-0.007, 교통하중=+0.007, 과거 보수이력=-0.061, 보수 후 경과기간=-0.018]",64.21836455812094,위험,"주요원인=동결융해 | 동결융해=100.0점 (14일 13회) | 누적강수=18.0점 (7일 9.1mm, 14일 17.8mm) | 하수관로 노후도=44.2점 (30년 이상 비율 44.2%) | 교통하중=79.4점 (ESAL 3291.0, 도시 중앙값 적용) | 300m 이내 확인된 보수이력 없음",0,,,,0.0,0.6040315364245082,0.696248318989472,-0.08492964696704859,0.09850479154862715,-0.007391001686411909,0.007281250748113266,-0.06072288933117835,-0.017788087188867548,62.13235294117647,하위 70%
R00175,35.923497,126.693767,군산 데모도로,군산시,1384801.76,612246.21,0.442118307244208,14.853572251212228,matched,0,,,,,0,174,2914-00,국도29호선,개정면-성산면(2914-00),9491.11975988114,3290.9867000000004,15555.0,0.0942109404788128,city_median,79.4299920661839,44.2118307244208,2025-12-31,13.0,100.0,9.050000000000008,17.75,17.960000000000008,0.0,35.0,4.490000000000002,8.84236614488416,15.88599841323678,64.21836455812094,62.13235294117647,일반,동결융해,"Logistic 위험순위 상위 37.9% | 주요 증가요인=동결융해 | 동결융해 14일 13회 | 7일 강수 9.1mm | 14일 강수 17.8mm | 하수관 노후비율 44.2% | ESAL 3291.0 (도시 중앙값) | 과거 300m 이내 보수이력 없음 | 모델기여도[동결융해=+0.696, 7일 누적강수=-0.085, 14일 누적강수=+0.099, 하수관로 노후도=-0.007, 교통하중=+0.007, 과거 보수이력=-0.061, 보수 후 경과기간=-0.018]",64.21836455812094,위험,"주요원인=동결융해 | 동결융해=100.0점 (14일 13회) | 누적강수=18.0점 (7일 9.1mm, 14일 17.8mm) | 하수관로 노후도=44.2점 (30년 이상 비율 44.2%) | 교통하중=79.4점 (ESAL 3291.0, 도시 중앙값 적용) | 300m 이내 확인된 보수이력 없음",0,,,,0.0,0.6040315364245082,0.696248318989472,-0.08492964696704859,0.09850479154862715,-0.007391001686411909,0.007281250748113266,-0.06072288933117835,-0.017788087188867548,62.13235294117647,하위 70%
R00176,35.927913,126.697188,군산 데모도로,군산시,1384801.76,612246.21,0.442118307244208,14.853572251212228,matched,0,,,,,0,175,2914-00,국도29호선,개정면-성산면(2914-00),8933.74890021969,3290.9867000000004,15555.0,0.0942109404788128,city_median,79.4299920661839,44.2118307244208,2025-12-31,13.0,100.0,9.050000000000008,17.75,17.960000000000008,0.0,35.0,4.490000000000002,8.84236614488416,15.88599841323678,64.21836455812094,62.13235294117647,일반,동결융해,"Logistic 위험순위 상위 37.9% | 주요 증가요인=동결융해 | 동결융해 14일 13회 | 7일 강수 9.1mm | 14일 강수 17.8mm | 하수관 노후비율 44.2% | ESAL 3291.0 (도시 중앙값) | 과거 300m 이내 보수이력 없음 | 모델기여도[동결융해=+0.696, 7일 누적강수=-0.085, 14일 누적강수=+0.099, 하수관로 노후도=-0.007, 교통하중=+0.007, 과거 보수이력=-0.061, 보수 후 경과기간=-0.018]",64.21836455812094,위험,"주요원인=동결융해 | 동결융해=100.0점 (14일 13회) | 누적강수=18.0점 (7일 9.1mm, 14일 17.8mm) | 하수관로 노후도=44.2점 (30년 이상 비율 44.2%) | 교통하중=79.4점 (ESAL 3291.0, 도시 중앙값 적용) | 300m 이내 확인된 보수이력 없음",0,,,,0.0,0.6040315364245082,0.696248318989472,-0.08492964696704859,0.09850479154862715,-0.007391001686411909,0.007281250748113266,-0.06072288933117835,-0.017788087188867548,62.13235294117647,하위 70%
R00145,35.966917,126.695091,군산 데모도로,군산시,1384801.76,612246.21,0.442118307244208,14.853572251212228,matched,0,,,,,0,144,2914-00,국도29호선,개정면-성산면(2914-00),7062.729425760213,3290.9867000000004,15555.0,0.0942109404788128,city_median,79.4299920661839,44.2118307244208,2025-12-31,13.0,100.0,9.050000000000008,17.75,17.960000000000008,0.0,35.0,4.490000000000002,8.84236614488416,15.88599841323678,64.21836455812094,62.13235294117647,일반,동결융해,"Logistic 위험순위 상위 37.9% | 주요 증가요인=동결융해 | 동결융해 14일 13회 | 7일 강수 9.1mm | 14일 강수 17.8mm | 하수관 노후비율 44.2% | ESAL 3291.0 (도시 중앙값) | 과거 300m 이내 보수이력 없음 | 모델기여도[동결융해=+0.696, 7일 누적강수=-0.085, 14일 누적강수=+0.099, 하수관로 노후도=-0.007, 교통하중=+0.007, 과거 보수이력=-0.061, 보수 후 경과기간=-0.018]",64.21836455812094,위험,"주요원인=동결융해 | 동결융해=100.0점 (14일 13회) | 누적강수=18.0점 (7일 9.1mm, 14일 17.8mm) | 하수관로 노후도=44.2점 (30년 이상 비율 44.2%) | 교통하중=79.4점 (ESAL 3291.0, 도시 중앙값 적용) | 300m 이내 확인된 보수이력 없음",0,,,,0.0,0.6040315364245082,0.696248318989472,-0.08492964696704859,0.09850479154862715,-0.007391001686411909,0.007281250748113266,-0.06072288933117835,-0.017788087188867548,62.13235294117647,하위 70%
R00146,35.968127,126.700955,군산 데모도로,군산시,1384801.76,612246.21,0.442118307244208,14.853572251212228,matched,0,,,,,0,145,2914-00,국도29호선,개정면-성산면(2914-00),6518.289516303668,3290.9867000000004,15555.0,0.0942109404788128,city_median,79.4299920661839,44.2118307244208,2025-12-31,13.0,100.0,9.050000000000008,17.75,17.960000000000008,0.0,35.0,4.490000000000002,8.84236614488416,15.88599841323678,64.21836455812094,62.13235294117647,일반,동결융해,"Logistic 위험순위 상위 37.9% | 주요 증가요인=동결융해 | 동결융해 14일 13회 | 7일 강수 9.1mm | 14일 강수 17.8mm | 하수관 노후비율 44.2% | ESAL 3291.0 (도시 중앙값) | 과거 300m 이내 보수이력 없음 | 모델기여도[동결융해=+0.696, 7일 누적강수=-0.085, 14일 누적강수=+0.099, 하수관로 노후도=-0.007, 교통하중=+0.007, 과거 보수이력=-0.061, 보수 후 경과기간=-0.018]",64.21836455812094,위험,"주요원인=동결융해 | 동결융해=100.0점 (14일 13회) | 누적강수=18.0점 (7일 9.1mm, 14일 17.8mm) | 하수관로 노후도=44.2점 (30년 이상 비율 44.2%) | 교통하중=79.4점 (ESAL 3291.0, 도시 중앙값 적용) | 300m 이내 확인된 보수이력 없음",0,,,,0.0,0.6040315364245082,0.696248318989472,-0.08492964696704859,0.09850479154862715,-0.007391001686411909,0.007281250748113266,-0.06072288933117835,-0.017788087188867548,62.13235294117647,하위 70%
R00147,35.967717,126.705126,군산 데모도로,군산시,1384801.76,612246.21,0.442118307244208,14.853572251212228,matched,0,,,,,0,146,2914-00,국도29호선,개정면-성산면(2914-00),6163.634702746853,3290.9867000000004,15555.0,0.0942109404788128,city_median,79.4299920661839,44.2118307244208,2025-12-31,13.0,100.0,9.050000000000008,17.75,17.960000000000008,0.0,35.0,4.490000000000002,8.84236614488416,15.88599841323678,64.21836455812094,62.13235294117647,일반,동결융해,"Logistic 위험순위 상위 37.9% | 주요 증가요인=동결융해 | 동결융해 14일 13회 | 7일 강수 9.1mm | 14일 강수 17.8mm | 하수관 노후비율 44.2% | ESAL 3291.0 (도시 중앙값) | 과거 300m 이내 보수이력 없음 | 모델기여도[동결융해=+0.696, 7일 누적강수=-0.085, 14일 누적강수=+0.099, 하수관로 노후도=-0.007, 교통하중=+0.007, 과거 보수이력=-0.061, 보수 후 경과기간=-0.018]",64.21836455812094,위험,"주요원인=동결융해 | 동결융해=100.0점 (14일 13회) | 누적강수=18.0점 (7일 9.1mm, 14일 17.8mm) | 하수관로 노후도=44.2점 (30년 이상 비율 44.2%) | 교통하중=79.4점 (ESAL 3291.0, 도시 중앙값 적용) | 300m 이내 확인된 보수이력 없음",0,,,,0.0,0.6040315364245082,0.696248318989472,-0.08492964696704859,0.09850479154862715,-0.007391001686411909,0.007281250748113266,-0.06072288933117835,-0.017788087188867548,62.13235294117647,하위 70%
R00148,35.967447,126.709582,군산 데모도로,군산시,1384801.76,612246.21,0.442118307244208,14.853572251212228,matched,0,,,,,0,147,2914-00,국도29호선,개정면-성산면(2914-00),5783.091088697889,3290.9867000000004,15555.0,0.0942109404788128,city_median,79.4299920661839,44.2118307244208,2025-12-31,13.0,100.0,9.050000000000008,17.75,17.960000000000008,0.0,35.0,4.490000000000002,8.84236614488416,15.88599841323678,64.21836455812094,62.13235294117647,일반,동결융해,"Logistic 위험순위 상위 37.9% | 주요 증가요인=동결융해 | 동결융해 14일 13회 | 7일 강수 9.1mm | 14일 강수 17.8mm | 하수관 노후비율 44.2% | ESAL 3291.0 (도시 중앙값) | 과거 300m 이내 보수이력 없음 | 모델기여도[동결융해=+0.696, 7일 누적강수=-0.085, 14일 누적강수=+0.099, 하수관로 노후도=-0.007, 교통하중=+0.007, 과거 보수이력=-0.061, 보수 후 경과기간=-0.018]",64.21836455812094,위험,"주요원인=동결융해 | 동결융해=100.0점 (14일 13회) | 누적강수=18.0점 (7일 9.1mm, 14일 17.8mm) | 하수관로 노후도=44.2점 (30년 이상 비율 44.2%) | 교통하중=79.4점 (ESAL 3291.0, 도시 중앙값 적용) | 300m 이내 확인된 보수이력 없음",0,,,,0.0,0.6040315364245082,0.696248318989472,-0.08492964696704859,0.09850479154862715,-0.007391001686411909,0.007281250748113266,-0.06072288933117835,-0.017788087188867548,62.13235294117647,하위 70%
R00167,35.966864,126.803036,군산 데모도로,군산시,1384801.76,612246.21,0.442118307244208,14.853572251212228,matched,0,,,,,0,166,2914-00,국도29호선,개정면-성산면(2914-00),3240.5667974814623,3290.9867000000004,15555.0,0.0942109404788128,city_median,79.4299920661839,44.2118307244208,2025-12-31,13.0,100.0,9.050000000000008,17.75,17.960000000000008,0.0,35.0,4.490000000000002,8.84236614488416,15.88599841323678,64.21836455812094,62.13235294117647,일반,동결융해,"Logistic 위험순위 상위 37.9% | 주요 증가요인=동결융해 | 동결융해 14일 13회 | 7일 강수 9.1mm | 14일 강수 17.8mm | 하수관 노후비율 44.2% | ESAL 3291.0 (도시 중앙값) | 과거 300m 이내 보수이력 없음 | 모델기여도[동결융해=+0.696, 7일 누적강수=-0.085, 14일 누적강수=+0.099, 하수관로 노후도=-0.007, 교통하중=+0.007, 과거 보수이력=-0.061, 보수 후 경과기간=-0.018]",64.21836455812094,위험,"주요원인=동결융해 | 동결융해=100.0점 (14일 13회) | 누적강수=18.0점 (7일 9.1mm, 14일 17.8mm) | 하수관로 노후도=44.2점 (30년 이상 비율 44.2%) | 교통하중=79.4점 (ESAL 3291.0, 도시 중앙값 적용) | 300m 이내 확인된 보수이력 없음",0,,,,0.0,0.6040315364245082,0.696248318989472,-0.08492964696704859,0.09850479154862715,-0.007391001686411909,0.007281250748113266,-0.06072288933117835,-0.017788087188867548,62.13235294117647,하위 70%
R00169,35.966927,126.811508,군산 데모도로,군산시,1384801.76,612246.21,0.442118307244208,14.853572251212228,matched,0,,,,,0,168,2914-00,국도29호선,개정면-성산면(2914-00),3920.9363369866032,3290.9867000000004,15555.0,0.0942109404788128,city_median,79.4299920661839,44.2118307244208,2025-12-31,13.0,100.0,9.050000000000008,17.75,17.960000000000008,0.0,35.0,4.490000000000002,8.84236614488416,15.88599841323678,64.21836455812094,62.13235294117647,일반,동결융해,"Logistic 위험순위 상위 37.9% | 주요 증가요인=동결융해 | 동결융해 14일 13회 | 7일 강수 9.1mm | 14일 강수 17.8mm | 하수관 노후비율 44.2% | ESAL 3291.0 (도시 중앙값) | 과거 300m 이내 보수이력 없음 | 모델기여도[동결융해=+0.696, 7일 누적강수=-0.085, 14일 누적강수=+0.099, 하수관로 노후도=-0.007, 교통하중=+0.007, 과거 보수이력=-0.061, 보수 후 경과기간=-0.018]",64.21836455812094,위험,"주요원인=동결융해 | 동결융해=100.0점 (14일 13회) | 누적강수=18.0점 (7일 9.1mm, 14일 17.8mm) | 하수관로 노후도=44.2점 (30년 이상 비율 44.2%) | 교통하중=79.4점 (ESAL 3291.0, 도시 중앙값 적용) | 300m 이내 확인된 보수이력 없음",0,,,,0.0,0.6040315364245082,0.696248318989472,-0.08492964696704859,0.09850479154862715,-0.007391001686411909,0.007281250748113266,-0.06072288933117835,-0.017788087188867548,62.13235294117647,하위 70%
R00168,35.968797,126.806176,군산 데모도로,군산시,1384801.76,612246.21,0.442118307244208,14.853572251212228,matched,0,,,,,0,167,2914-00,국도29호선,개정면-성산면(2914-00),3397.9723018061177,3290.9867000000004,15555.0,0.0942109404788128,city_median,79.4299920661839,44.2118307244208,2025-12-31,13.0,100.0,9.050000000000008,17.75,17.960000000000008,0.0,35.0,4.490000000000002,8.84236614488416,15.88599841323678,64.21836455812094,62.13235294117647,일반,동결융해,"Logistic 위험순위 상위 37.9% | 주요 증가요인=동결융해 | 동결융해 14일 13회 | 7일 강수 9.1mm | 14일 강수 17.8mm | 하수관 노후비율 44.2% | ESAL 3291.0 (도시 중앙값) | 과거 300m 이내 보수이력 없음 | 모델기여도[동결융해=+0.696, 7일 누적강수=-0.085, 14일 누적강수=+0.099, 하수관로 노후도=-0.007, 교통하중=+0.007, 과거 보수이력=-0.061, 보수 후 경과기간=-0.018]",64.21836455812094,위험,"주요원인=동결융해 | 동결융해=100.0점 (14일 13회) | 누적강수=18.0점 (7일 9.1mm, 14일 17.8mm) | 하수관로 노후도=44.2점 (30년 이상 비율 44.2%) | 교통하중=79.4점 (ESAL 3291.0, 도시 중앙값 적용) | 300m 이내 확인된 보수이력 없음",0,,,,0.0,0.6040315364245082,0.696248318989472,-0.08492964696704859,0.09850479154862715,-0.007391001686411909,0.007281250748113266,-0.06072288933117835,-0.017788087188867548,62.13235294117647,하위 70%
R00171,35.911481,126.679997,군산 데모도로,군산시,1384801.76,612246.21,0.442118307244208,14.853572251212228,matched,0,,,,,0,170,2914-00,국도29호선,개정면-성산면(2914-00),11308.885504605396,3290.9867000000004,15555.0,0.0942109404788128,city_median,79.4299920661839,44.2118307244208,2025-12-31,13.0,100.0,9.050000000000008,17.75,17.960000000000008,0.0,35.0,4.490000000000002,8.84236614488416,15.88599841323678,64.21836455812094,62.13235294117647,일반,동결융해,"Logistic 위험순위 상위 37.9% | 주요 증가요인=동결융해 | 동결융해 14일 13회 | 7일 강수 9.1mm | 14일 강수 17.8mm | 하수관 노후비율 44.2% | ESAL 3291.0 (도시 중앙값) | 과거 300m 이내 보수이력 없음 | 모델기여도[동결융해=+0.696, 7일 누적강수=-0.085, 14일 누적강수=+0.099, 하수관로 노후도=-0.007, 교통하중=+0.007, 과거 보수이력=-0.061, 보수 후 경과기간=-0.018]",64.21836455812094,위험,"주요원인=동결융해 | 동결융해=100.0점 (14일 13회) | 누적강수=18.0점 (7일 9.1mm, 14일 17.8mm) | 하수관로 노후도=44.2점 (30년 이상 비율 44.2%) | 교통하중=79.4점 (ESAL 3291.0, 도시 중앙값 적용) | 300m 이내 확인된 보수이력 없음",0,,,,0.0,0.6040315364245082,0.696248318989472,-0.08492964696704859,0.09850479154862715,-0.007391001686411909,0.007281250748113266,-0.06072288933117835,-0.017788087188867548,62.13235294117647,하위 70%
R00170,35.967938,126.816473,군산 데모도로,군산시,1384801.76,612246.21,0.442118307244208,14.853572251212228,matched,0,,,,,0,169,2914-00,국도29호선,개정면-성산면(2914-00),4294.303203153536,3290.9867000000004,15555.0,0.0942109404788128,city_median,79.4299920661839,44.2118307244208,2025-12-31,13.0,100.0,9.050000000000008,17.75,17.960000000000008,0.0,35.0,4.490000000000002,8.84236614488416,15.88599841323678,64.21836455812094,62.13235294117647,일반,동결융해,"Logistic 위험순위 상위 37.9% | 주요 증가요인=동결융해 | 동결융해 14일 13회 | 7일 강수 9.1mm | 14일 강수 17.8mm | 하수관 노후비율 44.2% | ESAL 3291.0 (도시 중앙값) | 과거 300m 이내 보수이력 없음 | 모델기여도[동결융해=+0.696, 7일 누적강수=-0.085, 14일 누적강수=+0.099, 하수관로 노후도=-0.007, 교통하중=+0.007, 과거 보수이력=-0.061, 보수 후 경과기간=-0.018]",64.21836455812094,위험,"주요원인=동결융해 | 동결융해=100.0점 (14일 13회) | 누적강수=18.0점 (7일 9.1mm, 14일 17.8mm) | 하수관로 노후도=44.2점 (30년 이상 비율 44.2%) | 교통하중=79.4점 (ESAL 3291.0, 도시 중앙값 적용) | 300m 이내 확인된 보수이력 없음",0,,,,0.0,0.6040315364245082,0.696248318989472,-0.08492964696704859,0.09850479154862715,-0.007391001686411909,0.007281250748113266,-0.06072288933117835,-0.017788087188867548,62.13235294117647,하위 70%
R00188,35.969049,126.738483,군산 데모도로,군산시,1384801.76,612246.21,0.442118307244208,14.853572251212228,matched,0,,,,,0,187,2914-00,국도29호선,개정면-성산면(2914-00),3266.598960842032,3290.9867000000004,15555.0,0.0942109404788128,city_median,79.4299920661839,44.2118307244208,2025-12-31,13.0,100.0,9.050000000000008,17.75,17.960000000000008,0.0,35.0,4.490000000000002,8.84236614488416,15.88599841323678,64.21836455812094,62.13235294117647,일반,동결융해,"Logistic 위험순위 상위 37.9% | 주요 증가요인=동결융해 | 동결융해 14일 13회 | 7일 강수 9.1mm | 14일 강수 17.8mm | 하수관 노후비율 44.2% | ESAL 3291.0 (도시 중앙값) | 과거 300m 이내 보수이력 없음 | 모델기여도[동결융해=+0.696, 7일 누적강수=-0.085, 14일 누적강수=+0.099, 하수관로 노후도=-0.007, 교통하중=+0.007, 과거 보수이력=-0.061, 보수 후 경과기간=-0.018]",64.21836455812094,위험,"주요원인=동결융해 | 동결융해=100.0점 (14일 13회) | 누적강수=18.0점 (7일 9.1mm, 14일 17.8mm) | 하수관로 노후도=44.2점 (30년 이상 비율 44.2%) | 교통하중=79.4점 (ESAL 3291.0, 도시 중앙값 적용) | 300m 이내 확인된 보수이력 없음",0,,,,0.0,0.6040315364245082,0.696248318989472,-0.08492964696704859,0.09850479154862715,-0.007391001686411909,0.007281250748113266,-0.06072288933117835,-0.017788087188867548,62.13235294117647,하위 70%
R00186,35.96196,126.730818,군산 데모도로,군산시,1384801.76,612246.21,0.442118307244208,14.853572251212228,matched,0,,,,,0,185,2914-00,국도29호선,개정면-성산면(2914-00),4241.354623412915,3290.9867000000004,15555.0,0.0942109404788128,city_median,79.4299920661839,44.2118307244208,2025-12-31,13.0,100.0,9.050000000000008,17.75,17.960000000000008,0.0,35.0,4.490000000000002,8.84236614488416,15.88599841323678,64.21836455812094,62.13235294117647,일반,동결융해,"Logistic 위험순위 상위 37.9% | 주요 증가요인=동결융해 | 동결융해 14일 13회 | 7일 강수 9.1mm | 14일 강수 17.8mm | 하수관 노후비율 44.2% | ESAL 3291.0 (도시 중앙값) | 과거 300m 이내 보수이력 없음 | 모델기여도[동결융해=+0.696, 7일 누적강수=-0.085, 14일 누적강수=+0.099, 하수관로 노후도=-0.007, 교통하중=+0.007, 과거 보수이력=-0.061, 보수 후 경과기간=-0.018]",64.21836455812094,위험,"주요원인=동결융해 | 동결융해=100.0점 (14일 13회) | 누적강수=18.0점 (7일 9.1mm, 14일 17.8mm) | 하수관로 노후도=44.2점 (30년 이상 비율 44.2%) | 교통하중=79.4점 (ESAL 3291.0, 도시 중앙값 적용) | 300m 이내 확인된 보수이력 없음",0,,,,0.0,0.6040315364245082,0.696248318989472,-0.08492964696704859,0.09850479154862715,-0.007391001686411909,0.007281250748113266,-0.06072288933117835,-0.017788087188867548,62.13235294117647,하위 70%
R00185,35.959372,126.72842,군산 데모도로,군산시,1384801.76,612246.21,0.442118307244208,14.853572251212228,matched,0,,,,,0,184,2914-00,국도29호선,개정면-성산면(2914-00),4574.556768556388,3290.9867000000004,15555.0,0.0942109404788128,city_median,79.4299920661839,44.2118307244208,2025-12-31,13.0,100.0,9.050000000000008,17.75,17.960000000000008,0.0,35.0,4.490000000000002,8.84236614488416,15.88599841323678,64.21836455812094,62.13235294117647,일반,동결융해,"Logistic 위험순위 상위 37.9% | 주요 증가요인=동결융해 | 동결융해 14일 13회 | 7일 강수 9.1mm | 14일 강수 17.8mm | 하수관 노후비율 44.2% | ESAL 3291.0 (도시 중앙값) | 과거 300m 이내 보수이력 없음 | 모델기여도[동결융해=+0.696, 7일 누적강수=-0.085, 14일 누적강수=+0.099, 하수관로 노후도=-0.007, 교통하중=+0.007, 과거 보수이력=-0.061, 보수 후 경과기간=-0.018]",64.21836455812094,위험,"주요원인=동결융해 | 동결융해=100.0점 (14일 13회) | 누적강수=18.0점 (7일 9.1mm, 14일 17.8mm) | 하수관로 노후도=44.2점 (30년 이상 비율 44.2%) | 교통하중=79.4점 (ESAL 3291.0, 도시 중앙값 적용) | 300m 이내 확인된 보수이력 없음",0,,,,0.0,0.6040315364245082,0.696248318989472,-0.08492964696704859,0.09850479154862715,-0.007391001686411909,0.007281250748113266,-0.06072288933117835,-0.017788087188867548,62.13235294117647,하위 70%
R00184,35.955983,126.724956,군산 데모도로,군산시,1384801.76,612246.21,0.442118307244208,14.853572251212228,matched,0,,,,,0,183,2914-00,국도29호선,개정면-성산면(2914-00),5040.682400508691,3290.9867000000004,15555.0,0.0942109404788128,city_median,79.4299920661839,44.2118307244208,2025-12-31,13.0,100.0,9.050000000000008,17.75,17.960000000000008,0.0,35.0,4.490000000000002,8.84236614488416,15.88599841323678,64.21836455812094,62.13235294117647,일반,동결융해,"Logistic 위험순위 상위 37.9% | 주요 증가요인=동결융해 | 동결융해 14일 13회 | 7일 강수 9.1mm | 14일 강수 17.8mm | 하수관 노후비율 44.2% | ESAL 3291.0 (도시 중앙값) | 과거 300m 이내 보수이력 없음 | 모델기여도[동결융해=+0.696, 7일 누적강수=-0.085, 14일 누적강수=+0.099, 하수관로 노후도=-0.007, 교통하중=+0.007, 과거 보수이력=-0.061, 보수 후 경과기간=-0.018]",64.21836455812094,위험,"주요원인=동결융해 | 동결융해=100.0점 (14일 13회) | 누적강수=18.0점 (7일 9.1mm, 14일 17.8mm) | 하수관로 노후도=44.2점 (30년 이상 비율 44.2%) | 교통하중=79.4점 (ESAL 3291.0, 도시 중앙값 적용) | 300m 이내 확인된 보수이력 없음",0,,,,0.0,0.6040315364245082,0.696248318989472,-0.08492964696704859,0.09850479154862715,-0.007391001686411909,0.007281250748113266,-0.06072288933117835,-0.017788087188867548,62.13235294117647,하위 70%
R00183,35.952733,126.721098,군산 데모도로,군산시,1384801.76,612246.21,0.442118307244208,14.853572251212228,matched,0,,,,,0,182,2914-00,국도29호선,개정면-성산면(2914-00),5531.03454925453,3290.9867000000004,15555.0,0.0942109404788128,city_median,79.4299920661839,44.2118307244208,2025-12-31,13.0,100.0,9.050000000000008,17.75,17.960000000000008,0.0,35.0,4.490000000000002,8.84236614488416,15.88599841323678,64.21836455812094,62.13235294117647,일반,동결융해,"Logistic 위험순위 상위 37.9% | 주요 증가요인=동결융해 | 동결융해 14일 13회 | 7일 강수 9.1mm | 14일 강수 17.8mm | 하수관 노후비율 44.2% | ESAL 3291.0 (도시 중앙값) | 과거 300m 이내 보수이력 없음 | 모델기여도[동결융해=+0.696, 7일 누적강수=-0.085, 14일 누적강수=+0.099, 하수관로 노후도=-0.007, 교통하중=+0.007, 과거 보수이력=-0.061, 보수 후 경과기간=-0.018]",64.21836455812094,위험,"주요원인=동결융해 | 동결융해=100.0점 (14일 13회) | 누적강수=18.0점 (7일 9.1mm, 14일 17.8mm) | 하수관로 노후도=44.2점 (30년 이상 비율 44.2%) | 교통하중=79.4점 (ESAL 3291.0, 도시 중앙값 적용) | 300m 이내 확인된 보수이력 없음",0,,,,0.0,0.6040315364245082,0.696248318989472,-0.08492964696704859,0.09850479154862715,-0.007391001686411909,0.007281250748113266,-0.06072288933117835,-0.017788087188867548,62.13235294117647,하위 70%
R00182,35.948679,126.717391,군산 데모도로,군산시,1384801.76,612246.21,0.442118307244208,14.853572251212228,matched,0,,,,,0,181,2914-00,국도29호선,개정면-성산면(2914-00),6064.851347658992,3290.9867000000004,15555.0,0.0942109404788128,city_median,79.4299920661839,44.2118307244208,2025-12-31,13.0,100.0,9.050000000000008,17.75,17.960000000000008,0.0,35.0,4.490000000000002,8.84236614488416,15.88599841323678,64.21836455812094,62.13235294117647,일반,동결융해,"Logistic 위험순위 상위 37.9% | 주요 증가요인=동결융해 | 동결융해 14일 13회 | 7일 강수 9.1mm | 14일 강수 17.8mm | 하수관 노후비율 44.2% | ESAL 3291.0 (도시 중앙값) | 과거 300m 이내 보수이력 없음 | 모델기여도[동결융해=+0.696, 7일 누적강수=-0.085, 14일 누적강수=+0.099, 하수관로 노후도=-0.007, 교통하중=+0.007, 과거 보수이력=-0.061, 보수 후 경과기간=-0.018]",64.21836455812094,위험,"주요원인=동결융해 | 동결융해=100.0점 (14일 13회) | 누적강수=18.0점 (7일 9.1mm, 14일 17.8mm) | 하수관로 노후도=44.2점 (30년 이상 비율 44.2%) | 교통하중=79.4점 (ESAL 3291.0, 도시 중앙값 적용) | 300m 이내 확인된 보수이력 없음",0,,,,0.0,0.6040315364245082,0.696248318989472,-0.08492964696704859,0.09850479154862715,-0.007391001686411909,0.007281250748113266,-0.06072288933117835,-0.017788087188867548,62.13235294117647,하위 70%
R00181,35.945464,126.714632,군산 데모도로,군산시,1384801.76,612246.21,0.442118307244208,14.853572251212228,matched,0,,,,,0,180,2914-00,국도29호선,개정면-성산면(2914-00),6478.560793369519,3290.9867000000004,15555.0,0.0942109404788128,city_median,79.4299920661839,44.2118307244208,2025-12-31,13.0,100.0,9.050000000000008,17.75,17.960000000000008,0.0,35.0,4.490000000000002,8.84236614488416,15.88599841323678,64.21836455812094,62.13235294117647,일반,동결융해,"Logistic 위험순위 상위 37.9% | 주요 증가요인=동결융해 | 동결융해 14일 13회 | 7일 강수 9.1mm | 14일 강수 17.8mm | 하수관 노후비율 44.2% | ESAL 3291.0 (도시 중앙값) | 과거 300m 이내 보수이력 없음 | 모델기여도[동결융해=+0.696, 7일 누적강수=-0.085, 14일 누적강수=+0.099, 하수관로 노후도=-0.007, 교통하중=+0.007, 과거 보수이력=-0.061, 보수 후 경과기간=-0.018]",64.21836455812094,위험,"주요원인=동결융해 | 동결융해=100.0점 (14일 13회) | 누적강수=18.0점 (7일 9.1mm, 14일 17.8mm) | 하수관로 노후도=44.2점 (30년 이상 비율 44.2%) | 교통하중=79.4점 (ESAL 3291.0, 도시 중앙값 적용) | 300m 이내 확인된 보수이력 없음",0,,,,0.0,0.6040315364245082,0.696248318989472,-0.08492964696704859,0.09850479154862715,-0.007391001686411909,0.007281250748113266,-0.06072288933117835,-0.017788087188867548,62.13235294117647,하위 70%
R00180,35.942233,126.712116,군산 데모도로,군산시,1384801.76,612246.21,0.442118307244208,14.853572251212228,matched,0,,,,,0,179,2914-00,국도29호선,개정면-성산면(2914-00),6879.020324585915,3290.9867000000004,15555.0,0.0942109404788128,city_median,79.4299920661839,44.2118307244208,2025-12-31,13.0,100.0,9.050000000000008,17.75,17.960000000000008,0.0,35.0,4.490000000000002,8.84236614488416,15.88599841323678,64.21836455812094,62.13235294117647,일반,동결융해,"Logistic 위험순위 상위 37.9% | 주요 증가요인=동결융해 | 동결융해 14일 13회 | 7일 강수 9.1mm | 14일 강수 17.8mm | 하수관 노후비율 44.2% | ESAL 3291.0 (도시 중앙값) | 과거 300m 이내 보수이력 없음 | 모델기여도[동결융해=+0.696, 7일 누적강수=-0.085, 14일 누적강수=+0.099, 하수관로 노후도=-0.007, 교통하중=+0.007, 과거 보수이력=-0.061, 보수 후 경과기간=-0.018]",64.21836455812094,위험,"주요원인=동결융해 | 동결융해=100.0점 (14일 13회) | 누적강수=18.0점 (7일 9.1mm, 14일 17.8mm) | 하수관로 노후도=44.2점 (30년 이상 비율 44.2%) | 교통하중=79.4점 (ESAL 3291.0, 도시 중앙값 적용) | 300m 이내 확인된 보수이력 없음",0,,,,0.0,0.6040315364245082,0.696248318989472,-0.08492964696704859,0.09850479154862715,-0.007391001686411909,0.007281250748113266,-0.06072288933117835,-0.017788087188867548,62.13235294117647,하위 70%
R00179,35.938291,126.706717,군산 데모도로,군산시,1384801.76,612246.21,0.442118307244208,14.853572251212228,matched,0,,,,,0,178,2914-00,국도29호선,개정면-성산면(2914-00),7532.639186412883,3290.9867000000004,15555.0,0.0942109404788128,city_median,79.4299920661839,44.2118307244208,2025-12-31,13.0,100.0,9.050000000000008,17.75,17.960000000000008,0.0,35.0,4.490000000000002,8.84236614488416,15.88599841323678,64.21836455812094,62.13235294117647,일반,동결융해,"Logistic 위험순위 상위 37.9% | 주요 증가요인=동결융해 | 동결융해 14일 13회 | 7일 강수 9.1mm | 14일 강수 17.8mm | 하수관 노후비율 44.2% | ESAL 3291.0 (도시 중앙값) | 과거 300m 이내 보수이력 없음 | 모델기여도[동결융해=+0.696, 7일 누적강수=-0.085, 14일 누적강수=+0.099, 하수관로 노후도=-0.007, 교통하중=+0.007, 과거 보수이력=-0.061, 보수 후 경과기간=-0.018]",64.21836455812094,위험,"주요원인=동결융해 | 동결융해=100.0점 (14일 13회) | 누적강수=18.0점 (7일 9.1mm, 14일 17.8mm) | 하수관로 노후도=44.2점 (30년 이상 비율 44.2%) | 교통하중=79.4점 (ESAL 3291.0, 도시 중앙값 적용) | 300m 이내 확인된 보수이력 없음",0,,,,0.0,0.6040315364245082,0.696248318989472,-0.08492964696704859,0.09850479154862715,-0.007391001686411909,0.007281250748113266,-0.06072288933117835,-0.017788087188867548,62.13235294117647,하위 70%
R00178,35.93582,126.704849,군산 데모도로,군산시,1384801.76,612246.21,0.442118307244208,14.853572251212228,matched,0,,,,,0,177,2914-00,국도29호선,개정면-성산면(2914-00),7837.333894690413,3290.9867000000004,15555.0,0.0942109404788128,city_median,79.4299920661839,44.2118307244208,2025-12-31,13.0,100.0,9.050000000000008,17.75,17.960000000000008,0.0,35.0,4.490000000000002,8.84236614488416,15.88599841323678,64.21836455812094,62.13235294117647,일반,동결융해,"Logistic 위험순위 상위 37.9% | 주요 증가요인=동결융해 | 동결융해 14일 13회 | 7일 강수 9.1mm | 14일 강수 17.8mm | 하수관 노후비율 44.2% | ESAL 3291.0 (도시 중앙값) | 과거 300m 이내 보수이력 없음 | 모델기여도[동결융해=+0.696, 7일 누적강수=-0.085, 14일 누적강수=+0.099, 하수관로 노후도=-0.007, 교통하중=+0.007, 과거 보수이력=-0.061, 보수 후 경과기간=-0.018]",64.21836455812094,위험,"주요원인=동결융해 | 동결융해=100.0점 (14일 13회) | 누적강수=18.0점 (7일 9.1mm, 14일 17.8mm) | 하수관로 노후도=44.2점 (30년 이상 비율 44.2%) | 교통하중=79.4점 (ESAL 3291.0, 도시 중앙값 적용) | 300m 이내 확인된 보수이력 없음",0,,,,0.0,0.6040315364245082,0.696248318989472,-0.08492964696704859,0.09850479154862715,-0.007391001686411909,0.007281250748113266,-0.06072288933117835,-0.017788087188867548,62.13235294117647,하위 70%
R00177,35.930958,126.701131,군산 데모도로,군산시,1384801.76,612246.21,0.442118307244208,14.853572251212228,matched,0,,,,,0,176,2914-00,국도29호선,개정면-성산면(2914-00),8443.53185359226,3290.9867000000004,15555.0,0.0942109404788128,city_median,79.4299920661839,44.2118307244208,2025-12-31,13.0,100.0,9.050000000000008,17.75,17.960000000000008,0.0,35.0,4.490000000000002,8.84236614488416,15.88599841323678,64.21836455812094,62.13235294117647,일반,동결융해,"Logistic 위험순위 상위 37.9% | 주요 증가요인=동결융해 | 동결융해 14일 13회 | 7일 강수 9.1mm | 14일 강수 17.8mm | 하수관 노후비율 44.2% | ESAL 3291.0 (도시 중앙값) | 과거 300m 이내 보수이력 없음 | 모델기여도[동결융해=+0.696, 7일 누적강수=-0.085, 14일 누적강수=+0.099, 하수관로 노후도=-0.007, 교통하중=+0.007, 과거 보수이력=-0.061, 보수 후 경과기간=-0.018]",64.21836455812094,위험,"주요원인=동결융해 | 동결융해=100.0점 (14일 13회) | 누적강수=18.0점 (7일 9.1mm, 14일 17.8mm) | 하수관로 노후도=44.2점 (30년 이상 비율 44.2%) | 교통하중=79.4점 (ESAL 3291.0, 도시 중앙값 적용) | 300m 이내 확인된 보수이력 없음",0,,,,0.0,0.6040315364245082,0.696248318989472,-0.08492964696704859,0.09850479154862715,-0.007391001686411909,0.007281250748113266,-0.06072288933117835,-0.017788087188867548,62.13235294117647,하위 70%
R00208,35.903116,126.736045,군산 데모도로,군산시,1384801.76,612246.21,0.442118307244208,14.853572251212228,matched,0,,,,,0,207,2914-00,국도29호선,개정면-성산면(2914-00),9241.229486511484,3290.9867000000004,15555.0,0.0942109404788128,city_median,79.4299920661839,44.2118307244208,2025-12-31,13.0,100.0,9.050000000000008,17.75,17.960000000000008,0.0,35.0,4.490000000000002,8.84236614488416,15.88599841323678,64.21836455812094,62.13235294117647,일반,동결융해,"Logistic 위험순위 상위 37.9% | 주요 증가요인=동결융해 | 동결융해 14일 13회 | 7일 강수 9.1mm | 14일 강수 17.8mm | 하수관 노후비율 44.2% | ESAL 3291.0 (도시 중앙값) | 과거 300m 이내 보수이력 없음 | 모델기여도[동결융해=+0.696, 7일 누적강수=-0.085, 14일 누적강수=+0.099, 하수관로 노후도=-0.007, 교통하중=+0.007, 과거 보수이력=-0.061, 보수 후 경과기간=-0.018]",64.21836455812094,위험,"주요원인=동결융해 | 동결융해=100.0점 (14일 13회) | 누적강수=18.0점 (7일 9.1mm, 14일 17.8mm) | 하수관로 노후도=44.2점 (30년 이상 비율 44.2%) | 교통하중=79.4점 (ESAL 3291.0, 도시 중앙값 적용) | 300m 이내 확인된 보수이력 없음",0,,,,0.0,0.6040315364245082,0.696248318989472,-0.08492964696704859,0.09850479154862715,-0.007391001686411909,0.007281250748113266,-0.06072288933117835,-0.017788087188867548,62.13235294117647,하위 70%
R00139,35.967245,126.667504,군산 데모도로,군산시,1384801.76,612246.21,0.442118307244208,14.853572251212228,matched,0,,,,,0,138,2914-00,국도29호선,개정면-성산면(2914-00),9492.877190602669,3290.9867000000004,15555.0,0.0942109404788128,city_median,79.4299920661839,44.2118307244208,2025-12-31,13.0,100.0,9.050000000000008,17.75,17.960000000000008,0.0,35.0,4.490000000000002,8.84236614488416,15.88599841323678,64.21836455812094,62.13235294117647,일반,동결융해,"Logistic 위험순위 상위 37.9% | 주요 증가요인=동결융해 | 동결융해 14일 13회 | 7일 강수 9.1mm | 14일 강수 17.8mm | 하수관 노후비율 44.2% | ESAL 3291.0 (도시 중앙값) | 과거 300m 이내 보수이력 없음 | 모델기여도[동결융해=+0.696, 7일 누적강수=-0.085, 14일 누적강수=+0.099, 하수관로 노후도=-0.007, 교통하중=+0.007, 과거 보수이력=-0.061, 보수 후 경과기간=-0.018]",64.21836455812094,위험,"주요원인=동결융해 | 동결융해=100.0점 (14일 13회) | 누적강수=18.0점 (7일 9.1mm, 14일 17.8mm) | 하수관로 노후도=44.2점 (30년 이상 비율 44.2%) | 교통하중=79.4점 (ESAL 3291.0, 도시 중앙값 적용) | 300m 이내 확인된 보수이력 없음",0,,,,0.0,0.6040315364245082,0.696248318989472,-0.08492964696704859,0.09850479154862715,-0.007391001686411909,0.007281250748113266,-0.06072288933117835,-0.017788087188867548,62.13235294117647,하위 70%
R00142,35.969221,126.680535,군산 데모도로,군산시,1384801.76,612246.21,0.442118307244208,14.853572251212228,matched,0,,,,,0,141,2914-00,국도29호선,개정면-성산면(2914-00),8300.0782731027,3290.9867000000004,15555.0,0.0942109404788128,city_median,79.4299920661839,44.2118307244208,2025-12-31,13.0,100.0,9.050000000000008,17.75,17.960000000000008,0.0,35.0,4.490000000000002,8.84236614488416,15.88599841323678,64.21836455812094,62.13235294117647,일반,동결융해,"Logistic 위험순위 상위 37.9% | 주요 증가요인=동결융해 | 동결융해 14일 13회 | 7일 강수 9.1mm | 14일 강수 17.8mm | 하수관 노후비율 44.2% | ESAL 3291.0 (도시 중앙값) | 과거 300m 이내 보수이력 없음 | 모델기여도[동결융해=+0.696, 7일 누적강수=-0.085, 14일 누적강수=+0.099, 하수관로 노후도=-0.007, 교통하중=+0.007, 과거 보수이력=-0.061, 보수 후 경과기간=-0.018]",64.21836455812094,위험,"주요원인=동결융해 | 동결융해=100.0점 (14일 13회) | 누적강수=18.0점 (7일 9.1mm, 14일 17.8mm) | 하수관로 노후도=44.2점 (30년 이상 비율 44.2%) | 교통하중=79.4점 (ESAL 3291.0, 도시 중앙값 적용) | 300m 이내 확인된 보수이력 없음",0,,,,0.0,0.6040315364245082,0.696248318989472,-0.08492964696704859,0.09850479154862715,-0.007391001686411909,0.007281250748113266,-0.06072288933117835,-0.017788087188867548,62.13235294117647,하위 70%
R00138,35.967492,126.661925,군산 데모도로,군산시,1384801.76,612246.21,0.442118307244208,14.853572251212228,matched,0,,,,,0,137,2914-00,국도29호선,개정면-성산면(2914-00),9984.407142590857,3290.9867000000004,15555.0,0.0942109404788128,city_median,79.4299920661839,44.2118307244208,2025-12-31,13.0,100.0,9.050000000000008,17.75,17.960000000000008,0.0,35.0,4.490000000000002,8.84236614488416,15.88599841323678,64.21836455812094,62.13235294117647,일반,동결융해,"Logistic 위험순위 상위 37.9% | 주요 증가요인=동결융해 | 동결융해 14일 13회 | 7일 강수 9.1mm | 14일 강수 17.8mm | 하수관 노후비율 44.2% | ESAL 3291.0 (도시 중앙값) | 과거 300m 이내 보수이력 없음 | 모델기여도[동결융해=+0.696, 7일 누적강수=-0.085, 14일 누적강수=+0.099, 하수관로 노후도=-0.007, 교통하중=+0.007, 과거 보수이력=-0.061, 보수 후 경과기간=-0.018]",64.21836455812094,위험,"주요원인=동결융해 | 동결융해=100.0점 (14일 13회) | 누적강수=18.0점 (7일 9.1mm, 14일 17.8mm) | 하수관로 노후도=44.2점 (30년 이상 비율 44.2%) | 교통하중=79.4점 (ESAL 3291.0, 도시 중앙값 적용) | 300m 이내 확인된 보수이력 없음",0,,,,0.0,0.6040315364245082,0.696248318989472,-0.08492964696704859,0.09850479154862715,-0.007391001686411909,0.007281250748113266,-0.06072288933117835,-0.017788087188867548,62.13235294117647,하위 70%
R00143,35.967487,126.685226,군산 데모도로,군산시,1384801.76,612246.21,0.442118307244208,14.853572251212228,matched,0,,,,,0,142,2914-00,국도29호선,개정면-성산면(2914-00),7918.213346993715,3290.9867000000004,15555.0,0.0942109404788128,city_median,79.4299920661839,44.2118307244208,2025-12-31,13.0,100.0,9.050000000000008,17.75,17.960000000000008,0.0,35.0,4.490000000000002,8.84236614488416,15.88599841323678,64.21836455812094,62.13235294117647,일반,동결융해,"Logistic 위험순위 상위 37.9% | 주요 증가요인=동결융해 | 동결융해 14일 13회 | 7일 강수 9.1mm | 14일 강수 17.8mm | 하수관 노후비율 44.2% | ESAL 3291.0 (도시 중앙값) | 과거 300m 이내 보수이력 없음 | 모델기여도[동결융해=+0.696, 7일 누적강수=-0.085, 14일 누적강수=+0.099, 하수관로 노후도=-0.007, 교통하중=+0.007, 과거 보수이력=-0.061, 보수 후 경과기간=-0.018]",64.21836455812094,위험,"주요원인=동결융해 | 동결융해=100.0점 (14일 13회) | 누적강수=18.0점 (7일 9.1mm, 14일 17.8mm) | 하수관로 노후도=44.2점 (30년 이상 비율 44.2%) | 교통하중=79.4점 (ESAL 3291.0, 도시 중앙값 적용) | 300m 이내 확인된 보수이력 없음",0,,,,0.0,0.6040315364245082,0.696248318989472,-0.08492964696704859,0.09850479154862715,-0.007391001686411909,0.007281250748113266,-0.06072288933117835,-0.017788087188867548,62.13235294117647,하위 70%
R00144,35.967729,126.690468,군산 데모도로,군산시,1384801.76,612246.21,0.442118307244208,14.853572251212228,matched,0,,,,,0,143,2914-00,국도29호선,개정면-성산면(2914-00),7450.294726197613,3290.9867000000004,15555.0,0.0942109404788128,city_median,79.4299920661839,44.2118307244208,2025-12-31,13.0,100.0,9.050000000000008,17.75,17.960000000000008,0.0,35.0,4.490000000000002,8.84236614488416,15.88599841323678,64.21836455812094,62.13235294117647,일반,동결융해,"Logistic 위험순위 상위 37.9% | 주요 증가요인=동결융해 | 동결융해 14일 13회 | 7일 강수 9.1mm | 14일 강수 17.8mm | 하수관 노후비율 44.2% | ESAL 3291.0 (도시 중앙값) | 과거 300m 이내 보수이력 없음 | 모델기여도[동결융해=+0.696, 7일 누적강수=-0.085, 14일 누적강수=+0.099, 하수관로 노후도=-0.007, 교통하중=+0.007, 과거 보수이력=-0.061, 보수 후 경과기간=-0.018]",64.21836455812094,위험,"주요원인=동결융해 | 동결융해=100.0점 (14일 13회) | 누적강수=18.0점 (7일 9.1mm, 14일 17.8mm) | 하수관로 노후도=44.2점 (30년 이상 비율 44.2%) | 교통하중=79.4점 (ESAL 3291.0, 도시 중앙값 적용) | 300m 이내 확인된 보수이력 없음",0,,,,0.0,0.6040315364245082,0.696248318989472,-0.08492964696704859,0.09850479154862715,-0.007391001686411909,0.007281250748113266,-0.06072288933117835,-0.017788087188867548,62.13235294117647,하위 70%
R00141,35.96754,126.675678,군산 데모도로,군산시,1384801.76,612246.21,0.442118307244208,14.853572251212228,matched,0,,,,,0,140,2914-00,국도29호선,개정면-성산면(2914-00),8762.1365400877,3290.9867000000004,15555.0,0.0942109404788128,city_median,79.4299920661839,44.2118307244208,2025-12-31,13.0,100.0,9.050000000000008,17.75,17.960000000000008,0.0,35.0,4.490000000000002,8.84236614488416,15.88599841323678,64.21836455812094,62.13235294117647,일반,동결융해,"Logistic 위험순위 상위 37.9% | 주요 증가요인=동결융해 | 동결융해 14일 13회 | 7일 강수 9.1mm | 14일 강수 17.8mm | 하수관 노후비율 44.2% | ESAL 3291.0 (도시 중앙값) | 과거 300m 이내 보수이력 없음 | 모델기여도[동결융해=+0.696, 7일 누적강수=-0.085, 14일 누적강수=+0.099, 하수관로 노후도=-0.007, 교통하중=+0.007, 과거 보수이력=-0.061, 보수 후 경과기간=-0.018]",64.21836455812094,위험,"주요원인=동결융해 | 동결융해=100.0점 (14일 13회) | 누적강수=18.0점 (7일 9.1mm, 14일 17.8mm) | 하수관로 노후도=44.2점 (30년 이상 비율 44.2%) | 교통하중=79.4점 (ESAL 3291.0, 도시 중앙값 적용) | 300m 이내 확인된 보수이력 없음",0,,,,0.0,0.6040315364245082,0.696248318989472,-0.08492964696704859,0.09850479154862715,-0.007391001686411909,0.007281250748113266,-0.06072288933117835,-0.017788087188867548,62.13235294117647,하위 70%
R00202,36.018706,126.78486,군산 데모도로,군산시,1384801.76,612246.21,0.442118307244208,14.853572251212228,matched,0,,,,,0,201,2914-00,국도29호선,개정면-성산면(2914-00),4350.545855766187,3290.9867000000004,15555.0,0.0942109404788128,city_median,79.4299920661839,44.2118307244208,2025-12-31,13.0,100.0,9.050000000000008,17.75,17.960000000000008,0.0,35.0,4.490000000000002,8.84236614488416,15.88599841323678,64.21836455812094,62.13235294117647,일반,동결융해,"Logistic 위험순위 상위 37.9% | 주요 증가요인=동결융해 | 동결융해 14일 13회 | 7일 강수 9.1mm | 14일 강수 17.8mm | 하수관 노후비율 44.2% | ESAL 3291.0 (도시 중앙값) | 과거 300m 이내 보수이력 없음 | 모델기여도[동결융해=+0.696, 7일 누적강수=-0.085, 14일 누적강수=+0.099, 하수관로 노후도=-0.007, 교통하중=+0.007, 과거 보수이력=-0.061, 보수 후 경과기간=-0.018]",64.21836455812094,위험,"주요원인=동결융해 | 동결융해=100.0점 (14일 13회) | 누적강수=18.0점 (7일 9.1mm, 14일 17.8mm) | 하수관로 노후도=44.2점 (30년 이상 비율 44.2%) | 교통하중=79.4점 (ESAL 3291.0, 도시 중앙값 적용) | 300m 이내 확인된 보수이력 없음",0,,,,0.0,0.6040315364245082,0.696248318989472,-0.08492964696704859,0.09850479154862715,-0.007391001686411909,0.007281250748113266,-0.06072288933117835,-0.017788087188867548,62.13235294117647,하위 70%
R00203,36.020964,126.790234,군산 데모도로,군산시,1384801.76,612246.21,0.442118307244208,14.853572251212228,matched,0,,,,,0,202,2914-00,국도29호선,개정면-성산면(2914-00),4741.117332651557,3290.9867000000004,15555.0,0.0942109404788128,city_median,79.4299920661839,44.2118307244208,2025-12-31,13.0,100.0,9.050000000000008,17.75,17.960000000000008,0.0,35.0,4.490000000000002,8.84236614488416,15.88599841323678,64.21836455812094,62.13235294117647,일반,동결융해,"Logistic 위험순위 상위 37.9% | 주요 증가요인=동결융해 | 동결융해 14일 13회 | 7일 강수 9.1mm | 14일 강수 17.8mm | 하수관 노후비율 44.2% | ESAL 3291.0 (도시 중앙값) | 과거 300m 이내 보수이력 없음 | 모델기여도[동결융해=+0.696, 7일 누적강수=-0.085, 14일 누적강수=+0.099, 하수관로 노후도=-0.007, 교통하중=+0.007, 과거 보수이력=-0.061, 보수 후 경과기간=-0.018]",64.21836455812094,위험,"주요원인=동결융해 | 동결융해=100.0점 (14일 13회) | 누적강수=18.0점 (7일 9.1mm, 14일 17.8mm) | 하수관로 노후도=44.2점 (30년 이상 비율 44.2%) | 교통하중=79.4점 (ESAL 3291.0, 도시 중앙값 적용) | 300m 이내 확인된 보수이력 없음",0,,,,0.0,0.6040315364245082,0.696248318989472,-0.08492964696704859,0.09850479154862715,-0.007391001686411909,0.007281250748113266,-0.06072288933117835,-0.017788087188867548,62.13235294117647,하위 70%
R00204,36.024578,126.794229,군산 데모도로,군산시,1384801.76,612246.21,0.442118307244208,14.853572251212228,matched,0,,,,,0,203,2914-00,국도29호선,개정면-성산면(2914-00),5247.655048106898,3290.9867000000004,15555.0,0.0942109404788128,city_median,79.4299920661839,44.2118307244208,2025-12-31,13.0,100.0,9.050000000000008,17.75,17.960000000000008,0.0,35.0,4.490000000000002,8.84236614488416,15.88599841323678,64.21836455812094,62.13235294117647,일반,동결융해,"Logistic 위험순위 상위 37.9% | 주요 증가요인=동결융해 | 동결융해 14일 13회 | 7일 강수 9.1mm | 14일 강수 17.8mm | 하수관 노후비율 44.2% | ESAL 3291.0 (도시 중앙값) | 과거 300m 이내 보수이력 없음 | 모델기여도[동결융해=+0.696, 7일 누적강수=-0.085, 14일 누적강수=+0.099, 하수관로 노후도=-0.007, 교통하중=+0.007, 과거 보수이력=-0.061, 보수 후 경과기간=-0.018]",64.21836455812094,위험,"주요원인=동결융해 | 동결융해=100.0점 (14일 13회) | 누적강수=18.0점 (7일 9.1mm, 14일 17.8mm) | 하수관로 노후도=44.2점 (30년 이상 비율 44.2%) | 교통하중=79.4점 (ESAL 3291.0, 도시 중앙값 적용) | 300m 이내 확인된 보수이력 없음",0,,,,0.0,0.6040315364245082,0.696248318989472,-0.08492964696704859,0.09850479154862715,-0.007391001686411909,0.007281250748113266,-0.06072288933117835,-0.017788087188867548,62.13235294117647,하위 70%
R00205,35.888615,126.736786,군산 데모도로,군산시,1384801.76,612246.21,0.442118307244208,14.853572251212228,matched,0,,,,,0,204,2914-00,국도29호선,개정면-성산면(2914-00),10748.794281753257,3290.9867000000004,15555.0,0.0942109404788128,city_median,79.4299920661839,44.2118307244208,2025-12-31,13.0,100.0,9.050000000000008,17.75,17.960000000000008,0.0,35.0,4.490000000000002,8.84236614488416,15.88599841323678,64.21836455812094,62.13235294117647,일반,동결융해,"Logistic 위험순위 상위 37.9% | 주요 증가요인=동결융해 | 동결융해 14일 13회 | 7일 강수 9.1mm | 14일 강수 17.8mm | 하수관 노후비율 44.2% | ESAL 3291.0 (도시 중앙값) | 과거 300m 이내 보수이력 없음 | 모델기여도[동결융해=+0.696, 7일 누적강수=-0.085, 14일 누적강수=+0.099, 하수관로 노후도=-0.007, 교통하중=+0.007, 과거 보수이력=-0.061, 보수 후 경과기간=-0.018]",64.21836455812094,위험,"주요원인=동결융해 | 동결융해=100.0점 (14일 13회) | 누적강수=18.0점 (7일 9.1mm, 14일 17.8mm) | 하수관로 노후도=44.2점 (30년 이상 비율 44.2%) | 교통하중=79.4점 (ESAL 3291.0, 도시 중앙값 적용) | 300m 이내 확인된 보수이력 없음",0,,,,0.0,0.6040315364245082,0.696248318989472,-0.08492964696704859,0.09850479154862715,-0.007391001686411909,0.007281250748113266,-0.06072288933117835,-0.017788087188867548,62.13235294117647,하위 70%
R00206,35.894142,126.737256,군산 데모도로,군산시,1384801.76,612246.21,0.442118307244208,14.853572251212228,matched,0,,,,,0,205,2914-00,국도29호선,개정면-성산면(2914-00),10149.5060188536,3290.9867000000004,15555.0,0.0942109404788128,city_median,79.4299920661839,44.2118307244208,2025-12-31,13.0,100.0,9.050000000000008,17.75,17.960000000000008,0.0,35.0,4.490000000000002,8.84236614488416,15.88599841323678,64.21836455812094,62.13235294117647,일반,동결융해,"Logistic 위험순위 상위 37.9% | 주요 증가요인=동결융해 | 동결융해 14일 13회 | 7일 강수 9.1mm | 14일 강수 17.8mm | 하수관 노후비율 44.2% | ESAL 3291.0 (도시 중앙값) | 과거 300m 이내 보수이력 없음 | 모델기여도[동결융해=+0.696, 7일 누적강수=-0.085, 14일 누적강수=+0.099, 하수관로 노후도=-0.007, 교통하중=+0.007, 과거 보수이력=-0.061, 보수 후 경과기간=-0.018]",64.21836455812094,위험,"주요원인=동결융해 | 동결융해=100.0점 (14일 13회) | 누적강수=18.0점 (7일 9.1mm, 14일 17.8mm) | 하수관로 노후도=44.2점 (30년 이상 비율 44.2%) | 교통하중=79.4점 (ESAL 3291.0, 도시 중앙값 적용) | 300m 이내 확인된 보수이력 없음",0,,,,0.0,0.6040315364245082,0.696248318989472,-0.08492964696704859,0.09850479154862715,-0.007391001686411909,0.007281250748113266,-0.06072288933117835,-0.017788087188867548,62.13235294117647,하위 70%
R00207,35.897151,126.736213,군산 데모도로,군산시,1384801.76,612246.21,0.442118307244208,14.853572251212228,matched,0,,,,,0,206,2914-00,국도29호선,개정면-성산면(2914-00),9861.26822170704,3290.9867000000004,15555.0,0.0942109404788128,city_median,79.4299920661839,44.2118307244208,2025-12-31,13.0,100.0,9.050000000000008,17.75,17.960000000000008,0.0,35.0,4.490000000000002,8.84236614488416,15.88599841323678,64.21836455812094,62.13235294117647,일반,동결융해,"Logistic 위험순위 상위 37.9% | 주요 증가요인=동결융해 | 동결융해 14일 13회 | 7일 강수 9.1mm | 14일 강수 17.8mm | 하수관 노후비율 44.2% | ESAL 3291.0 (도시 중앙값) | 과거 300m 이내 보수이력 없음 | 모델기여도[동결융해=+0.696, 7일 누적강수=-0.085, 14일 누적강수=+0.099, 하수관로 노후도=-0.007, 교통하중=+0.007, 과거 보수이력=-0.061, 보수 후 경과기간=-0.018]",64.21836455812094,위험,"주요원인=동결융해 | 동결융해=100.0점 (14일 13회) | 누적강수=18.0점 (7일 9.1mm, 14일 17.8mm) | 하수관로 노후도=44.2점 (30년 이상 비율 44.2%) | 교통하중=79.4점 (ESAL 3291.0, 도시 중앙값 적용) | 300m 이내 확인된 보수이력 없음",0,,,,0.0,0.6040315364245082,0.696248318989472,-0.08492964696704859,0.09850479154862715,-0.007391001686411909,0.007281250748113266,-0.06072288933117835,-0.017788087188867548,62.13235294117647,하위 70%
R00201,36.013271,126.78425,군산 데모도로,군산시,1384801.76,612246.21,0.442118307244208,14.853572251212228,matched,0,,,,,0,200,2914-00,국도29호선,개정면-성산면(2914-00),3756.025810351648,3290.9867000000004,15555.0,0.0942109404788128,city_median,79.4299920661839,44.2118307244208,2025-12-31,13.0,100.0,9.050000000000008,17.75,17.960000000000008,0.0,35.0,4.490000000000002,8.84236614488416,15.88599841323678,64.21836455812094,62.13235294117647,일반,동결융해,"Logistic 위험순위 상위 37.9% | 주요 증가요인=동결융해 | 동결융해 14일 13회 | 7일 강수 9.1mm | 14일 강수 17.8mm | 하수관 노후비율 44.2% | ESAL 3291.0 (도시 중앙값) | 과거 300m 이내 보수이력 없음 | 모델기여도[동결융해=+0.696, 7일 누적강수=-0.085, 14일 누적강수=+0.099, 하수관로 노후도=-0.007, 교통하중=+0.007, 과거 보수이력=-0.061, 보수 후 경과기간=-0.018]",64.21836455812094,위험,"주요원인=동결융해 | 동결융해=100.0점 (14일 13회) | 누적강수=18.0점 (7일 9.1mm, 14일 17.8mm) | 하수관로 노후도=44.2점 (30년 이상 비율 44.2%) | 교통하중=79.4점 (ESAL 3291.0, 도시 중앙값 적용) | 300m 이내 확인된 보수이력 없음",0,,,,0.0,0.6040315364245082,0.696248318989472,-0.08492964696704859,0.09850479154862715,-0.007391001686411909,0.007281250748113266,-0.06072288933117835,-0.017788087188867548,62.13235294117647,하위 70%
R00199,36.008213,126.774982,군산 데모도로,군산시,1384801.76,612246.21,0.442118307244208,14.853572251212228,matched,0,,,,,0,198,2914-00,국도29호선,개정면-성산면(2914-00),3032.355015079334,3290.9867000000004,15555.0,0.0942109404788128,city_median,79.4299920661839,44.2118307244208,2025-12-31,13.0,100.0,9.050000000000008,17.75,17.960000000000008,0.0,35.0,4.490000000000002,8.84236614488416,15.88599841323678,64.21836455812094,62.13235294117647,일반,동결융해,"Logistic 위험순위 상위 37.9% | 주요 증가요인=동결융해 | 동결융해 14일 13회 | 7일 강수 9.1mm | 14일 강수 17.8mm | 하수관 노후비율 44.2% | ESAL 3291.0 (도시 중앙값) | 과거 300m 이내 보수이력 없음 | 모델기여도[동결융해=+0.696, 7일 누적강수=-0.085, 14일 누적강수=+0.099, 하수관로 노후도=-0.007, 교통하중=+0.007, 과거 보수이력=-0.061, 보수 후 경과기간=-0.018]",64.21836455812094,위험,"주요원인=동결융해 | 동결융해=100.0점 (14일 13회) | 누적강수=18.0점 (7일 9.1mm, 14일 17.8mm) | 하수관로 노후도=44.2점 (30년 이상 비율 44.2%) | 교통하중=79.4점 (ESAL 3291.0, 도시 중앙값 적용) | 300m 이내 확인된 보수이력 없음",0,,,,0.0,0.6040315364245082,0.696248318989472,-0.08492964696704859,0.09850479154862715,-0.007391001686411909,0.007281250748113266,-0.06072288933117835,-0.017788087188867548,62.13235294117647,하위 70%
R00223,35.975607,126.737077,군산 데모도로,군산시,1384801.76,612246.21,0.442118307244208,14.853572251212228,matched,0,,,,,0,222,2914-00,국도29호선,개정면-성산면(2914-00),3165.541839359851,3290.9867000000004,15555.0,0.0942109404788128,city_median,79.4299920661839,44.2118307244208,2025-12-31,13.0,100.0,9.050000000000008,17.75,17.960000000000008,0.0,35.0,4.490000000000002,8.84236614488416,15.88599841323678,64.21836455812094,62.13235294117647,일반,동결융해,"Logistic 위험순위 상위 37.9% | 주요 증가요인=동결융해 | 동결융해 14일 13회 | 7일 강수 9.1mm | 14일 강수 17.8mm | 하수관 노후비율 44.2% | ESAL 3291.0 (도시 중앙값) | 과거 300m 이내 보수이력 없음 | 모델기여도[동결융해=+0.696, 7일 누적강수=-0.085, 14일 누적강수=+0.099, 하수관로 노후도=-0.007, 교통하중=+0.007, 과거 보수이력=-0.061, 보수 후 경과기간=-0.018]",64.21836455812094,위험,"주요원인=동결융해 | 동결융해=100.0점 (14일 13회) | 누적강수=18.0점 (7일 9.1mm, 14일 17.8mm) | 하수관로 노후도=44.2점 (30년 이상 비율 44.2%) | 교통하중=79.4점 (ESAL 3291.0, 도시 중앙값 적용) | 300m 이내 확인된 보수이력 없음",0,,,,0.0,0.6040315364245082,0.696248318989472,-0.08492964696704859,0.09850479154862715,-0.007391001686411909,0.007281250748113266,-0.06072288933117835,-0.017788087188867548,62.13235294117647,하위 70%
R00222,35.970253,126.736466,군산 데모도로,군산시,1384801.76,612246.21,0.442118307244208,14.853572251212228,matched,0,,,,,0,221,2914-00,국도29호선,개정면-성산면(2914-00),3383.04307591134,3290.9867000000004,15555.0,0.0942109404788128,city_median,79.4299920661839,44.2118307244208,2025-12-31,13.0,100.0,9.050000000000008,17.75,17.960000000000008,0.0,35.0,4.490000000000002,8.84236614488416,15.88599841323678,64.21836455812094,62.13235294117647,일반,동결융해,"Logistic 위험순위 상위 37.9% | 주요 증가요인=동결융해 | 동결융해 14일 13회 | 7일 강수 9.1mm | 14일 강수 17.8mm | 하수관 노후비율 44.2% | ESAL 3291.0 (도시 중앙값) | 과거 300m 이내 보수이력 없음 | 모델기여도[동결융해=+0.696, 7일 누적강수=-0.085, 14일 누적강수=+0.099, 하수관로 노후도=-0.007, 교통하중=+0.007, 과거 보수이력=-0.061, 보수 후 경과기간=-0.018]",64.21836455812094,위험,"주요원인=동결융해 | 동결융해=100.0점 (14일 13회) | 누적강수=18.0점 (7일 9.1mm, 14일 17.8mm) | 하수관로 노후도=44.2점 (30년 이상 비율 44.2%) | 교통하중=79.4점 (ESAL 3291.0, 도시 중앙값 적용) | 300m 이내 확인된 보수이력 없음",0,,,,0.0,0.6040315364245082,0.696248318989472,-0.08492964696704859,0.09850479154862715,-0.007391001686411909,0.007281250748113266,-0.06072288933117835,-0.017788087188867548,62.13235294117647,하위 70%
R00220,35.960287,126.7373,군산 데모도로,군산시,1384801.76,612246.21,0.442118307244208,14.853572251212228,matched,0,,,,,0,219,2914-00,국도29호선,개정면-성산면(2914-00),3856.627258339159,3290.9867000000004,15555.0,0.0942109404788128,city_median,79.4299920661839,44.2118307244208,2025-12-31,13.0,100.0,9.050000000000008,17.75,17.960000000000008,0.0,35.0,4.490000000000002,8.84236614488416,15.88599841323678,64.21836455812094,62.13235294117647,일반,동결융해,"Logistic 위험순위 상위 37.9% | 주요 증가요인=동결융해 | 동결융해 14일 13회 | 7일 강수 9.1mm | 14일 강수 17.8mm | 하수관 노후비율 44.2% | ESAL 3291.0 (도시 중앙값) | 과거 300m 이내 보수이력 없음 | 모델기여도[동결융해=+0.696, 7일 누적강수=-0.085, 14일 누적강수=+0.099, 하수관로 노후도=-0.007, 교통하중=+0.007, 과거 보수이력=-0.061, 보수 후 경과기간=-0.018]",64.21836455812094,위험,"주요원인=동결융해 | 동결융해=100.0점 (14일 13회) | 누적강수=18.0점 (7일 9.1mm, 14일 17.8mm) | 하수관로 노후도=44.2점 (30년 이상 비율 44.2%) | 교통하중=79.4점 (ESAL 3291.0, 도시 중앙값 적용) | 300m 이내 확인된 보수이력 없음",0,,,,0.0,0.6040315364245082,0.696248318989472,-0.08492964696704859,0.09850479154862715,-0.007391001686411909,0.007281250748113266,-0.06072288933117835,-0.017788087188867548,62.13235294117647,하위 70%
R00219,35.955608,126.73509,군산 데모도로,군산시,1384801.76,612246.21,0.442118307244208,14.853572251212228,matched,0,,,,,0,218,2914-00,국도29호선,개정면-성산면(2914-00),4337.984500409032,3290.9867000000004,15555.0,0.0942109404788128,city_median,79.4299920661839,44.2118307244208,2025-12-31,13.0,100.0,9.050000000000008,17.75,17.960000000000008,0.0,35.0,4.490000000000002,8.84236614488416,15.88599841323678,64.21836455812094,62.13235294117647,일반,동결융해,"Logistic 위험순위 상위 37.9% | 주요 증가요인=동결융해 | 동결융해 14일 13회 | 7일 강수 9.1mm | 14일 강수 17.8mm | 하수관 노후비율 44.2% | ESAL 3291.0 (도시 중앙값) | 과거 300m 이내 보수이력 없음 | 모델기여도[동결융해=+0.696, 7일 누적강수=-0.085, 14일 누적강수=+0.099, 하수관로 노후도=-0.007, 교통하중=+0.007, 과거 보수이력=-0.061, 보수 후 경과기간=-0.018]",64.21836455812094,위험,"주요원인=동결융해 | 동결융해=100.0점 (14일 13회) | 누적강수=18.0점 (7일 9.1mm, 14일 17.8mm) | 하수관로 노후도=44.2점 (30년 이상 비율 44.2%) | 교통하중=79.4점 (ESAL 3291.0, 도시 중앙값 적용) | 300m 이내 확인된 보수이력 없음",0,,,,0.0,0.6040315364245082,0.696248318989472,-0.08492964696704859,0.09850479154862715,-0.007391001686411909,0.007281250748113266,-0.06072288933117835,-0.017788087188867548,62.13235294117647,하위 70%
R00218,35.950727,126.736954,군산 데모도로,군산시,1384801.76,612246.21,0.442118307244208,14.853572251212228,matched,0,,,,,0,217,2914-00,국도29호선,개정면-성산면(2914-00),4594.947860850275,3290.9867000000004,15555.0,0.0942109404788128,city_median,79.4299920661839,44.2118307244208,2025-12-31,13.0,100.0,9.050000000000008,17.75,17.960000000000008,0.0,35.0,4.490000000000002,8.84236614488416,15.88599841323678,64.21836455812094,62.13235294117647,일반,동결융해,"Logistic 위험순위 상위 37.9% | 주요 증가요인=동결융해 | 동결융해 14일 13회 | 7일 강수 9.1mm | 14일 강수 17.8mm | 하수관 노후비율 44.2% | ESAL 3291.0 (도시 중앙값) | 과거 300m 이내 보수이력 없음 | 모델기여도[동결융해=+0.696, 7일 누적강수=-0.085, 14일 누적강수=+0.099, 하수관로 노후도=-0.007, 교통하중=+0.007, 과거 보수이력=-0.061, 보수 후 경과기간=-0.018]",64.21836455812094,위험,"주요원인=동결융해 | 동결융해=100.0점 (14일 13회) | 누적강수=18.0점 (7일 9.1mm, 14일 17.8mm) | 하수관로 노후도=44.2점 (30년 이상 비율 44.2%) | 교통하중=79.4점 (ESAL 3291.0, 도시 중앙값 적용) | 300m 이내 확인된 보수이력 없음",0,,,,0.0,0.6040315364245082,0.696248318989472,-0.08492964696704859,0.09850479154862715,-0.007391001686411909,0.007281250748113266,-0.06072288933117835,-0.017788087188867548,62.13235294117647,하위 70%
R00217,35.945693,126.737156,군산 데모도로,군산시,1384801.76,612246.21,0.442118307244208,14.853572251212228,matched,0,,,,,0,216,2914-00,국도29호선,개정면-성산면(2914-00),5009.28188958707,3290.9867000000004,15555.0,0.0942109404788128,city_median,79.4299920661839,44.2118307244208,2025-12-31,13.0,100.0,9.050000000000008,17.75,17.960000000000008,0.0,35.0,4.490000000000002,8.84236614488416,15.88599841323678,64.21836455812094,62.13235294117647,일반,동결융해,"Logistic 위험순위 상위 37.9% | 주요 증가요인=동결융해 | 동결융해 14일 13회 | 7일 강수 9.1mm | 14일 강수 17.8mm | 하수관 노후비율 44.2% | ESAL 3291.0 (도시 중앙값) | 과거 300m 이내 보수이력 없음 | 모델기여도[동결융해=+0.696, 7일 누적강수=-0.085, 14일 누적강수=+0.099, 하수관로 노후도=-0.007, 교통하중=+0.007, 과거 보수이력=-0.061, 보수 후 경과기간=-0.018]",64.21836455812094,위험,"주요원인=동결융해 | 동결융해=100.0점 (14일 13회) | 누적강수=18.0점 (7일 9.1mm, 14일 17.8mm) | 하수관로 노후도=44.2점 (30년 이상 비율 44.2%) | 교통하중=79.4점 (ESAL 3291.0, 도시 중앙값 적용) | 300m 이내 확인된 보수이력 없음",0,,,,0.0,0.6040315364245082,0.696248318989472,-0.08492964696704859,0.09850479154862715,-0.007391001686411909,0.007281250748113266,-0.06072288933117835,-0.017788087188867548,62.13235294117647,하위 70%
R00216,35.941799,126.73834,군산 데모도로,군산시,1384801.76,612246.21,0.442118307244208,14.853572251212228,matched,0,,,,,0,215,2914-00,국도29호선,개정면-성산면(2914-00),5295.190847153624,3290.9867000000004,15555.0,0.0942109404788128,city_median,79.4299920661839,44.2118307244208,2025-12-31,13.0,100.0,9.050000000000008,17.75,17.960000000000008,0.0,35.0,4.490000000000002,8.84236614488416,15.88599841323678,64.21836455812094,62.13235294117647,일반,동결융해,"Logistic 위험순위 상위 37.9% | 주요 증가요인=동결융해 | 동결융해 14일 13회 | 7일 강수 9.1mm | 14일 강수 17.8mm | 하수관 노후비율 44.2% | ESAL 3291.0 (도시 중앙값) | 과거 300m 이내 보수이력 없음 | 모델기여도[동결융해=+0.696, 7일 누적강수=-0.085, 14일 누적강수=+0.099, 하수관로 노후도=-0.007, 교통하중=+0.007, 과거 보수이력=-0.061, 보수 후 경과기간=-0.018]",64.21836455812094,위험,"주요원인=동결융해 | 동결융해=100.0점 (14일 13회) | 누적강수=18.0점 (7일 9.1mm, 14일 17.8mm) | 하수관로 노후도=44.2점 (30년 이상 비율 44.2%) | 교통하중=79.4점 (ESAL 3291.0, 도시 중앙값 적용) | 300m 이내 확인된 보수이력 없음",0,,,,0.0,0.6040315364245082,0.696248318989472,-0.08492964696704859,0.09850479154862715,-0.007391001686411909,0.007281250748113266,-0.06072288933117835,-0.017788087188867548,62.13235294117647,하위 70%
R00215,35.936584,126.736765,군산 데모도로,군산시,1384801.76,612246.21,0.442118307244208,14.853572251212228,matched,0,,,,,0,214,2914-00,국도29호선,개정면-성산면(2914-00),5857.50778269372,3290.9867000000004,15555.0,0.0942109404788128,city_median,79.4299920661839,44.2118307244208,2025-12-31,13.0,100.0,9.050000000000008,17.75,17.960000000000008,0.0,35.0,4.490000000000002,8.84236614488416,15.88599841323678,64.21836455812094,62.13235294117647,일반,동결융해,"Logistic 위험순위 상위 37.9% | 주요 증가요인=동결융해 | 동결융해 14일 13회 | 7일 강수 9.1mm | 14일 강수 17.8mm | 하수관 노후비율 44.2% | ESAL 3291.0 (도시 중앙값) | 과거 300m 이내 보수이력 없음 | 모델기여도[동결융해=+0.696, 7일 누적강수=-0.085, 14일 누적강수=+0.099, 하수관로 노후도=-0.007, 교통하중=+0.007, 과거 보수이력=-0.061, 보수 후 경과기간=-0.018]",64.21836455812094,위험,"주요원인=동결융해 | 동결융해=100.0점 (14일 13회) | 누적강수=18.0점 (7일 9.1mm, 14일 17.8mm) | 하수관로 노후도=44.2점 (30년 이상 비율 44.2%) | 교통하중=79.4점 (ESAL 3291.0, 도시 중앙값 적용) | 300m 이내 확인된 보수이력 없음",0,,,,0.0,0.6040315364245082,0.696248318989472,-0.08492964696704859,0.09850479154862715,-0.007391001686411909,0.007281250748113266,-0.06072288933117835,-0.017788087188867548,62.13235294117647,하위 70%
R00214,35.931778,126.737521,군산 데모도로,군산시,1384801.76,612246.21,0.442118307244208,14.853572251212228,matched,0,,,,,0,213,2914-00,국도29호선,개정면-성산면(2914-00),6281.931520561281,3290.9867000000004,15555.0,0.0942109404788128,city_median,79.4299920661839,44.2118307244208,2025-12-31,13.0,100.0,9.050000000000008,17.75,17.960000000000008,0.0,35.0,4.490000000000002,8.84236614488416,15.88599841323678,64.21836455812094,62.13235294117647,일반,동결융해,"Logistic 위험순위 상위 37.9% | 주요 증가요인=동결융해 | 동결융해 14일 13회 | 7일 강수 9.1mm | 14일 강수 17.8mm | 하수관 노후비율 44.2% | ESAL 3291.0 (도시 중앙값) | 과거 300m 이내 보수이력 없음 | 모델기여도[동결융해=+0.696, 7일 누적강수=-0.085, 14일 누적강수=+0.099, 하수관로 노후도=-0.007, 교통하중=+0.007, 과거 보수이력=-0.061, 보수 후 경과기간=-0.018]",64.21836455812094,위험,"주요원인=동결융해 | 동결융해=100.0점 (14일 13회) | 누적강수=18.0점 (7일 9.1mm, 14일 17.8mm) | 하수관로 노후도=44.2점 (30년 이상 비율 44.2%) | 교통하중=79.4점 (ESAL 3291.0, 도시 중앙값 적용) | 300m 이내 확인된 보수이력 없음",0,,,,0.0,0.6040315364245082,0.696248318989472,-0.08492964696704859,0.09850479154862715,-0.007391001686411909,0.007281250748113266,-0.06072288933117835,-0.017788087188867548,62.13235294117647,하위 70%
R00213,35.926701,126.737487,군산 데모도로,군산시,1384801.76,612246.21,0.442118307244208,14.853572251212228,matched,0,,,,,0,212,2914-00,국도29호선,개정면-성산면(2914-00),6781.628381850231,3290.9867000000004,15555.0,0.0942109404788128,city_median,79.4299920661839,44.2118307244208,2025-12-31,13.0,100.0,9.050000000000008,17.75,17.960000000000008,0.0,35.0,4.490000000000002,8.84236614488416,15.88599841323678,64.21836455812094,62.13235294117647,일반,동결융해,"Logistic 위험순위 상위 37.9% | 주요 증가요인=동결융해 | 동결융해 14일 13회 | 7일 강수 9.1mm | 14일 강수 17.8mm | 하수관 노후비율 44.2% | ESAL 3291.0 (도시 중앙값) | 과거 300m 이내 보수이력 없음 | 모델기여도[동결융해=+0.696, 7일 누적강수=-0.085, 14일 누적강수=+0.099, 하수관로 노후도=-0.007, 교통하중=+0.007, 과거 보수이력=-0.061, 보수 후 경과기간=-0.018]",64.21836455812094,위험,"주요원인=동결융해 | 동결융해=100.0점 (14일 13회) | 누적강수=18.0점 (7일 9.1mm, 14일 17.8mm) | 하수관로 노후도=44.2점 (30년 이상 비율 44.2%) | 교통하중=79.4점 (ESAL 3291.0, 도시 중앙값 적용) | 300m 이내 확인된 보수이력 없음",0,,,,0.0,0.6040315364245082,0.696248318989472,-0.08492964696704859,0.09850479154862715,-0.007391001686411909,0.007281250748113266,-0.06072288933117835,-0.017788087188867548,62.13235294117647,하위 70%
R00212,35.921356,126.738014,군산 데모도로,군산시,1384801.76,612246.21,0.442118307244208,14.853572251212228,matched,0,,,,,0,211,2914-00,국도29호선,개정면-성산면(2914-00),7296.76615127759,3290.9867000000004,15555.0,0.0942109404788128,city_median,79.4299920661839,44.2118307244208,2025-12-31,13.0,100.0,9.050000000000008,17.75,17.960000000000008,0.0,35.0,4.490000000000002,8.84236614488416,15.88599841323678,64.21836455812094,62.13235294117647,일반,동결융해,"Logistic 위험순위 상위 37.9% | 주요 증가요인=동결융해 | 동결융해 14일 13회 | 7일 강수 9.1mm | 14일 강수 17.8mm | 하수관 노후비율 44.2% | ESAL 3291.0 (도시 중앙값) | 과거 300m 이내 보수이력 없음 | 모델기여도[동결융해=+0.696, 7일 누적강수=-0.085, 14일 누적강수=+0.099, 하수관로 노후도=-0.007, 교통하중=+0.007, 과거 보수이력=-0.061, 보수 후 경과기간=-0.018]",64.21836455812094,위험,"주요원인=동결융해 | 동결융해=100.0점 (14일 13회) | 누적강수=18.0점 (7일 9.1mm, 14일 17.8mm) | 하수관로 노후도=44.2점 (30년 이상 비율 44.2%) | 교통하중=79.4점 (ESAL 3291.0, 도시 중앙값 적용) | 300m 이내 확인된 보수이력 없음",0,,,,0.0,0.6040315364245082,0.696248318989472,-0.08492964696704859,0.09850479154862715,-0.007391001686411909,0.007281250748113266,-0.06072288933117835,-0.017788087188867548,62.13235294117647,하위 70%
R00272,36.024573,126.679591,군산 데모도로,군산시,1384801.76,612246.21,0.442118307244208,14.853572251212228,matched,0,,,,,0,271,2914-00,국도29호선,개정면-성산면(2914-00),9586.064644054934,3290.9867000000004,15555.0,0.0942109404788128,city_median,79.4299920661839,44.2118307244208,2025-12-31,13.0,100.0,9.050000000000008,17.75,17.960000000000008,0.0,35.0,4.490000000000002,8.84236614488416,15.88599841323678,64.21836455812094,62.13235294117647,일반,동결융해,"Logistic 위험순위 상위 37.9% | 주요 증가요인=동결융해 | 동결융해 14일 13회 | 7일 강수 9.1mm | 14일 강수 17.8mm | 하수관 노후비율 44.2% | ESAL 3291.0 (도시 중앙값) | 과거 300m 이내 보수이력 없음 | 모델기여도[동결융해=+0.696, 7일 누적강수=-0.085, 14일 누적강수=+0.099, 하수관로 노후도=-0.007, 교통하중=+0.007, 과거 보수이력=-0.061, 보수 후 경과기간=-0.018]",64.21836455812094,위험,"주요원인=동결융해 | 동결융해=100.0점 (14일 13회) | 누적강수=18.0점 (7일 9.1mm, 14일 17.8mm) | 하수관로 노후도=44.2점 (30년 이상 비율 44.2%) | 교통하중=79.4점 (ESAL 3291.0, 도시 중앙값 적용) | 300m 이내 확인된 보수이력 없음",0,,,,0.0,0.6040315364245082,0.696248318989472,-0.08492964696704859,0.09850479154862715,-0.007391001686411909,0.007281250748113266,-0.06072288933117835,-0.017788087188867548,62.13235294117647,하위 70%
R00271,36.021575,126.682963,군산 데모도로,군산시,1384801.76,612246.21,0.442118307244208,14.853572251212228,matched,0,,,,,0,270,2914-00,국도29호선,개정면-성산면(2914-00),9157.10888899695,3290.9867000000004,15555.0,0.0942109404788128,city_median,79.4299920661839,44.2118307244208,2025-12-31,13.0,100.0,9.050000000000008,17.75,17.960000000000008,0.0,35.0,4.490000000000002,8.84236614488416,15.88599841323678,64.21836455812094,62.13235294117647,일반,동결융해,"Logistic 위험순위 상위 37.9% | 주요 증가요인=동결융해 | 동결융해 14일 13회 | 7일 강수 9.1mm | 14일 강수 17.8mm | 하수관 노후비율 44.2% | ESAL 3291.0 (도시 중앙값) | 과거 300m 이내 보수이력 없음 | 모델기여도[동결융해=+0.696, 7일 누적강수=-0.085, 14일 누적강수=+0.099, 하수관로 노후도=-0.007, 교통하중=+0.007, 과거 보수이력=-0.061, 보수 후 경과기간=-0.018]",64.21836455812094,위험,"주요원인=동결융해 | 동결융해=100.0점 (14일 13회) | 누적강수=18.0점 (7일 9.1mm, 14일 17.8mm) | 하수관로 노후도=44.2점 (30년 이상 비율 44.2%) | 교통하중=79.4점 (ESAL 3291.0, 도시 중앙값 적용) | 300m 이내 확인된 보수이력 없음",0,,,,0.0,0.6040315364245082,0.696248318989472,-0.08492964696704859,0.09850479154862715,-0.007391001686411909,0.007281250748113266,-0.06072288933117835,-0.017788087188867548,62.13235294117647,하위 70%
R00270,36.016519,126.687173,군산 데모도로,군산시,1384801.76,612246.21,0.442118307244208,14.853572251212228,matched,0,,,,,0,269,2914-00,국도29호선,개정면-성산면(2914-00),8556.481899483211,3290.9867000000004,15555.0,0.0942109404788128,city_median,79.4299920661839,44.2118307244208,2025-12-31,13.0,100.0,9.050000000000008,17.75,17.960000000000008,0.0,35.0,4.490000000000002,8.84236614488416,15.88599841323678,64.21836455812094,62.13235294117647,일반,동결융해,"Logistic 위험순위 상위 37.9% | 주요 증가요인=동결융해 | 동결융해 14일 13회 | 7일 강수 9.1mm | 14일 강수 17.8mm | 하수관 노후비율 44.2% | ESAL 3291.0 (도시 중앙값) | 과거 300m 이내 보수이력 없음 | 모델기여도[동결융해=+0.696, 7일 누적강수=-0.085, 14일 누적강수=+0.099, 하수관로 노후도=-0.007, 교통하중=+0.007, 과거 보수이력=-0.061, 보수 후 경과기간=-0.018]",64.21836455812094,위험,"주요원인=동결융해 | 동결융해=100.0점 (14일 13회) | 누적강수=18.0점 (7일 9.1mm, 14일 17.8mm) | 하수관로 노후도=44.2점 (30년 이상 비율 44.2%) | 교통하중=79.4점 (ESAL 3291.0, 도시 중앙값 적용) | 300m 이내 확인된 보수이력 없음",0,,,,0.0,0.6040315364245082,0.696248318989472,-0.08492964696704859,0.09850479154862715,-0.007391001686411909,0.007281250748113266,-0.06072288933117835,-0.017788087188867548,62.13235294117647,하위 70%
R00269,36.013538,126.690229,군산 데모도로,군산시,1384801.76,612246.21,0.442118307244208,14.853572251212228,matched,0,,,,,0,268,2914-00,국도29호선,개정면-성산면(2914-00),8161.642908428307,3290.9867000000004,15555.0,0.0942109404788128,city_median,79.4299920661839,44.2118307244208,2025-12-31,13.0,100.0,9.050000000000008,17.75,17.960000000000008,0.0,35.0,4.490000000000002,8.84236614488416,15.88599841323678,64.21836455812094,62.13235294117647,일반,동결융해,"Logistic 위험순위 상위 37.9% | 주요 증가요인=동결융해 | 동결융해 14일 13회 | 7일 강수 9.1mm | 14일 강수 17.8mm | 하수관 노후비율 44.2% | ESAL 3291.0 (도시 중앙값) | 과거 300m 이내 보수이력 없음 | 모델기여도[동결융해=+0.696, 7일 누적강수=-0.085, 14일 누적강수=+0.099, 하수관로 노후도=-0.007, 교통하중=+0.007, 과거 보수이력=-0.061, 보수 후 경과기간=-0.018]",64.21836455812094,위험,"주요원인=동결융해 | 동결융해=100.0점 (14일 13회) | 누적강수=18.0점 (7일 9.1mm, 14일 17.8mm) | 하수관로 노후도=44.2점 (30년 이상 비율 44.2%) | 교통하중=79.4점 (ESAL 3291.0, 도시 중앙값 적용) | 300m 이내 확인된 보수이력 없음",0,,,,0.0,0.6040315364245082,0.696248318989472,-0.08492964696704859,0.09850479154862715,-0.007391001686411909,0.007281250748113266,-0.06072288933117835,-0.017788087188867548,62.13235294117647,하위 70%
R00268,36.01108,126.693329,군산 데모도로,군산시,1384801.76,612246.21,0.442118307244208,14.853572251212228,matched,0,,,,,0,267,2914-00,국도29호선,개정면-성산면(2914-00),7791.699102629374,3290.9867000000004,15555.0,0.0942109404788128,city_median,79.4299920661839,44.2118307244208,2025-12-31,13.0,100.0,9.050000000000008,17.75,17.960000000000008,0.0,35.0,4.490000000000002,8.84236614488416,15.88599841323678,64.21836455812094,62.13235294117647,일반,동결융해,"Logistic 위험순위 상위 37.9% | 주요 증가요인=동결융해 | 동결융해 14일 13회 | 7일 강수 9.1mm | 14일 강수 17.8mm | 하수관 노후비율 44.2% | ESAL 3291.0 (도시 중앙값) | 과거 300m 이내 보수이력 없음 | 모델기여도[동결융해=+0.696, 7일 누적강수=-0.085, 14일 누적강수=+0.099, 하수관로 노후도=-0.007, 교통하중=+0.007, 과거 보수이력=-0.061, 보수 후 경과기간=-0.018]",64.21836455812094,위험,"주요원인=동결융해 | 동결융해=100.0점 (14일 13회) | 누적강수=18.0점 (7일 9.1mm, 14일 17.8mm) | 하수관로 노후도=44.2점 (30년 이상 비율 44.2%) | 교통하중=79.4점 (ESAL 3291.0, 도시 중앙값 적용) | 300m 이내 확인된 보수이력 없음",0,,,,0.0,0.6040315364245082,0.696248318989472,-0.08492964696704859,0.09850479154862715,-0.007391001686411909,0.007281250748113266,-0.06072288933117835,-0.017788087188867548,62.13235294117647,하위 70%
R00267,36.007361,126.697422,군산 데모도로,군산시,1384801.76,612246.21,0.442118307244208,14.853572251212228,matched,0,,,,,0,266,2914-00,국도29호선,개정면-성산면(2914-00),7285.236778898107,3290.9867000000004,15555.0,0.0942109404788128,city_median,79.4299920661839,44.2118307244208,2025-12-31,13.0,100.0,9.050000000000008,17.75,17.960000000000008,0.0,35.0,4.490000000000002,8.84236614488416,15.88599841323678,64.21836455812094,62.13235294117647,일반,동결융해,"Logistic 위험순위 상위 37.9% | 주요 증가요인=동결융해 | 동결융해 14일 13회 | 7일 강수 9.1mm | 14일 강수 17.8mm | 하수관 노후비율 44.2% | ESAL 3291.0 (도시 중앙값) | 과거 300m 이내 보수이력 없음 | 모델기여도[동결융해=+0.696, 7일 누적강수=-0.085, 14일 누적강수=+0.099, 하수관로 노후도=-0.007, 교통하중=+0.007, 과거 보수이력=-0.061, 보수 후 경과기간=-0.018]",64.21836455812094,위험,"주요원인=동결융해 | 동결융해=100.0점 (14일 13회) | 누적강수=18.0점 (7일 9.1mm, 14일 17.8mm) | 하수관로 노후도=44.2점 (30년 이상 비율 44.2%) | 교통하중=79.4점 (ESAL 3291.0, 도시 중앙값 적용) | 300m 이내 확인된 보수이력 없음",0,,,,0.0,0.6040315364245082,0.696248318989472,-0.08492964696704859,0.09850479154862715,-0.007391001686411909,0.007281250748113266,-0.06072288933117835,-0.017788087188867548,62.13235294117647,하위 70%
R00266,36.004348,126.701511,군산 데모도로,군산시,1384801.76,612246.21,0.442118307244208,14.853572251212228,matched,0,,,,,0,265,2914-00,국도29호선,개정면-성산면(2914-00),6815.845987864946,3290.9867000000004,15555.0,0.0942109404788128,city_median,79.4299920661839,44.2118307244208,2025-12-31,13.0,100.0,9.050000000000008,17.75,17.960000000000008,0.0,35.0,4.490000000000002,8.84236614488416,15.88599841323678,64.21836455812094,62.13235294117647,일반,동결융해,"Logistic 위험순위 상위 37.9% | 주요 증가요인=동결융해 | 동결융해 14일 13회 | 7일 강수 9.1mm | 14일 강수 17.8mm | 하수관 노후비율 44.2% | ESAL 3291.0 (도시 중앙값) | 과거 300m 이내 보수이력 없음 | 모델기여도[동결융해=+0.696, 7일 누적강수=-0.085, 14일 누적강수=+0.099, 하수관로 노후도=-0.007, 교통하중=+0.007, 과거 보수이력=-0.061, 보수 후 경과기간=-0.018]",64.21836455812094,위험,"주요원인=동결융해 | 동결융해=100.0점 (14일 13회) | 누적강수=18.0점 (7일 9.1mm, 14일 17.8mm) | 하수관로 노후도=44.2점 (30년 이상 비율 44.2%) | 교통하중=79.4점 (ESAL 3291.0, 도시 중앙값 적용) | 300m 이내 확인된 보수이력 없음",0,,,,0.0,0.6040315364245082,0.696248318989472,-0.08492964696704859,0.09850479154862715,-0.007391001686411909,0.007281250748113266,-0.06072288933117835,-0.017788087188867548,62.13235294117647,하위 70%
R00265,36.000204,126.70455,군산 데모도로,군산시,1384801.76,612246.21,0.442118307244208,14.853572251212228,matched,0,,,,,0,264,2914-00,국도29호선,개정면-성산면(2914-00),6396.271029300008,3290.9867000000004,15555.0,0.0942109404788128,city_median,79.4299920661839,44.2118307244208,2025-12-31,13.0,100.0,9.050000000000008,17.75,17.960000000000008,0.0,35.0,4.490000000000002,8.84236614488416,15.88599841323678,64.21836455812094,62.13235294117647,일반,동결융해,"Logistic 위험순위 상위 37.9% | 주요 증가요인=동결융해 | 동결융해 14일 13회 | 7일 강수 9.1mm | 14일 강수 17.8mm | 하수관 노후비율 44.2% | ESAL 3291.0 (도시 중앙값) | 과거 300m 이내 보수이력 없음 | 모델기여도[동결융해=+0.696, 7일 누적강수=-0.085, 14일 누적강수=+0.099, 하수관로 노후도=-0.007, 교통하중=+0.007, 과거 보수이력=-0.061, 보수 후 경과기간=-0.018]",64.21836455812094,위험,"주요원인=동결융해 | 동결융해=100.0점 (14일 13회) | 누적강수=18.0점 (7일 9.1mm, 14일 17.8mm) | 하수관로 노후도=44.2점 (30년 이상 비율 44.2%) | 교통하중=79.4점 (ESAL 3291.0, 도시 중앙값 적용) | 300m 이내 확인된 보수이력 없음",0,,,,0.0,0.6040315364245082,0.696248318989472,-0.08492964696704859,0.09850479154862715,-0.007391001686411909,0.007281250748113266,-0.06072288933117835,-0.017788087188867548,62.13235294117647,하위 70%
R00264,35.997116,126.706867,군산 데모도로,군산시,1384801.76,612246.21,0.442118307244208,14.853572251212228,matched,0,,,,,0,263,2914-00,국도29호선,개정면-성산면(2914-00),6090.943521044514,3290.9867000000004,15555.0,0.0942109404788128,city_median,79.4299920661839,44.2118307244208,2025-12-31,13.0,100.0,9.050000000000008,17.75,17.960000000000008,0.0,35.0,4.490000000000002,8.84236614488416,15.88599841323678,64.21836455812094,62.13235294117647,일반,동결융해,"Logistic 위험순위 상위 37.9% | 주요 증가요인=동결융해 | 동결융해 14일 13회 | 7일 강수 9.1mm | 14일 강수 17.8mm | 하수관 노후비율 44.2% | ESAL 3291.0 (도시 중앙값) | 과거 300m 이내 보수이력 없음 | 모델기여도[동결융해=+0.696, 7일 누적강수=-0.085, 14일 누적강수=+0.099, 하수관로 노후도=-0.007, 교통하중=+0.007, 과거 보수이력=-0.061, 보수 후 경과기간=-0.018]",64.21836455812094,위험,"주요원인=동결융해 | 동결융해=100.0점 (14일 13회) | 누적강수=18.0점 (7일 9.1mm, 14일 17.8mm) | 하수관로 노후도=44.2점 (30년 이상 비율 44.2%) | 교통하중=79.4점 (ESAL 3291.0, 도시 중앙값 적용) | 300m 이내 확인된 보수이력 없음",0,,,,0.0,0.6040315364245082,0.696248318989472,-0.08492964696704859,0.09850479154862715,-0.007391001686411909,0.007281250748113266,-0.06072288933117835,-0.017788087188867548,62.13235294117647,하위 70%
R00263,35.993332,126.711143,군산 데모도로,군산시,1384801.76,612246.21,0.442118307244208,14.853572251212228,matched,0,,,,,0,262,2914-00,국도29호선,개정면-성산면(2914-00),5607.5195729781,3290.9867000000004,15555.0,0.0942109404788128,city_median,79.4299920661839,44.2118307244208,2025-12-31,13.0,100.0,9.050000000000008,17.75,17.960000000000008,0.0,35.0,4.490000000000002,8.84236614488416,15.88599841323678,64.21836455812094,62.13235294117647,일반,동결융해,"Logistic 위험순위 상위 37.9% | 주요 증가요인=동결융해 | 동결융해 14일 13회 | 7일 강수 9.1mm | 14일 강수 17.8mm | 하수관 노후비율 44.2% | ESAL 3291.0 (도시 중앙값) | 과거 300m 이내 보수이력 없음 | 모델기여도[동결융해=+0.696, 7일 누적강수=-0.085, 14일 누적강수=+0.099, 하수관로 노후도=-0.007, 교통하중=+0.007, 과거 보수이력=-0.061, 보수 후 경과기간=-0.018]",64.21836455812094,위험,"주요원인=동결융해 | 동결융해=100.0점 (14일 13회) | 누적강수=18.0점 (7일 9.1mm, 14일 17.8mm) | 하수관로 노후도=44.2점 (30년 이상 비율 44.2%) | 교통하중=79.4점 (ESAL 3291.0, 도시 중앙값 적용) | 300m 이내 확인된 보수이력 없음",0,,,,0.0,0.6040315364245082,0.696248318989472,-0.08492964696704859,0.09850479154862715,-0.007391001686411909,0.007281250748113266,-0.06072288933117835,-0.017788087188867548,62.13235294117647,하위 70%
R00262,35.990055,126.714701,군산 데모도로,군산시,1384801.76,612246.21,0.442118307244208,14.853572251212228,matched,0,,,,,0,261,2914-00,국도29호선,개정면-성산면(2914-00),5215.853858667174,3290.9867000000004,15555.0,0.0942109404788128,city_median,79.4299920661839,44.2118307244208,2025-12-31,13.0,100.0,9.050000000000008,17.75,17.960000000000008,0.0,35.0,4.490000000000002,8.84236614488416,15.88599841323678,64.21836455812094,62.13235294117647,일반,동결융해,"Logistic 위험순위 상위 37.9% | 주요 증가요인=동결융해 | 동결융해 14일 13회 | 7일 강수 9.1mm | 14일 강수 17.8mm | 하수관 노후비율 44.2% | ESAL 3291.0 (도시 중앙값) | 과거 300m 이내 보수이력 없음 | 모델기여도[동결융해=+0.696, 7일 누적강수=-0.085, 14일 누적강수=+0.099, 하수관로 노후도=-0.007, 교통하중=+0.007, 과거 보수이력=-0.061, 보수 후 경과기간=-0.018]",64.21836455812094,위험,"주요원인=동결융해 | 동결융해=100.0점 (14일 13회) | 누적강수=18.0점 (7일 9.1mm, 14일 17.8mm) | 하수관로 노후도=44.2점 (30년 이상 비율 44.2%) | 교통하중=79.4점 (ESAL 3291.0, 도시 중앙값 적용) | 300m 이내 확인된 보수이력 없음",0,,,,0.0,0.6040315364245082,0.696248318989472,-0.08492964696704859,0.09850479154862715,-0.007391001686411909,0.007281250748113266,-0.06072288933117835,-0.017788087188867548,62.13235294117647,하위 70%
R00260,35.98186,126.721273,군산 데모도로,군산시,1384801.76,612246.21,0.442118307244208,14.853572251212228,matched,0,,,,,0,259,2914-00,국도29호선,개정면-성산면(2914-00),4529.239739053672,3290.9867000000004,15555.0,0.0942109404788128,city_median,79.4299920661839,44.2118307244208,2025-12-31,13.0,100.0,9.050000000000008,17.75,17.960000000000008,0.0,35.0,4.490000000000002,8.84236614488416,15.88599841323678,64.21836455812094,62.13235294117647,일반,동결융해,"Logistic 위험순위 상위 37.9% | 주요 증가요인=동결융해 | 동결융해 14일 13회 | 7일 강수 9.1mm | 14일 강수 17.8mm | 하수관 노후비율 44.2% | ESAL 3291.0 (도시 중앙값) | 과거 300m 이내 보수이력 없음 | 모델기여도[동결융해=+0.696, 7일 누적강수=-0.085, 14일 누적강수=+0.099, 하수관로 노후도=-0.007, 교통하중=+0.007, 과거 보수이력=-0.061, 보수 후 경과기간=-0.018]",64.21836455812094,위험,"주요원인=동결융해 | 동결융해=100.0점 (14일 13회) | 누적강수=18.0점 (7일 9.1mm, 14일 17.8mm) | 하수관로 노후도=44.2점 (30년 이상 비율 44.2%) | 교통하중=79.4점 (ESAL 3291.0, 도시 중앙값 적용) | 300m 이내 확인된 보수이력 없음",0,,,,0.0,0.6040315364245082,0.696248318989472,-0.08492964696704859,0.09850479154862715,-0.007391001686411909,0.007281250748113266,-0.06072288933117835,-0.017788087188867548,62.13235294117647,하위 70%
R00259,35.978728,126.724062,군산 데모도로,군산시,1384801.76,612246.21,0.442118307244208,14.853572251212228,matched,0,,,,,0,258,2914-00,국도29호선,개정면-성산면(2914-00),4285.528264112313,3290.9867000000004,15555.0,0.0942109404788128,city_median,79.4299920661839,44.2118307244208,2025-12-31,13.0,100.0,9.050000000000008,17.75,17.960000000000008,0.0,35.0,4.490000000000002,8.84236614488416,15.88599841323678,64.21836455812094,62.13235294117647,일반,동결융해,"Logistic 위험순위 상위 37.9% | 주요 증가요인=동결융해 | 동결융해 14일 13회 | 7일 강수 9.1mm | 14일 강수 17.8mm | 하수관 노후비율 44.2% | ESAL 3291.0 (도시 중앙값) | 과거 300m 이내 보수이력 없음 | 모델기여도[동결융해=+0.696, 7일 누적강수=-0.085, 14일 누적강수=+0.099, 하수관로 노후도=-0.007, 교통하중=+0.007, 과거 보수이력=-0.061, 보수 후 경과기간=-0.018]",64.21836455812094,위험,"주요원인=동결융해 | 동결융해=100.0점 (14일 13회) | 누적강수=18.0점 (7일 9.1mm, 14일 17.8mm) | 하수관로 노후도=44.2점 (30년 이상 비율 44.2%) | 교통하중=79.4점 (ESAL 3291.0, 도시 중앙값 적용) | 300m 이내 확인된 보수이력 없음",0,,,,0.0,0.6040315364245082,0.696248318989472,-0.08492964696704859,0.09850479154862715,-0.007391001686411909,0.007281250748113266,-0.06072288933117835,-0.017788087188867548,62.13235294117647,하위 70%
R00258,35.976324,126.729322,군산 데모도로,군산시,1384801.76,612246.21,0.442118307244208,14.853572251212228,matched,0,,,,,0,257,2914-00,국도29호선,개정면-성산면(2914-00),3840.877828328474,3290.9867000000004,15555.0,0.0942109404788128,city_median,79.4299920661839,44.2118307244208,2025-12-31,13.0,100.0,9.050000000000008,17.75,17.960000000000008,0.0,35.0,4.490000000000002,8.84236614488416,15.88599841323678,64.21836455812094,62.13235294117647,일반,동결융해,"Logistic 위험순위 상위 37.9% | 주요 증가요인=동결융해 | 동결융해 14일 13회 | 7일 강수 9.1mm | 14일 강수 17.8mm | 하수관 노후비율 44.2% | ESAL 3291.0 (도시 중앙값) | 과거 300m 이내 보수이력 없음 | 모델기여도[동결융해=+0.696, 7일 누적강수=-0.085, 14일 누적강수=+0.099, 하수관로 노후도=-0.007, 교통하중=+0.007, 과거 보수이력=-0.061, 보수 후 경과기간=-0.018]",64.21836455812094,위험,"주요원인=동결융해 | 동결융해=100.0점 (14일 13회) | 누적강수=18.0점 (7일 9.1mm, 14일 17.8mm) | 하수관로 노후도=44.2점 (30년 이상 비율 44.2%) | 교통하중=79.4점 (ESAL 3291.0, 도시 중앙값 적용) | 300m 이내 확인된 보수이력 없음",0,,,,0.0,0.6040315364245082,0.696248318989472,-0.08492964696704859,0.09850479154862715,-0.007391001686411909,0.007281250748113266,-0.06072288933117835,-0.017788087188867548,62.13235294117647,하위 70%
R00257,35.972303,126.731918,군산 데모도로,군산시,1384801.76,612246.21,0.442118307244208,14.853572251212228,matched,0,,,,,0,256,2914-00,국도29호선,개정면-성산면(2914-00),3701.7623616562846,3290.9867000000004,15555.0,0.0942109404788128,city_median,79.4299920661839,44.2118307244208,2025-12-31,13.0,100.0,9.050000000000008,17.75,17.960000000000008,0.0,35.0,4.490000000000002,8.84236614488416,15.88599841323678,64.21836455812094,62.13235294117647,일반,동결융해,"Logistic 위험순위 상위 37.9% | 주요 증가요인=동결융해 | 동결융해 14일 13회 | 7일 강수 9.1mm | 14일 강수 17.8mm | 하수관 노후비율 44.2% | ESAL 3291.0 (도시 중앙값) | 과거 300m 이내 보수이력 없음 | 모델기여도[동결융해=+0.696, 7일 누적강수=-0.085, 14일 누적강수=+0.099, 하수관로 노후도=-0.007, 교통하중=+0.007, 과거 보수이력=-0.061, 보수 후 경과기간=-0.018]",64.21836455812094,위험,"주요원인=동결융해 | 동결융해=100.0점 (14일 13회) | 누적강수=18.0점 (7일 9.1mm, 14일 17.8mm) | 하수관로 노후도=44.2점 (30년 이상 비율 44.2%) | 교통하중=79.4점 (ESAL 3291.0, 도시 중앙값 적용) | 300m 이내 확인된 보수이력 없음",0,,,,0.0,0.6040315364245082,0.696248318989472,-0.08492964696704859,0.09850479154862715,-0.007391001686411909,0.007281250748113266,-0.06072288933117835,-0.017788087188867548,62.13235294117647,하위 70%
R00240,35.916094,126.790185,군산 데모도로,군산시,1384801.76,612246.21,0.442118307244208,14.853572251212228,matched,0,,,,,0,239,2914-00,국도29호선,개정면-성산면(2914-00),7417.246314670008,3290.9867000000004,15555.0,0.0942109404788128,city_median,79.4299920661839,44.2118307244208,2025-12-31,13.0,100.0,9.050000000000008,17.75,17.960000000000008,0.0,35.0,4.490000000000002,8.84236614488416,15.88599841323678,64.21836455812094,62.13235294117647,일반,동결융해,"Logistic 위험순위 상위 37.9% | 주요 증가요인=동결융해 | 동결융해 14일 13회 | 7일 강수 9.1mm | 14일 강수 17.8mm | 하수관 노후비율 44.2% | ESAL 3291.0 (도시 중앙값) | 과거 300m 이내 보수이력 없음 | 모델기여도[동결융해=+0.696, 7일 누적강수=-0.085, 14일 누적강수=+0.099, 하수관로 노후도=-0.007, 교통하중=+0.007, 과거 보수이력=-0.061, 보수 후 경과기간=-0.018]",64.21836455812094,위험,"주요원인=동결융해 | 동결융해=100.0점 (14일 13회) | 누적강수=18.0점 (7일 9.1mm, 14일 17.8mm) | 하수관로 노후도=44.2점 (30년 이상 비율 44.2%) | 교통하중=79.4점 (ESAL 3291.0, 도시 중앙값 적용) | 300m 이내 확인된 보수이력 없음",0,,,,0.0,0.6040315364245082,0.696248318989472,-0.08492964696704859,0.09850479154862715,-0.007391001686411909,0.007281250748113266,-0.06072288933117835,-0.017788087188867548,62.13235294117647,하위 70%
R00239,35.911523,126.793331,군산 데모도로,군산시,1384801.76,612246.21,0.442118307244208,14.853572251212228,matched,0,,,,,0,238,2914-00,국도29호선,개정면-성산면(2914-00),7977.939325419296,3290.9867000000004,15555.0,0.0942109404788128,city_median,79.4299920661839,44.2118307244208,2025-12-31,13.0,100.0,9.050000000000008,17.75,17.960000000000008,0.0,35.0,4.490000000000002,8.84236614488416,15.88599841323678,64.21836455812094,62.13235294117647,일반,동결융해,"Logistic 위험순위 상위 37.9% | 주요 증가요인=동결융해 | 동결융해 14일 13회 | 7일 강수 9.1mm | 14일 강수 17.8mm | 하수관 노후비율 44.2% | ESAL 3291.0 (도시 중앙값) | 과거 300m 이내 보수이력 없음 | 모델기여도[동결융해=+0.696, 7일 누적강수=-0.085, 14일 누적강수=+0.099, 하수관로 노후도=-0.007, 교통하중=+0.007, 과거 보수이력=-0.061, 보수 후 경과기간=-0.018]",64.21836455812094,위험,"주요원인=동결융해 | 동결융해=100.0점 (14일 13회) | 누적강수=18.0점 (7일 9.1mm, 14일 17.8mm) | 하수관로 노후도=44.2점 (30년 이상 비율 44.2%) | 교통하중=79.4점 (ESAL 3291.0, 도시 중앙값 적용) | 300m 이내 확인된 보수이력 없음",0,,,,0.0,0.6040315364245082,0.696248318989472,-0.08492964696704859,0.09850479154862715,-0.007391001686411909,0.007281250748113266,-0.06072288933117835,-0.017788087188867548,62.13235294117647,하위 70%
R00238,36.046844,126.737173,군산 데모도로,군산시,1384801.76,612246.21,0.442118307244208,14.853572251212228,matched,0,,,,,0,237,2914-00,국도29호선,개정면-성산면(2914-00),7941.189659231886,3290.9867000000004,15555.0,0.0942109404788128,city_median,79.4299920661839,44.2118307244208,2025-12-31,13.0,100.0,9.050000000000008,17.75,17.960000000000008,0.0,35.0,4.490000000000002,8.84236614488416,15.88599841323678,64.21836455812094,62.13235294117647,일반,동결융해,"Logistic 위험순위 상위 37.9% | 주요 증가요인=동결융해 | 동결융해 14일 13회 | 7일 강수 9.1mm | 14일 강수 17.8mm | 하수관 노후비율 44.2% | ESAL 3291.0 (도시 중앙값) | 과거 300m 이내 보수이력 없음 | 모델기여도[동결융해=+0.696, 7일 누적강수=-0.085, 14일 누적강수=+0.099, 하수관로 노후도=-0.007, 교통하중=+0.007, 과거 보수이력=-0.061, 보수 후 경과기간=-0.018]",64.21836455812094,위험,"주요원인=동결융해 | 동결융해=100.0점 (14일 13회) | 누적강수=18.0점 (7일 9.1mm, 14일 17.8mm) | 하수관로 노후도=44.2점 (30년 이상 비율 44.2%) | 교통하중=79.4점 (ESAL 3291.0, 도시 중앙값 적용) | 300m 이내 확인된 보수이력 없음",0,,,,0.0,0.6040315364245082,0.696248318989472,-0.08492964696704859,0.09850479154862715,-0.007391001686411909,0.007281250748113266,-0.06072288933117835,-0.017788087188867548,62.13235294117647,하위 70%
R00237,36.043414,126.736115,군산 데모도로,군산시,1384801.76,612246.21,0.442118307244208,14.853572251212228,matched,0,,,,,0,236,2914-00,국도29호선,개정면-성산면(2914-00),7630.774643099893,3290.9867000000004,15555.0,0.0942109404788128,city_median,79.4299920661839,44.2118307244208,2025-12-31,13.0,100.0,9.050000000000008,17.75,17.960000000000008,0.0,35.0,4.490000000000002,8.84236614488416,15.88599841323678,64.21836455812094,62.13235294117647,일반,동결융해,"Logistic 위험순위 상위 37.9% | 주요 증가요인=동결융해 | 동결융해 14일 13회 | 7일 강수 9.1mm | 14일 강수 17.8mm | 하수관 노후비율 44.2% | ESAL 3291.0 (도시 중앙값) | 과거 300m 이내 보수이력 없음 | 모델기여도[동결융해=+0.696, 7일 누적강수=-0.085, 14일 누적강수=+0.099, 하수관로 노후도=-0.007, 교통하중=+0.007, 과거 보수이력=-0.061, 보수 후 경과기간=-0.018]",64.21836455812094,위험,"주요원인=동결융해 | 동결융해=100.0점 (14일 13회) | 누적강수=18.0점 (7일 9.1mm, 14일 17.8mm) | 하수관로 노후도=44.2점 (30년 이상 비율 44.2%) | 교통하중=79.4점 (ESAL 3291.0, 도시 중앙값 적용) | 300m 이내 확인된 보수이력 없음",0,,,,0.0,0.6040315364245082,0.696248318989472,-0.08492964696704859,0.09850479154862715,-0.007391001686411909,0.007281250748113266,-0.06072288933117835,-0.017788087188867548,62.13235294117647,하위 70%
R00236,36.038076,126.735261,군산 데모도로,군산시,1384801.76,612246.21,0.442118307244208,14.853572251212228,matched,0,,,,,0,235,2914-00,국도29호선,개정면-성산면(2914-00),7130.9050173079,3290.9867000000004,15555.0,0.0942109404788128,city_median,79.4299920661839,44.2118307244208,2025-12-31,13.0,100.0,9.050000000000008,17.75,17.960000000000008,0.0,35.0,4.490000000000002,8.84236614488416,15.88599841323678,64.21836455812094,62.13235294117647,일반,동결융해,"Logistic 위험순위 상위 37.9% | 주요 증가요인=동결융해 | 동결융해 14일 13회 | 7일 강수 9.1mm | 14일 강수 17.8mm | 하수관 노후비율 44.2% | ESAL 3291.0 (도시 중앙값) | 과거 300m 이내 보수이력 없음 | 모델기여도[동결융해=+0.696, 7일 누적강수=-0.085, 14일 누적강수=+0.099, 하수관로 노후도=-0.007, 교통하중=+0.007, 과거 보수이력=-0.061, 보수 후 경과기간=-0.018]",64.21836455812094,위험,"주요원인=동결융해 | 동결융해=100.0점 (14일 13회) | 누적강수=18.0점 (7일 9.1mm, 14일 17.8mm) | 하수관로 노후도=44.2점 (30년 이상 비율 44.2%) | 교통하중=79.4점 (ESAL 3291.0, 도시 중앙값 적용) | 300m 이내 확인된 보수이력 없음",0,,,,0.0,0.6040315364245082,0.696248318989472,-0.08492964696704859,0.09850479154862715,-0.007391001686411909,0.007281250748113266,-0.06072288933117835,-0.017788087188867548,62.13235294117647,하위 70%
R00234,36.028437,126.737377,군산 데모도로,군산시,1384801.76,612246.21,0.442118307244208,14.853572251212228,matched,0,,,,,0,233,2914-00,국도29호선,개정면-성산면(2914-00),6099.690062068903,3290.9867000000004,15555.0,0.0942109404788128,city_median,79.4299920661839,44.2118307244208,2025-12-31,13.0,100.0,9.050000000000008,17.75,17.960000000000008,0.0,35.0,4.490000000000002,8.84236614488416,15.88599841323678,64.21836455812094,62.13235294117647,일반,동결융해,"Logistic 위험순위 상위 37.9% | 주요 증가요인=동결융해 | 동결융해 14일 13회 | 7일 강수 9.1mm | 14일 강수 17.8mm | 하수관 노후비율 44.2% | ESAL 3291.0 (도시 중앙값) | 과거 300m 이내 보수이력 없음 | 모델기여도[동결융해=+0.696, 7일 누적강수=-0.085, 14일 누적강수=+0.099, 하수관로 노후도=-0.007, 교통하중=+0.007, 과거 보수이력=-0.061, 보수 후 경과기간=-0.018]",64.21836455812094,위험,"주요원인=동결융해 | 동결융해=100.0점 (14일 13회) | 누적강수=18.0점 (7일 9.1mm, 14일 17.8mm) | 하수관로 노후도=44.2점 (30년 이상 비율 44.2%) | 교통하중=79.4점 (ESAL 3291.0, 도시 중앙값 적용) | 300m 이내 확인된 보수이력 없음",0,,,,0.0,0.6040315364245082,0.696248318989472,-0.08492964696704859,0.09850479154862715,-0.007391001686411909,0.007281250748113266,-0.06072288933117835,-0.017788087188867548,62.13235294117647,하위 70%
R00233,36.02333,126.735904,군산 데모도로,군산시,1384801.76,612246.21,0.442118307244208,14.853572251212228,matched,0,,,,,0,232,2914-00,국도29호선,개정면-성산면(2914-00),5690.522861004656,3290.9867000000004,15555.0,0.0942109404788128,city_median,79.4299920661839,44.2118307244208,2025-12-31,13.0,100.0,9.050000000000008,17.75,17.960000000000008,0.0,35.0,4.490000000000002,8.84236614488416,15.88599841323678,64.21836455812094,62.13235294117647,일반,동결융해,"Logistic 위험순위 상위 37.9% | 주요 증가요인=동결융해 | 동결융해 14일 13회 | 7일 강수 9.1mm | 14일 강수 17.8mm | 하수관 노후비율 44.2% | ESAL 3291.0 (도시 중앙값) | 과거 300m 이내 보수이력 없음 | 모델기여도[동결융해=+0.696, 7일 누적강수=-0.085, 14일 누적강수=+0.099, 하수관로 노후도=-0.007, 교통하중=+0.007, 과거 보수이력=-0.061, 보수 후 경과기간=-0.018]",64.21836455812094,위험,"주요원인=동결융해 | 동결융해=100.0점 (14일 13회) | 누적강수=18.0점 (7일 9.1mm, 14일 17.8mm) | 하수관로 노후도=44.2점 (30년 이상 비율 44.2%) | 교통하중=79.4점 (ESAL 3291.0, 도시 중앙값 적용) | 300m 이내 확인된 보수이력 없음",0,,,,0.0,0.6040315364245082,0.696248318989472,-0.08492964696704859,0.09850479154862715,-0.007391001686411909,0.007281250748113266,-0.06072288933117835,-0.017788087188867548,62.13235294117647,하위 70%
R00232,36.019374,126.737064,군산 데모도로,군산시,1384801.76,612246.21,0.442118307244208,14.853572251212228,matched,0,,,,,0,231,2914-00,국도29호선,개정면-성산면(2914-00),5271.01631092832,3290.9867000000004,15555.0,0.0942109404788128,city_median,79.4299920661839,44.2118307244208,2025-12-31,13.0,100.0,9.050000000000008,17.75,17.960000000000008,0.0,35.0,4.490000000000002,8.84236614488416,15.88599841323678,64.21836455812094,62.13235294117647,일반,동결융해,"Logistic 위험순위 상위 37.9% | 주요 증가요인=동결융해 | 동결융해 14일 13회 | 7일 강수 9.1mm | 14일 강수 17.8mm | 하수관 노후비율 44.2% | ESAL 3291.0 (도시 중앙값) | 과거 300m 이내 보수이력 없음 | 모델기여도[동결융해=+0.696, 7일 누적강수=-0.085, 14일 누적강수=+0.099, 하수관로 노후도=-0.007, 교통하중=+0.007, 과거 보수이력=-0.061, 보수 후 경과기간=-0.018]",64.21836455812094,위험,"주요원인=동결융해 | 동결융해=100.0점 (14일 13회) | 누적강수=18.0점 (7일 9.1mm, 14일 17.8mm) | 하수관로 노후도=44.2점 (30년 이상 비율 44.2%) | 교통하중=79.4점 (ESAL 3291.0, 도시 중앙값 적용) | 300m 이내 확인된 보수이력 없음",0,,,,0.0,0.6040315364245082,0.696248318989472,-0.08492964696704859,0.09850479154862715,-0.007391001686411909,0.007281250748113266,-0.06072288933117835,-0.017788087188867548,62.13235294117647,하위 70%
R00231,36.01351,126.737731,군산 데모도로,군산시,1384801.76,612246.21,0.442118307244208,14.853572251212228,matched,0,,,,,0,230,2914-00,국도29호선,개정면-성산면(2914-00),4720.940392521492,3290.9867000000004,15555.0,0.0942109404788128,city_median,79.4299920661839,44.2118307244208,2025-12-31,13.0,100.0,9.050000000000008,17.75,17.960000000000008,0.0,35.0,4.490000000000002,8.84236614488416,15.88599841323678,64.21836455812094,62.13235294117647,일반,동결융해,"Logistic 위험순위 상위 37.9% | 주요 증가요인=동결융해 | 동결융해 14일 13회 | 7일 강수 9.1mm | 14일 강수 17.8mm | 하수관 노후비율 44.2% | ESAL 3291.0 (도시 중앙값) | 과거 300m 이내 보수이력 없음 | 모델기여도[동결융해=+0.696, 7일 누적강수=-0.085, 14일 누적강수=+0.099, 하수관로 노후도=-0.007, 교통하중=+0.007, 과거 보수이력=-0.061, 보수 후 경과기간=-0.018]",64.21836455812094,위험,"주요원인=동결융해 | 동결융해=100.0점 (14일 13회) | 누적강수=18.0점 (7일 9.1mm, 14일 17.8mm) | 하수관로 노후도=44.2점 (30년 이상 비율 44.2%) | 교통하중=79.4점 (ESAL 3291.0, 도시 중앙값 적용) | 300m 이내 확인된 보수이력 없음",0,,,,0.0,0.6040315364245082,0.696248318989472,-0.08492964696704859,0.09850479154862715,-0.007391001686411909,0.007281250748113266,-0.06072288933117835,-0.017788087188867548,62.13235294117647,하위 70%
R00230,36.008837,126.73561,군산 데모도로,군산시,1384801.76,612246.21,0.442118307244208,14.853572251212228,matched,0,,,,,0,229,2914-00,국도29호선,개정면-성산면(2914-00),4473.203734643379,3290.9867000000004,15555.0,0.0942109404788128,city_median,79.4299920661839,44.2118307244208,2025-12-31,13.0,100.0,9.050000000000008,17.75,17.960000000000008,0.0,35.0,4.490000000000002,8.84236614488416,15.88599841323678,64.21836455812094,62.13235294117647,일반,동결융해,"Logistic 위험순위 상위 37.9% | 주요 증가요인=동결융해 | 동결융해 14일 13회 | 7일 강수 9.1mm | 14일 강수 17.8mm | 하수관 노후비율 44.2% | ESAL 3291.0 (도시 중앙값) | 과거 300m 이내 보수이력 없음 | 모델기여도[동결융해=+0.696, 7일 누적강수=-0.085, 14일 누적강수=+0.099, 하수관로 노후도=-0.007, 교통하중=+0.007, 과거 보수이력=-0.061, 보수 후 경과기간=-0.018]",64.21836455812094,위험,"주요원인=동결융해 | 동결융해=100.0점 (14일 13회) | 누적강수=18.0점 (7일 9.1mm, 14일 17.8mm) | 하수관로 노후도=44.2점 (30년 이상 비율 44.2%) | 교통하중=79.4점 (ESAL 3291.0, 도시 중앙값 적용) | 300m 이내 확인된 보수이력 없음",0,,,,0.0,0.6040315364245082,0.696248318989472,-0.08492964696704859,0.09850479154862715,-0.007391001686411909,0.007281250748113266,-0.06072288933117835,-0.017788087188867548,62.13235294117647,하위 70%
R00229,36.004741,126.735496,군산 데모도로,군산시,1384801.76,612246.21,0.442118307244208,14.853572251212228,matched,0,,,,,0,228,2914-00,국도29호선,개정면-성산면(2914-00),4180.023199942589,3290.9867000000004,15555.0,0.0942109404788128,city_median,79.4299920661839,44.2118307244208,2025-12-31,13.0,100.0,9.050000000000008,17.75,17.960000000000008,0.0,35.0,4.490000000000002,8.84236614488416,15.88599841323678,64.21836455812094,62.13235294117647,일반,동결융해,"Logistic 위험순위 상위 37.9% | 주요 증가요인=동결융해 | 동결융해 14일 13회 | 7일 강수 9.1mm | 14일 강수 17.8mm | 하수관 노후비율 44.2% | ESAL 3291.0 (도시 중앙값) | 과거 300m 이내 보수이력 없음 | 모델기여도[동결융해=+0.696, 7일 누적강수=-0.085, 14일 누적강수=+0.099, 하수관로 노후도=-0.007, 교통하중=+0.007, 과거 보수이력=-0.061, 보수 후 경과기간=-0.018]",64.21836455812094,위험,"주요원인=동결융해 | 동결융해=100.0점 (14일 13회) | 누적강수=18.0점 (7일 9.1mm, 14일 17.8mm) | 하수관로 노후도=44.2점 (30년 이상 비율 44.2%) | 교통하중=79.4점 (ESAL 3291.0, 도시 중앙값 적용) | 300m 이내 확인된 보수이력 없음",0,,,,0.0,0.6040315364245082,0.696248318989472,-0.08492964696704859,0.09850479154862715,-0.007391001686411909,0.007281250748113266,-0.06072288933117835,-0.017788087188867548,62.13235294117647,하위 70%
R00228,35.999874,126.736942,군산 데모도로,군산시,1384801.76,612246.21,0.442118307244208,14.853572251212228,matched,0,,,,,0,227,2914-00,국도29호선,개정면-성산면(2914-00),3753.689081179818,3290.9867000000004,15555.0,0.0942109404788128,city_median,79.4299920661839,44.2118307244208,2025-12-31,13.0,100.0,9.050000000000008,17.75,17.960000000000008,0.0,35.0,4.490000000000002,8.84236614488416,15.88599841323678,64.21836455812094,62.13235294117647,일반,동결융해,"Logistic 위험순위 상위 37.9% | 주요 증가요인=동결융해 | 동결융해 14일 13회 | 7일 강수 9.1mm | 14일 강수 17.8mm | 하수관 노후비율 44.2% | ESAL 3291.0 (도시 중앙값) | 과거 300m 이내 보수이력 없음 | 모델기여도[동결융해=+0.696, 7일 누적강수=-0.085, 14일 누적강수=+0.099, 하수관로 노후도=-0.007, 교통하중=+0.007, 과거 보수이력=-0.061, 보수 후 경과기간=-0.018]",64.21836455812094,위험,"주요원인=동결융해 | 동결융해=100.0점 (14일 13회) | 누적강수=18.0점 (7일 9.1mm, 14일 17.8mm) | 하수관로 노후도=44.2점 (30년 이상 비율 44.2%) | 교통하중=79.4점 (ESAL 3291.0, 도시 중앙값 적용) | 300m 이내 확인된 보수이력 없음",0,,,,0.0,0.6040315364245082,0.696248318989472,-0.08492964696704859,0.09850479154862715,-0.007391001686411909,0.007281250748113266,-0.06072288933117835,-0.017788087188867548,62.13235294117647,하위 70%
R00227,35.994827,126.737227,군산 데모도로,군산시,1384801.76,612246.21,0.442118307244208,14.853572251212228,matched,0,,,,,0,226,2914-00,국도29호선,개정면-성산면(2914-00),3449.7678377646407,3290.9867000000004,15555.0,0.0942109404788128,city_median,79.4299920661839,44.2118307244208,2025-12-31,13.0,100.0,9.050000000000008,17.75,17.960000000000008,0.0,35.0,4.490000000000002,8.84236614488416,15.88599841323678,64.21836455812094,62.13235294117647,일반,동결융해,"Logistic 위험순위 상위 37.9% | 주요 증가요인=동결융해 | 동결융해 14일 13회 | 7일 강수 9.1mm | 14일 강수 17.8mm | 하수관 노후비율 44.2% | ESAL 3291.0 (도시 중앙값) | 과거 300m 이내 보수이력 없음 | 모델기여도[동결융해=+0.696, 7일 누적강수=-0.085, 14일 누적강수=+0.099, 하수관로 노후도=-0.007, 교통하중=+0.007, 과거 보수이력=-0.061, 보수 후 경과기간=-0.018]",64.21836455812094,위험,"주요원인=동결융해 | 동결융해=100.0점 (14일 13회) | 누적강수=18.0점 (7일 9.1mm, 14일 17.8mm) | 하수관로 노후도=44.2점 (30년 이상 비율 44.2%) | 교통하중=79.4점 (ESAL 3291.0, 도시 중앙값 적용) | 300m 이내 확인된 보수이력 없음",0,,,,0.0,0.6040315364245082,0.696248318989472,-0.08492964696704859,0.09850479154862715,-0.007391001686411909,0.007281250748113266,-0.06072288933117835,-0.017788087188867548,62.13235294117647,하위 70%
R00226,35.989253,126.735337,군산 데모도로,군산시,1384801.76,612246.21,0.442118307244208,14.853572251212228,matched,0,,,,,0,225,2914-00,국도29호선,개정면-성산면(2914-00),3386.9830981440145,3290.9867000000004,15555.0,0.0942109404788128,city_median,79.4299920661839,44.2118307244208,2025-12-31,13.0,100.0,9.050000000000008,17.75,17.960000000000008,0.0,35.0,4.490000000000002,8.84236614488416,15.88599841323678,64.21836455812094,62.13235294117647,일반,동결융해,"Logistic 위험순위 상위 37.9% | 주요 증가요인=동결융해 | 동결융해 14일 13회 | 7일 강수 9.1mm | 14일 강수 17.8mm | 하수관 노후비율 44.2% | ESAL 3291.0 (도시 중앙값) | 과거 300m 이내 보수이력 없음 | 모델기여도[동결융해=+0.696, 7일 누적강수=-0.085, 14일 누적강수=+0.099, 하수관로 노후도=-0.007, 교통하중=+0.007, 과거 보수이력=-0.061, 보수 후 경과기간=-0.018]",64.21836455812094,위험,"주요원인=동결융해 | 동결융해=100.0점 (14일 13회) | 누적강수=18.0점 (7일 9.1mm, 14일 17.8mm) | 하수관로 노후도=44.2점 (30년 이상 비율 44.2%) | 교통하중=79.4점 (ESAL 3291.0, 도시 중앙값 적용) | 300m 이내 확인된 보수이력 없음",0,,,,0.0,0.6040315364245082,0.696248318989472,-0.08492964696704859,0.09850479154862715,-0.007391001686411909,0.007281250748113266,-0.06072288933117835,-0.017788087188867548,62.13235294117647,하위 70%
R00225,35.984812,126.735449,군산 데모도로,군산시,1384801.76,612246.21,0.442118307244208,14.853572251212228,matched,0,,,,,0,224,2914-00,국도29호선,개정면-성산면(2914-00),3279.159853133666,3290.9867000000004,15555.0,0.0942109404788128,city_median,79.4299920661839,44.2118307244208,2025-12-31,13.0,100.0,9.050000000000008,17.75,17.960000000000008,0.0,35.0,4.490000000000002,8.84236614488416,15.88599841323678,64.21836455812094,62.13235294117647,일반,동결융해,"Logistic 위험순위 상위 37.9% | 주요 증가요인=동결융해 | 동결융해 14일 13회 | 7일 강수 9.1mm | 14일 강수 17.8mm | 하수관 노후비율 44.2% | ESAL 3291.0 (도시 중앙값) | 과거 300m 이내 보수이력 없음 | 모델기여도[동결융해=+0.696, 7일 누적강수=-0.085, 14일 누적강수=+0.099, 하수관로 노후도=-0.007, 교통하중=+0.007, 과거 보수이력=-0.061, 보수 후 경과기간=-0.018]",64.21836455812094,위험,"주요원인=동결융해 | 동결융해=100.0점 (14일 13회) | 누적강수=18.0점 (7일 9.1mm, 14일 17.8mm) | 하수관로 노후도=44.2점 (30년 이상 비율 44.2%) | 교통하중=79.4점 (ESAL 3291.0, 도시 중앙값 적용) | 300m 이내 확인된 보수이력 없음",0,,,,0.0,0.6040315364245082,0.696248318989472,-0.08492964696704859,0.09850479154862715,-0.007391001686411909,0.007281250748113266,-0.06072288933117835,-0.017788087188867548,62.13235294117647,하위 70%
R00256,35.970267,126.735865,군산 데모도로,군산시,1384801.76,612246.21,0.442118307244208,14.853572251212228,matched,0,,,,,0,255,2914-00,국도29호선,개정면-성산면(2914-00),3433.0926787122107,3290.9867000000004,15555.0,0.0942109404788128,city_median,79.4299920661839,44.2118307244208,2025-12-31,13.0,100.0,9.050000000000008,17.75,17.960000000000008,0.0,35.0,4.490000000000002,8.84236614488416,15.88599841323678,64.21836455812094,62.13235294117647,일반,동결융해,"Logistic 위험순위 상위 37.9% | 주요 증가요인=동결융해 | 동결융해 14일 13회 | 7일 강수 9.1mm | 14일 강수 17.8mm | 하수관 노후비율 44.2% | ESAL 3291.0 (도시 중앙값) | 과거 300m 이내 보수이력 없음 | 모델기여도[동결융해=+0.696, 7일 누적강수=-0.085, 14일 누적강수=+0.099, 하수관로 노후도=-0.007, 교통하중=+0.007, 과거 보수이력=-0.061, 보수 후 경과기간=-0.018]",64.21836455812094,위험,"주요원인=동결융해 | 동결융해=100.0점 (14일 13회) | 누적강수=18.0점 (7일 9.1mm, 14일 17.8mm) | 하수관로 노후도=44.2점 (30년 이상 비율 44.2%) | 교통하중=79.4점 (ESAL 3291.0, 도시 중앙값 적용) | 300m 이내 확인된 보수이력 없음",0,,,,0.0,0.6040315364245082,0.696248318989472,-0.08492964696704859,0.09850479154862715,-0.007391001686411909,0.007281250748113266,-0.06072288933117835,-0.017788087188867548,62.13235294117647,하위 70%
R00254,35.963515,126.742837,군산 데모도로,군산시,1384801.76,612246.21,0.442118307244208,14.853572251212228,matched,0,,,,,0,253,2914-00,국도29호선,개정면-성산면(2914-00),3242.607097838757,3290.9867000000004,15555.0,0.0942109404788128,city_median,79.4299920661839,44.2118307244208,2025-12-31,13.0,100.0,9.050000000000008,17.75,17.960000000000008,0.0,35.0,4.490000000000002,8.84236614488416,15.88599841323678,64.21836455812094,62.13235294117647,일반,동결융해,"Logistic 위험순위 상위 37.9% | 주요 증가요인=동결융해 | 동결융해 14일 13회 | 7일 강수 9.1mm | 14일 강수 17.8mm | 하수관 노후비율 44.2% | ESAL 3291.0 (도시 중앙값) | 과거 300m 이내 보수이력 없음 | 모델기여도[동결융해=+0.696, 7일 누적강수=-0.085, 14일 누적강수=+0.099, 하수관로 노후도=-0.007, 교통하중=+0.007, 과거 보수이력=-0.061, 보수 후 경과기간=-0.018]",64.21836455812094,위험,"주요원인=동결융해 | 동결융해=100.0점 (14일 13회) | 누적강수=18.0점 (7일 9.1mm, 14일 17.8mm) | 하수관로 노후도=44.2점 (30년 이상 비율 44.2%) | 교통하중=79.4점 (ESAL 3291.0, 도시 중앙값 적용) | 300m 이내 확인된 보수이력 없음",0,,,,0.0,0.6040315364245082,0.696248318989472,-0.08492964696704859,0.09850479154862715,-0.007391001686411909,0.007281250748113266,-0.06072288933117835,-0.017788087188867548,62.13235294117647,하위 70%
R00253,35.959922,126.746219,군산 데모도로,군산시,1384801.76,612246.21,0.442118307244208,14.853572251212228,matched,0,,,,,0,252,2914-00,국도29호선,개정면-성산면(2914-00),3279.039288483852,3290.9867000000004,15555.0,0.0942109404788128,city_median,79.4299920661839,44.2118307244208,2025-12-31,13.0,100.0,9.050000000000008,17.75,17.960000000000008,0.0,35.0,4.490000000000002,8.84236614488416,15.88599841323678,64.21836455812094,62.13235294117647,일반,동결융해,"Logistic 위험순위 상위 37.9% | 주요 증가요인=동결융해 | 동결융해 14일 13회 | 7일 강수 9.1mm | 14일 강수 17.8mm | 하수관 노후비율 44.2% | ESAL 3291.0 (도시 중앙값) | 과거 300m 이내 보수이력 없음 | 모델기여도[동결융해=+0.696, 7일 누적강수=-0.085, 14일 누적강수=+0.099, 하수관로 노후도=-0.007, 교통하중=+0.007, 과거 보수이력=-0.061, 보수 후 경과기간=-0.018]",64.21836455812094,위험,"주요원인=동결융해 | 동결융해=100.0점 (14일 13회) | 누적강수=18.0점 (7일 9.1mm, 14일 17.8mm) | 하수관로 노후도=44.2점 (30년 이상 비율 44.2%) | 교통하중=79.4점 (ESAL 3291.0, 도시 중앙값 적용) | 300m 이내 확인된 보수이력 없음",0,,,,0.0,0.6040315364245082,0.696248318989472,-0.08492964696704859,0.09850479154862715,-0.007391001686411909,0.007281250748113266,-0.06072288933117835,-0.017788087188867548,62.13235294117647,하위 70%
R00252,35.955896,126.749596,군산 데모도로,군산시,1384801.76,612246.21,0.442118307244208,14.853572251212228,matched,0,,,,,0,251,2914-00,국도29호선,개정면-성산면(2914-00),3429.754060575054,3290.9867000000004,15555.0,0.0942109404788128,city_median,79.4299920661839,44.2118307244208,2025-12-31,13.0,100.0,9.050000000000008,17.75,17.960000000000008,0.0,35.0,4.490000000000002,8.84236614488416,15.88599841323678,64.21836455812094,62.13235294117647,일반,동결융해,"Logistic 위험순위 상위 37.9% | 주요 증가요인=동결융해 | 동결융해 14일 13회 | 7일 강수 9.1mm | 14일 강수 17.8mm | 하수관 노후비율 44.2% | ESAL 3291.0 (도시 중앙값) | 과거 300m 이내 보수이력 없음 | 모델기여도[동결융해=+0.696, 7일 누적강수=-0.085, 14일 누적강수=+0.099, 하수관로 노후도=-0.007, 교통하중=+0.007, 과거 보수이력=-0.061, 보수 후 경과기간=-0.018]",64.21836455812094,위험,"주요원인=동결융해 | 동결융해=100.0점 (14일 13회) | 누적강수=18.0점 (7일 9.1mm, 14일 17.8mm) | 하수관로 노후도=44.2점 (30년 이상 비율 44.2%) | 교통하중=79.4점 (ESAL 3291.0, 도시 중앙값 적용) | 300m 이내 확인된 보수이력 없음",0,,,,0.0,0.6040315364245082,0.696248318989472,-0.08492964696704859,0.09850479154862715,-0.007391001686411909,0.007281250748113266,-0.06072288933117835,-0.017788087188867548,62.13235294117647,하위 70%
R00251,35.952319,126.752702,군산 데모도로,군산시,1384801.76,612246.21,0.442118307244208,14.853572251212228,matched,0,,,,,0,250,2914-00,국도29호선,개정면-성산면(2914-00),3622.1907037174046,3290.9867000000004,15555.0,0.0942109404788128,city_median,79.4299920661839,44.2118307244208,2025-12-31,13.0,100.0,9.050000000000008,17.75,17.960000000000008,0.0,35.0,4.490000000000002,8.84236614488416,15.88599841323678,64.21836455812094,62.13235294117647,일반,동결융해,"Logistic 위험순위 상위 37.9% | 주요 증가요인=동결융해 | 동결융해 14일 13회 | 7일 강수 9.1mm | 14일 강수 17.8mm | 하수관 노후비율 44.2% | ESAL 3291.0 (도시 중앙값) | 과거 300m 이내 보수이력 없음 | 모델기여도[동결융해=+0.696, 7일 누적강수=-0.085, 14일 누적강수=+0.099, 하수관로 노후도=-0.007, 교통하중=+0.007, 과거 보수이력=-0.061, 보수 후 경과기간=-0.018]",64.21836455812094,위험,"주요원인=동결융해 | 동결융해=100.0점 (14일 13회) | 누적강수=18.0점 (7일 9.1mm, 14일 17.8mm) | 하수관로 노후도=44.2점 (30년 이상 비율 44.2%) | 교통하중=79.4점 (ESAL 3291.0, 도시 중앙값 적용) | 300m 이내 확인된 보수이력 없음",0,,,,0.0,0.6040315364245082,0.696248318989472,-0.08492964696704859,0.09850479154862715,-0.007391001686411909,0.007281250748113266,-0.06072288933117835,-0.017788087188867548,62.13235294117647,하위 70%
R00250,35.948556,126.755141,군산 데모도로,군산시,1384801.76,612246.21,0.442118307244208,14.853572251212228,matched,0,,,,,0,249,2914-00,국도29호선,개정면-성산면(2914-00),3908.108945448206,3290.9867000000004,15555.0,0.0942109404788128,city_median,79.4299920661839,44.2118307244208,2025-12-31,13.0,100.0,9.050000000000008,17.75,17.960000000000008,0.0,35.0,4.490000000000002,8.84236614488416,15.88599841323678,64.21836455812094,62.13235294117647,일반,동결융해,"Logistic 위험순위 상위 37.9% | 주요 증가요인=동결융해 | 동결융해 14일 13회 | 7일 강수 9.1mm | 14일 강수 17.8mm | 하수관 노후비율 44.2% | ESAL 3291.0 (도시 중앙값) | 과거 300m 이내 보수이력 없음 | 모델기여도[동결융해=+0.696, 7일 누적강수=-0.085, 14일 누적강수=+0.099, 하수관로 노후도=-0.007, 교통하중=+0.007, 과거 보수이력=-0.061, 보수 후 경과기간=-0.018]",64.21836455812094,위험,"주요원인=동결융해 | 동결융해=100.0점 (14일 13회) | 누적강수=18.0점 (7일 9.1mm, 14일 17.8mm) | 하수관로 노후도=44.2점 (30년 이상 비율 44.2%) | 교통하중=79.4점 (ESAL 3291.0, 도시 중앙값 적용) | 300m 이내 확인된 보수이력 없음",0,,,,0.0,0.6040315364245082,0.696248318989472,-0.08492964696704859,0.09850479154862715,-0.007391001686411909,0.007281250748113266,-0.06072288933117835,-0.017788087188867548,62.13235294117647,하위 70%
R00249,35.945551,126.758944,군산 데모도로,군산시,1384801.76,612246.21,0.442118307244208,14.853572251212228,matched,0,,,,,0,248,2914-00,국도29호선,개정면-성산면(2914-00),4111.571025119835,3290.9867000000004,15555.0,0.0942109404788128,city_median,79.4299920661839,44.2118307244208,2025-12-31,13.0,100.0,9.050000000000008,17.75,17.960000000000008,0.0,35.0,4.490000000000002,8.84236614488416,15.88599841323678,64.21836455812094,62.13235294117647,일반,동결융해,"Logistic 위험순위 상위 37.9% | 주요 증가요인=동결융해 | 동결융해 14일 13회 | 7일 강수 9.1mm | 14일 강수 17.8mm | 하수관 노후비율 44.2% | ESAL 3291.0 (도시 중앙값) | 과거 300m 이내 보수이력 없음 | 모델기여도[동결융해=+0.696, 7일 누적강수=-0.085, 14일 누적강수=+0.099, 하수관로 노후도=-0.007, 교통하중=+0.007, 과거 보수이력=-0.061, 보수 후 경과기간=-0.018]",64.21836455812094,위험,"주요원인=동결융해 | 동결융해=100.0점 (14일 13회) | 누적강수=18.0점 (7일 9.1mm, 14일 17.8mm) | 하수관로 노후도=44.2점 (30년 이상 비율 44.2%) | 교통하중=79.4점 (ESAL 3291.0, 도시 중앙값 적용) | 300m 이내 확인된 보수이력 없음",0,,,,0.0,0.6040315364245082,0.696248318989472,-0.08492964696704859,0.09850479154862715,-0.007391001686411909,0.007281250748113266,-0.06072288933117835,-0.017788087188867548,62.13235294117647,하위 70%
R00248,35.941796,126.761985,군산 데모도로,군산시,1384801.76,612246.21,0.442118307244208,14.853572251212228,matched,0,,,,,0,247,2914-00,국도29호선,개정면-성산면(2914-00),4453.075638564583,3290.9867000000004,15555.0,0.0942109404788128,city_median,79.4299920661839,44.2118307244208,2025-12-31,13.0,100.0,9.050000000000008,17.75,17.960000000000008,0.0,35.0,4.490000000000002,8.84236614488416,15.88599841323678,64.21836455812094,62.13235294117647,일반,동결융해,"Logistic 위험순위 상위 37.9% | 주요 증가요인=동결융해 | 동결융해 14일 13회 | 7일 강수 9.1mm | 14일 강수 17.8mm | 하수관 노후비율 44.2% | ESAL 3291.0 (도시 중앙값) | 과거 300m 이내 보수이력 없음 | 모델기여도[동결융해=+0.696, 7일 누적강수=-0.085, 14일 누적강수=+0.099, 하수관로 노후도=-0.007, 교통하중=+0.007, 과거 보수이력=-0.061, 보수 후 경과기간=-0.018]",64.21836455812094,위험,"주요원인=동결융해 | 동결융해=100.0점 (14일 13회) | 누적강수=18.0점 (7일 9.1mm, 14일 17.8mm) | 하수관로 노후도=44.2점 (30년 이상 비율 44.2%) | 교통하중=79.4점 (ESAL 3291.0, 도시 중앙값 적용) | 300m 이내 확인된 보수이력 없음",0,,,,0.0,0.6040315364245082,0.696248318989472,-0.08492964696704859,0.09850479154862715,-0.007391001686411909,0.007281250748113266,-0.06072288933117835,-0.017788087188867548,62.13235294117647,하위 70%
R00247,35.938556,126.764753,군산 데모도로,군산시,1384801.76,612246.21,0.442118307244208,14.853572251212228,matched,0,,,,,0,246,2914-00,국도29호선,개정면-성산면(2914-00),4768.442601521113,3290.9867000000004,15555.0,0.0942109404788128,city_median,79.4299920661839,44.2118307244208,2025-12-31,13.0,100.0,9.050000000000008,17.75,17.960000000000008,0.0,35.0,4.490000000000002,8.84236614488416,15.88599841323678,64.21836455812094,62.13235294117647,일반,동결융해,"Logistic 위험순위 상위 37.9% | 주요 증가요인=동결융해 | 동결융해 14일 13회 | 7일 강수 9.1mm | 14일 강수 17.8mm | 하수관 노후비율 44.2% | ESAL 3291.0 (도시 중앙값) | 과거 300m 이내 보수이력 없음 | 모델기여도[동결융해=+0.696, 7일 누적강수=-0.085, 14일 누적강수=+0.099, 하수관로 노후도=-0.007, 교통하중=+0.007, 과거 보수이력=-0.061, 보수 후 경과기간=-0.018]",64.21836455812094,위험,"주요원인=동결융해 | 동결융해=100.0점 (14일 13회) | 누적강수=18.0점 (7일 9.1mm, 14일 17.8mm) | 하수관로 노후도=44.2점 (30년 이상 비율 44.2%) | 교통하중=79.4점 (ESAL 3291.0, 도시 중앙값 적용) | 300m 이내 확인된 보수이력 없음",0,,,,0.0,0.6040315364245082,0.696248318989472,-0.08492964696704859,0.09850479154862715,-0.007391001686411909,0.007281250748113266,-0.06072288933117835,-0.017788087188867548,62.13235294117647,하위 70%
R00246,35.934975,126.769475,군산 데모도로,군산시,1384801.76,612246.21,0.442118307244208,14.853572251212228,matched,0,,,,,0,245,2914-00,국도29호선,개정면-성산면(2914-00),5130.208664520273,3290.9867000000004,15555.0,0.0942109404788128,city_median,79.4299920661839,44.2118307244208,2025-12-31,13.0,100.0,9.050000000000008,17.75,17.960000000000008,0.0,35.0,4.490000000000002,8.84236614488416,15.88599841323678,64.21836455812094,62.13235294117647,일반,동결융해,"Logistic 위험순위 상위 37.9% | 주요 증가요인=동결융해 | 동결융해 14일 13회 | 7일 강수 9.1mm | 14일 강수 17.8mm | 하수관 노후비율 44.2% | ESAL 3291.0 (도시 중앙값) | 과거 300m 이내 보수이력 없음 | 모델기여도[동결융해=+0.696, 7일 누적강수=-0.085, 14일 누적강수=+0.099, 하수관로 노후도=-0.007, 교통하중=+0.007, 과거 보수이력=-0.061, 보수 후 경과기간=-0.018]",64.21836455812094,위험,"주요원인=동결융해 | 동결융해=100.0점 (14일 13회) | 누적강수=18.0점 (7일 9.1mm, 14일 17.8mm) | 하수관로 노후도=44.2점 (30년 이상 비율 44.2%) | 교통하중=79.4점 (ESAL 3291.0, 도시 중앙값 적용) | 300m 이내 확인된 보수이력 없음",0,,,,0.0,0.6040315364245082,0.696248318989472,-0.08492964696704859,0.09850479154862715,-0.007391001686411909,0.007281250748113266,-0.06072288933117835,-0.017788087188867548,62.13235294117647,하위 70%
R00245,35.931662,126.771881,군산 데모도로,군산시,1384801.76,612246.21,0.442118307244208,14.853572251212228,matched,0,,,,,0,244,2914-00,국도29호선,개정면-성산면(2914-00),5495.089091961286,3290.9867000000004,15555.0,0.0942109404788128,city_median,79.4299920661839,44.2118307244208,2025-12-31,13.0,100.0,9.050000000000008,17.75,17.960000000000008,0.0,35.0,4.490000000000002,8.84236614488416,15.88599841323678,64.21836455812094,62.13235294117647,일반,동결융해,"Logistic 위험순위 상위 37.9% | 주요 증가요인=동결융해 | 동결융해 14일 13회 | 7일 강수 9.1mm | 14일 강수 17.8mm | 하수관 노후비율 44.2% | ESAL 3291.0 (도시 중앙값) | 과거 300m 이내 보수이력 없음 | 모델기여도[동결융해=+0.696, 7일 누적강수=-0.085, 14일 누적강수=+0.099, 하수관로 노후도=-0.007, 교통하중=+0.007, 과거 보수이력=-0.061, 보수 후 경과기간=-0.018]",64.21836455812094,위험,"주요원인=동결융해 | 동결융해=100.0점 (14일 13회) | 누적강수=18.0점 (7일 9.1mm, 14일 17.8mm) | 하수관로 노후도=44.2점 (30년 이상 비율 44.2%) | 교통하중=79.4점 (ESAL 3291.0, 도시 중앙값 적용) | 300m 이내 확인된 보수이력 없음",0,,,,0.0,0.6040315364245082,0.696248318989472,-0.08492964696704859,0.09850479154862715,-0.007391001686411909,0.007281250748113266,-0.06072288933117835,-0.017788087188867548,62.13235294117647,하위 70%
R00244,35.927264,126.77607,군산 데모도로,군산시,1384801.76,612246.21,0.442118307244208,14.853572251212228,matched,0,,,,,0,243,2914-00,국도29호선,개정면-성산면(2914-00),5997.577192522326,3290.9867000000004,15555.0,0.0942109404788128,city_median,79.4299920661839,44.2118307244208,2025-12-31,13.0,100.0,9.050000000000008,17.75,17.960000000000008,0.0,35.0,4.490000000000002,8.84236614488416,15.88599841323678,64.21836455812094,62.13235294117647,일반,동결융해,"Logistic 위험순위 상위 37.9% | 주요 증가요인=동결융해 | 동결융해 14일 13회 | 7일 강수 9.1mm | 14일 강수 17.8mm | 하수관 노후비율 44.2% | ESAL 3291.0 (도시 중앙값) | 과거 300m 이내 보수이력 없음 | 모델기여도[동결융해=+0.696, 7일 누적강수=-0.085, 14일 누적강수=+0.099, 하수관로 노후도=-0.007, 교통하중=+0.007, 과거 보수이력=-0.061, 보수 후 경과기간=-0.018]",64.21836455812094,위험,"주요원인=동결융해 | 동결융해=100.0점 (14일 13회) | 누적강수=18.0점 (7일 9.1mm, 14일 17.8mm) | 하수관로 노후도=44.2점 (30년 이상 비율 44.2%) | 교통하중=79.4점 (ESAL 3291.0, 도시 중앙값 적용) | 300m 이내 확인된 보수이력 없음",0,,,,0.0,0.6040315364245082,0.696248318989472,-0.08492964696704859,0.09850479154862715,-0.007391001686411909,0.007281250748113266,-0.06072288933117835,-0.017788087188867548,62.13235294117647,하위 70%
R00243,35.925042,126.779721,군산 데모도로,군산시,1384801.76,612246.21,0.442118307244208,14.853572251212228,matched,0,,,,,0,242,2914-00,국도29호선,개정면-성산면(2914-00),6273.871661094761,3290.9867000000004,15555.0,0.0942109404788128,city_median,79.4299920661839,44.2118307244208,2025-12-31,13.0,100.0,9.050000000000008,17.75,17.960000000000008,0.0,35.0,4.490000000000002,8.84236614488416,15.88599841323678,64.21836455812094,62.13235294117647,일반,동결융해,"Logistic 위험순위 상위 37.9% | 주요 증가요인=동결융해 | 동결융해 14일 13회 | 7일 강수 9.1mm | 14일 강수 17.8mm | 하수관 노후비율 44.2% | ESAL 3291.0 (도시 중앙값) | 과거 300m 이내 보수이력 없음 | 모델기여도[동결융해=+0.696, 7일 누적강수=-0.085, 14일 누적강수=+0.099, 하수관로 노후도=-0.007, 교통하중=+0.007, 과거 보수이력=-0.061, 보수 후 경과기간=-0.018]",64.21836455812094,위험,"주요원인=동결융해 | 동결융해=100.0점 (14일 13회) | 누적강수=18.0점 (7일 9.1mm, 14일 17.8mm) | 하수관로 노후도=44.2점 (30년 이상 비율 44.2%) | 교통하중=79.4점 (ESAL 3291.0, 도시 중앙값 적용) | 300m 이내 확인된 보수이력 없음",0,,,,0.0,0.6040315364245082,0.696248318989472,-0.08492964696704859,0.09850479154862715,-0.007391001686411909,0.007281250748113266,-0.06072288933117835,-0.017788087188867548,62.13235294117647,하위 70%
R00242,35.921216,126.78377,군산 데모도로,군산시,1384801.76,612246.21,0.442118307244208,14.853572251212228,matched,0,,,,,0,241,2914-00,국도29호선,개정면-성산면(2914-00),6746.112050905183,3290.9867000000004,15555.0,0.0942109404788128,city_median,79.4299920661839,44.2118307244208,2025-12-31,13.0,100.0,9.050000000000008,17.75,17.960000000000008,0.0,35.0,4.490000000000002,8.84236614488416,15.88599841323678,64.21836455812094,62.13235294117647,일반,동결융해,"Logistic 위험순위 상위 37.9% | 주요 증가요인=동결융해 | 동결융해 14일 13회 | 7일 강수 9.1mm | 14일 강수 17.8mm | 하수관 노후비율 44.2% | ESAL 3291.0 (도시 중앙값) | 과거 300m 이내 보수이력 없음 | 모델기여도[동결융해=+0.696, 7일 누적강수=-0.085, 14일 누적강수=+0.099, 하수관로 노후도=-0.007, 교통하중=+0.007, 과거 보수이력=-0.061, 보수 후 경과기간=-0.018]",64.21836455812094,위험,"주요원인=동결융해 | 동결융해=100.0점 (14일 13회) | 누적강수=18.0점 (7일 9.1mm, 14일 17.8mm) | 하수관로 노후도=44.2점 (30년 이상 비율 44.2%) | 교통하중=79.4점 (ESAL 3291.0, 도시 중앙값 적용) | 300m 이내 확인된 보수이력 없음",0,,,,0.0,0.6040315364245082,0.696248318989472,-0.08492964696704859,0.09850479154862715,-0.007391001686411909,0.007281250748113266,-0.06072288933117835,-0.017788087188867548,62.13235294117647,하위 70%
R00241,35.917537,126.786675,군산 데모도로,군산시,1384801.76,612246.21,0.442118307244208,14.853572251212228,matched,0,,,,,0,240,2914-00,국도29호선,개정면-성산면(2914-00),7194.788408552398,3290.9867000000004,15555.0,0.0942109404788128,city_median,79.4299920661839,44.2118307244208,2025-12-31,13.0,100.0,9.050000000000008,17.75,17.960000000000008,0.0,35.0,4.490000000000002,8.84236614488416,15.88599841323678,64.21836455812094,62.13235294117647,일반,동결융해,"Logistic 위험순위 상위 37.9% | 주요 증가요인=동결융해 | 동결융해 14일 13회 | 7일 강수 9.1mm | 14일 강수 17.8mm | 하수관 노후비율 44.2% | ESAL 3291.0 (도시 중앙값) | 과거 300m 이내 보수이력 없음 | 모델기여도[동결융해=+0.696, 7일 누적강수=-0.085, 14일 누적강수=+0.099, 하수관로 노후도=-0.007, 교통하중=+0.007, 과거 보수이력=-0.061, 보수 후 경과기간=-0.018]",64.21836455812094,위험,"주요원인=동결융해 | 동결융해=100.0점 (14일 13회) | 누적강수=18.0점 (7일 9.1mm, 14일 17.8mm) | 하수관로 노후도=44.2점 (30년 이상 비율 44.2%) | 교통하중=79.4점 (ESAL 3291.0, 도시 중앙값 적용) | 300m 이내 확인된 보수이력 없음",0,,,,0.0,0.6040315364245082,0.696248318989472,-0.08492964696704859,0.09850479154862715,-0.007391001686411909,0.007281250748113266,-0.06072288933117835,-0.017788087188867548,62.13235294117647,하위 70%
R00611,35.623332,126.908436,정읍 데모도로,정읍시,845508.0,326882.92,0.3866112680187532,9.4307279162049,matched,0,,,,,0,610,0115-01,국도1호선,정읍시-태인면(0115-01),818.3677758408774,1950.6952,24234.0,0.0348271024180902,nearest_station,70.46515873560128,38.66112680187532,2025-12-31,13.0,100.0,0.0,8.97,3.5880000000000005,0.0,35.0,0.8970000000000001,7.732225360375065,14.093031747120255,57.72225710749532,54.19117647058823,일반,동결융해,"Logistic 위험순위 상위 45.8% | 주요 증가요인=동결융해 | 동결융해 14일 13회 | 7일 강수 0.0mm | 14일 강수 9.0mm | 하수관 노후비율 38.7% | ESAL 1950.7 (실제 조사점 0.8km) | 과거 300m 이내 보수이력 없음 | 모델기여도[동결융해=+0.696, 7일 누적강수=-0.264, 14일 누적강수=+0.198, 하수관로 노후도=+0.003, 교통하중=+0.001, 과거 보수이력=-0.061, 보수 후 경과기간=-0.018]",57.72225710749532,위험,"주요원인=동결융해 | 동결융해=100.0점 (14일 13회) | 누적강수=3.6점 (7일 0.0mm, 14일 9.0mm) | 하수관로 노후도=38.7점 (30년 이상 비율 38.7%) | 교통하중=70.5점 (ESAL 1950.7, 0.8km 이내 실제 조사점 적용) | 300m 이내 확인된 보수이력 없음",0,,,,0.0,0.5858063276945458,0.696248318989472,-0.2641455745468213,0.19750546345590905,0.0034172125813376917,0.0010520178022160984,-0.06072288933117835,-0.017788087188867548,54.19117647058823,하위 70%
R00612,35.625395,126.911783,정읍 데모도로,정읍시,845508.0,326882.92,0.3866112680187532,9.4307279162049,matched,0,,,,,0,611,0115-01,국도1호선,정읍시-태인면(0115-01),879.7244256117885,1950.6952,24234.0,0.0348271024180902,nearest_station,70.46515873560128,38.66112680187532,2025-12-31,13.0,100.0,0.0,8.97,3.5880000000000005,0.0,35.0,0.8970000000000001,7.732225360375065,14.093031747120255,57.72225710749532,54.19117647058823,일반,동결융해,"Logistic 위험순위 상위 45.8% | 주요 증가요인=동결융해 | 동결융해 14일 13회 | 7일 강수 0.0mm | 14일 강수 9.0mm | 하수관 노후비율 38.7% | ESAL 1950.7 (실제 조사점 0.9km) | 과거 300m 이내 보수이력 없음 | 모델기여도[동결융해=+0.696, 7일 누적강수=-0.264, 14일 누적강수=+0.198, 하수관로 노후도=+0.003, 교통하중=+0.001, 과거 보수이력=-0.061, 보수 후 경과기간=-0.018]",57.72225710749532,위험,"주요원인=동결융해 | 동결융해=100.0점 (14일 13회) | 누적강수=3.6점 (7일 0.0mm, 14일 9.0mm) | 하수관로 노후도=38.7점 (30년 이상 비율 38.7%) | 교통하중=70.5점 (ESAL 1950.7, 0.9km 이내 실제 조사점 적용) | 300m 이내 확인된 보수이력 없음",0,,,,0.0,0.5858063276945458,0.696248318989472,-0.2641455745468213,0.19750546345590905,0.0034172125813376917,0.0010520178022160984,-0.06072288933117835,-0.017788087188867548,54.19117647058823,하위 70%
R00606,35.606236,126.893335,정읍 데모도로,정읍시,845508.0,326882.92,0.3866112680187532,9.4307279162049,matched,0,,,,,0,605,0115-01,국도1호선,정읍시-태인면(0115-01),2740.2220025858387,1950.6952,24234.0,0.0348271024180902,nearest_station,70.46515873560128,38.66112680187532,2025-12-31,13.0,100.0,0.0,8.97,3.5880000000000005,0.0,35.0,0.8970000000000001,7.732225360375065,14.093031747120255,57.72225710749532,54.19117647058823,일반,동결융해,"Logistic 위험순위 상위 45.8% | 주요 증가요인=동결융해 | 동결융해 14일 13회 | 7일 강수 0.0mm | 14일 강수 9.0mm | 하수관 노후비율 38.7% | ESAL 1950.7 (실제 조사점 2.7km) | 과거 300m 이내 보수이력 없음 | 모델기여도[동결융해=+0.696, 7일 누적강수=-0.264, 14일 누적강수=+0.198, 하수관로 노후도=+0.003, 교통하중=+0.001, 과거 보수이력=-0.061, 보수 후 경과기간=-0.018]",57.72225710749532,위험,"주요원인=동결융해 | 동결융해=100.0점 (14일 13회) | 누적강수=3.6점 (7일 0.0mm, 14일 9.0mm) | 하수관로 노후도=38.7점 (30년 이상 비율 38.7%) | 교통하중=70.5점 (ESAL 1950.7, 2.7km 이내 실제 조사점 적용) | 300m 이내 확인된 보수이력 없음",0,,,,0.0,0.5858063276945458,0.696248318989472,-0.2641455745468213,0.19750546345590905,0.0034172125813376917,0.0010520178022160984,-0.06072288933117835,-0.017788087188867548,54.19117647058823,하위 70%
R00607,35.609827,126.896187,정읍 데모도로,정읍시,845508.0,326882.92,0.3866112680187532,9.4307279162049,matched,0,,,,,0,606,0115-01,국도1호선,정읍시-태인면(0115-01),2280.471940125334,1950.6952,24234.0,0.0348271024180902,nearest_station,70.46515873560128,38.66112680187532,2025-12-31,13.0,100.0,0.0,8.97,3.5880000000000005,0.0,35.0,0.8970000000000001,7.732225360375065,14.093031747120255,57.72225710749532,54.19117647058823,일반,동결융해,"Logistic 위험순위 상위 45.8% | 주요 증가요인=동결융해 | 동결융해 14일 13회 | 7일 강수 0.0mm | 14일 강수 9.0mm | 하수관 노후비율 38.7% | ESAL 1950.7 (실제 조사점 2.3km) | 과거 300m 이내 보수이력 없음 | 모델기여도[동결융해=+0.696, 7일 누적강수=-0.264, 14일 누적강수=+0.198, 하수관로 노후도=+0.003, 교통하중=+0.001, 과거 보수이력=-0.061, 보수 후 경과기간=-0.018]",57.72225710749532,위험,"주요원인=동결융해 | 동결융해=100.0점 (14일 13회) | 누적강수=3.6점 (7일 0.0mm, 14일 9.0mm) | 하수관로 노후도=38.7점 (30년 이상 비율 38.7%) | 교통하중=70.5점 (ESAL 1950.7, 2.3km 이내 실제 조사점 적용) | 300m 이내 확인된 보수이력 없음",0,,,,0.0,0.5858063276945458,0.696248318989472,-0.2641455745468213,0.19750546345590905,0.0034172125813376917,0.0010520178022160984,-0.06072288933117835,-0.017788087188867548,54.19117647058823,하위 70%
R00609,35.615869,126.902275,정읍 데모도로,정읍시,845508.0,326882.92,0.3866112680187532,9.4307279162049,matched,0,,,,,0,608,0115-01,국도1호선,정읍시-태인면(0115-01),1516.0236478708605,1950.6952,24234.0,0.0348271024180902,nearest_station,70.46515873560128,38.66112680187532,2025-12-31,13.0,100.0,0.0,8.97,3.5880000000000005,0.0,35.0,0.8970000000000001,7.732225360375065,14.093031747120255,57.72225710749532,54.19117647058823,일반,동결융해,"Logistic 위험순위 상위 45.8% | 주요 증가요인=동결융해 | 동결융해 14일 13회 | 7일 강수 0.0mm | 14일 강수 9.0mm | 하수관 노후비율 38.7% | ESAL 1950.7 (실제 조사점 1.5km) | 과거 300m 이내 보수이력 없음 | 모델기여도[동결융해=+0.696, 7일 누적강수=-0.264, 14일 누적강수=+0.198, 하수관로 노후도=+0.003, 교통하중=+0.001, 과거 보수이력=-0.061, 보수 후 경과기간=-0.018]",57.72225710749532,위험,"주요원인=동결융해 | 동결융해=100.0점 (14일 13회) | 누적강수=3.6점 (7일 0.0mm, 14일 9.0mm) | 하수관로 노후도=38.7점 (30년 이상 비율 38.7%) | 교통하중=70.5점 (ESAL 1950.7, 1.5km 이내 실제 조사점 적용) | 300m 이내 확인된 보수이력 없음",0,,,,0.0,0.5858063276945458,0.696248318989472,-0.2641455745468213,0.19750546345590905,0.0034172125813376917,0.0010520178022160984,-0.06072288933117835,-0.017788087188867548,54.19117647058823,하위 70%
R00610,35.619172,126.905011,정읍 데모도로,정읍시,845508.0,326882.92,0.3866112680187532,9.4307279162049,matched,0,,,,,0,609,0115-01,국도1호선,정읍시-태인면(0115-01),1153.8557489228851,1950.6952,24234.0,0.0348271024180902,nearest_station,70.46515873560128,38.66112680187532,2025-12-31,13.0,100.0,0.0,8.97,3.5880000000000005,0.0,35.0,0.8970000000000001,7.732225360375065,14.093031747120255,57.72225710749532,54.19117647058823,일반,동결융해,"Logistic 위험순위 상위 45.8% | 주요 증가요인=동결융해 | 동결융해 14일 13회 | 7일 강수 0.0mm | 14일 강수 9.0mm | 하수관 노후비율 38.7% | ESAL 1950.7 (실제 조사점 1.2km) | 과거 300m 이내 보수이력 없음 | 모델기여도[동결융해=+0.696, 7일 누적강수=-0.264, 14일 누적강수=+0.198, 하수관로 노후도=+0.003, 교통하중=+0.001, 과거 보수이력=-0.061, 보수 후 경과기간=-0.018]",57.72225710749532,위험,"주요원인=동결융해 | 동결융해=100.0점 (14일 13회) | 누적강수=3.6점 (7일 0.0mm, 14일 9.0mm) | 하수관로 노후도=38.7점 (30년 이상 비율 38.7%) | 교통하중=70.5점 (ESAL 1950.7, 1.2km 이내 실제 조사점 적용) | 300m 이내 확인된 보수이력 없음",0,,,,0.0,0.5858063276945458,0.696248318989472,-0.2641455745468213,0.19750546345590905,0.0034172125813376917,0.0010520178022160984,-0.06072288933117835,-0.017788087188867548,54.19117647058823,하위 70%
R00545,35.569579,126.775467,정읍 데모도로,정읍시,845508.0,326882.92,0.3866112680187532,9.4307279162049,matched,0,,,,,0,544,2202-01,국도22호선,정읍IC-흥덕면(2202-01),2820.753821905211,1683.4776,11647.0,0.0672276122606679,nearest_station,67.94024398844432,38.66112680187532,2025-12-31,13.0,100.0,0.0,8.97,3.5880000000000005,0.0,35.0,0.8970000000000001,7.732225360375065,13.588048797688865,57.21727415806392,53.67647058823529,일반,동결융해,"Logistic 위험순위 상위 46.3% | 주요 증가요인=동결융해 | 동결융해 14일 13회 | 7일 강수 0.0mm | 14일 강수 9.0mm | 하수관 노후비율 38.7% | ESAL 1683.5 (실제 조사점 2.8km) | 과거 300m 이내 보수이력 없음 | 모델기여도[동결융해=+0.696, 7일 누적강수=-0.264, 14일 누적강수=+0.198, 하수관로 노후도=+0.003, 교통하중=-0.000, 과거 보수이력=-0.061, 보수 후 경과기간=-0.018]",57.21727415806392,위험,"주요원인=동결융해 | 동결융해=100.0점 (14일 13회) | 누적강수=3.6점 (7일 0.0mm, 14일 9.0mm) | 하수관로 노후도=38.7점 (30년 이상 비율 38.7%) | 교통하중=67.9점 (ESAL 1683.5, 2.8km 이내 실제 조사점 적용) | 300m 이내 확인된 보수이력 없음",0,,,,0.0,0.5855049548524742,0.696248318989472,-0.2641455745468213,0.19750546345590905,0.0034172125813376917,-0.00018992149057474005,-0.06072288933117835,-0.017788087188867548,53.67647058823529,하위 70%
R00616,35.503533,126.855597,정읍 데모도로,정읍시,845508.0,326882.92,0.3866112680187532,9.4307279162049,matched,0,,,,,0,615,2101-13,국도21호선,쌍치면-정읍시(2101-13),5445.343853806516,1150.0363,9688.5,0.0338430466812314,city_median,61.41042297962357,38.66112680187532,2025-12-31,13.0,100.0,0.0,8.97,3.5880000000000005,0.0,35.0,0.8970000000000001,7.732225360375065,12.282084595924715,55.911309956299775,47.205882352941174,일반,동결융해,"Logistic 위험순위 상위 52.8% | 주요 증가요인=동결융해 | 동결융해 14일 13회 | 7일 강수 0.0mm | 14일 강수 9.0mm | 하수관 노후비율 38.7% | ESAL 1150.0 (도시 중앙값) | 과거 300m 이내 보수이력 없음 | 모델기여도[동결융해=+0.696, 7일 누적강수=-0.264, 14일 누적강수=+0.198, 하수관로 노후도=+0.003, 교통하중=-0.003, 과거 보수이력=-0.061, 보수 후 경과기간=-0.018]",55.911309956299775,위험,"주요원인=동결융해 | 동결융해=100.0점 (14일 13회) | 누적강수=3.6점 (7일 0.0mm, 14일 9.0mm) | 하수관로 노후도=38.7점 (30년 이상 비율 38.7%) | 교통하중=61.4점 (ESAL 1150.0, 도시 중앙값 적용) | 300m 이내 확인된 보수이력 없음",0,,,,0.0,0.5849031388716117,0.696248318989472,-0.2641455745468213,0.19750546345590905,0.0034172125813376917,-0.0026691807566838026,-0.06072288933117835,-0.017788087188867548,47.205882352941174,하위 70%
R00614,35.494589,126.85642,정읍 데모도로,정읍시,845508.0,326882.92,0.3866112680187532,9.4307279162049,matched,0,,,,,0,613,2101-13,국도21호선,쌍치면-정읍시(2101-13),6331.724891761521,1150.0363,9688.5,0.0338430466812314,city_median,61.41042297962357,38.66112680187532,2025-12-31,13.0,100.0,0.0,8.97,3.5880000000000005,0.0,35.0,0.8970000000000001,7.732225360375065,12.282084595924715,55.911309956299775,47.205882352941174,일반,동결융해,"Logistic 위험순위 상위 52.8% | 주요 증가요인=동결융해 | 동결융해 14일 13회 | 7일 강수 0.0mm | 14일 강수 9.0mm | 하수관 노후비율 38.7% | ESAL 1150.0 (도시 중앙값) | 과거 300m 이내 보수이력 없음 | 모델기여도[동결융해=+0.696, 7일 누적강수=-0.264, 14일 누적강수=+0.198, 하수관로 노후도=+0.003, 교통하중=-0.003, 과거 보수이력=-0.061, 보수 후 경과기간=-0.018]",55.911309956299775,위험,"주요원인=동결융해 | 동결융해=100.0점 (14일 13회) | 누적강수=3.6점 (7일 0.0mm, 14일 9.0mm) | 하수관로 노후도=38.7점 (30년 이상 비율 38.7%) | 교통하중=61.4점 (ESAL 1150.0, 도시 중앙값 적용) | 300m 이내 확인된 보수이력 없음",0,,,,0.0,0.5849031388716117,0.696248318989472,-0.2641455745468213,0.19750546345590905,0.0034172125813376917,-0.0026691807566838026,-0.06072288933117835,-0.017788087188867548,47.205882352941174,하위 70%
R00615,35.499999,126.855537,정읍 데모도로,정읍시,845508.0,326882.92,0.3866112680187532,9.4307279162049,matched,0,,,,,0,614,2101-13,국도21호선,쌍치면-정읍시(2101-13),5805.194524452029,1150.0363,9688.5,0.0338430466812314,city_median,61.41042297962357,38.66112680187532,2025-12-31,13.0,100.0,0.0,8.97,3.5880000000000005,0.0,35.0,0.8970000000000001,7.732225360375065,12.282084595924715,55.911309956299775,47.205882352941174,일반,동결융해,"Logistic 위험순위 상위 52.8% | 주요 증가요인=동결융해 | 동결융해 14일 13회 | 7일 강수 0.0mm | 14일 강수 9.0mm | 하수관 노후비율 38.7% | ESAL 1150.0 (도시 중앙값) | 과거 300m 이내 보수이력 없음 | 모델기여도[동결융해=+0.696, 7일 누적강수=-0.264, 14일 누적강수=+0.198, 하수관로 노후도=+0.003, 교통하중=-0.003, 과거 보수이력=-0.061, 보수 후 경과기간=-0.018]",55.911309956299775,위험,"주요원인=동결융해 | 동결융해=100.0점 (14일 13회) | 누적강수=3.6점 (7일 0.0mm, 14일 9.0mm) | 하수관로 노후도=38.7점 (30년 이상 비율 38.7%) | 교통하중=61.4점 (ESAL 1150.0, 도시 중앙값 적용) | 300m 이내 확인된 보수이력 없음",0,,,,0.0,0.5849031388716117,0.696248318989472,-0.2641455745468213,0.19750546345590905,0.0034172125813376917,-0.0026691807566838026,-0.06072288933117835,-0.017788087188867548,47.205882352941174,하위 70%
R00620,35.52488,126.855818,정읍 데모도로,정읍시,845508.0,326882.92,0.3866112680187532,9.4307279162049,matched,0,,,,,0,619,2101-13,국도21호선,쌍치면-정읍시(2101-13),3438.633742300793,1150.0363,9688.5,0.0338430466812314,city_median,61.41042297962357,38.66112680187532,2025-12-31,13.0,100.0,0.0,8.97,3.5880000000000005,0.0,35.0,0.8970000000000001,7.732225360375065,12.282084595924715,55.911309956299775,47.205882352941174,일반,동결융해,"Logistic 위험순위 상위 52.8% | 주요 증가요인=동결융해 | 동결융해 14일 13회 | 7일 강수 0.0mm | 14일 강수 9.0mm | 하수관 노후비율 38.7% | ESAL 1150.0 (도시 중앙값) | 과거 300m 이내 보수이력 없음 | 모델기여도[동결융해=+0.696, 7일 누적강수=-0.264, 14일 누적강수=+0.198, 하수관로 노후도=+0.003, 교통하중=-0.003, 과거 보수이력=-0.061, 보수 후 경과기간=-0.018]",55.911309956299775,위험,"주요원인=동결융해 | 동결융해=100.0점 (14일 13회) | 누적강수=3.6점 (7일 0.0mm, 14일 9.0mm) | 하수관로 노후도=38.7점 (30년 이상 비율 38.7%) | 교통하중=61.4점 (ESAL 1150.0, 도시 중앙값 적용) | 300m 이내 확인된 보수이력 없음",0,,,,0.0,0.5849031388716117,0.696248318989472,-0.2641455745468213,0.19750546345590905,0.0034172125813376917,-0.0026691807566838026,-0.06072288933117835,-0.017788087188867548,47.205882352941174,하위 70%
R00621,35.529402,126.856496,정읍 데모도로,정읍시,845508.0,326882.92,0.3866112680187532,9.4307279162049,matched,0,,,,,0,620,2101-13,국도21호선,쌍치면-정읍시(2101-13),3038.7981460709543,1150.0363,9688.5,0.0338430466812314,city_median,61.41042297962357,38.66112680187532,2025-12-31,13.0,100.0,0.0,8.97,3.5880000000000005,0.0,35.0,0.8970000000000001,7.732225360375065,12.282084595924715,55.911309956299775,47.205882352941174,일반,동결융해,"Logistic 위험순위 상위 52.8% | 주요 증가요인=동결융해 | 동결융해 14일 13회 | 7일 강수 0.0mm | 14일 강수 9.0mm | 하수관 노후비율 38.7% | ESAL 1150.0 (도시 중앙값) | 과거 300m 이내 보수이력 없음 | 모델기여도[동결융해=+0.696, 7일 누적강수=-0.264, 14일 누적강수=+0.198, 하수관로 노후도=+0.003, 교통하중=-0.003, 과거 보수이력=-0.061, 보수 후 경과기간=-0.018]",55.911309956299775,위험,"주요원인=동결융해 | 동결융해=100.0점 (14일 13회) | 누적강수=3.6점 (7일 0.0mm, 14일 9.0mm) | 하수관로 노후도=38.7점 (30년 이상 비율 38.7%) | 교통하중=61.4점 (ESAL 1150.0, 도시 중앙값 적용) | 300m 이내 확인된 보수이력 없음",0,,,,0.0,0.5849031388716117,0.696248318989472,-0.2641455745468213,0.19750546345590905,0.0034172125813376917,-0.0026691807566838026,-0.06072288933117835,-0.017788087188867548,47.205882352941174,하위 70%
R00617,35.509753,126.856622,정읍 데모도로,정읍시,845508.0,326882.92,0.3866112680187532,9.4307279162049,matched,0,,,,,0,616,2101-13,국도21호선,쌍치면-정읍시(2101-13),4785.135300121385,1150.0363,9688.5,0.0338430466812314,city_median,61.41042297962357,38.66112680187532,2025-12-31,13.0,100.0,0.0,8.97,3.5880000000000005,0.0,35.0,0.8970000000000001,7.732225360375065,12.282084595924715,55.911309956299775,47.205882352941174,일반,동결융해,"Logistic 위험순위 상위 52.8% | 주요 증가요인=동결융해 | 동결융해 14일 13회 | 7일 강수 0.0mm | 14일 강수 9.0mm | 하수관 노후비율 38.7% | ESAL 1150.0 (도시 중앙값) | 과거 300m 이내 보수이력 없음 | 모델기여도[동결융해=+0.696, 7일 누적강수=-0.264, 14일 누적강수=+0.198, 하수관로 노후도=+0.003, 교통하중=-0.003, 과거 보수이력=-0.061, 보수 후 경과기간=-0.018]",55.911309956299775,위험,"주요원인=동결융해 | 동결융해=100.0점 (14일 13회) | 누적강수=3.6점 (7일 0.0mm, 14일 9.0mm) | 하수관로 노후도=38.7점 (30년 이상 비율 38.7%) | 교통하중=61.4점 (ESAL 1150.0, 도시 중앙값 적용) | 300m 이내 확인된 보수이력 없음",0,,,,0.0,0.5849031388716117,0.696248318989472,-0.2641455745468213,0.19750546345590905,0.0034172125813376917,-0.0026691807566838026,-0.06072288933117835,-0.017788087188867548,47.205882352941174,하위 70%
R00613,35.489736,126.855306,정읍 데모도로,정읍시,845508.0,326882.92,0.3866112680187532,9.4307279162049,matched,0,,,,,0,612,2101-13,국도21호선,쌍치면-정읍시(2101-13),6872.609125772502,1150.0363,9688.5,0.0338430466812314,city_median,61.41042297962357,38.66112680187532,2025-12-31,13.0,100.0,0.0,8.97,3.5880000000000005,0.0,35.0,0.8970000000000001,7.732225360375065,12.282084595924715,55.911309956299775,47.205882352941174,일반,동결융해,"Logistic 위험순위 상위 52.8% | 주요 증가요인=동결융해 | 동결융해 14일 13회 | 7일 강수 0.0mm | 14일 강수 9.0mm | 하수관 노후비율 38.7% | ESAL 1150.0 (도시 중앙값) | 과거 300m 이내 보수이력 없음 | 모델기여도[동결융해=+0.696, 7일 누적강수=-0.264, 14일 누적강수=+0.198, 하수관로 노후도=+0.003, 교통하중=-0.003, 과거 보수이력=-0.061, 보수 후 경과기간=-0.018]",55.911309956299775,위험,"주요원인=동결융해 | 동결융해=100.0점 (14일 13회) | 누적강수=3.6점 (7일 0.0mm, 14일 9.0mm) | 하수관로 노후도=38.7점 (30년 이상 비율 38.7%) | 교통하중=61.4점 (ESAL 1150.0, 도시 중앙값 적용) | 300m 이내 확인된 보수이력 없음",0,,,,0.0,0.5849031388716117,0.696248318989472,-0.2641455745468213,0.19750546345590905,0.0034172125813376917,-0.0026691807566838026,-0.06072288933117835,-0.017788087188867548,47.205882352941174,하위 70%
R00664,35.572029,126.855151,정읍 데모도로,정읍시,845508.0,326882.92,0.3866112680187532,9.4307279162049,matched,0,,,,,0,663,2101-13,국도21호선,쌍치면-정읍시(2101-13),3586.9612094806275,1150.0363,9688.5,0.0338430466812314,city_median,61.41042297962357,38.66112680187532,2025-12-31,13.0,100.0,0.0,8.97,3.5880000000000005,0.0,35.0,0.8970000000000001,7.732225360375065,12.282084595924715,55.911309956299775,47.205882352941174,일반,동결융해,"Logistic 위험순위 상위 52.8% | 주요 증가요인=동결융해 | 동결융해 14일 13회 | 7일 강수 0.0mm | 14일 강수 9.0mm | 하수관 노후비율 38.7% | ESAL 1150.0 (도시 중앙값) | 과거 300m 이내 보수이력 없음 | 모델기여도[동결융해=+0.696, 7일 누적강수=-0.264, 14일 누적강수=+0.198, 하수관로 노후도=+0.003, 교통하중=-0.003, 과거 보수이력=-0.061, 보수 후 경과기간=-0.018]",55.911309956299775,위험,"주요원인=동결융해 | 동결융해=100.0점 (14일 13회) | 누적강수=3.6점 (7일 0.0mm, 14일 9.0mm) | 하수관로 노후도=38.7점 (30년 이상 비율 38.7%) | 교통하중=61.4점 (ESAL 1150.0, 도시 중앙값 적용) | 300m 이내 확인된 보수이력 없음",0,,,,0.0,0.5849031388716117,0.696248318989472,-0.2641455745468213,0.19750546345590905,0.0034172125813376917,-0.0026691807566838026,-0.06072288933117835,-0.017788087188867548,47.205882352941174,하위 70%
R00667,35.58254,126.844193,정읍 데모도로,정읍시,845508.0,326882.92,0.3866112680187532,9.4307279162049,matched,0,,,,,0,666,2101-13,국도21호선,쌍치면-정읍시(2101-13),5119.15509121867,1150.0363,9688.5,0.0338430466812314,city_median,61.41042297962357,38.66112680187532,2025-12-31,13.0,100.0,0.0,8.97,3.5880000000000005,0.0,35.0,0.8970000000000001,7.732225360375065,12.282084595924715,55.911309956299775,47.205882352941174,일반,동결융해,"Logistic 위험순위 상위 52.8% | 주요 증가요인=동결융해 | 동결융해 14일 13회 | 7일 강수 0.0mm | 14일 강수 9.0mm | 하수관 노후비율 38.7% | ESAL 1150.0 (도시 중앙값) | 과거 300m 이내 보수이력 없음 | 모델기여도[동결융해=+0.696, 7일 누적강수=-0.264, 14일 누적강수=+0.198, 하수관로 노후도=+0.003, 교통하중=-0.003, 과거 보수이력=-0.061, 보수 후 경과기간=-0.018]",55.911309956299775,위험,"주요원인=동결융해 | 동결융해=100.0점 (14일 13회) | 누적강수=3.6점 (7일 0.0mm, 14일 9.0mm) | 하수관로 노후도=38.7점 (30년 이상 비율 38.7%) | 교통하중=61.4점 (ESAL 1150.0, 도시 중앙값 적용) | 300m 이내 확인된 보수이력 없음",0,,,,0.0,0.5849031388716117,0.696248318989472,-0.2641455745468213,0.19750546345590905,0.0034172125813376917,-0.0026691807566838026,-0.06072288933117835,-0.017788087188867548,47.205882352941174,하위 70%
R00666,35.578927,126.846606,정읍 데모도로,정읍시,845508.0,326882.92,0.3866112680187532,9.4307279162049,matched,0,,,,,0,665,2101-13,국도21호선,쌍치면-정읍시(2101-13),4673.871824353968,1150.0363,9688.5,0.0338430466812314,city_median,61.41042297962357,38.66112680187532,2025-12-31,13.0,100.0,0.0,8.97,3.5880000000000005,0.0,35.0,0.8970000000000001,7.732225360375065,12.282084595924715,55.911309956299775,47.205882352941174,일반,동결융해,"Logistic 위험순위 상위 52.8% | 주요 증가요인=동결융해 | 동결융해 14일 13회 | 7일 강수 0.0mm | 14일 강수 9.0mm | 하수관 노후비율 38.7% | ESAL 1150.0 (도시 중앙값) | 과거 300m 이내 보수이력 없음 | 모델기여도[동결융해=+0.696, 7일 누적강수=-0.264, 14일 누적강수=+0.198, 하수관로 노후도=+0.003, 교통하중=-0.003, 과거 보수이력=-0.061, 보수 후 경과기간=-0.018]",55.911309956299775,위험,"주요원인=동결융해 | 동결융해=100.0점 (14일 13회) | 누적강수=3.6점 (7일 0.0mm, 14일 9.0mm) | 하수관로 노후도=38.7점 (30년 이상 비율 38.7%) | 교통하중=61.4점 (ESAL 1150.0, 도시 중앙값 적용) | 300m 이내 확인된 보수이력 없음",0,,,,0.0,0.5849031388716117,0.696248318989472,-0.2641455745468213,0.19750546345590905,0.0034172125813376917,-0.0026691807566838026,-0.06072288933117835,-0.017788087188867548,47.205882352941174,하위 70%
R00665,35.574607,126.85097,정읍 데모도로,정읍시,845508.0,326882.92,0.3866112680187532,9.4307279162049,matched,0,,,,,0,664,2101-13,국도21호선,쌍치면-정읍시(2101-13),4053.038488140152,1150.0363,9688.5,0.0338430466812314,city_median,61.41042297962357,38.66112680187532,2025-12-31,13.0,100.0,0.0,8.97,3.5880000000000005,0.0,35.0,0.8970000000000001,7.732225360375065,12.282084595924715,55.911309956299775,47.205882352941174,일반,동결융해,"Logistic 위험순위 상위 52.8% | 주요 증가요인=동결융해 | 동결융해 14일 13회 | 7일 강수 0.0mm | 14일 강수 9.0mm | 하수관 노후비율 38.7% | ESAL 1150.0 (도시 중앙값) | 과거 300m 이내 보수이력 없음 | 모델기여도[동결융해=+0.696, 7일 누적강수=-0.264, 14일 누적강수=+0.198, 하수관로 노후도=+0.003, 교통하중=-0.003, 과거 보수이력=-0.061, 보수 후 경과기간=-0.018]",55.911309956299775,위험,"주요원인=동결융해 | 동결융해=100.0점 (14일 13회) | 누적강수=3.6점 (7일 0.0mm, 14일 9.0mm) | 하수관로 노후도=38.7점 (30년 이상 비율 38.7%) | 교통하중=61.4점 (ESAL 1150.0, 도시 중앙값 적용) | 300m 이내 확인된 보수이력 없음",0,,,,0.0,0.5849031388716117,0.696248318989472,-0.2641455745468213,0.19750546345590905,0.0034172125813376917,-0.0026691807566838026,-0.06072288933117835,-0.017788087188867548,47.205882352941174,하위 70%
R00605,35.602529,126.88987,정읍 데모도로,정읍시,845508.0,326882.92,0.3866112680187532,9.4307279162049,matched,0,,,,,0,604,0115-01,국도1호선,정읍시-태인면(0115-01),3237.115280545752,1150.0363,9688.5,0.0338430466812314,city_median,61.41042297962357,38.66112680187532,2025-12-31,13.0,100.0,0.0,8.97,3.5880000000000005,0.0,35.0,0.8970000000000001,7.732225360375065,12.282084595924715,55.911309956299775,47.205882352941174,일반,동결융해,"Logistic 위험순위 상위 52.8% | 주요 증가요인=동결융해 | 동결융해 14일 13회 | 7일 강수 0.0mm | 14일 강수 9.0mm | 하수관 노후비율 38.7% | ESAL 1150.0 (도시 중앙값) | 과거 300m 이내 보수이력 없음 | 모델기여도[동결융해=+0.696, 7일 누적강수=-0.264, 14일 누적강수=+0.198, 하수관로 노후도=+0.003, 교통하중=-0.003, 과거 보수이력=-0.061, 보수 후 경과기간=-0.018]",55.911309956299775,위험,"주요원인=동결융해 | 동결융해=100.0점 (14일 13회) | 누적강수=3.6점 (7일 0.0mm, 14일 9.0mm) | 하수관로 노후도=38.7점 (30년 이상 비율 38.7%) | 교통하중=61.4점 (ESAL 1150.0, 도시 중앙값 적용) | 300m 이내 확인된 보수이력 없음",0,,,,0.0,0.5849031388716117,0.696248318989472,-0.2641455745468213,0.19750546345590905,0.0034172125813376917,-0.0026691807566838026,-0.06072288933117835,-0.017788087188867548,47.205882352941174,하위 70%
R00604,35.59853,126.885311,정읍 데모도로,정읍시,845508.0,326882.92,0.3866112680187532,9.4307279162049,matched,0,,,,,0,603,0115-01,국도1호선,정읍시-태인면(0115-01),3810.752346198906,1150.0363,9688.5,0.0338430466812314,city_median,61.41042297962357,38.66112680187532,2025-12-31,13.0,100.0,0.0,8.97,3.5880000000000005,0.0,35.0,0.8970000000000001,7.732225360375065,12.282084595924715,55.911309956299775,47.205882352941174,일반,동결융해,"Logistic 위험순위 상위 52.8% | 주요 증가요인=동결융해 | 동결융해 14일 13회 | 7일 강수 0.0mm | 14일 강수 9.0mm | 하수관 노후비율 38.7% | ESAL 1150.0 (도시 중앙값) | 과거 300m 이내 보수이력 없음 | 모델기여도[동결융해=+0.696, 7일 누적강수=-0.264, 14일 누적강수=+0.198, 하수관로 노후도=+0.003, 교통하중=-0.003, 과거 보수이력=-0.061, 보수 후 경과기간=-0.018]",55.911309956299775,위험,"주요원인=동결융해 | 동결융해=100.0점 (14일 13회) | 누적강수=3.6점 (7일 0.0mm, 14일 9.0mm) | 하수관로 노후도=38.7점 (30년 이상 비율 38.7%) | 교통하중=61.4점 (ESAL 1150.0, 도시 중앙값 적용) | 300m 이내 확인된 보수이력 없음",0,,,,0.0,0.5849031388716117,0.696248318989472,-0.2641455745468213,0.19750546345590905,0.0034172125813376917,-0.0026691807566838026,-0.06072288933117835,-0.017788087188867548,47.205882352941174,하위 70%
R00603,35.595075,126.880772,정읍 데모도로,정읍시,845508.0,326882.92,0.3866112680187532,9.4307279162049,matched,0,,,,,0,602,0115-01,국도1호선,정읍시-태인면(0115-01),4338.921114111559,1150.0363,9688.5,0.0338430466812314,city_median,61.41042297962357,38.66112680187532,2025-12-31,13.0,100.0,0.0,8.97,3.5880000000000005,0.0,35.0,0.8970000000000001,7.732225360375065,12.282084595924715,55.911309956299775,47.205882352941174,일반,동결융해,"Logistic 위험순위 상위 52.8% | 주요 증가요인=동결융해 | 동결융해 14일 13회 | 7일 강수 0.0mm | 14일 강수 9.0mm | 하수관 노후비율 38.7% | ESAL 1150.0 (도시 중앙값) | 과거 300m 이내 보수이력 없음 | 모델기여도[동결융해=+0.696, 7일 누적강수=-0.264, 14일 누적강수=+0.198, 하수관로 노후도=+0.003, 교통하중=-0.003, 과거 보수이력=-0.061, 보수 후 경과기간=-0.018]",55.911309956299775,위험,"주요원인=동결융해 | 동결융해=100.0점 (14일 13회) | 누적강수=3.6점 (7일 0.0mm, 14일 9.0mm) | 하수관로 노후도=38.7점 (30년 이상 비율 38.7%) | 교통하중=61.4점 (ESAL 1150.0, 도시 중앙값 적용) | 300m 이내 확인된 보수이력 없음",0,,,,0.0,0.5849031388716117,0.696248318989472,-0.2641455745468213,0.19750546345590905,0.0034172125813376917,-0.0026691807566838026,-0.06072288933117835,-0.017788087188867548,47.205882352941174,하위 70%
R00602,35.591617,126.876758,정읍 데모도로,정읍시,845508.0,326882.92,0.3866112680187532,9.4307279162049,matched,0,,,,,0,601,0115-01,국도1호선,정읍시-태인면(0115-01),4851.215931062314,1150.0363,9688.5,0.0338430466812314,city_median,61.41042297962357,38.66112680187532,2025-12-31,13.0,100.0,0.0,8.97,3.5880000000000005,0.0,35.0,0.8970000000000001,7.732225360375065,12.282084595924715,55.911309956299775,47.205882352941174,일반,동결융해,"Logistic 위험순위 상위 52.8% | 주요 증가요인=동결융해 | 동결융해 14일 13회 | 7일 강수 0.0mm | 14일 강수 9.0mm | 하수관 노후비율 38.7% | ESAL 1150.0 (도시 중앙값) | 과거 300m 이내 보수이력 없음 | 모델기여도[동결융해=+0.696, 7일 누적강수=-0.264, 14일 누적강수=+0.198, 하수관로 노후도=+0.003, 교통하중=-0.003, 과거 보수이력=-0.061, 보수 후 경과기간=-0.018]",55.911309956299775,위험,"주요원인=동결융해 | 동결융해=100.0점 (14일 13회) | 누적강수=3.6점 (7일 0.0mm, 14일 9.0mm) | 하수관로 노후도=38.7점 (30년 이상 비율 38.7%) | 교통하중=61.4점 (ESAL 1150.0, 도시 중앙값 적용) | 300m 이내 확인된 보수이력 없음",0,,,,0.0,0.5849031388716117,0.696248318989472,-0.2641455745468213,0.19750546345590905,0.0034172125813376917,-0.0026691807566838026,-0.06072288933117835,-0.017788087188867548,47.205882352941174,하위 70%
R00601,35.589527,126.875097,정읍 데모도로,정읍시,845508.0,326882.92,0.3866112680187532,9.4307279162049,matched,0,,,,,0,600,2101-13,국도21호선,쌍치면-정읍시(2101-13),4673.955223366637,1150.0363,9688.5,0.0338430466812314,city_median,61.41042297962357,38.66112680187532,2025-12-31,13.0,100.0,0.0,8.97,3.5880000000000005,0.0,35.0,0.8970000000000001,7.732225360375065,12.282084595924715,55.911309956299775,47.205882352941174,일반,동결융해,"Logistic 위험순위 상위 52.8% | 주요 증가요인=동결융해 | 동결융해 14일 13회 | 7일 강수 0.0mm | 14일 강수 9.0mm | 하수관 노후비율 38.7% | ESAL 1150.0 (도시 중앙값) | 과거 300m 이내 보수이력 없음 | 모델기여도[동결융해=+0.696, 7일 누적강수=-0.264, 14일 누적강수=+0.198, 하수관로 노후도=+0.003, 교통하중=-0.003, 과거 보수이력=-0.061, 보수 후 경과기간=-0.018]",55.911309956299775,위험,"주요원인=동결융해 | 동결융해=100.0점 (14일 13회) | 누적강수=3.6점 (7일 0.0mm, 14일 9.0mm) | 하수관로 노후도=38.7점 (30년 이상 비율 38.7%) | 교통하중=61.4점 (ESAL 1150.0, 도시 중앙값 적용) | 300m 이내 확인된 보수이력 없음",0,,,,0.0,0.5849031388716117,0.696248318989472,-0.2641455745468213,0.19750546345590905,0.0034172125813376917,-0.0026691807566838026,-0.06072288933117835,-0.017788087188867548,47.205882352941174,하위 70%
R00600,35.585239,126.871728,정읍 데모도로,정읍시,845508.0,326882.92,0.3866112680187532,9.4307279162049,matched,0,,,,,0,599,2101-13,국도21호선,쌍치면-정읍시(2101-13),4252.657347197102,1150.0363,9688.5,0.0338430466812314,city_median,61.41042297962357,38.66112680187532,2025-12-31,13.0,100.0,0.0,8.97,3.5880000000000005,0.0,35.0,0.8970000000000001,7.732225360375065,12.282084595924715,55.911309956299775,47.205882352941174,일반,동결융해,"Logistic 위험순위 상위 52.8% | 주요 증가요인=동결융해 | 동결융해 14일 13회 | 7일 강수 0.0mm | 14일 강수 9.0mm | 하수관 노후비율 38.7% | ESAL 1150.0 (도시 중앙값) | 과거 300m 이내 보수이력 없음 | 모델기여도[동결융해=+0.696, 7일 누적강수=-0.264, 14일 누적강수=+0.198, 하수관로 노후도=+0.003, 교통하중=-0.003, 과거 보수이력=-0.061, 보수 후 경과기간=-0.018]",55.911309956299775,위험,"주요원인=동결융해 | 동결융해=100.0점 (14일 13회) | 누적강수=3.6점 (7일 0.0mm, 14일 9.0mm) | 하수관로 노후도=38.7점 (30년 이상 비율 38.7%) | 교통하중=61.4점 (ESAL 1150.0, 도시 중앙값 적용) | 300m 이내 확인된 보수이력 없음",0,,,,0.0,0.5849031388716117,0.696248318989472,-0.2641455745468213,0.19750546345590905,0.0034172125813376917,-0.0026691807566838026,-0.06072288933117835,-0.017788087188867548,47.205882352941174,하위 70%
R00599,35.581305,126.867926,정읍 데모도로,정읍시,845508.0,326882.92,0.3866112680187532,9.4307279162049,matched,0,,,,,0,598,2101-13,국도21호선,쌍치면-정읍시(2101-13),3917.904155605804,1150.0363,9688.5,0.0338430466812314,city_median,61.41042297962357,38.66112680187532,2025-12-31,13.0,100.0,0.0,8.97,3.5880000000000005,0.0,35.0,0.8970000000000001,7.732225360375065,12.282084595924715,55.911309956299775,47.205882352941174,일반,동결융해,"Logistic 위험순위 상위 52.8% | 주요 증가요인=동결융해 | 동결융해 14일 13회 | 7일 강수 0.0mm | 14일 강수 9.0mm | 하수관 노후비율 38.7% | ESAL 1150.0 (도시 중앙값) | 과거 300m 이내 보수이력 없음 | 모델기여도[동결융해=+0.696, 7일 누적강수=-0.264, 14일 누적강수=+0.198, 하수관로 노후도=+0.003, 교통하중=-0.003, 과거 보수이력=-0.061, 보수 후 경과기간=-0.018]",55.911309956299775,위험,"주요원인=동결융해 | 동결융해=100.0점 (14일 13회) | 누적강수=3.6점 (7일 0.0mm, 14일 9.0mm) | 하수관로 노후도=38.7점 (30년 이상 비율 38.7%) | 교통하중=61.4점 (ESAL 1150.0, 도시 중앙값 적용) | 300m 이내 확인된 보수이력 없음",0,,,,0.0,0.5849031388716117,0.696248318989472,-0.2641455745468213,0.19750546345590905,0.0034172125813376917,-0.0026691807566838026,-0.06072288933117835,-0.017788087188867548,47.205882352941174,하위 70%
R00598,35.578568,126.864039,정읍 데모도로,정읍시,845508.0,326882.92,0.3866112680187532,9.4307279162049,matched,0,,,,,0,597,2101-13,국도21호선,쌍치면-정읍시(2101-13),3761.802202247906,1150.0363,9688.5,0.0338430466812314,city_median,61.41042297962357,38.66112680187532,2025-12-31,13.0,100.0,0.0,8.97,3.5880000000000005,0.0,35.0,0.8970000000000001,7.732225360375065,12.282084595924715,55.911309956299775,47.205882352941174,일반,동결융해,"Logistic 위험순위 상위 52.8% | 주요 증가요인=동결융해 | 동결융해 14일 13회 | 7일 강수 0.0mm | 14일 강수 9.0mm | 하수관 노후비율 38.7% | ESAL 1150.0 (도시 중앙값) | 과거 300m 이내 보수이력 없음 | 모델기여도[동결융해=+0.696, 7일 누적강수=-0.264, 14일 누적강수=+0.198, 하수관로 노후도=+0.003, 교통하중=-0.003, 과거 보수이력=-0.061, 보수 후 경과기간=-0.018]",55.911309956299775,위험,"주요원인=동결융해 | 동결융해=100.0점 (14일 13회) | 누적강수=3.6점 (7일 0.0mm, 14일 9.0mm) | 하수관로 노후도=38.7점 (30년 이상 비율 38.7%) | 교통하중=61.4점 (ESAL 1150.0, 도시 중앙값 적용) | 300m 이내 확인된 보수이력 없음",0,,,,0.0,0.5849031388716117,0.696248318989472,-0.2641455745468213,0.19750546345590905,0.0034172125813376917,-0.0026691807566838026,-0.06072288933117835,-0.017788087188867548,47.205882352941174,하위 70%
R00597,35.57525,126.861409,정읍 데모도로,정읍시,845508.0,326882.92,0.3866112680187532,9.4307279162049,matched,0,,,,,0,596,2101-13,국도21호선,쌍치면-정읍시(2101-13),3544.5251940570924,1150.0363,9688.5,0.0338430466812314,city_median,61.41042297962357,38.66112680187532,2025-12-31,13.0,100.0,0.0,8.97,3.5880000000000005,0.0,35.0,0.8970000000000001,7.732225360375065,12.282084595924715,55.911309956299775,47.205882352941174,일반,동결융해,"Logistic 위험순위 상위 52.8% | 주요 증가요인=동결융해 | 동결융해 14일 13회 | 7일 강수 0.0mm | 14일 강수 9.0mm | 하수관 노후비율 38.7% | ESAL 1150.0 (도시 중앙값) | 과거 300m 이내 보수이력 없음 | 모델기여도[동결융해=+0.696, 7일 누적강수=-0.264, 14일 누적강수=+0.198, 하수관로 노후도=+0.003, 교통하중=-0.003, 과거 보수이력=-0.061, 보수 후 경과기간=-0.018]",55.911309956299775,위험,"주요원인=동결융해 | 동결융해=100.0점 (14일 13회) | 누적강수=3.6점 (7일 0.0mm, 14일 9.0mm) | 하수관로 노후도=38.7점 (30년 이상 비율 38.7%) | 교통하중=61.4점 (ESAL 1150.0, 도시 중앙값 적용) | 300m 이내 확인된 보수이력 없음",0,,,,0.0,0.5849031388716117,0.696248318989472,-0.2641455745468213,0.19750546345590905,0.0034172125813376917,-0.0026691807566838026,-0.06072288933117835,-0.017788087188867548,47.205882352941174,하위 70%
R00671,35.595178,126.829631,정읍 데모도로,정읍시,845508.0,326882.92,0.3866112680187532,9.4307279162049,matched,0,,,,,0,670,2909-01,국도29호선,정읍시-화호리(2909-01),4734.856069793026,1150.0363,9688.5,0.0338430466812314,city_median,61.41042297962357,38.66112680187532,2025-12-31,13.0,100.0,0.0,8.97,3.5880000000000005,0.0,35.0,0.8970000000000001,7.732225360375065,12.282084595924715,55.911309956299775,47.205882352941174,일반,동결융해,"Logistic 위험순위 상위 52.8% | 주요 증가요인=동결융해 | 동결융해 14일 13회 | 7일 강수 0.0mm | 14일 강수 9.0mm | 하수관 노후비율 38.7% | ESAL 1150.0 (도시 중앙값) | 과거 300m 이내 보수이력 없음 | 모델기여도[동결융해=+0.696, 7일 누적강수=-0.264, 14일 누적강수=+0.198, 하수관로 노후도=+0.003, 교통하중=-0.003, 과거 보수이력=-0.061, 보수 후 경과기간=-0.018]",55.911309956299775,위험,"주요원인=동결융해 | 동결융해=100.0점 (14일 13회) | 누적강수=3.6점 (7일 0.0mm, 14일 9.0mm) | 하수관로 노후도=38.7점 (30년 이상 비율 38.7%) | 교통하중=61.4점 (ESAL 1150.0, 도시 중앙값 적용) | 300m 이내 확인된 보수이력 없음",0,,,,0.0,0.5849031388716117,0.696248318989472,-0.2641455745468213,0.19750546345590905,0.0034172125813376917,-0.0026691807566838026,-0.06072288933117835,-0.017788087188867548,47.205882352941174,하위 70%
R00670,35.591932,126.833874,정읍 데모도로,정읍시,845508.0,326882.92,0.3866112680187532,9.4307279162049,matched,0,,,,,0,669,2909-01,국도29호선,정읍시-화호리(2909-01),5202.732158344982,1150.0363,9688.5,0.0338430466812314,city_median,61.41042297962357,38.66112680187532,2025-12-31,13.0,100.0,0.0,8.97,3.5880000000000005,0.0,35.0,0.8970000000000001,7.732225360375065,12.282084595924715,55.911309956299775,47.205882352941174,일반,동결융해,"Logistic 위험순위 상위 52.8% | 주요 증가요인=동결융해 | 동결융해 14일 13회 | 7일 강수 0.0mm | 14일 강수 9.0mm | 하수관 노후비율 38.7% | ESAL 1150.0 (도시 중앙값) | 과거 300m 이내 보수이력 없음 | 모델기여도[동결융해=+0.696, 7일 누적강수=-0.264, 14일 누적강수=+0.198, 하수관로 노후도=+0.003, 교통하중=-0.003, 과거 보수이력=-0.061, 보수 후 경과기간=-0.018]",55.911309956299775,위험,"주요원인=동결융해 | 동결융해=100.0점 (14일 13회) | 누적강수=3.6점 (7일 0.0mm, 14일 9.0mm) | 하수관로 노후도=38.7점 (30년 이상 비율 38.7%) | 교통하중=61.4점 (ESAL 1150.0, 도시 중앙값 적용) | 300m 이내 확인된 보수이력 없음",0,,,,0.0,0.5849031388716117,0.696248318989472,-0.2641455745468213,0.19750546345590905,0.0034172125813376917,-0.0026691807566838026,-0.06072288933117835,-0.017788087188867548,47.205882352941174,하위 70%
R00669,35.588659,126.83769,정읍 데모도로,정읍시,845508.0,326882.92,0.3866112680187532,9.4307279162049,matched,0,,,,,0,668,2909-01,국도29호선,정읍시-화호리(2909-01),5645.603916712851,1150.0363,9688.5,0.0338430466812314,city_median,61.41042297962357,38.66112680187532,2025-12-31,13.0,100.0,0.0,8.97,3.5880000000000005,0.0,35.0,0.8970000000000001,7.732225360375065,12.282084595924715,55.911309956299775,47.205882352941174,일반,동결융해,"Logistic 위험순위 상위 52.8% | 주요 증가요인=동결융해 | 동결융해 14일 13회 | 7일 강수 0.0mm | 14일 강수 9.0mm | 하수관 노후비율 38.7% | ESAL 1150.0 (도시 중앙값) | 과거 300m 이내 보수이력 없음 | 모델기여도[동결융해=+0.696, 7일 누적강수=-0.264, 14일 누적강수=+0.198, 하수관로 노후도=+0.003, 교통하중=-0.003, 과거 보수이력=-0.061, 보수 후 경과기간=-0.018]",55.911309956299775,위험,"주요원인=동결융해 | 동결융해=100.0점 (14일 13회) | 누적강수=3.6점 (7일 0.0mm, 14일 9.0mm) | 하수관로 노후도=38.7점 (30년 이상 비율 38.7%) | 교통하중=61.4점 (ESAL 1150.0, 도시 중앙값 적용) | 300m 이내 확인된 보수이력 없음",0,,,,0.0,0.5849031388716117,0.696248318989472,-0.2641455745468213,0.19750546345590905,0.0034172125813376917,-0.0026691807566838026,-0.06072288933117835,-0.017788087188867548,47.205882352941174,하위 70%
R00596,35.572019,126.857827,정읍 데모도로,정읍시,845508.0,326882.92,0.3866112680187532,9.4307279162049,matched,0,,,,,0,595,2101-13,국도21호선,쌍치면-정읍시(2101-13),3431.097065015041,1150.0363,9688.5,0.0338430466812314,city_median,61.41042297962357,38.66112680187532,2025-12-31,13.0,100.0,0.0,8.97,3.5880000000000005,0.0,35.0,0.8970000000000001,7.732225360375065,12.282084595924715,55.911309956299775,47.205882352941174,일반,동결융해,"Logistic 위험순위 상위 52.8% | 주요 증가요인=동결융해 | 동결융해 14일 13회 | 7일 강수 0.0mm | 14일 강수 9.0mm | 하수관 노후비율 38.7% | ESAL 1150.0 (도시 중앙값) | 과거 300m 이내 보수이력 없음 | 모델기여도[동결융해=+0.696, 7일 누적강수=-0.264, 14일 누적강수=+0.198, 하수관로 노후도=+0.003, 교통하중=-0.003, 과거 보수이력=-0.061, 보수 후 경과기간=-0.018]",55.911309956299775,위험,"주요원인=동결융해 | 동결융해=100.0점 (14일 13회) | 누적강수=3.6점 (7일 0.0mm, 14일 9.0mm) | 하수관로 노후도=38.7점 (30년 이상 비율 38.7%) | 교통하중=61.4점 (ESAL 1150.0, 도시 중앙값 적용) | 300m 이내 확인된 보수이력 없음",0,,,,0.0,0.5849031388716117,0.696248318989472,-0.2641455745468213,0.19750546345590905,0.0034172125813376917,-0.0026691807566838026,-0.06072288933117835,-0.017788087188867548,47.205882352941174,하위 70%
R00595,35.567602,126.854519,정읍 데모도로,정읍시,845508.0,326882.92,0.3866112680187532,9.4307279162049,matched,0,,,,,0,594,2101-13,국도21호선,쌍치면-정읍시(2101-13),3275.749265632257,1150.0363,9688.5,0.0338430466812314,city_median,61.41042297962357,38.66112680187532,2025-12-31,13.0,100.0,0.0,8.97,3.5880000000000005,0.0,35.0,0.8970000000000001,7.732225360375065,12.282084595924715,55.911309956299775,47.205882352941174,일반,동결융해,"Logistic 위험순위 상위 52.8% | 주요 증가요인=동결융해 | 동결융해 14일 13회 | 7일 강수 0.0mm | 14일 강수 9.0mm | 하수관 노후비율 38.7% | ESAL 1150.0 (도시 중앙값) | 과거 300m 이내 보수이력 없음 | 모델기여도[동결융해=+0.696, 7일 누적강수=-0.264, 14일 누적강수=+0.198, 하수관로 노후도=+0.003, 교통하중=-0.003, 과거 보수이력=-0.061, 보수 후 경과기간=-0.018]",55.911309956299775,위험,"주요원인=동결융해 | 동결융해=100.0점 (14일 13회) | 누적강수=3.6점 (7일 0.0mm, 14일 9.0mm) | 하수관로 노후도=38.7점 (30년 이상 비율 38.7%) | 교통하중=61.4점 (ESAL 1150.0, 도시 중앙값 적용) | 300m 이내 확인된 보수이력 없음",0,,,,0.0,0.5849031388716117,0.696248318989472,-0.2641455745468213,0.19750546345590905,0.0034172125813376917,-0.0026691807566838026,-0.06072288933117835,-0.017788087188867548,47.205882352941174,하위 70%
R00593,35.560644,126.84654,정읍 데모도로,정읍시,845508.0,326882.92,0.3866112680187532,9.4307279162049,matched,0,,,,,0,592,2101-13,국도21호선,쌍치면-정읍시(2101-13),3456.1446685122787,1150.0363,9688.5,0.0338430466812314,city_median,61.41042297962357,38.66112680187532,2025-12-31,13.0,100.0,0.0,8.97,3.5880000000000005,0.0,35.0,0.8970000000000001,7.732225360375065,12.282084595924715,55.911309956299775,47.205882352941174,일반,동결융해,"Logistic 위험순위 상위 52.8% | 주요 증가요인=동결융해 | 동결융해 14일 13회 | 7일 강수 0.0mm | 14일 강수 9.0mm | 하수관 노후비율 38.7% | ESAL 1150.0 (도시 중앙값) | 과거 300m 이내 보수이력 없음 | 모델기여도[동결융해=+0.696, 7일 누적강수=-0.264, 14일 누적강수=+0.198, 하수관로 노후도=+0.003, 교통하중=-0.003, 과거 보수이력=-0.061, 보수 후 경과기간=-0.018]",55.911309956299775,위험,"주요원인=동결융해 | 동결융해=100.0점 (14일 13회) | 누적강수=3.6점 (7일 0.0mm, 14일 9.0mm) | 하수관로 노후도=38.7점 (30년 이상 비율 38.7%) | 교통하중=61.4점 (ESAL 1150.0, 도시 중앙값 적용) | 300m 이내 확인된 보수이력 없음",0,,,,0.0,0.5849031388716117,0.696248318989472,-0.2641455745468213,0.19750546345590905,0.0034172125813376917,-0.0026691807566838026,-0.06072288933117835,-0.017788087188867548,47.205882352941174,하위 70%
R00594,35.563548,126.851691,정읍 데모도로,정읍시,845508.0,326882.92,0.3866112680187532,9.4307279162049,matched,0,,,,,0,593,2101-13,국도21호선,쌍치면-정읍시(2101-13),3202.391228662432,1150.0363,9688.5,0.0338430466812314,city_median,61.41042297962357,38.66112680187532,2025-12-31,13.0,100.0,0.0,8.97,3.5880000000000005,0.0,35.0,0.8970000000000001,7.732225360375065,12.282084595924715,55.911309956299775,47.205882352941174,일반,동결융해,"Logistic 위험순위 상위 52.8% | 주요 증가요인=동결융해 | 동결융해 14일 13회 | 7일 강수 0.0mm | 14일 강수 9.0mm | 하수관 노후비율 38.7% | ESAL 1150.0 (도시 중앙값) | 과거 300m 이내 보수이력 없음 | 모델기여도[동결융해=+0.696, 7일 누적강수=-0.264, 14일 누적강수=+0.198, 하수관로 노후도=+0.003, 교통하중=-0.003, 과거 보수이력=-0.061, 보수 후 경과기간=-0.018]",55.911309956299775,위험,"주요원인=동결융해 | 동결융해=100.0점 (14일 13회) | 누적강수=3.6점 (7일 0.0mm, 14일 9.0mm) | 하수관로 노후도=38.7점 (30년 이상 비율 38.7%) | 교통하중=61.4점 (ESAL 1150.0, 도시 중앙값 적용) | 300m 이내 확인된 보수이력 없음",0,,,,0.0,0.5849031388716117,0.696248318989472,-0.2641455745468213,0.19750546345590905,0.0034172125813376917,-0.0026691807566838026,-0.06072288933117835,-0.017788087188867548,47.205882352941174,하위 70%
R00590,35.550424,126.837171,정읍 데모도로,정읍시,845508.0,326882.92,0.3866112680187532,9.4307279162049,matched,0,,,,,0,589,2101-13,국도21호선,쌍치면-정읍시(2101-13),4005.711182606785,1150.0363,9688.5,0.0338430466812314,city_median,61.41042297962357,38.66112680187532,2025-12-31,13.0,100.0,0.0,8.97,3.5880000000000005,0.0,35.0,0.8970000000000001,7.732225360375065,12.282084595924715,55.911309956299775,47.205882352941174,일반,동결융해,"Logistic 위험순위 상위 52.8% | 주요 증가요인=동결융해 | 동결융해 14일 13회 | 7일 강수 0.0mm | 14일 강수 9.0mm | 하수관 노후비율 38.7% | ESAL 1150.0 (도시 중앙값) | 과거 300m 이내 보수이력 없음 | 모델기여도[동결융해=+0.696, 7일 누적강수=-0.264, 14일 누적강수=+0.198, 하수관로 노후도=+0.003, 교통하중=-0.003, 과거 보수이력=-0.061, 보수 후 경과기간=-0.018]",55.911309956299775,위험,"주요원인=동결융해 | 동결융해=100.0점 (14일 13회) | 누적강수=3.6점 (7일 0.0mm, 14일 9.0mm) | 하수관로 노후도=38.7점 (30년 이상 비율 38.7%) | 교통하중=61.4점 (ESAL 1150.0, 도시 중앙값 적용) | 300m 이내 확인된 보수이력 없음",0,,,,0.0,0.5849031388716117,0.696248318989472,-0.2641455745468213,0.19750546345590905,0.0034172125813376917,-0.0026691807566838026,-0.06072288933117835,-0.017788087188867548,47.205882352941174,하위 70%
R00589,35.548228,126.834922,정읍 데모도로,정읍시,845508.0,326882.92,0.3866112680187532,9.4307279162049,matched,0,,,,,0,588,2101-13,국도21호선,쌍치면-정읍시(2101-13),4198.865144380414,1150.0363,9688.5,0.0338430466812314,city_median,61.41042297962357,38.66112680187532,2025-12-31,13.0,100.0,0.0,8.97,3.5880000000000005,0.0,35.0,0.8970000000000001,7.732225360375065,12.282084595924715,55.911309956299775,47.205882352941174,일반,동결융해,"Logistic 위험순위 상위 52.8% | 주요 증가요인=동결융해 | 동결융해 14일 13회 | 7일 강수 0.0mm | 14일 강수 9.0mm | 하수관 노후비율 38.7% | ESAL 1150.0 (도시 중앙값) | 과거 300m 이내 보수이력 없음 | 모델기여도[동결융해=+0.696, 7일 누적강수=-0.264, 14일 누적강수=+0.198, 하수관로 노후도=+0.003, 교통하중=-0.003, 과거 보수이력=-0.061, 보수 후 경과기간=-0.018]",55.911309956299775,위험,"주요원인=동결융해 | 동결융해=100.0점 (14일 13회) | 누적강수=3.6점 (7일 0.0mm, 14일 9.0mm) | 하수관로 노후도=38.7점 (30년 이상 비율 38.7%) | 교통하중=61.4점 (ESAL 1150.0, 도시 중앙값 적용) | 300m 이내 확인된 보수이력 없음",0,,,,0.0,0.5849031388716117,0.696248318989472,-0.2641455745468213,0.19750546345590905,0.0034172125813376917,-0.0026691807566838026,-0.06072288933117835,-0.017788087188867548,47.205882352941174,하위 70%
R00588,35.544153,126.829581,정읍 데모도로,정읍시,845508.0,326882.92,0.3866112680187532,9.4307279162049,matched,0,,,,,0,587,2101-13,국도21호선,쌍치면-정읍시(2101-13),4699.451697569056,1150.0363,9688.5,0.0338430466812314,city_median,61.41042297962357,38.66112680187532,2025-12-31,13.0,100.0,0.0,8.97,3.5880000000000005,0.0,35.0,0.8970000000000001,7.732225360375065,12.282084595924715,55.911309956299775,47.205882352941174,일반,동결융해,"Logistic 위험순위 상위 52.8% | 주요 증가요인=동결융해 | 동결융해 14일 13회 | 7일 강수 0.0mm | 14일 강수 9.0mm | 하수관 노후비율 38.7% | ESAL 1150.0 (도시 중앙값) | 과거 300m 이내 보수이력 없음 | 모델기여도[동결융해=+0.696, 7일 누적강수=-0.264, 14일 누적강수=+0.198, 하수관로 노후도=+0.003, 교통하중=-0.003, 과거 보수이력=-0.061, 보수 후 경과기간=-0.018]",55.911309956299775,위험,"주요원인=동결융해 | 동결융해=100.0점 (14일 13회) | 누적강수=3.6점 (7일 0.0mm, 14일 9.0mm) | 하수관로 노후도=38.7점 (30년 이상 비율 38.7%) | 교통하중=61.4점 (ESAL 1150.0, 도시 중앙값 적용) | 300m 이내 확인된 보수이력 없음",0,,,,0.0,0.5849031388716117,0.696248318989472,-0.2641455745468213,0.19750546345590905,0.0034172125813376917,-0.0026691807566838026,-0.06072288933117835,-0.017788087188867548,47.205882352941174,하위 70%
R00592,35.556678,126.844311,정읍 데모도로,정읍시,845508.0,326882.92,0.3866112680187532,9.4307279162049,matched,0,,,,,0,591,2101-13,국도21호선,쌍치면-정읍시(2101-13),3491.450983745625,1150.0363,9688.5,0.0338430466812314,city_median,61.41042297962357,38.66112680187532,2025-12-31,13.0,100.0,0.0,8.97,3.5880000000000005,0.0,35.0,0.8970000000000001,7.732225360375065,12.282084595924715,55.911309956299775,47.205882352941174,일반,동결융해,"Logistic 위험순위 상위 52.8% | 주요 증가요인=동결융해 | 동결융해 14일 13회 | 7일 강수 0.0mm | 14일 강수 9.0mm | 하수관 노후비율 38.7% | ESAL 1150.0 (도시 중앙값) | 과거 300m 이내 보수이력 없음 | 모델기여도[동결융해=+0.696, 7일 누적강수=-0.264, 14일 누적강수=+0.198, 하수관로 노후도=+0.003, 교통하중=-0.003, 과거 보수이력=-0.061, 보수 후 경과기간=-0.018]",55.911309956299775,위험,"주요원인=동결융해 | 동결융해=100.0점 (14일 13회) | 누적강수=3.6점 (7일 0.0mm, 14일 9.0mm) | 하수관로 노후도=38.7점 (30년 이상 비율 38.7%) | 교통하중=61.4점 (ESAL 1150.0, 도시 중앙값 적용) | 300m 이내 확인된 보수이력 없음",0,,,,0.0,0.5849031388716117,0.696248318989472,-0.2641455745468213,0.19750546345590905,0.0034172125813376917,-0.0026691807566838026,-0.06072288933117835,-0.017788087188867548,47.205882352941174,하위 70%
R00586,35.537717,126.822689,정읍 데모도로,정읍시,845508.0,326882.92,0.3866112680187532,9.4307279162049,matched,0,,,,,0,585,2101-13,국도21호선,쌍치면-정읍시(2101-13),5422.847479488615,1150.0363,9688.5,0.0338430466812314,city_median,61.41042297962357,38.66112680187532,2025-12-31,13.0,100.0,0.0,8.97,3.5880000000000005,0.0,35.0,0.8970000000000001,7.732225360375065,12.282084595924715,55.911309956299775,47.205882352941174,일반,동결융해,"Logistic 위험순위 상위 52.8% | 주요 증가요인=동결융해 | 동결융해 14일 13회 | 7일 강수 0.0mm | 14일 강수 9.0mm | 하수관 노후비율 38.7% | ESAL 1150.0 (도시 중앙값) | 과거 300m 이내 보수이력 없음 | 모델기여도[동결융해=+0.696, 7일 누적강수=-0.264, 14일 누적강수=+0.198, 하수관로 노후도=+0.003, 교통하중=-0.003, 과거 보수이력=-0.061, 보수 후 경과기간=-0.018]",55.911309956299775,위험,"주요원인=동결융해 | 동결융해=100.0점 (14일 13회) | 누적강수=3.6점 (7일 0.0mm, 14일 9.0mm) | 하수관로 노후도=38.7점 (30년 이상 비율 38.7%) | 교통하중=61.4점 (ESAL 1150.0, 도시 중앙값 적용) | 300m 이내 확인된 보수이력 없음",0,,,,0.0,0.5849031388716117,0.696248318989472,-0.2641455745468213,0.19750546345590905,0.0034172125813376917,-0.0026691807566838026,-0.06072288933117835,-0.017788087188867548,47.205882352941174,하위 70%
R00585,35.53322,126.820471,정읍 데모도로,정읍시,845508.0,326882.92,0.3866112680187532,9.4307279162049,matched,0,,,,,0,584,2101-13,국도21호선,쌍치면-정읍시(2101-13),5740.212493844757,1150.0363,9688.5,0.0338430466812314,city_median,61.41042297962357,38.66112680187532,2025-12-31,13.0,100.0,0.0,8.97,3.5880000000000005,0.0,35.0,0.8970000000000001,7.732225360375065,12.282084595924715,55.911309956299775,47.205882352941174,일반,동결융해,"Logistic 위험순위 상위 52.8% | 주요 증가요인=동결융해 | 동결융해 14일 13회 | 7일 강수 0.0mm | 14일 강수 9.0mm | 하수관 노후비율 38.7% | ESAL 1150.0 (도시 중앙값) | 과거 300m 이내 보수이력 없음 | 모델기여도[동결융해=+0.696, 7일 누적강수=-0.264, 14일 누적강수=+0.198, 하수관로 노후도=+0.003, 교통하중=-0.003, 과거 보수이력=-0.061, 보수 후 경과기간=-0.018]",55.911309956299775,위험,"주요원인=동결융해 | 동결융해=100.0점 (14일 13회) | 누적강수=3.6점 (7일 0.0mm, 14일 9.0mm) | 하수관로 노후도=38.7점 (30년 이상 비율 38.7%) | 교통하중=61.4점 (ESAL 1150.0, 도시 중앙값 적용) | 300m 이내 확인된 보수이력 없음",0,,,,0.0,0.5849031388716117,0.696248318989472,-0.2641455745468213,0.19750546345590905,0.0034172125813376917,-0.0026691807566838026,-0.06072288933117835,-0.017788087188867548,47.205882352941174,하위 70%
R00584,35.53106,126.815246,정읍 데모도로,정읍시,845508.0,326882.92,0.3866112680187532,9.4307279162049,matched,0,,,,,0,583,2202-01,국도22호선,정읍IC-흥덕면(2202-01),5593.074933269703,1150.0363,9688.5,0.0338430466812314,city_median,61.41042297962357,38.66112680187532,2025-12-31,13.0,100.0,0.0,8.97,3.5880000000000005,0.0,35.0,0.8970000000000001,7.732225360375065,12.282084595924715,55.911309956299775,47.205882352941174,일반,동결융해,"Logistic 위험순위 상위 52.8% | 주요 증가요인=동결융해 | 동결융해 14일 13회 | 7일 강수 0.0mm | 14일 강수 9.0mm | 하수관 노후비율 38.7% | ESAL 1150.0 (도시 중앙값) | 과거 300m 이내 보수이력 없음 | 모델기여도[동결융해=+0.696, 7일 누적강수=-0.264, 14일 누적강수=+0.198, 하수관로 노후도=+0.003, 교통하중=-0.003, 과거 보수이력=-0.061, 보수 후 경과기간=-0.018]",55.911309956299775,위험,"주요원인=동결융해 | 동결융해=100.0점 (14일 13회) | 누적강수=3.6점 (7일 0.0mm, 14일 9.0mm) | 하수관로 노후도=38.7점 (30년 이상 비율 38.7%) | 교통하중=61.4점 (ESAL 1150.0, 도시 중앙값 적용) | 300m 이내 확인된 보수이력 없음",0,,,,0.0,0.5849031388716117,0.696248318989472,-0.2641455745468213,0.19750546345590905,0.0034172125813376917,-0.0026691807566838026,-0.06072288933117835,-0.017788087188867548,47.205882352941174,하위 70%
R00583,35.526796,126.813006,정읍 데모도로,정읍시,845508.0,326882.92,0.3866112680187532,9.4307279162049,matched,0,,,,,0,582,2202-01,국도22호선,정읍IC-흥덕면(2202-01),5595.407436825225,1150.0363,9688.5,0.0338430466812314,city_median,61.41042297962357,38.66112680187532,2025-12-31,13.0,100.0,0.0,8.97,3.5880000000000005,0.0,35.0,0.8970000000000001,7.732225360375065,12.282084595924715,55.911309956299775,47.205882352941174,일반,동결융해,"Logistic 위험순위 상위 52.8% | 주요 증가요인=동결융해 | 동결융해 14일 13회 | 7일 강수 0.0mm | 14일 강수 9.0mm | 하수관 노후비율 38.7% | ESAL 1150.0 (도시 중앙값) | 과거 300m 이내 보수이력 없음 | 모델기여도[동결융해=+0.696, 7일 누적강수=-0.264, 14일 누적강수=+0.198, 하수관로 노후도=+0.003, 교통하중=-0.003, 과거 보수이력=-0.061, 보수 후 경과기간=-0.018]",55.911309956299775,위험,"주요원인=동결융해 | 동결융해=100.0점 (14일 13회) | 누적강수=3.6점 (7일 0.0mm, 14일 9.0mm) | 하수관로 노후도=38.7점 (30년 이상 비율 38.7%) | 교통하중=61.4점 (ESAL 1150.0, 도시 중앙값 적용) | 300m 이내 확인된 보수이력 없음",0,,,,0.0,0.5849031388716117,0.696248318989472,-0.2641455745468213,0.19750546345590905,0.0034172125813376917,-0.0026691807566838026,-0.06072288933117835,-0.017788087188867548,47.205882352941174,하위 70%
R00582,35.523206,126.809624,정읍 데모도로,정읍시,845508.0,326882.92,0.3866112680187532,9.4307279162049,matched,0,,,,,0,581,2202-01,국도22호선,정읍IC-흥덕면(2202-01),5517.787265574065,1150.0363,9688.5,0.0338430466812314,city_median,61.41042297962357,38.66112680187532,2025-12-31,13.0,100.0,0.0,8.97,3.5880000000000005,0.0,35.0,0.8970000000000001,7.732225360375065,12.282084595924715,55.911309956299775,47.205882352941174,일반,동결융해,"Logistic 위험순위 상위 52.8% | 주요 증가요인=동결융해 | 동결융해 14일 13회 | 7일 강수 0.0mm | 14일 강수 9.0mm | 하수관 노후비율 38.7% | ESAL 1150.0 (도시 중앙값) | 과거 300m 이내 보수이력 없음 | 모델기여도[동결융해=+0.696, 7일 누적강수=-0.264, 14일 누적강수=+0.198, 하수관로 노후도=+0.003, 교통하중=-0.003, 과거 보수이력=-0.061, 보수 후 경과기간=-0.018]",55.911309956299775,위험,"주요원인=동결융해 | 동결융해=100.0점 (14일 13회) | 누적강수=3.6점 (7일 0.0mm, 14일 9.0mm) | 하수관로 노후도=38.7점 (30년 이상 비율 38.7%) | 교통하중=61.4점 (ESAL 1150.0, 도시 중앙값 적용) | 300m 이내 확인된 보수이력 없음",0,,,,0.0,0.5849031388716117,0.696248318989472,-0.2641455745468213,0.19750546345590905,0.0034172125813376917,-0.0026691807566838026,-0.06072288933117835,-0.017788087188867548,47.205882352941174,하위 70%
R00580,35.517298,126.803773,정읍 데모도로,정읍시,845508.0,326882.92,0.3866112680187532,9.4307279162049,matched,0,,,,,0,579,2202-01,국도22호선,정읍IC-흥덕면(2202-01),5469.027036875302,1150.0363,9688.5,0.0338430466812314,city_median,61.41042297962357,38.66112680187532,2025-12-31,13.0,100.0,0.0,8.97,3.5880000000000005,0.0,35.0,0.8970000000000001,7.732225360375065,12.282084595924715,55.911309956299775,47.205882352941174,일반,동결융해,"Logistic 위험순위 상위 52.8% | 주요 증가요인=동결융해 | 동결융해 14일 13회 | 7일 강수 0.0mm | 14일 강수 9.0mm | 하수관 노후비율 38.7% | ESAL 1150.0 (도시 중앙값) | 과거 300m 이내 보수이력 없음 | 모델기여도[동결융해=+0.696, 7일 누적강수=-0.264, 14일 누적강수=+0.198, 하수관로 노후도=+0.003, 교통하중=-0.003, 과거 보수이력=-0.061, 보수 후 경과기간=-0.018]",55.911309956299775,위험,"주요원인=동결융해 | 동결융해=100.0점 (14일 13회) | 누적강수=3.6점 (7일 0.0mm, 14일 9.0mm) | 하수관로 노후도=38.7점 (30년 이상 비율 38.7%) | 교통하중=61.4점 (ESAL 1150.0, 도시 중앙값 적용) | 300m 이내 확인된 보수이력 없음",0,,,,0.0,0.5849031388716117,0.696248318989472,-0.2641455745468213,0.19750546345590905,0.0034172125813376917,-0.0026691807566838026,-0.06072288933117835,-0.017788087188867548,47.205882352941174,하위 70%
R00578,35.569823,126.936803,정읍 데모도로,정읍시,845508.0,326882.92,0.3866112680187532,9.4307279162049,matched,0,,,,,0,577,2101-13,국도21호선,쌍치면-정읍시(2101-13),5583.690148734142,1150.0363,9688.5,0.0338430466812314,city_median,61.41042297962357,38.66112680187532,2025-12-31,13.0,100.0,0.0,8.97,3.5880000000000005,0.0,35.0,0.8970000000000001,7.732225360375065,12.282084595924715,55.911309956299775,47.205882352941174,일반,동결융해,"Logistic 위험순위 상위 52.8% | 주요 증가요인=동결융해 | 동결융해 14일 13회 | 7일 강수 0.0mm | 14일 강수 9.0mm | 하수관 노후비율 38.7% | ESAL 1150.0 (도시 중앙값) | 과거 300m 이내 보수이력 없음 | 모델기여도[동결융해=+0.696, 7일 누적강수=-0.264, 14일 누적강수=+0.198, 하수관로 노후도=+0.003, 교통하중=-0.003, 과거 보수이력=-0.061, 보수 후 경과기간=-0.018]",55.911309956299775,위험,"주요원인=동결융해 | 동결융해=100.0점 (14일 13회) | 누적강수=3.6점 (7일 0.0mm, 14일 9.0mm) | 하수관로 노후도=38.7점 (30년 이상 비율 38.7%) | 교통하중=61.4점 (ESAL 1150.0, 도시 중앙값 적용) | 300m 이내 확인된 보수이력 없음",0,,,,0.0,0.5849031388716117,0.696248318989472,-0.2641455745468213,0.19750546345590905,0.0034172125813376917,-0.0026691807566838026,-0.06072288933117835,-0.017788087188867548,47.205882352941174,하위 70%
R00587,35.54115,126.827787,정읍 데모도로,정읍시,845508.0,326882.92,0.3866112680187532,9.4307279162049,matched,0,,,,,0,586,2101-13,국도21호선,쌍치면-정읍시(2101-13),4900.432698139393,1150.0363,9688.5,0.0338430466812314,city_median,61.41042297962357,38.66112680187532,2025-12-31,13.0,100.0,0.0,8.97,3.5880000000000005,0.0,35.0,0.8970000000000001,7.732225360375065,12.282084595924715,55.911309956299775,47.205882352941174,일반,동결융해,"Logistic 위험순위 상위 52.8% | 주요 증가요인=동결융해 | 동결융해 14일 13회 | 7일 강수 0.0mm | 14일 강수 9.0mm | 하수관 노후비율 38.7% | ESAL 1150.0 (도시 중앙값) | 과거 300m 이내 보수이력 없음 | 모델기여도[동결융해=+0.696, 7일 누적강수=-0.264, 14일 누적강수=+0.198, 하수관로 노후도=+0.003, 교통하중=-0.003, 과거 보수이력=-0.061, 보수 후 경과기간=-0.018]",55.911309956299775,위험,"주요원인=동결융해 | 동결융해=100.0점 (14일 13회) | 누적강수=3.6점 (7일 0.0mm, 14일 9.0mm) | 하수관로 노후도=38.7점 (30년 이상 비율 38.7%) | 교통하중=61.4점 (ESAL 1150.0, 도시 중앙값 적용) | 300m 이내 확인된 보수이력 없음",0,,,,0.0,0.5849031388716117,0.696248318989472,-0.2641455745468213,0.19750546345590905,0.0034172125813376917,-0.0026691807566838026,-0.06072288933117835,-0.017788087188867548,47.205882352941174,하위 70%
R00576,35.570358,126.926923,정읍 데모도로,정읍시,845508.0,326882.92,0.3866112680187532,9.4307279162049,matched,0,,,,,0,575,2101-13,국도21호선,쌍치면-정읍시(2101-13),4827.16572514796,1150.0363,9688.5,0.0338430466812314,city_median,61.41042297962357,38.66112680187532,2025-12-31,13.0,100.0,0.0,8.97,3.5880000000000005,0.0,35.0,0.8970000000000001,7.732225360375065,12.282084595924715,55.911309956299775,47.205882352941174,일반,동결융해,"Logistic 위험순위 상위 52.8% | 주요 증가요인=동결융해 | 동결융해 14일 13회 | 7일 강수 0.0mm | 14일 강수 9.0mm | 하수관 노후비율 38.7% | ESAL 1150.0 (도시 중앙값) | 과거 300m 이내 보수이력 없음 | 모델기여도[동결융해=+0.696, 7일 누적강수=-0.264, 14일 누적강수=+0.198, 하수관로 노후도=+0.003, 교통하중=-0.003, 과거 보수이력=-0.061, 보수 후 경과기간=-0.018]",55.911309956299775,위험,"주요원인=동결융해 | 동결융해=100.0점 (14일 13회) | 누적강수=3.6점 (7일 0.0mm, 14일 9.0mm) | 하수관로 노후도=38.7점 (30년 이상 비율 38.7%) | 교통하중=61.4점 (ESAL 1150.0, 도시 중앙값 적용) | 300m 이내 확인된 보수이력 없음",0,,,,0.0,0.5849031388716117,0.696248318989472,-0.2641455745468213,0.19750546345590905,0.0034172125813376917,-0.0026691807566838026,-0.06072288933117835,-0.017788087188867548,47.205882352941174,하위 70%
R00575,35.570003,126.92076,정읍 데모도로,정읍시,845508.0,326882.92,0.3866112680187532,9.4307279162049,matched,0,,,,,0,574,2101-13,국도21호선,쌍치면-정읍시(2101-13),4337.896822469861,1150.0363,9688.5,0.0338430466812314,city_median,61.41042297962357,38.66112680187532,2025-12-31,13.0,100.0,0.0,8.97,3.5880000000000005,0.0,35.0,0.8970000000000001,7.732225360375065,12.282084595924715,55.911309956299775,47.205882352941174,일반,동결융해,"Logistic 위험순위 상위 52.8% | 주요 증가요인=동결융해 | 동결융해 14일 13회 | 7일 강수 0.0mm | 14일 강수 9.0mm | 하수관 노후비율 38.7% | ESAL 1150.0 (도시 중앙값) | 과거 300m 이내 보수이력 없음 | 모델기여도[동결융해=+0.696, 7일 누적강수=-0.264, 14일 누적강수=+0.198, 하수관로 노후도=+0.003, 교통하중=-0.003, 과거 보수이력=-0.061, 보수 후 경과기간=-0.018]",55.911309956299775,위험,"주요원인=동결융해 | 동결융해=100.0점 (14일 13회) | 누적강수=3.6점 (7일 0.0mm, 14일 9.0mm) | 하수관로 노후도=38.7점 (30년 이상 비율 38.7%) | 교통하중=61.4점 (ESAL 1150.0, 도시 중앙값 적용) | 300m 이내 확인된 보수이력 없음",0,,,,0.0,0.5849031388716117,0.696248318989472,-0.2641455745468213,0.19750546345590905,0.0034172125813376917,-0.0026691807566838026,-0.06072288933117835,-0.017788087188867548,47.205882352941174,하위 70%
R00574,35.568805,126.916376,정읍 데모도로,정읍시,845508.0,326882.92,0.3866112680187532,9.4307279162049,matched,0,,,,,0,573,2101-13,국도21호선,쌍치면-정읍시(2101-13),3937.735514598964,1150.0363,9688.5,0.0338430466812314,city_median,61.41042297962357,38.66112680187532,2025-12-31,13.0,100.0,0.0,8.97,3.5880000000000005,0.0,35.0,0.8970000000000001,7.732225360375065,12.282084595924715,55.911309956299775,47.205882352941174,일반,동결융해,"Logistic 위험순위 상위 52.8% | 주요 증가요인=동결융해 | 동결융해 14일 13회 | 7일 강수 0.0mm | 14일 강수 9.0mm | 하수관 노후비율 38.7% | ESAL 1150.0 (도시 중앙값) | 과거 300m 이내 보수이력 없음 | 모델기여도[동결융해=+0.696, 7일 누적강수=-0.264, 14일 누적강수=+0.198, 하수관로 노후도=+0.003, 교통하중=-0.003, 과거 보수이력=-0.061, 보수 후 경과기간=-0.018]",55.911309956299775,위험,"주요원인=동결융해 | 동결융해=100.0점 (14일 13회) | 누적강수=3.6점 (7일 0.0mm, 14일 9.0mm) | 하수관로 노후도=38.7점 (30년 이상 비율 38.7%) | 교통하중=61.4점 (ESAL 1150.0, 도시 중앙값 적용) | 300m 이내 확인된 보수이력 없음",0,,,,0.0,0.5849031388716117,0.696248318989472,-0.2641455745468213,0.19750546345590905,0.0034172125813376917,-0.0026691807566838026,-0.06072288933117835,-0.017788087188867548,47.205882352941174,하위 70%
R00573,35.570077,126.911682,정읍 데모도로,정읍시,845508.0,326882.92,0.3866112680187532,9.4307279162049,matched,0,,,,,0,572,2101-13,국도21호선,쌍치면-정읍시(2101-13),3697.886135396029,1150.0363,9688.5,0.0338430466812314,city_median,61.41042297962357,38.66112680187532,2025-12-31,13.0,100.0,0.0,8.97,3.5880000000000005,0.0,35.0,0.8970000000000001,7.732225360375065,12.282084595924715,55.911309956299775,47.205882352941174,일반,동결융해,"Logistic 위험순위 상위 52.8% | 주요 증가요인=동결융해 | 동결융해 14일 13회 | 7일 강수 0.0mm | 14일 강수 9.0mm | 하수관 노후비율 38.7% | ESAL 1150.0 (도시 중앙값) | 과거 300m 이내 보수이력 없음 | 모델기여도[동결융해=+0.696, 7일 누적강수=-0.264, 14일 누적강수=+0.198, 하수관로 노후도=+0.003, 교통하중=-0.003, 과거 보수이력=-0.061, 보수 후 경과기간=-0.018]",55.911309956299775,위험,"주요원인=동결융해 | 동결융해=100.0점 (14일 13회) | 누적강수=3.6점 (7일 0.0mm, 14일 9.0mm) | 하수관로 노후도=38.7점 (30년 이상 비율 38.7%) | 교통하중=61.4점 (ESAL 1150.0, 도시 중앙값 적용) | 300m 이내 확인된 보수이력 없음",0,,,,0.0,0.5849031388716117,0.696248318989472,-0.2641455745468213,0.19750546345590905,0.0034172125813376917,-0.0026691807566838026,-0.06072288933117835,-0.017788087188867548,47.205882352941174,하위 70%
R00572,35.569716,126.907516,정읍 데모도로,정읍시,845508.0,326882.92,0.3866112680187532,9.4307279162049,matched,0,,,,,0,571,2101-13,국도21호선,쌍치면-정읍시(2101-13),3398.4948470602494,1150.0363,9688.5,0.0338430466812314,city_median,61.41042297962357,38.66112680187532,2025-12-31,13.0,100.0,0.0,8.97,3.5880000000000005,0.0,35.0,0.8970000000000001,7.732225360375065,12.282084595924715,55.911309956299775,47.205882352941174,일반,동결융해,"Logistic 위험순위 상위 52.8% | 주요 증가요인=동결융해 | 동결융해 14일 13회 | 7일 강수 0.0mm | 14일 강수 9.0mm | 하수관 노후비율 38.7% | ESAL 1150.0 (도시 중앙값) | 과거 300m 이내 보수이력 없음 | 모델기여도[동결융해=+0.696, 7일 누적강수=-0.264, 14일 누적강수=+0.198, 하수관로 노후도=+0.003, 교통하중=-0.003, 과거 보수이력=-0.061, 보수 후 경과기간=-0.018]",55.911309956299775,위험,"주요원인=동결융해 | 동결융해=100.0점 (14일 13회) | 누적강수=3.6점 (7일 0.0mm, 14일 9.0mm) | 하수관로 노후도=38.7점 (30년 이상 비율 38.7%) | 교통하중=61.4점 (ESAL 1150.0, 도시 중앙값 적용) | 300m 이내 확인된 보수이력 없음",0,,,,0.0,0.5849031388716117,0.696248318989472,-0.2641455745468213,0.19750546345590905,0.0034172125813376917,-0.0026691807566838026,-0.06072288933117835,-0.017788087188867548,47.205882352941174,하위 70%
R00571,35.569671,126.90093,정읍 데모도로,정읍시,845508.0,326882.92,0.3866112680187532,9.4307279162049,matched,0,,,,,0,570,2101-13,국도21호선,쌍치면-정읍시(2101-13),3009.6325294734115,1150.0363,9688.5,0.0338430466812314,city_median,61.41042297962357,38.66112680187532,2025-12-31,13.0,100.0,0.0,8.97,3.5880000000000005,0.0,35.0,0.8970000000000001,7.732225360375065,12.282084595924715,55.911309956299775,47.205882352941174,일반,동결융해,"Logistic 위험순위 상위 52.8% | 주요 증가요인=동결융해 | 동결융해 14일 13회 | 7일 강수 0.0mm | 14일 강수 9.0mm | 하수관 노후비율 38.7% | ESAL 1150.0 (도시 중앙값) | 과거 300m 이내 보수이력 없음 | 모델기여도[동결융해=+0.696, 7일 누적강수=-0.264, 14일 누적강수=+0.198, 하수관로 노후도=+0.003, 교통하중=-0.003, 과거 보수이력=-0.061, 보수 후 경과기간=-0.018]",55.911309956299775,위험,"주요원인=동결융해 | 동결융해=100.0점 (14일 13회) | 누적강수=3.6점 (7일 0.0mm, 14일 9.0mm) | 하수관로 노후도=38.7점 (30년 이상 비율 38.7%) | 교통하중=61.4점 (ESAL 1150.0, 도시 중앙값 적용) | 300m 이내 확인된 보수이력 없음",0,,,,0.0,0.5849031388716117,0.696248318989472,-0.2641455745468213,0.19750546345590905,0.0034172125813376917,-0.0026691807566838026,-0.06072288933117835,-0.017788087188867548,47.205882352941174,하위 70%
R00562,35.569879,126.8594,정읍 데모도로,정읍시,845508.0,326882.92,0.3866112680187532,9.4307279162049,matched,0,,,,,0,561,2101-13,국도21호선,쌍치면-정읍시(2101-13),3156.378129947089,1150.0363,9688.5,0.0338430466812314,city_median,61.41042297962357,38.66112680187532,2025-12-31,13.0,100.0,0.0,8.97,3.5880000000000005,0.0,35.0,0.8970000000000001,7.732225360375065,12.282084595924715,55.911309956299775,47.205882352941174,일반,동결융해,"Logistic 위험순위 상위 52.8% | 주요 증가요인=동결융해 | 동결융해 14일 13회 | 7일 강수 0.0mm | 14일 강수 9.0mm | 하수관 노후비율 38.7% | ESAL 1150.0 (도시 중앙값) | 과거 300m 이내 보수이력 없음 | 모델기여도[동결융해=+0.696, 7일 누적강수=-0.264, 14일 누적강수=+0.198, 하수관로 노후도=+0.003, 교통하중=-0.003, 과거 보수이력=-0.061, 보수 후 경과기간=-0.018]",55.911309956299775,위험,"주요원인=동결융해 | 동결융해=100.0점 (14일 13회) | 누적강수=3.6점 (7일 0.0mm, 14일 9.0mm) | 하수관로 노후도=38.7점 (30년 이상 비율 38.7%) | 교통하중=61.4점 (ESAL 1150.0, 도시 중앙값 적용) | 300m 이내 확인된 보수이력 없음",0,,,,0.0,0.5849031388716117,0.696248318989472,-0.2641455745468213,0.19750546345590905,0.0034172125813376917,-0.0026691807566838026,-0.06072288933117835,-0.017788087188867548,47.205882352941174,하위 70%
R00561,35.570139,126.852906,정읍 데모도로,정읍시,845508.0,326882.92,0.3866112680187532,9.4307279162049,matched,0,,,,,0,560,2101-13,국도21호선,쌍치면-정읍시(2101-13),3575.0913998872097,1150.0363,9688.5,0.0338430466812314,city_median,61.41042297962357,38.66112680187532,2025-12-31,13.0,100.0,0.0,8.97,3.5880000000000005,0.0,35.0,0.8970000000000001,7.732225360375065,12.282084595924715,55.911309956299775,47.205882352941174,일반,동결융해,"Logistic 위험순위 상위 52.8% | 주요 증가요인=동결융해 | 동결융해 14일 13회 | 7일 강수 0.0mm | 14일 강수 9.0mm | 하수관 노후비율 38.7% | ESAL 1150.0 (도시 중앙값) | 과거 300m 이내 보수이력 없음 | 모델기여도[동결융해=+0.696, 7일 누적강수=-0.264, 14일 누적강수=+0.198, 하수관로 노후도=+0.003, 교통하중=-0.003, 과거 보수이력=-0.061, 보수 후 경과기간=-0.018]",55.911309956299775,위험,"주요원인=동결융해 | 동결융해=100.0점 (14일 13회) | 누적강수=3.6점 (7일 0.0mm, 14일 9.0mm) | 하수관로 노후도=38.7점 (30년 이상 비율 38.7%) | 교통하중=61.4점 (ESAL 1150.0, 도시 중앙값 적용) | 300m 이내 확인된 보수이력 없음",0,,,,0.0,0.5849031388716117,0.696248318989472,-0.2641455745468213,0.19750546345590905,0.0034172125813376917,-0.0026691807566838026,-0.06072288933117835,-0.017788087188867548,47.205882352941174,하위 70%
R00560,35.5695,126.848822,정읍 데모도로,정읍시,845508.0,326882.92,0.3866112680187532,9.4307279162049,matched,0,,,,,0,559,2101-13,국도21호선,쌍치면-정읍시(2101-13),3803.902173346273,1150.0363,9688.5,0.0338430466812314,city_median,61.41042297962357,38.66112680187532,2025-12-31,13.0,100.0,0.0,8.97,3.5880000000000005,0.0,35.0,0.8970000000000001,7.732225360375065,12.282084595924715,55.911309956299775,47.205882352941174,일반,동결융해,"Logistic 위험순위 상위 52.8% | 주요 증가요인=동결융해 | 동결융해 14일 13회 | 7일 강수 0.0mm | 14일 강수 9.0mm | 하수관 노후비율 38.7% | ESAL 1150.0 (도시 중앙값) | 과거 300m 이내 보수이력 없음 | 모델기여도[동결융해=+0.696, 7일 누적강수=-0.264, 14일 누적강수=+0.198, 하수관로 노후도=+0.003, 교통하중=-0.003, 과거 보수이력=-0.061, 보수 후 경과기간=-0.018]",55.911309956299775,위험,"주요원인=동결융해 | 동결융해=100.0점 (14일 13회) | 누적강수=3.6점 (7일 0.0mm, 14일 9.0mm) | 하수관로 노후도=38.7점 (30년 이상 비율 38.7%) | 교통하중=61.4점 (ESAL 1150.0, 도시 중앙값 적용) | 300m 이내 확인된 보수이력 없음",0,,,,0.0,0.5849031388716117,0.696248318989472,-0.2641455745468213,0.19750546345590905,0.0034172125813376917,-0.0026691807566838026,-0.06072288933117835,-0.017788087188867548,47.205882352941174,하위 70%
R00558,35.569036,126.839247,정읍 데모도로,정읍시,845508.0,326882.92,0.3866112680187532,9.4307279162049,matched,0,,,,,0,557,2101-13,국도21호선,쌍치면-정읍시(2101-13),4479.701722513915,1150.0363,9688.5,0.0338430466812314,city_median,61.41042297962357,38.66112680187532,2025-12-31,13.0,100.0,0.0,8.97,3.5880000000000005,0.0,35.0,0.8970000000000001,7.732225360375065,12.282084595924715,55.911309956299775,47.205882352941174,일반,동결융해,"Logistic 위험순위 상위 52.8% | 주요 증가요인=동결융해 | 동결융해 14일 13회 | 7일 강수 0.0mm | 14일 강수 9.0mm | 하수관 노후비율 38.7% | ESAL 1150.0 (도시 중앙값) | 과거 300m 이내 보수이력 없음 | 모델기여도[동결융해=+0.696, 7일 누적강수=-0.264, 14일 누적강수=+0.198, 하수관로 노후도=+0.003, 교통하중=-0.003, 과거 보수이력=-0.061, 보수 후 경과기간=-0.018]",55.911309956299775,위험,"주요원인=동결융해 | 동결융해=100.0점 (14일 13회) | 누적강수=3.6점 (7일 0.0mm, 14일 9.0mm) | 하수관로 노후도=38.7점 (30년 이상 비율 38.7%) | 교통하중=61.4점 (ESAL 1150.0, 도시 중앙값 적용) | 300m 이내 확인된 보수이력 없음",0,,,,0.0,0.5849031388716117,0.696248318989472,-0.2641455745468213,0.19750546345590905,0.0034172125813376917,-0.0026691807566838026,-0.06072288933117835,-0.017788087188867548,47.205882352941174,하위 70%
R00557,35.569388,126.835449,정읍 데모도로,정읍시,845508.0,326882.92,0.3866112680187532,9.4307279162049,matched,0,,,,,0,556,2101-13,국도21호선,쌍치면-정읍시(2101-13),4794.564601336829,1150.0363,9688.5,0.0338430466812314,city_median,61.41042297962357,38.66112680187532,2025-12-31,13.0,100.0,0.0,8.97,3.5880000000000005,0.0,35.0,0.8970000000000001,7.732225360375065,12.282084595924715,55.911309956299775,47.205882352941174,일반,동결융해,"Logistic 위험순위 상위 52.8% | 주요 증가요인=동결융해 | 동결융해 14일 13회 | 7일 강수 0.0mm | 14일 강수 9.0mm | 하수관 노후비율 38.7% | ESAL 1150.0 (도시 중앙값) | 과거 300m 이내 보수이력 없음 | 모델기여도[동결융해=+0.696, 7일 누적강수=-0.264, 14일 누적강수=+0.198, 하수관로 노후도=+0.003, 교통하중=-0.003, 과거 보수이력=-0.061, 보수 후 경과기간=-0.018]",55.911309956299775,위험,"주요원인=동결융해 | 동결융해=100.0점 (14일 13회) | 누적강수=3.6점 (7일 0.0mm, 14일 9.0mm) | 하수관로 노후도=38.7점 (30년 이상 비율 38.7%) | 교통하중=61.4점 (ESAL 1150.0, 도시 중앙값 적용) | 300m 이내 확인된 보수이력 없음",0,,,,0.0,0.5849031388716117,0.696248318989472,-0.2641455745468213,0.19750546345590905,0.0034172125813376917,-0.0026691807566838026,-0.06072288933117835,-0.017788087188867548,47.205882352941174,하위 70%
R00556,35.570216,126.829722,정읍 데모도로,정읍시,845508.0,326882.92,0.3866112680187532,9.4307279162049,matched,0,,,,,0,555,2101-13,국도21호선,쌍치면-정읍시(2101-13),5292.1450777032105,1150.0363,9688.5,0.0338430466812314,city_median,61.41042297962357,38.66112680187532,2025-12-31,13.0,100.0,0.0,8.97,3.5880000000000005,0.0,35.0,0.8970000000000001,7.732225360375065,12.282084595924715,55.911309956299775,47.205882352941174,일반,동결융해,"Logistic 위험순위 상위 52.8% | 주요 증가요인=동결융해 | 동결융해 14일 13회 | 7일 강수 0.0mm | 14일 강수 9.0mm | 하수관 노후비율 38.7% | ESAL 1150.0 (도시 중앙값) | 과거 300m 이내 보수이력 없음 | 모델기여도[동결융해=+0.696, 7일 누적강수=-0.264, 14일 누적강수=+0.198, 하수관로 노후도=+0.003, 교통하중=-0.003, 과거 보수이력=-0.061, 보수 후 경과기간=-0.018]",55.911309956299775,위험,"주요원인=동결융해 | 동결융해=100.0점 (14일 13회) | 누적강수=3.6점 (7일 0.0mm, 14일 9.0mm) | 하수관로 노후도=38.7점 (30년 이상 비율 38.7%) | 교통하중=61.4점 (ESAL 1150.0, 도시 중앙값 적용) | 300m 이내 확인된 보수이력 없음",0,,,,0.0,0.5849031388716117,0.696248318989472,-0.2641455745468213,0.19750546345590905,0.0034172125813376917,-0.0026691807566838026,-0.06072288933117835,-0.017788087188867548,47.205882352941174,하위 70%
R00555,35.570285,126.825104,정읍 데모도로,정읍시,845508.0,326882.92,0.3866112680187532,9.4307279162049,matched,0,,,,,0,554,2101-13,국도21호선,쌍치면-정읍시(2101-13),5667.446114978889,1150.0363,9688.5,0.0338430466812314,city_median,61.41042297962357,38.66112680187532,2025-12-31,13.0,100.0,0.0,8.97,3.5880000000000005,0.0,35.0,0.8970000000000001,7.732225360375065,12.282084595924715,55.911309956299775,47.205882352941174,일반,동결융해,"Logistic 위험순위 상위 52.8% | 주요 증가요인=동결융해 | 동결융해 14일 13회 | 7일 강수 0.0mm | 14일 강수 9.0mm | 하수관 노후비율 38.7% | ESAL 1150.0 (도시 중앙값) | 과거 300m 이내 보수이력 없음 | 모델기여도[동결융해=+0.696, 7일 누적강수=-0.264, 14일 누적강수=+0.198, 하수관로 노후도=+0.003, 교통하중=-0.003, 과거 보수이력=-0.061, 보수 후 경과기간=-0.018]",55.911309956299775,위험,"주요원인=동결융해 | 동결융해=100.0점 (14일 13회) | 누적강수=3.6점 (7일 0.0mm, 14일 9.0mm) | 하수관로 노후도=38.7점 (30년 이상 비율 38.7%) | 교통하중=61.4점 (ESAL 1150.0, 도시 중앙값 적용) | 300m 이내 확인된 보수이력 없음",0,,,,0.0,0.5849031388716117,0.696248318989472,-0.2641455745468213,0.19750546345590905,0.0034172125813376917,-0.0026691807566838026,-0.06072288933117835,-0.017788087188867548,47.205882352941174,하위 70%
R00554,35.570373,126.820252,정읍 데모도로,정읍시,845508.0,326882.92,0.3866112680187532,9.4307279162049,matched,0,,,,,0,553,2909-01,국도29호선,정읍시-화호리(2909-01),5430.996113260283,1150.0363,9688.5,0.0338430466812314,city_median,61.41042297962357,38.66112680187532,2025-12-31,13.0,100.0,0.0,8.97,3.5880000000000005,0.0,35.0,0.8970000000000001,7.732225360375065,12.282084595924715,55.911309956299775,47.205882352941174,일반,동결융해,"Logistic 위험순위 상위 52.8% | 주요 증가요인=동결융해 | 동결융해 14일 13회 | 7일 강수 0.0mm | 14일 강수 9.0mm | 하수관 노후비율 38.7% | ESAL 1150.0 (도시 중앙값) | 과거 300m 이내 보수이력 없음 | 모델기여도[동결융해=+0.696, 7일 누적강수=-0.264, 14일 누적강수=+0.198, 하수관로 노후도=+0.003, 교통하중=-0.003, 과거 보수이력=-0.061, 보수 후 경과기간=-0.018]",55.911309956299775,위험,"주요원인=동결융해 | 동결융해=100.0점 (14일 13회) | 누적강수=3.6점 (7일 0.0mm, 14일 9.0mm) | 하수관로 노후도=38.7점 (30년 이상 비율 38.7%) | 교통하중=61.4점 (ESAL 1150.0, 도시 중앙값 적용) | 300m 이내 확인된 보수이력 없음",0,,,,0.0,0.5849031388716117,0.696248318989472,-0.2641455745468213,0.19750546345590905,0.0034172125813376917,-0.0026691807566838026,-0.06072288933117835,-0.017788087188867548,47.205882352941174,하위 70%
R00553,35.570045,126.814805,정읍 데모도로,정읍시,845508.0,326882.92,0.3866112680187532,9.4307279162049,matched,0,,,,,0,552,2909-01,국도29호선,정읍시-화호리(2909-01),5132.768794809473,1150.0363,9688.5,0.0338430466812314,city_median,61.41042297962357,38.66112680187532,2025-12-31,13.0,100.0,0.0,8.97,3.5880000000000005,0.0,35.0,0.8970000000000001,7.732225360375065,12.282084595924715,55.911309956299775,47.205882352941174,일반,동결융해,"Logistic 위험순위 상위 52.8% | 주요 증가요인=동결융해 | 동결융해 14일 13회 | 7일 강수 0.0mm | 14일 강수 9.0mm | 하수관 노후비율 38.7% | ESAL 1150.0 (도시 중앙값) | 과거 300m 이내 보수이력 없음 | 모델기여도[동결융해=+0.696, 7일 누적강수=-0.264, 14일 누적강수=+0.198, 하수관로 노후도=+0.003, 교통하중=-0.003, 과거 보수이력=-0.061, 보수 후 경과기간=-0.018]",55.911309956299775,위험,"주요원인=동결융해 | 동결융해=100.0점 (14일 13회) | 누적강수=3.6점 (7일 0.0mm, 14일 9.0mm) | 하수관로 노후도=38.7점 (30년 이상 비율 38.7%) | 교통하중=61.4점 (ESAL 1150.0, 도시 중앙값 적용) | 300m 이내 확인된 보수이력 없음",0,,,,0.0,0.5849031388716117,0.696248318989472,-0.2641455745468213,0.19750546345590905,0.0034172125813376917,-0.0026691807566838026,-0.06072288933117835,-0.017788087188867548,47.205882352941174,하위 70%
R00577,35.56953,126.93166,정읍 데모도로,정읍시,845508.0,326882.92,0.3866112680187532,9.4307279162049,matched,0,,,,,0,576,2101-13,국도21호선,쌍치면-정읍시(2101-13),5154.270306921491,1150.0363,9688.5,0.0338430466812314,city_median,61.41042297962357,38.66112680187532,2025-12-31,13.0,100.0,0.0,8.97,3.5880000000000005,0.0,35.0,0.8970000000000001,7.732225360375065,12.282084595924715,55.911309956299775,47.205882352941174,일반,동결융해,"Logistic 위험순위 상위 52.8% | 주요 증가요인=동결융해 | 동결융해 14일 13회 | 7일 강수 0.0mm | 14일 강수 9.0mm | 하수관 노후비율 38.7% | ESAL 1150.0 (도시 중앙값) | 과거 300m 이내 보수이력 없음 | 모델기여도[동결융해=+0.696, 7일 누적강수=-0.264, 14일 누적강수=+0.198, 하수관로 노후도=+0.003, 교통하중=-0.003, 과거 보수이력=-0.061, 보수 후 경과기간=-0.018]",55.911309956299775,위험,"주요원인=동결융해 | 동결융해=100.0점 (14일 13회) | 누적강수=3.6점 (7일 0.0mm, 14일 9.0mm) | 하수관로 노후도=38.7점 (30년 이상 비율 38.7%) | 교통하중=61.4점 (ESAL 1150.0, 도시 중앙값 적용) | 300m 이내 확인된 보수이력 없음",0,,,,0.0,0.5849031388716117,0.696248318989472,-0.2641455745468213,0.19750546345590905,0.0034172125813376917,-0.0026691807566838026,-0.06072288933117835,-0.017788087188867548,47.205882352941174,하위 70%
R00552,35.56942,126.810868,정읍 데모도로,정읍시,845508.0,326882.92,0.3866112680187532,9.4307279162049,matched,0,,,,,0,551,2909-01,국도29호선,정읍시-화호리(2909-01),4971.8464240485,1150.0363,9688.5,0.0338430466812314,city_median,61.41042297962357,38.66112680187532,2025-12-31,13.0,100.0,0.0,8.97,3.5880000000000005,0.0,35.0,0.8970000000000001,7.732225360375065,12.282084595924715,55.911309956299775,47.205882352941174,일반,동결융해,"Logistic 위험순위 상위 52.8% | 주요 증가요인=동결융해 | 동결융해 14일 13회 | 7일 강수 0.0mm | 14일 강수 9.0mm | 하수관 노후비율 38.7% | ESAL 1150.0 (도시 중앙값) | 과거 300m 이내 보수이력 없음 | 모델기여도[동결융해=+0.696, 7일 누적강수=-0.264, 14일 누적강수=+0.198, 하수관로 노후도=+0.003, 교통하중=-0.003, 과거 보수이력=-0.061, 보수 후 경과기간=-0.018]",55.911309956299775,위험,"주요원인=동결융해 | 동결융해=100.0점 (14일 13회) | 누적강수=3.6점 (7일 0.0mm, 14일 9.0mm) | 하수관로 노후도=38.7점 (30년 이상 비율 38.7%) | 교통하중=61.4점 (ESAL 1150.0, 도시 중앙값 적용) | 300m 이내 확인된 보수이력 없음",0,,,,0.0,0.5849031388716117,0.696248318989472,-0.2641455745468213,0.19750546345590905,0.0034172125813376917,-0.0026691807566838026,-0.06072288933117835,-0.017788087188867548,47.205882352941174,하위 70%
R00551,35.570304,126.804958,정읍 데모도로,정읍시,845508.0,326882.92,0.3866112680187532,9.4307279162049,matched,0,,,,,0,550,2909-01,국도29호선,정읍시-화호리(2909-01),4596.861916168975,1150.0363,9688.5,0.0338430466812314,city_median,61.41042297962357,38.66112680187532,2025-12-31,13.0,100.0,0.0,8.97,3.5880000000000005,0.0,35.0,0.8970000000000001,7.732225360375065,12.282084595924715,55.911309956299775,47.205882352941174,일반,동결융해,"Logistic 위험순위 상위 52.8% | 주요 증가요인=동결융해 | 동결융해 14일 13회 | 7일 강수 0.0mm | 14일 강수 9.0mm | 하수관 노후비율 38.7% | ESAL 1150.0 (도시 중앙값) | 과거 300m 이내 보수이력 없음 | 모델기여도[동결융해=+0.696, 7일 누적강수=-0.264, 14일 누적강수=+0.198, 하수관로 노후도=+0.003, 교통하중=-0.003, 과거 보수이력=-0.061, 보수 후 경과기간=-0.018]",55.911309956299775,위험,"주요원인=동결융해 | 동결융해=100.0점 (14일 13회) | 누적강수=3.6점 (7일 0.0mm, 14일 9.0mm) | 하수관로 노후도=38.7점 (30년 이상 비율 38.7%) | 교통하중=61.4점 (ESAL 1150.0, 도시 중앙값 적용) | 300m 이내 확인된 보수이력 없음",0,,,,0.0,0.5849031388716117,0.696248318989472,-0.2641455745468213,0.19750546345590905,0.0034172125813376917,-0.0026691807566838026,-0.06072288933117835,-0.017788087188867548,47.205882352941174,하위 70%
R00549,35.570627,126.79551,정읍 데모도로,정읍시,845508.0,326882.92,0.3866112680187532,9.4307279162049,matched,0,,,,,0,548,2909-01,국도29호선,정읍시-화호리(2909-01),4189.938423405451,1150.0363,9688.5,0.0338430466812314,city_median,61.41042297962357,38.66112680187532,2025-12-31,13.0,100.0,0.0,8.97,3.5880000000000005,0.0,35.0,0.8970000000000001,7.732225360375065,12.282084595924715,55.911309956299775,47.205882352941174,일반,동결융해,"Logistic 위험순위 상위 52.8% | 주요 증가요인=동결융해 | 동결융해 14일 13회 | 7일 강수 0.0mm | 14일 강수 9.0mm | 하수관 노후비율 38.7% | ESAL 1150.0 (도시 중앙값) | 과거 300m 이내 보수이력 없음 | 모델기여도[동결융해=+0.696, 7일 누적강수=-0.264, 14일 누적강수=+0.198, 하수관로 노후도=+0.003, 교통하중=-0.003, 과거 보수이력=-0.061, 보수 후 경과기간=-0.018]",55.911309956299775,위험,"주요원인=동결융해 | 동결융해=100.0점 (14일 13회) | 누적강수=3.6점 (7일 0.0mm, 14일 9.0mm) | 하수관로 노후도=38.7점 (30년 이상 비율 38.7%) | 교통하중=61.4점 (ESAL 1150.0, 도시 중앙값 적용) | 300m 이내 확인된 보수이력 없음",0,,,,0.0,0.5849031388716117,0.696248318989472,-0.2641455745468213,0.19750546345590905,0.0034172125813376917,-0.0026691807566838026,-0.06072288933117835,-0.017788087188867548,47.205882352941174,하위 70%
R00550,35.569727,126.801535,정읍 데모도로,정읍시,845508.0,326882.92,0.3866112680187532,9.4307279162049,matched,0,,,,,0,549,2909-01,국도29호선,정읍시-화호리(2909-01),4503.346232625738,1150.0363,9688.5,0.0338430466812314,city_median,61.41042297962357,38.66112680187532,2025-12-31,13.0,100.0,0.0,8.97,3.5880000000000005,0.0,35.0,0.8970000000000001,7.732225360375065,12.282084595924715,55.911309956299775,47.205882352941174,일반,동결융해,"Logistic 위험순위 상위 52.8% | 주요 증가요인=동결융해 | 동결융해 14일 13회 | 7일 강수 0.0mm | 14일 강수 9.0mm | 하수관 노후비율 38.7% | ESAL 1150.0 (도시 중앙값) | 과거 300m 이내 보수이력 없음 | 모델기여도[동결융해=+0.696, 7일 누적강수=-0.264, 14일 누적강수=+0.198, 하수관로 노후도=+0.003, 교통하중=-0.003, 과거 보수이력=-0.061, 보수 후 경과기간=-0.018]",55.911309956299775,위험,"주요원인=동결융해 | 동결융해=100.0점 (14일 13회) | 누적강수=3.6점 (7일 0.0mm, 14일 9.0mm) | 하수관로 노후도=38.7점 (30년 이상 비율 38.7%) | 교통하중=61.4점 (ESAL 1150.0, 도시 중앙값 적용) | 300m 이내 확인된 보수이력 없음",0,,,,0.0,0.5849031388716117,0.696248318989472,-0.2641455745468213,0.19750546345590905,0.0034172125813376917,-0.0026691807566838026,-0.06072288933117835,-0.017788087188867548,47.205882352941174,하위 70%
R00548,35.569502,126.790119,정읍 데모도로,정읍시,845508.0,326882.92,0.3866112680187532,9.4307279162049,matched,0,,,,,0,547,2202-01,국도22호선,정읍IC-흥덕면(2202-01),3741.212362891684,1150.0363,9688.5,0.0338430466812314,city_median,61.41042297962357,38.66112680187532,2025-12-31,13.0,100.0,0.0,8.97,3.5880000000000005,0.0,35.0,0.8970000000000001,7.732225360375065,12.282084595924715,55.911309956299775,47.205882352941174,일반,동결융해,"Logistic 위험순위 상위 52.8% | 주요 증가요인=동결융해 | 동결융해 14일 13회 | 7일 강수 0.0mm | 14일 강수 9.0mm | 하수관 노후비율 38.7% | ESAL 1150.0 (도시 중앙값) | 과거 300m 이내 보수이력 없음 | 모델기여도[동결융해=+0.696, 7일 누적강수=-0.264, 14일 누적강수=+0.198, 하수관로 노후도=+0.003, 교통하중=-0.003, 과거 보수이력=-0.061, 보수 후 경과기간=-0.018]",55.911309956299775,위험,"주요원인=동결융해 | 동결융해=100.0점 (14일 13회) | 누적강수=3.6점 (7일 0.0mm, 14일 9.0mm) | 하수관로 노후도=38.7점 (30년 이상 비율 38.7%) | 교통하중=61.4점 (ESAL 1150.0, 도시 중앙값 적용) | 300m 이내 확인된 보수이력 없음",0,,,,0.0,0.5849031388716117,0.696248318989472,-0.2641455745468213,0.19750546345590905,0.0034172125813376917,-0.0026691807566838026,-0.06072288933117835,-0.017788087188867548,47.205882352941174,하위 70%
R00547,35.570127,126.786581,정읍 데모도로,정읍시,845508.0,326882.92,0.3866112680187532,9.4307279162049,matched,0,,,,,0,546,2202-01,국도22호선,정읍IC-흥덕면(2202-01),3539.835352874069,1150.0363,9688.5,0.0338430466812314,city_median,61.41042297962357,38.66112680187532,2025-12-31,13.0,100.0,0.0,8.97,3.5880000000000005,0.0,35.0,0.8970000000000001,7.732225360375065,12.282084595924715,55.911309956299775,47.205882352941174,일반,동결융해,"Logistic 위험순위 상위 52.8% | 주요 증가요인=동결융해 | 동결융해 14일 13회 | 7일 강수 0.0mm | 14일 강수 9.0mm | 하수관 노후비율 38.7% | ESAL 1150.0 (도시 중앙값) | 과거 300m 이내 보수이력 없음 | 모델기여도[동결융해=+0.696, 7일 누적강수=-0.264, 14일 누적강수=+0.198, 하수관로 노후도=+0.003, 교통하중=-0.003, 과거 보수이력=-0.061, 보수 후 경과기간=-0.018]",55.911309956299775,위험,"주요원인=동결융해 | 동결융해=100.0점 (14일 13회) | 누적강수=3.6점 (7일 0.0mm, 14일 9.0mm) | 하수관로 노후도=38.7점 (30년 이상 비율 38.7%) | 교통하중=61.4점 (ESAL 1150.0, 도시 중앙값 적용) | 300m 이내 확인된 보수이력 없음",0,,,,0.0,0.5849031388716117,0.696248318989472,-0.2641455745468213,0.19750546345590905,0.0034172125813376917,-0.0026691807566838026,-0.06072288933117835,-0.017788087188867548,47.205882352941174,하위 70%
R00546,35.570073,126.781282,정읍 데모도로,정읍시,845508.0,326882.92,0.3866112680187532,9.4307279162049,matched,0,,,,,0,545,2202-01,국도22호선,정읍IC-흥덕면(2202-01),3194.4867057086344,1150.0363,9688.5,0.0338430466812314,city_median,61.41042297962357,38.66112680187532,2025-12-31,13.0,100.0,0.0,8.97,3.5880000000000005,0.0,35.0,0.8970000000000001,7.732225360375065,12.282084595924715,55.911309956299775,47.205882352941174,일반,동결융해,"Logistic 위험순위 상위 52.8% | 주요 증가요인=동결융해 | 동결융해 14일 13회 | 7일 강수 0.0mm | 14일 강수 9.0mm | 하수관 노후비율 38.7% | ESAL 1150.0 (도시 중앙값) | 과거 300m 이내 보수이력 없음 | 모델기여도[동결융해=+0.696, 7일 누적강수=-0.264, 14일 누적강수=+0.198, 하수관로 노후도=+0.003, 교통하중=-0.003, 과거 보수이력=-0.061, 보수 후 경과기간=-0.018]",55.911309956299775,위험,"주요원인=동결융해 | 동결융해=100.0점 (14일 13회) | 누적강수=3.6점 (7일 0.0mm, 14일 9.0mm) | 하수관로 노후도=38.7점 (30년 이상 비율 38.7%) | 교통하중=61.4점 (ESAL 1150.0, 도시 중앙값 적용) | 300m 이내 확인된 보수이력 없음",0,,,,0.0,0.5849031388716117,0.696248318989472,-0.2641455745468213,0.19750546345590905,0.0034172125813376917,-0.0026691807566838026,-0.06072288933117835,-0.017788087188867548,47.205882352941174,하위 70%
R00676,35.612337,126.81311,정읍 데모도로,정읍시,845508.0,326882.92,0.3866112680187532,9.4307279162049,matched,0,,,,,0,675,2909-01,국도29호선,정읍시-화호리(2909-01),3174.925244440119,1150.0363,9688.5,0.0338430466812314,city_median,61.41042297962357,38.66112680187532,2025-12-31,13.0,100.0,0.0,8.97,3.5880000000000005,0.0,35.0,0.8970000000000001,7.732225360375065,12.282084595924715,55.911309956299775,47.205882352941174,일반,동결융해,"Logistic 위험순위 상위 52.8% | 주요 증가요인=동결융해 | 동결융해 14일 13회 | 7일 강수 0.0mm | 14일 강수 9.0mm | 하수관 노후비율 38.7% | ESAL 1150.0 (도시 중앙값) | 과거 300m 이내 보수이력 없음 | 모델기여도[동결융해=+0.696, 7일 누적강수=-0.264, 14일 누적강수=+0.198, 하수관로 노후도=+0.003, 교통하중=-0.003, 과거 보수이력=-0.061, 보수 후 경과기간=-0.018]",55.911309956299775,위험,"주요원인=동결융해 | 동결융해=100.0점 (14일 13회) | 누적강수=3.6점 (7일 0.0mm, 14일 9.0mm) | 하수관로 노후도=38.7점 (30년 이상 비율 38.7%) | 교통하중=61.4점 (ESAL 1150.0, 도시 중앙값 적용) | 300m 이내 확인된 보수이력 없음",0,,,,0.0,0.5849031388716117,0.696248318989472,-0.2641455745468213,0.19750546345590905,0.0034172125813376917,-0.0026691807566838026,-0.06072288933117835,-0.017788087188867548,47.205882352941174,하위 70%
R00675,35.608788,126.81545,정읍 데모도로,정읍시,845508.0,326882.92,0.3866112680187532,9.4307279162049,matched,0,,,,,0,674,2909-01,국도29호선,정읍시-화호리(2909-01),3319.0339903017875,1150.0363,9688.5,0.0338430466812314,city_median,61.41042297962357,38.66112680187532,2025-12-31,13.0,100.0,0.0,8.97,3.5880000000000005,0.0,35.0,0.8970000000000001,7.732225360375065,12.282084595924715,55.911309956299775,47.205882352941174,일반,동결융해,"Logistic 위험순위 상위 52.8% | 주요 증가요인=동결융해 | 동결융해 14일 13회 | 7일 강수 0.0mm | 14일 강수 9.0mm | 하수관 노후비율 38.7% | ESAL 1150.0 (도시 중앙값) | 과거 300m 이내 보수이력 없음 | 모델기여도[동결융해=+0.696, 7일 누적강수=-0.264, 14일 누적강수=+0.198, 하수관로 노후도=+0.003, 교통하중=-0.003, 과거 보수이력=-0.061, 보수 후 경과기간=-0.018]",55.911309956299775,위험,"주요원인=동결융해 | 동결융해=100.0점 (14일 13회) | 누적강수=3.6점 (7일 0.0mm, 14일 9.0mm) | 하수관로 노후도=38.7점 (30년 이상 비율 38.7%) | 교통하중=61.4점 (ESAL 1150.0, 도시 중앙값 적용) | 300m 이내 확인된 보수이력 없음",0,,,,0.0,0.5849031388716117,0.696248318989472,-0.2641455745468213,0.19750546345590905,0.0034172125813376917,-0.0026691807566838026,-0.06072288933117835,-0.017788087188867548,47.205882352941174,하위 70%
R00674,35.605363,126.820151,정읍 데모도로,정읍시,845508.0,326882.92,0.3866112680187532,9.4307279162049,matched,0,,,,,0,673,2909-01,국도29호선,정읍시-화호리(2909-01),3727.876292265674,1150.0363,9688.5,0.0338430466812314,city_median,61.41042297962357,38.66112680187532,2025-12-31,13.0,100.0,0.0,8.97,3.5880000000000005,0.0,35.0,0.8970000000000001,7.732225360375065,12.282084595924715,55.911309956299775,47.205882352941174,일반,동결융해,"Logistic 위험순위 상위 52.8% | 주요 증가요인=동결융해 | 동결융해 14일 13회 | 7일 강수 0.0mm | 14일 강수 9.0mm | 하수관 노후비율 38.7% | ESAL 1150.0 (도시 중앙값) | 과거 300m 이내 보수이력 없음 | 모델기여도[동결융해=+0.696, 7일 누적강수=-0.264, 14일 누적강수=+0.198, 하수관로 노후도=+0.003, 교통하중=-0.003, 과거 보수이력=-0.061, 보수 후 경과기간=-0.018]",55.911309956299775,위험,"주요원인=동결융해 | 동결융해=100.0점 (14일 13회) | 누적강수=3.6점 (7일 0.0mm, 14일 9.0mm) | 하수관로 노후도=38.7점 (30년 이상 비율 38.7%) | 교통하중=61.4점 (ESAL 1150.0, 도시 중앙값 적용) | 300m 이내 확인된 보수이력 없음",0,,,,0.0,0.5849031388716117,0.696248318989472,-0.2641455745468213,0.19750546345590905,0.0034172125813376917,-0.0026691807566838026,-0.06072288933117835,-0.017788087188867548,47.205882352941174,하위 70%
R00673,35.60303,126.823845,정읍 데모도로,정읍시,845508.0,326882.92,0.3866112680187532,9.4307279162049,matched,0,,,,,0,672,2909-01,국도29호선,정읍시-화호리(2909-01),4073.311748926201,1150.0363,9688.5,0.0338430466812314,city_median,61.41042297962357,38.66112680187532,2025-12-31,13.0,100.0,0.0,8.97,3.5880000000000005,0.0,35.0,0.8970000000000001,7.732225360375065,12.282084595924715,55.911309956299775,47.205882352941174,일반,동결융해,"Logistic 위험순위 상위 52.8% | 주요 증가요인=동결융해 | 동결융해 14일 13회 | 7일 강수 0.0mm | 14일 강수 9.0mm | 하수관 노후비율 38.7% | ESAL 1150.0 (도시 중앙값) | 과거 300m 이내 보수이력 없음 | 모델기여도[동결융해=+0.696, 7일 누적강수=-0.264, 14일 누적강수=+0.198, 하수관로 노후도=+0.003, 교통하중=-0.003, 과거 보수이력=-0.061, 보수 후 경과기간=-0.018]",55.911309956299775,위험,"주요원인=동결융해 | 동결융해=100.0점 (14일 13회) | 누적강수=3.6점 (7일 0.0mm, 14일 9.0mm) | 하수관로 노후도=38.7점 (30년 이상 비율 38.7%) | 교통하중=61.4점 (ESAL 1150.0, 도시 중앙값 적용) | 300m 이내 확인된 보수이력 없음",0,,,,0.0,0.5849031388716117,0.696248318989472,-0.2641455745468213,0.19750546345590905,0.0034172125813376917,-0.0026691807566838026,-0.06072288933117835,-0.017788087188867548,47.205882352941174,하위 70%
R00650,35.52302,126.902453,정읍 데모도로,정읍시,845508.0,326882.92,0.3866112680187532,9.4307279162049,matched,0,,,,,0,649,2101-13,국도21호선,쌍치면-정읍시(2101-13),3353.4246900095472,1150.0363,9688.5,0.0338430466812314,city_median,61.41042297962357,38.66112680187532,2025-12-31,13.0,100.0,0.0,8.97,3.5880000000000005,0.0,35.0,0.8970000000000001,7.732225360375065,12.282084595924715,55.911309956299775,47.205882352941174,일반,동결융해,"Logistic 위험순위 상위 52.8% | 주요 증가요인=동결융해 | 동결융해 14일 13회 | 7일 강수 0.0mm | 14일 강수 9.0mm | 하수관 노후비율 38.7% | ESAL 1150.0 (도시 중앙값) | 과거 300m 이내 보수이력 없음 | 모델기여도[동결융해=+0.696, 7일 누적강수=-0.264, 14일 누적강수=+0.198, 하수관로 노후도=+0.003, 교통하중=-0.003, 과거 보수이력=-0.061, 보수 후 경과기간=-0.018]",55.911309956299775,위험,"주요원인=동결융해 | 동결융해=100.0점 (14일 13회) | 누적강수=3.6점 (7일 0.0mm, 14일 9.0mm) | 하수관로 노후도=38.7점 (30년 이상 비율 38.7%) | 교통하중=61.4점 (ESAL 1150.0, 도시 중앙값 적용) | 300m 이내 확인된 보수이력 없음",0,,,,0.0,0.5849031388716117,0.696248318989472,-0.2641455745468213,0.19750546345590905,0.0034172125813376917,-0.0026691807566838026,-0.06072288933117835,-0.017788087188867548,47.205882352941174,하위 70%
R00633,35.586071,126.855575,정읍 데모도로,정읍시,845508.0,326882.92,0.3866112680187532,9.4307279162049,matched,0,,,,,0,632,2101-13,국도21호선,쌍치면-정읍시(2101-13),4851.431402985517,1150.0363,9688.5,0.0338430466812314,city_median,61.41042297962357,38.66112680187532,2025-12-31,13.0,100.0,0.0,8.97,3.5880000000000005,0.0,35.0,0.8970000000000001,7.732225360375065,12.282084595924715,55.911309956299775,47.205882352941174,일반,동결융해,"Logistic 위험순위 상위 52.8% | 주요 증가요인=동결융해 | 동결융해 14일 13회 | 7일 강수 0.0mm | 14일 강수 9.0mm | 하수관 노후비율 38.7% | ESAL 1150.0 (도시 중앙값) | 과거 300m 이내 보수이력 없음 | 모델기여도[동결융해=+0.696, 7일 누적강수=-0.264, 14일 누적강수=+0.198, 하수관로 노후도=+0.003, 교통하중=-0.003, 과거 보수이력=-0.061, 보수 후 경과기간=-0.018]",55.911309956299775,위험,"주요원인=동결융해 | 동결융해=100.0점 (14일 13회) | 누적강수=3.6점 (7일 0.0mm, 14일 9.0mm) | 하수관로 노후도=38.7점 (30년 이상 비율 38.7%) | 교통하중=61.4점 (ESAL 1150.0, 도시 중앙값 적용) | 300m 이내 확인된 보수이력 없음",0,,,,0.0,0.5849031388716117,0.696248318989472,-0.2641455745468213,0.19750546345590905,0.0034172125813376917,-0.0026691807566838026,-0.06072288933117835,-0.017788087188867548,47.205882352941174,하위 70%
R00632,35.582455,126.856529,정읍 데모도로,정읍시,845508.0,326882.92,0.3866112680187532,9.4307279162049,matched,0,,,,,0,631,2101-13,국도21호선,쌍치면-정읍시(2101-13),4458.873927919784,1150.0363,9688.5,0.0338430466812314,city_median,61.41042297962357,38.66112680187532,2025-12-31,13.0,100.0,0.0,8.97,3.5880000000000005,0.0,35.0,0.8970000000000001,7.732225360375065,12.282084595924715,55.911309956299775,47.205882352941174,일반,동결융해,"Logistic 위험순위 상위 52.8% | 주요 증가요인=동결융해 | 동결융해 14일 13회 | 7일 강수 0.0mm | 14일 강수 9.0mm | 하수관 노후비율 38.7% | ESAL 1150.0 (도시 중앙값) | 과거 300m 이내 보수이력 없음 | 모델기여도[동결융해=+0.696, 7일 누적강수=-0.264, 14일 누적강수=+0.198, 하수관로 노후도=+0.003, 교통하중=-0.003, 과거 보수이력=-0.061, 보수 후 경과기간=-0.018]",55.911309956299775,위험,"주요원인=동결융해 | 동결융해=100.0점 (14일 13회) | 누적강수=3.6점 (7일 0.0mm, 14일 9.0mm) | 하수관로 노후도=38.7점 (30년 이상 비율 38.7%) | 교통하중=61.4점 (ESAL 1150.0, 도시 중앙값 적용) | 300m 이내 확인된 보수이력 없음",0,,,,0.0,0.5849031388716117,0.696248318989472,-0.2641455745468213,0.19750546345590905,0.0034172125813376917,-0.0026691807566838026,-0.06072288933117835,-0.017788087188867548,47.205882352941174,하위 70%
R00631,35.577801,126.855101,정읍 데모도로,정읍시,845508.0,326882.92,0.3866112680187532,9.4307279162049,matched,0,,,,,0,630,2101-13,국도21호선,쌍치면-정읍시(2101-13),4093.598531263297,1150.0363,9688.5,0.0338430466812314,city_median,61.41042297962357,38.66112680187532,2025-12-31,13.0,100.0,0.0,8.97,3.5880000000000005,0.0,35.0,0.8970000000000001,7.732225360375065,12.282084595924715,55.911309956299775,47.205882352941174,일반,동결융해,"Logistic 위험순위 상위 52.8% | 주요 증가요인=동결융해 | 동결융해 14일 13회 | 7일 강수 0.0mm | 14일 강수 9.0mm | 하수관 노후비율 38.7% | ESAL 1150.0 (도시 중앙값) | 과거 300m 이내 보수이력 없음 | 모델기여도[동결융해=+0.696, 7일 누적강수=-0.264, 14일 누적강수=+0.198, 하수관로 노후도=+0.003, 교통하중=-0.003, 과거 보수이력=-0.061, 보수 후 경과기간=-0.018]",55.911309956299775,위험,"주요원인=동결융해 | 동결융해=100.0점 (14일 13회) | 누적강수=3.6점 (7일 0.0mm, 14일 9.0mm) | 하수관로 노후도=38.7점 (30년 이상 비율 38.7%) | 교통하중=61.4점 (ESAL 1150.0, 도시 중앙값 적용) | 300m 이내 확인된 보수이력 없음",0,,,,0.0,0.5849031388716117,0.696248318989472,-0.2641455745468213,0.19750546345590905,0.0034172125813376917,-0.0026691807566838026,-0.06072288933117835,-0.017788087188867548,47.205882352941174,하위 70%
R00630,35.572288,126.854885,정읍 데모도로,정읍시,845508.0,326882.92,0.3866112680187532,9.4307279162049,matched,0,,,,,0,629,2101-13,국도21호선,쌍치면-정읍시(2101-13),3624.475394589092,1150.0363,9688.5,0.0338430466812314,city_median,61.41042297962357,38.66112680187532,2025-12-31,13.0,100.0,0.0,8.97,3.5880000000000005,0.0,35.0,0.8970000000000001,7.732225360375065,12.282084595924715,55.911309956299775,47.205882352941174,일반,동결융해,"Logistic 위험순위 상위 52.8% | 주요 증가요인=동결융해 | 동결융해 14일 13회 | 7일 강수 0.0mm | 14일 강수 9.0mm | 하수관 노후비율 38.7% | ESAL 1150.0 (도시 중앙값) | 과거 300m 이내 보수이력 없음 | 모델기여도[동결융해=+0.696, 7일 누적강수=-0.264, 14일 누적강수=+0.198, 하수관로 노후도=+0.003, 교통하중=-0.003, 과거 보수이력=-0.061, 보수 후 경과기간=-0.018]",55.911309956299775,위험,"주요원인=동결융해 | 동결융해=100.0점 (14일 13회) | 누적강수=3.6점 (7일 0.0mm, 14일 9.0mm) | 하수관로 노후도=38.7점 (30년 이상 비율 38.7%) | 교통하중=61.4점 (ESAL 1150.0, 도시 중앙값 적용) | 300m 이내 확인된 보수이력 없음",0,,,,0.0,0.5849031388716117,0.696248318989472,-0.2641455745468213,0.19750546345590905,0.0034172125813376917,-0.0026691807566838026,-0.06072288933117835,-0.017788087188867548,47.205882352941174,하위 70%
R00629,35.567799,126.856299,정읍 데모도로,정읍시,845508.0,326882.92,0.3866112680187532,9.4307279162049,matched,0,,,,,0,628,2101-13,국도21호선,쌍치면-정읍시(2101-13),3173.6951961722484,1150.0363,9688.5,0.0338430466812314,city_median,61.41042297962357,38.66112680187532,2025-12-31,13.0,100.0,0.0,8.97,3.5880000000000005,0.0,35.0,0.8970000000000001,7.732225360375065,12.282084595924715,55.911309956299775,47.205882352941174,일반,동결융해,"Logistic 위험순위 상위 52.8% | 주요 증가요인=동결융해 | 동결융해 14일 13회 | 7일 강수 0.0mm | 14일 강수 9.0mm | 하수관 노후비율 38.7% | ESAL 1150.0 (도시 중앙값) | 과거 300m 이내 보수이력 없음 | 모델기여도[동결융해=+0.696, 7일 누적강수=-0.264, 14일 누적강수=+0.198, 하수관로 노후도=+0.003, 교통하중=-0.003, 과거 보수이력=-0.061, 보수 후 경과기간=-0.018]",55.911309956299775,위험,"주요원인=동결융해 | 동결융해=100.0점 (14일 13회) | 누적강수=3.6점 (7일 0.0mm, 14일 9.0mm) | 하수관로 노후도=38.7점 (30년 이상 비율 38.7%) | 교통하중=61.4점 (ESAL 1150.0, 도시 중앙값 적용) | 300m 이내 확인된 보수이력 없음",0,,,,0.0,0.5849031388716117,0.696248318989472,-0.2641455745468213,0.19750546345590905,0.0034172125813376917,-0.0026691807566838026,-0.06072288933117835,-0.017788087188867548,47.205882352941174,하위 70%
R00649,35.519548,126.904147,정읍 데모도로,정읍시,845508.0,326882.92,0.3866112680187532,9.4307279162049,matched,0,,,,,0,648,2101-13,국도21호선,쌍치면-정읍시(2101-13),3759.213798312382,1150.0363,9688.5,0.0338430466812314,city_median,61.41042297962357,38.66112680187532,2025-12-31,13.0,100.0,0.0,8.97,3.5880000000000005,0.0,35.0,0.8970000000000001,7.732225360375065,12.282084595924715,55.911309956299775,47.205882352941174,일반,동결융해,"Logistic 위험순위 상위 52.8% | 주요 증가요인=동결융해 | 동결융해 14일 13회 | 7일 강수 0.0mm | 14일 강수 9.0mm | 하수관 노후비율 38.7% | ESAL 1150.0 (도시 중앙값) | 과거 300m 이내 보수이력 없음 | 모델기여도[동결융해=+0.696, 7일 누적강수=-0.264, 14일 누적강수=+0.198, 하수관로 노후도=+0.003, 교통하중=-0.003, 과거 보수이력=-0.061, 보수 후 경과기간=-0.018]",55.911309956299775,위험,"주요원인=동결융해 | 동결융해=100.0점 (14일 13회) | 누적강수=3.6점 (7일 0.0mm, 14일 9.0mm) | 하수관로 노후도=38.7점 (30년 이상 비율 38.7%) | 교통하중=61.4점 (ESAL 1150.0, 도시 중앙값 적용) | 300m 이내 확인된 보수이력 없음",0,,,,0.0,0.5849031388716117,0.696248318989472,-0.2641455745468213,0.19750546345590905,0.0034172125813376917,-0.0026691807566838026,-0.06072288933117835,-0.017788087188867548,47.205882352941174,하위 70%
R00647,35.514007,126.912451,정읍 데모도로,정읍시,845508.0,326882.92,0.3866112680187532,9.4307279162049,matched,0,,,,,0,646,2101-13,국도21호선,쌍치면-정읍시(2101-13),4695.784510955312,1150.0363,9688.5,0.0338430466812314,city_median,61.41042297962357,38.66112680187532,2025-12-31,13.0,100.0,0.0,8.97,3.5880000000000005,0.0,35.0,0.8970000000000001,7.732225360375065,12.282084595924715,55.911309956299775,47.205882352941174,일반,동결융해,"Logistic 위험순위 상위 52.8% | 주요 증가요인=동결융해 | 동결융해 14일 13회 | 7일 강수 0.0mm | 14일 강수 9.0mm | 하수관 노후비율 38.7% | ESAL 1150.0 (도시 중앙값) | 과거 300m 이내 보수이력 없음 | 모델기여도[동결융해=+0.696, 7일 누적강수=-0.264, 14일 누적강수=+0.198, 하수관로 노후도=+0.003, 교통하중=-0.003, 과거 보수이력=-0.061, 보수 후 경과기간=-0.018]",55.911309956299775,위험,"주요원인=동결융해 | 동결융해=100.0점 (14일 13회) | 누적강수=3.6점 (7일 0.0mm, 14일 9.0mm) | 하수관로 노후도=38.7점 (30년 이상 비율 38.7%) | 교통하중=61.4점 (ESAL 1150.0, 도시 중앙값 적용) | 300m 이내 확인된 보수이력 없음",0,,,,0.0,0.5849031388716117,0.696248318989472,-0.2641455745468213,0.19750546345590905,0.0034172125813376917,-0.0026691807566838026,-0.06072288933117835,-0.017788087188867548,47.205882352941174,하위 70%
R00646,35.649043,126.855421,정읍 데모도로,정읍시,845508.0,326882.92,0.3866112680187532,9.4307279162049,matched,0,,,,,0,645,0115-01,국도1호선,정읍시-태인면(0115-01),4854.601100539536,1150.0363,9688.5,0.0338430466812314,city_median,61.41042297962357,38.66112680187532,2025-12-31,13.0,100.0,0.0,8.97,3.5880000000000005,0.0,35.0,0.8970000000000001,7.732225360375065,12.282084595924715,55.911309956299775,47.205882352941174,일반,동결융해,"Logistic 위험순위 상위 52.8% | 주요 증가요인=동결융해 | 동결융해 14일 13회 | 7일 강수 0.0mm | 14일 강수 9.0mm | 하수관 노후비율 38.7% | ESAL 1150.0 (도시 중앙값) | 과거 300m 이내 보수이력 없음 | 모델기여도[동결융해=+0.696, 7일 누적강수=-0.264, 14일 누적강수=+0.198, 하수관로 노후도=+0.003, 교통하중=-0.003, 과거 보수이력=-0.061, 보수 후 경과기간=-0.018]",55.911309956299775,위험,"주요원인=동결융해 | 동결융해=100.0점 (14일 13회) | 누적강수=3.6점 (7일 0.0mm, 14일 9.0mm) | 하수관로 노후도=38.7점 (30년 이상 비율 38.7%) | 교통하중=61.4점 (ESAL 1150.0, 도시 중앙값 적용) | 300m 이내 확인된 보수이력 없음",0,,,,0.0,0.5849031388716117,0.696248318989472,-0.2641455745468213,0.19750546345590905,0.0034172125813376917,-0.0026691807566838026,-0.06072288933117835,-0.017788087188867548,47.205882352941174,하위 70%
R00645,35.645988,126.855893,정읍 데모도로,정읍시,845508.0,326882.92,0.3866112680187532,9.4307279162049,matched,0,,,,,0,644,0115-01,국도1호선,정읍시-태인면(0115-01),4672.925097974475,1150.0363,9688.5,0.0338430466812314,city_median,61.41042297962357,38.66112680187532,2025-12-31,13.0,100.0,0.0,8.97,3.5880000000000005,0.0,35.0,0.8970000000000001,7.732225360375065,12.282084595924715,55.911309956299775,47.205882352941174,일반,동결융해,"Logistic 위험순위 상위 52.8% | 주요 증가요인=동결융해 | 동결융해 14일 13회 | 7일 강수 0.0mm | 14일 강수 9.0mm | 하수관 노후비율 38.7% | ESAL 1150.0 (도시 중앙값) | 과거 300m 이내 보수이력 없음 | 모델기여도[동결융해=+0.696, 7일 누적강수=-0.264, 14일 누적강수=+0.198, 하수관로 노후도=+0.003, 교통하중=-0.003, 과거 보수이력=-0.061, 보수 후 경과기간=-0.018]",55.911309956299775,위험,"주요원인=동결융해 | 동결융해=100.0점 (14일 13회) | 누적강수=3.6점 (7일 0.0mm, 14일 9.0mm) | 하수관로 노후도=38.7점 (30년 이상 비율 38.7%) | 교통하중=61.4점 (ESAL 1150.0, 도시 중앙값 적용) | 300m 이내 확인된 보수이력 없음",0,,,,0.0,0.5849031388716117,0.696248318989472,-0.2641455745468213,0.19750546345590905,0.0034172125813376917,-0.0026691807566838026,-0.06072288933117835,-0.017788087188867548,47.205882352941174,하위 70%
R00644,35.640185,126.855748,정읍 데모도로,정읍시,845508.0,326882.92,0.3866112680187532,9.4307279162049,matched,0,,,,,0,643,0115-01,국도1호선,정읍시-태인면(0115-01),4471.732028366018,1150.0363,9688.5,0.0338430466812314,city_median,61.41042297962357,38.66112680187532,2025-12-31,13.0,100.0,0.0,8.97,3.5880000000000005,0.0,35.0,0.8970000000000001,7.732225360375065,12.282084595924715,55.911309956299775,47.205882352941174,일반,동결융해,"Logistic 위험순위 상위 52.8% | 주요 증가요인=동결융해 | 동결융해 14일 13회 | 7일 강수 0.0mm | 14일 강수 9.0mm | 하수관 노후비율 38.7% | ESAL 1150.0 (도시 중앙값) | 과거 300m 이내 보수이력 없음 | 모델기여도[동결융해=+0.696, 7일 누적강수=-0.264, 14일 누적강수=+0.198, 하수관로 노후도=+0.003, 교통하중=-0.003, 과거 보수이력=-0.061, 보수 후 경과기간=-0.018]",55.911309956299775,위험,"주요원인=동결융해 | 동결융해=100.0점 (14일 13회) | 누적강수=3.6점 (7일 0.0mm, 14일 9.0mm) | 하수관로 노후도=38.7점 (30년 이상 비율 38.7%) | 교통하중=61.4점 (ESAL 1150.0, 도시 중앙값 적용) | 300m 이내 확인된 보수이력 없음",0,,,,0.0,0.5849031388716117,0.696248318989472,-0.2641455745468213,0.19750546345590905,0.0034172125813376917,-0.0026691807566838026,-0.06072288933117835,-0.017788087188867548,47.205882352941174,하위 70%
R00643,35.634857,126.855447,정읍 데모도로,정읍시,845508.0,326882.92,0.3866112680187532,9.4307279162049,matched,0,,,,,0,642,0115-01,국도1호선,정읍시-태인면(0115-01),4378.597731392661,1150.0363,9688.5,0.0338430466812314,city_median,61.41042297962357,38.66112680187532,2025-12-31,13.0,100.0,0.0,8.97,3.5880000000000005,0.0,35.0,0.8970000000000001,7.732225360375065,12.282084595924715,55.911309956299775,47.205882352941174,일반,동결융해,"Logistic 위험순위 상위 52.8% | 주요 증가요인=동결융해 | 동결융해 14일 13회 | 7일 강수 0.0mm | 14일 강수 9.0mm | 하수관 노후비율 38.7% | ESAL 1150.0 (도시 중앙값) | 과거 300m 이내 보수이력 없음 | 모델기여도[동결융해=+0.696, 7일 누적강수=-0.264, 14일 누적강수=+0.198, 하수관로 노후도=+0.003, 교통하중=-0.003, 과거 보수이력=-0.061, 보수 후 경과기간=-0.018]",55.911309956299775,위험,"주요원인=동결융해 | 동결융해=100.0점 (14일 13회) | 누적강수=3.6점 (7일 0.0mm, 14일 9.0mm) | 하수관로 노후도=38.7점 (30년 이상 비율 38.7%) | 교통하중=61.4점 (ESAL 1150.0, 도시 중앙값 적용) | 300m 이내 확인된 보수이력 없음",0,,,,0.0,0.5849031388716117,0.696248318989472,-0.2641455745468213,0.19750546345590905,0.0034172125813376917,-0.0026691807566838026,-0.06072288933117835,-0.017788087188867548,47.205882352941174,하위 70%
R00642,35.630783,126.856529,정읍 데모도로,정읍시,845508.0,326882.92,0.3866112680187532,9.4307279162049,matched,0,,,,,0,641,0115-01,국도1호선,정읍시-태인면(0115-01),4242.265009474398,1150.0363,9688.5,0.0338430466812314,city_median,61.41042297962357,38.66112680187532,2025-12-31,13.0,100.0,0.0,8.97,3.5880000000000005,0.0,35.0,0.8970000000000001,7.732225360375065,12.282084595924715,55.911309956299775,47.205882352941174,일반,동결융해,"Logistic 위험순위 상위 52.8% | 주요 증가요인=동결융해 | 동결융해 14일 13회 | 7일 강수 0.0mm | 14일 강수 9.0mm | 하수관 노후비율 38.7% | ESAL 1150.0 (도시 중앙값) | 과거 300m 이내 보수이력 없음 | 모델기여도[동결융해=+0.696, 7일 누적강수=-0.264, 14일 누적강수=+0.198, 하수관로 노후도=+0.003, 교통하중=-0.003, 과거 보수이력=-0.061, 보수 후 경과기간=-0.018]",55.911309956299775,위험,"주요원인=동결융해 | 동결융해=100.0점 (14일 13회) | 누적강수=3.6점 (7일 0.0mm, 14일 9.0mm) | 하수관로 노후도=38.7점 (30년 이상 비율 38.7%) | 교통하중=61.4점 (ESAL 1150.0, 도시 중앙값 적용) | 300m 이내 확인된 보수이력 없음",0,,,,0.0,0.5849031388716117,0.696248318989472,-0.2641455745468213,0.19750546345590905,0.0034172125813376917,-0.0026691807566838026,-0.06072288933117835,-0.017788087188867548,47.205882352941174,하위 70%
R00641,35.625455,126.856992,정읍 데모도로,정읍시,845508.0,326882.92,0.3866112680187532,9.4307279162049,matched,0,,,,,0,640,0115-01,국도1호선,정읍시-태인면(0115-01),4221.71887845874,1150.0363,9688.5,0.0338430466812314,city_median,61.41042297962357,38.66112680187532,2025-12-31,13.0,100.0,0.0,8.97,3.5880000000000005,0.0,35.0,0.8970000000000001,7.732225360375065,12.282084595924715,55.911309956299775,47.205882352941174,일반,동결융해,"Logistic 위험순위 상위 52.8% | 주요 증가요인=동결융해 | 동결융해 14일 13회 | 7일 강수 0.0mm | 14일 강수 9.0mm | 하수관 노후비율 38.7% | ESAL 1150.0 (도시 중앙값) | 과거 300m 이내 보수이력 없음 | 모델기여도[동결융해=+0.696, 7일 누적강수=-0.264, 14일 누적강수=+0.198, 하수관로 노후도=+0.003, 교통하중=-0.003, 과거 보수이력=-0.061, 보수 후 경과기간=-0.018]",55.911309956299775,위험,"주요원인=동결융해 | 동결융해=100.0점 (14일 13회) | 누적강수=3.6점 (7일 0.0mm, 14일 9.0mm) | 하수관로 노후도=38.7점 (30년 이상 비율 38.7%) | 교통하중=61.4점 (ESAL 1150.0, 도시 중앙값 적용) | 300m 이내 확인된 보수이력 없음",0,,,,0.0,0.5849031388716117,0.696248318989472,-0.2641455745468213,0.19750546345590905,0.0034172125813376917,-0.0026691807566838026,-0.06072288933117835,-0.017788087188867548,47.205882352941174,하위 70%
R00640,35.618997,126.856267,정읍 데모도로,정읍시,845508.0,326882.92,0.3866112680187532,9.4307279162049,matched,0,,,,,0,639,0115-01,국도1호선,정읍시-태인면(0115-01),4419.919543987566,1150.0363,9688.5,0.0338430466812314,city_median,61.41042297962357,38.66112680187532,2025-12-31,13.0,100.0,0.0,8.97,3.5880000000000005,0.0,35.0,0.8970000000000001,7.732225360375065,12.282084595924715,55.911309956299775,47.205882352941174,일반,동결융해,"Logistic 위험순위 상위 52.8% | 주요 증가요인=동결융해 | 동결융해 14일 13회 | 7일 강수 0.0mm | 14일 강수 9.0mm | 하수관 노후비율 38.7% | ESAL 1150.0 (도시 중앙값) | 과거 300m 이내 보수이력 없음 | 모델기여도[동결융해=+0.696, 7일 누적강수=-0.264, 14일 누적강수=+0.198, 하수관로 노후도=+0.003, 교통하중=-0.003, 과거 보수이력=-0.061, 보수 후 경과기간=-0.018]",55.911309956299775,위험,"주요원인=동결융해 | 동결융해=100.0점 (14일 13회) | 누적강수=3.6점 (7일 0.0mm, 14일 9.0mm) | 하수관로 노후도=38.7점 (30년 이상 비율 38.7%) | 교통하중=61.4점 (ESAL 1150.0, 도시 중앙값 적용) | 300m 이내 확인된 보수이력 없음",0,,,,0.0,0.5849031388716117,0.696248318989472,-0.2641455745468213,0.19750546345590905,0.0034172125813376917,-0.0026691807566838026,-0.06072288933117835,-0.017788087188867548,47.205882352941174,하위 70%
R00639,35.616456,126.856128,정읍 데모도로,정읍시,845508.0,326882.92,0.3866112680187532,9.4307279162049,matched,0,,,,,0,638,0115-01,국도1호선,정읍시-태인면(0115-01),4514.584275604455,1150.0363,9688.5,0.0338430466812314,city_median,61.41042297962357,38.66112680187532,2025-12-31,13.0,100.0,0.0,8.97,3.5880000000000005,0.0,35.0,0.8970000000000001,7.732225360375065,12.282084595924715,55.911309956299775,47.205882352941174,일반,동결융해,"Logistic 위험순위 상위 52.8% | 주요 증가요인=동결융해 | 동결융해 14일 13회 | 7일 강수 0.0mm | 14일 강수 9.0mm | 하수관 노후비율 38.7% | ESAL 1150.0 (도시 중앙값) | 과거 300m 이내 보수이력 없음 | 모델기여도[동결융해=+0.696, 7일 누적강수=-0.264, 14일 누적강수=+0.198, 하수관로 노후도=+0.003, 교통하중=-0.003, 과거 보수이력=-0.061, 보수 후 경과기간=-0.018]",55.911309956299775,위험,"주요원인=동결융해 | 동결융해=100.0점 (14일 13회) | 누적강수=3.6점 (7일 0.0mm, 14일 9.0mm) | 하수관로 노후도=38.7점 (30년 이상 비율 38.7%) | 교통하중=61.4점 (ESAL 1150.0, 도시 중앙값 적용) | 300m 이내 확인된 보수이력 없음",0,,,,0.0,0.5849031388716117,0.696248318989472,-0.2641455745468213,0.19750546345590905,0.0034172125813376917,-0.0026691807566838026,-0.06072288933117835,-0.017788087188867548,47.205882352941174,하위 70%
R00638,35.611337,126.855431,정읍 데모도로,정읍시,845508.0,326882.92,0.3866112680187532,9.4307279162049,matched,0,,,,,0,637,0115-01,국도1호선,정읍시-태인면(0115-01),4785.065237718779,1150.0363,9688.5,0.0338430466812314,city_median,61.41042297962357,38.66112680187532,2025-12-31,13.0,100.0,0.0,8.97,3.5880000000000005,0.0,35.0,0.8970000000000001,7.732225360375065,12.282084595924715,55.911309956299775,47.205882352941174,일반,동결융해,"Logistic 위험순위 상위 52.8% | 주요 증가요인=동결융해 | 동결융해 14일 13회 | 7일 강수 0.0mm | 14일 강수 9.0mm | 하수관 노후비율 38.7% | ESAL 1150.0 (도시 중앙값) | 과거 300m 이내 보수이력 없음 | 모델기여도[동결융해=+0.696, 7일 누적강수=-0.264, 14일 누적강수=+0.198, 하수관로 노후도=+0.003, 교통하중=-0.003, 과거 보수이력=-0.061, 보수 후 경과기간=-0.018]",55.911309956299775,위험,"주요원인=동결융해 | 동결융해=100.0점 (14일 13회) | 누적강수=3.6점 (7일 0.0mm, 14일 9.0mm) | 하수관로 노후도=38.7점 (30년 이상 비율 38.7%) | 교통하중=61.4점 (ESAL 1150.0, 도시 중앙값 적용) | 300m 이내 확인된 보수이력 없음",0,,,,0.0,0.5849031388716117,0.696248318989472,-0.2641455745468213,0.19750546345590905,0.0034172125813376917,-0.0026691807566838026,-0.06072288933117835,-0.017788087188867548,47.205882352941174,하위 70%
R00637,35.606627,126.855358,정읍 데모도로,정읍시,845508.0,326882.92,0.3866112680187532,9.4307279162049,matched,0,,,,,0,636,0115-01,국도1호선,정읍시-태인면(0115-01),5034.03891194691,1150.0363,9688.5,0.0338430466812314,city_median,61.41042297962357,38.66112680187532,2025-12-31,13.0,100.0,0.0,8.97,3.5880000000000005,0.0,35.0,0.8970000000000001,7.732225360375065,12.282084595924715,55.911309956299775,47.205882352941174,일반,동결융해,"Logistic 위험순위 상위 52.8% | 주요 증가요인=동결융해 | 동결융해 14일 13회 | 7일 강수 0.0mm | 14일 강수 9.0mm | 하수관 노후비율 38.7% | ESAL 1150.0 (도시 중앙값) | 과거 300m 이내 보수이력 없음 | 모델기여도[동결융해=+0.696, 7일 누적강수=-0.264, 14일 누적강수=+0.198, 하수관로 노후도=+0.003, 교통하중=-0.003, 과거 보수이력=-0.061, 보수 후 경과기간=-0.018]",55.911309956299775,위험,"주요원인=동결융해 | 동결융해=100.0점 (14일 13회) | 누적강수=3.6점 (7일 0.0mm, 14일 9.0mm) | 하수관로 노후도=38.7점 (30년 이상 비율 38.7%) | 교통하중=61.4점 (ESAL 1150.0, 도시 중앙값 적용) | 300m 이내 확인된 보수이력 없음",0,,,,0.0,0.5849031388716117,0.696248318989472,-0.2641455745468213,0.19750546345590905,0.0034172125813376917,-0.0026691807566838026,-0.06072288933117835,-0.017788087188867548,47.205882352941174,하위 70%
R00636,35.600874,126.854656,정읍 데모도로,정읍시,845508.0,326882.92,0.3866112680187532,9.4307279162049,matched,0,,,,,0,635,0115-01,국도1호선,정읍시-태인면(0115-01),5436.681950588766,1150.0363,9688.5,0.0338430466812314,city_median,61.41042297962357,38.66112680187532,2025-12-31,13.0,100.0,0.0,8.97,3.5880000000000005,0.0,35.0,0.8970000000000001,7.732225360375065,12.282084595924715,55.911309956299775,47.205882352941174,일반,동결융해,"Logistic 위험순위 상위 52.8% | 주요 증가요인=동결융해 | 동결융해 14일 13회 | 7일 강수 0.0mm | 14일 강수 9.0mm | 하수관 노후비율 38.7% | ESAL 1150.0 (도시 중앙값) | 과거 300m 이내 보수이력 없음 | 모델기여도[동결융해=+0.696, 7일 누적강수=-0.264, 14일 누적강수=+0.198, 하수관로 노후도=+0.003, 교통하중=-0.003, 과거 보수이력=-0.061, 보수 후 경과기간=-0.018]",55.911309956299775,위험,"주요원인=동결융해 | 동결융해=100.0점 (14일 13회) | 누적강수=3.6점 (7일 0.0mm, 14일 9.0mm) | 하수관로 노후도=38.7점 (30년 이상 비율 38.7%) | 교통하중=61.4점 (ESAL 1150.0, 도시 중앙값 적용) | 300m 이내 확인된 보수이력 없음",0,,,,0.0,0.5849031388716117,0.696248318989472,-0.2641455745468213,0.19750546345590905,0.0034172125813376917,-0.0026691807566838026,-0.06072288933117835,-0.017788087188867548,47.205882352941174,하위 70%
R00635,35.595713,126.856561,정읍 데모도로,정읍시,845508.0,326882.92,0.3866112680187532,9.4307279162049,matched,0,,,,,0,634,0115-01,국도1호선,정읍시-태인면(0115-01),5661.132471087735,1150.0363,9688.5,0.0338430466812314,city_median,61.41042297962357,38.66112680187532,2025-12-31,13.0,100.0,0.0,8.97,3.5880000000000005,0.0,35.0,0.8970000000000001,7.732225360375065,12.282084595924715,55.911309956299775,47.205882352941174,일반,동결융해,"Logistic 위험순위 상위 52.8% | 주요 증가요인=동결융해 | 동결융해 14일 13회 | 7일 강수 0.0mm | 14일 강수 9.0mm | 하수관 노후비율 38.7% | ESAL 1150.0 (도시 중앙값) | 과거 300m 이내 보수이력 없음 | 모델기여도[동결융해=+0.696, 7일 누적강수=-0.264, 14일 누적강수=+0.198, 하수관로 노후도=+0.003, 교통하중=-0.003, 과거 보수이력=-0.061, 보수 후 경과기간=-0.018]",55.911309956299775,위험,"주요원인=동결융해 | 동결융해=100.0점 (14일 13회) | 누적강수=3.6점 (7일 0.0mm, 14일 9.0mm) | 하수관로 노후도=38.7점 (30년 이상 비율 38.7%) | 교통하중=61.4점 (ESAL 1150.0, 도시 중앙값 적용) | 300m 이내 확인된 보수이력 없음",0,,,,0.0,0.5849031388716117,0.696248318989472,-0.2641455745468213,0.19750546345590905,0.0034172125813376917,-0.0026691807566838026,-0.06072288933117835,-0.017788087188867548,47.205882352941174,하위 70%
R00634,35.593203,126.855944,정읍 데모도로,정읍시,845508.0,326882.92,0.3866112680187532,9.4307279162049,matched,0,,,,,0,633,2101-13,국도21호선,쌍치면-정읍시(2101-13),5546.178212006114,1150.0363,9688.5,0.0338430466812314,city_median,61.41042297962357,38.66112680187532,2025-12-31,13.0,100.0,0.0,8.97,3.5880000000000005,0.0,35.0,0.8970000000000001,7.732225360375065,12.282084595924715,55.911309956299775,47.205882352941174,일반,동결융해,"Logistic 위험순위 상위 52.8% | 주요 증가요인=동결융해 | 동결융해 14일 13회 | 7일 강수 0.0mm | 14일 강수 9.0mm | 하수관 노후비율 38.7% | ESAL 1150.0 (도시 중앙값) | 과거 300m 이내 보수이력 없음 | 모델기여도[동결융해=+0.696, 7일 누적강수=-0.264, 14일 누적강수=+0.198, 하수관로 노후도=+0.003, 교통하중=-0.003, 과거 보수이력=-0.061, 보수 후 경과기간=-0.018]",55.911309956299775,위험,"주요원인=동결융해 | 동결융해=100.0점 (14일 13회) | 누적강수=3.6점 (7일 0.0mm, 14일 9.0mm) | 하수관로 노후도=38.7점 (30년 이상 비율 38.7%) | 교통하중=61.4점 (ESAL 1150.0, 도시 중앙값 적용) | 300m 이내 확인된 보수이력 없음",0,,,,0.0,0.5849031388716117,0.696248318989472,-0.2641455745468213,0.19750546345590905,0.0034172125813376917,-0.0026691807566838026,-0.06072288933117835,-0.017788087188867548,47.205882352941174,하위 70%
R00680,35.625117,126.799115,정읍 데모도로,정읍시,845508.0,326882.92,0.3866112680187532,9.4307279162049,matched,0,,,,,0,679,2909-01,국도29호선,정읍시-화호리(2909-01),2818.0645780605314,616.595,7730.0,0.0328589909443725,nearest_station,50.734357960249056,38.66112680187532,2025-12-31,13.0,100.0,0.0,8.97,3.5880000000000005,0.0,35.0,0.8970000000000001,7.732225360375065,10.146871592049813,53.77609695242487,40.588235294117645,일반,동결융해,"Logistic 위험순위 상위 59.4% | 주요 증가요인=동결융해 | 동결융해 14일 13회 | 7일 강수 0.0mm | 14일 강수 9.0mm | 하수관 노후비율 38.7% | ESAL 616.6 (실제 조사점 2.8km) | 과거 300m 이내 보수이력 없음 | 모델기여도[동결융해=+0.696, 7일 누적강수=-0.264, 14일 누적강수=+0.198, 하수관로 노후도=+0.003, 교통하중=-0.005, 과거 보수이력=-0.061, 보수 후 경과기간=-0.018]",53.77609695242487,주의,"주요원인=동결융해 | 동결융해=100.0점 (14일 13회) | 누적강수=3.6점 (7일 0.0mm, 14일 9.0mm) | 하수관로 노후도=38.7점 (30년 이상 비율 38.7%) | 교통하중=50.7점 (ESAL 616.6, 2.8km 이내 실제 조사점 적용) | 300m 이내 확인된 보수이력 없음",0,,,,0.0,0.5843010694767471,0.696248318989472,-0.2641455745468213,0.19750546345590905,0.0034172125813376917,-0.005148440022792865,-0.06072288933117835,-0.017788087188867548,40.588235294117645,하위 70%
R00679,35.622776,126.804011,정읍 데모도로,정읍시,845508.0,326882.92,0.3866112680187532,9.4307279162049,matched,0,,,,,0,678,2909-01,국도29호선,정읍시-화호리(2909-01),2950.163228550026,616.595,7730.0,0.0328589909443725,nearest_station,50.734357960249056,38.66112680187532,2025-12-31,13.0,100.0,0.0,8.97,3.5880000000000005,0.0,35.0,0.8970000000000001,7.732225360375065,10.146871592049813,53.77609695242487,40.588235294117645,일반,동결융해,"Logistic 위험순위 상위 59.4% | 주요 증가요인=동결융해 | 동결융해 14일 13회 | 7일 강수 0.0mm | 14일 강수 9.0mm | 하수관 노후비율 38.7% | ESAL 616.6 (실제 조사점 3.0km) | 과거 300m 이내 보수이력 없음 | 모델기여도[동결융해=+0.696, 7일 누적강수=-0.264, 14일 누적강수=+0.198, 하수관로 노후도=+0.003, 교통하중=-0.005, 과거 보수이력=-0.061, 보수 후 경과기간=-0.018]",53.77609695242487,주의,"주요원인=동결융해 | 동결융해=100.0점 (14일 13회) | 누적강수=3.6점 (7일 0.0mm, 14일 9.0mm) | 하수관로 노후도=38.7점 (30년 이상 비율 38.7%) | 교통하중=50.7점 (ESAL 616.6, 3.0km 이내 실제 조사점 적용) | 300m 이내 확인된 보수이력 없음",0,,,,0.0,0.5843010694767471,0.696248318989472,-0.2641455745468213,0.19750546345590905,0.0034172125813376917,-0.005148440022792865,-0.06072288933117835,-0.017788087188867548,40.588235294117645,하위 70%
R00678,35.620247,126.805601,정읍 데모도로,정읍시,845508.0,326882.92,0.3866112680187532,9.4307279162049,matched,0,,,,,0,677,2909-01,국도29호선,정읍시-화호리(2909-01),2897.301459977627,616.595,7730.0,0.0328589909443725,nearest_station,50.734357960249056,38.66112680187532,2025-12-31,13.0,100.0,0.0,8.97,3.5880000000000005,0.0,35.0,0.8970000000000001,7.732225360375065,10.146871592049813,53.77609695242487,40.588235294117645,일반,동결융해,"Logistic 위험순위 상위 59.4% | 주요 증가요인=동결융해 | 동결융해 14일 13회 | 7일 강수 0.0mm | 14일 강수 9.0mm | 하수관 노후비율 38.7% | ESAL 616.6 (실제 조사점 2.9km) | 과거 300m 이내 보수이력 없음 | 모델기여도[동결융해=+0.696, 7일 누적강수=-0.264, 14일 누적강수=+0.198, 하수관로 노후도=+0.003, 교통하중=-0.005, 과거 보수이력=-0.061, 보수 후 경과기간=-0.018]",53.77609695242487,주의,"주요원인=동결융해 | 동결융해=100.0점 (14일 13회) | 누적강수=3.6점 (7일 0.0mm, 14일 9.0mm) | 하수관로 노후도=38.7점 (30년 이상 비율 38.7%) | 교통하중=50.7점 (ESAL 616.6, 2.9km 이내 실제 조사점 적용) | 300m 이내 확인된 보수이력 없음",0,,,,0.0,0.5843010694767471,0.696248318989472,-0.2641455745468213,0.19750546345590905,0.0034172125813376917,-0.005148440022792865,-0.06072288933117835,-0.017788087188867548,40.588235294117645,하위 70%
R00567,35.56945,126.882423,정읍 데모도로,정읍시,845508.0,326882.92,0.3866112680187532,9.4307279162049,matched,0,,,,,0,566,2101-13,국도21호선,쌍치면-정읍시(2101-13),2409.3996747246133,264.4052,7479.0,0.0113651557694878,nearest_station,36.251614245274666,38.66112680187532,2025-12-31,13.0,100.0,0.0,8.97,3.5880000000000005,0.0,35.0,0.8970000000000001,7.732225360375065,7.250322849054934,50.87954820942999,38.38235294117647,일반,동결융해,"Logistic 위험순위 상위 61.6% | 주요 증가요인=동결융해 | 동결융해 14일 13회 | 7일 강수 0.0mm | 14일 강수 9.0mm | 하수관 노후비율 38.7% | ESAL 264.4 (실제 조사점 2.4km) | 과거 300m 이내 보수이력 없음 | 모델기여도[동결융해=+0.696, 7일 누적강수=-0.264, 14일 누적강수=+0.198, 하수관로 노후도=+0.003, 교통하중=-0.007, 과거 보수이력=-0.061, 보수 후 경과기간=-0.018]",50.87954820942999,주의,"주요원인=동결융해 | 동결융해=100.0점 (14일 13회) | 누적강수=3.6점 (7일 0.0mm, 14일 9.0mm) | 하수관로 노후도=38.7점 (30년 이상 비율 38.7%) | 교통하중=36.3점 (ESAL 264.4, 2.4km 이내 실제 조사점 적용) | 300m 이내 확인된 보수이력 없음",0,,,,0.0,0.5839034318198889,0.696248318989472,-0.2641455745468213,0.19750546345590905,0.0034172125813376917,-0.00678530208255295,-0.06072288933117835,-0.017788087188867548,38.38235294117647,하위 70%
R00655,35.541394,126.88594,정읍 데모도로,정읍시,845508.0,326882.92,0.3866112680187532,9.4307279162049,matched,0,,,,,0,654,2101-13,국도21호선,쌍치면-정읍시(2101-13),825.4434976028455,264.4052,7479.0,0.0113651557694878,nearest_station,36.251614245274666,38.66112680187532,2025-12-31,13.0,100.0,0.0,8.97,3.5880000000000005,0.0,35.0,0.8970000000000001,7.732225360375065,7.250322849054934,50.87954820942999,38.38235294117647,일반,동결융해,"Logistic 위험순위 상위 61.6% | 주요 증가요인=동결융해 | 동결융해 14일 13회 | 7일 강수 0.0mm | 14일 강수 9.0mm | 하수관 노후비율 38.7% | ESAL 264.4 (실제 조사점 0.8km) | 과거 300m 이내 보수이력 없음 | 모델기여도[동결융해=+0.696, 7일 누적강수=-0.264, 14일 누적강수=+0.198, 하수관로 노후도=+0.003, 교통하중=-0.007, 과거 보수이력=-0.061, 보수 후 경과기간=-0.018]",50.87954820942999,주의,"주요원인=동결융해 | 동결융해=100.0점 (14일 13회) | 누적강수=3.6점 (7일 0.0mm, 14일 9.0mm) | 하수관로 노후도=38.7점 (30년 이상 비율 38.7%) | 교통하중=36.3점 (ESAL 264.4, 0.8km 이내 실제 조사점 적용) | 300m 이내 확인된 보수이력 없음",0,,,,0.0,0.5839034318198889,0.696248318989472,-0.2641455745468213,0.19750546345590905,0.0034172125813376917,-0.00678530208255295,-0.06072288933117835,-0.017788087188867548,38.38235294117647,하위 70%
R00656,35.544692,126.882072,정읍 데모도로,정읍시,845508.0,326882.92,0.3866112680187532,9.4307279162049,matched,0,,,,,0,655,2101-13,국도21호선,쌍치면-정읍시(2101-13),352.0535469661704,264.4052,7479.0,0.0113651557694878,nearest_station,36.251614245274666,38.66112680187532,2025-12-31,13.0,100.0,0.0,8.97,3.5880000000000005,0.0,35.0,0.8970000000000001,7.732225360375065,7.250322849054934,50.87954820942999,38.38235294117647,일반,동결융해,"Logistic 위험순위 상위 61.6% | 주요 증가요인=동결융해 | 동결융해 14일 13회 | 7일 강수 0.0mm | 14일 강수 9.0mm | 하수관 노후비율 38.7% | ESAL 264.4 (실제 조사점 0.4km) | 과거 300m 이내 보수이력 없음 | 모델기여도[동결융해=+0.696, 7일 누적강수=-0.264, 14일 누적강수=+0.198, 하수관로 노후도=+0.003, 교통하중=-0.007, 과거 보수이력=-0.061, 보수 후 경과기간=-0.018]",50.87954820942999,주의,"주요원인=동결융해 | 동결융해=100.0점 (14일 13회) | 누적강수=3.6점 (7일 0.0mm, 14일 9.0mm) | 하수관로 노후도=38.7점 (30년 이상 비율 38.7%) | 교통하중=36.3점 (ESAL 264.4, 0.4km 이내 실제 조사점 적용) | 300m 이내 확인된 보수이력 없음",0,,,,0.0,0.5839034318198889,0.696248318989472,-0.2641455745468213,0.19750546345590905,0.0034172125813376917,-0.00678530208255295,-0.06072288933117835,-0.017788087188867548,38.38235294117647,하위 70%
R00652,35.531185,126.895541,정읍 데모도로,정읍시,845508.0,326882.92,0.3866112680187532,9.4307279162049,matched,0,,,,,0,651,2101-13,국도21호선,쌍치면-정읍시(2101-13),2250.9146173640347,264.4052,7479.0,0.0113651557694878,nearest_station,36.251614245274666,38.66112680187532,2025-12-31,13.0,100.0,0.0,8.97,3.5880000000000005,0.0,35.0,0.8970000000000001,7.732225360375065,7.250322849054934,50.87954820942999,38.38235294117647,일반,동결융해,"Logistic 위험순위 상위 61.6% | 주요 증가요인=동결융해 | 동결융해 14일 13회 | 7일 강수 0.0mm | 14일 강수 9.0mm | 하수관 노후비율 38.7% | ESAL 264.4 (실제 조사점 2.3km) | 과거 300m 이내 보수이력 없음 | 모델기여도[동결융해=+0.696, 7일 누적강수=-0.264, 14일 누적강수=+0.198, 하수관로 노후도=+0.003, 교통하중=-0.007, 과거 보수이력=-0.061, 보수 후 경과기간=-0.018]",50.87954820942999,주의,"주요원인=동결융해 | 동결융해=100.0점 (14일 13회) | 누적강수=3.6점 (7일 0.0mm, 14일 9.0mm) | 하수관로 노후도=38.7점 (30년 이상 비율 38.7%) | 교통하중=36.3점 (ESAL 264.4, 2.3km 이내 실제 조사점 적용) | 300m 이내 확인된 보수이력 없음",0,,,,0.0,0.5839034318198889,0.696248318989472,-0.2641455745468213,0.19750546345590905,0.0034172125813376917,-0.00678530208255295,-0.06072288933117835,-0.017788087188867548,38.38235294117647,하위 70%
R00651,35.52687,126.897763,정읍 데모도로,정읍시,845508.0,326882.92,0.3866112680187532,9.4307279162049,matched,0,,,,,0,650,2101-13,국도21호선,쌍치면-정읍시(2101-13),2761.75384246072,264.4052,7479.0,0.0113651557694878,nearest_station,36.251614245274666,38.66112680187532,2025-12-31,13.0,100.0,0.0,8.97,3.5880000000000005,0.0,35.0,0.8970000000000001,7.732225360375065,7.250322849054934,50.87954820942999,38.38235294117647,일반,동결융해,"Logistic 위험순위 상위 61.6% | 주요 증가요인=동결융해 | 동결융해 14일 13회 | 7일 강수 0.0mm | 14일 강수 9.0mm | 하수관 노후비율 38.7% | ESAL 264.4 (실제 조사점 2.8km) | 과거 300m 이내 보수이력 없음 | 모델기여도[동결융해=+0.696, 7일 누적강수=-0.264, 14일 누적강수=+0.198, 하수관로 노후도=+0.003, 교통하중=-0.007, 과거 보수이력=-0.061, 보수 후 경과기간=-0.018]",50.87954820942999,주의,"주요원인=동결융해 | 동결융해=100.0점 (14일 13회) | 누적강수=3.6점 (7일 0.0mm, 14일 9.0mm) | 하수관로 노후도=38.7점 (30년 이상 비율 38.7%) | 교통하중=36.3점 (ESAL 264.4, 2.8km 이내 실제 조사점 적용) | 300m 이내 확인된 보수이력 없음",0,,,,0.0,0.5839034318198889,0.696248318989472,-0.2641455745468213,0.19750546345590905,0.0034172125813376917,-0.00678530208255295,-0.06072288933117835,-0.017788087188867548,38.38235294117647,하위 70%
R00653,35.534174,126.892292,정읍 데모도로,정읍시,845508.0,326882.92,0.3866112680187532,9.4307279162049,matched,0,,,,,0,652,2101-13,국도21호선,쌍치면-정읍시(2101-13),1810.9087083946813,264.4052,7479.0,0.0113651557694878,nearest_station,36.251614245274666,38.66112680187532,2025-12-31,13.0,100.0,0.0,8.97,3.5880000000000005,0.0,35.0,0.8970000000000001,7.732225360375065,7.250322849054934,50.87954820942999,38.38235294117647,일반,동결융해,"Logistic 위험순위 상위 61.6% | 주요 증가요인=동결융해 | 동결융해 14일 13회 | 7일 강수 0.0mm | 14일 강수 9.0mm | 하수관 노후비율 38.7% | ESAL 264.4 (실제 조사점 1.8km) | 과거 300m 이내 보수이력 없음 | 모델기여도[동결융해=+0.696, 7일 누적강수=-0.264, 14일 누적강수=+0.198, 하수관로 노후도=+0.003, 교통하중=-0.007, 과거 보수이력=-0.061, 보수 후 경과기간=-0.018]",50.87954820942999,주의,"주요원인=동결융해 | 동결융해=100.0점 (14일 13회) | 누적강수=3.6점 (7일 0.0mm, 14일 9.0mm) | 하수관로 노후도=38.7점 (30년 이상 비율 38.7%) | 교통하중=36.3점 (ESAL 264.4, 1.8km 이내 실제 조사점 적용) | 300m 이내 확인된 보수이력 없음",0,,,,0.0,0.5839034318198889,0.696248318989472,-0.2641455745468213,0.19750546345590905,0.0034172125813376917,-0.00678530208255295,-0.06072288933117835,-0.017788087188867548,38.38235294117647,하위 70%
R00654,35.536421,126.888782,정읍 데모도로,정읍시,845508.0,326882.92,0.3866112680187532,9.4307279162049,matched,0,,,,,0,653,2101-13,국도21호선,쌍치면-정읍시(2101-13),1433.7203527294423,264.4052,7479.0,0.0113651557694878,nearest_station,36.251614245274666,38.66112680187532,2025-12-31,13.0,100.0,0.0,8.97,3.5880000000000005,0.0,35.0,0.8970000000000001,7.732225360375065,7.250322849054934,50.87954820942999,38.38235294117647,일반,동결융해,"Logistic 위험순위 상위 61.6% | 주요 증가요인=동결융해 | 동결융해 14일 13회 | 7일 강수 0.0mm | 14일 강수 9.0mm | 하수관 노후비율 38.7% | ESAL 264.4 (실제 조사점 1.4km) | 과거 300m 이내 보수이력 없음 | 모델기여도[동결융해=+0.696, 7일 누적강수=-0.264, 14일 누적강수=+0.198, 하수관로 노후도=+0.003, 교통하중=-0.007, 과거 보수이력=-0.061, 보수 후 경과기간=-0.018]",50.87954820942999,주의,"주요원인=동결융해 | 동결융해=100.0점 (14일 13회) | 누적강수=3.6점 (7일 0.0mm, 14일 9.0mm) | 하수관로 노후도=38.7점 (30년 이상 비율 38.7%) | 교통하중=36.3점 (ESAL 264.4, 1.4km 이내 실제 조사점 적용) | 300m 이내 확인된 보수이력 없음",0,,,,0.0,0.5839034318198889,0.696248318989472,-0.2641455745468213,0.19750546345590905,0.0034172125813376917,-0.00678530208255295,-0.06072288933117835,-0.017788087188867548,38.38235294117647,하위 70%
R00659,35.555263,126.870762,정읍 데모도로,정읍시,845508.0,326882.92,0.3866112680187532,9.4307279162049,matched,0,,,,,0,658,2101-13,국도21호선,쌍치면-정읍시(2101-13),1265.976727461887,264.4052,7479.0,0.0113651557694878,nearest_station,36.251614245274666,38.66112680187532,2025-12-31,13.0,100.0,0.0,8.97,3.5880000000000005,0.0,35.0,0.8970000000000001,7.732225360375065,7.250322849054934,50.87954820942999,38.38235294117647,일반,동결융해,"Logistic 위험순위 상위 61.6% | 주요 증가요인=동결융해 | 동결융해 14일 13회 | 7일 강수 0.0mm | 14일 강수 9.0mm | 하수관 노후비율 38.7% | ESAL 264.4 (실제 조사점 1.3km) | 과거 300m 이내 보수이력 없음 | 모델기여도[동결융해=+0.696, 7일 누적강수=-0.264, 14일 누적강수=+0.198, 하수관로 노후도=+0.003, 교통하중=-0.007, 과거 보수이력=-0.061, 보수 후 경과기간=-0.018]",50.87954820942999,주의,"주요원인=동결융해 | 동결융해=100.0점 (14일 13회) | 누적강수=3.6점 (7일 0.0mm, 14일 9.0mm) | 하수관로 노후도=38.7점 (30년 이상 비율 38.7%) | 교통하중=36.3점 (ESAL 264.4, 1.3km 이내 실제 조사점 적용) | 300m 이내 확인된 보수이력 없음",0,,,,0.0,0.5839034318198889,0.696248318989472,-0.2641455745468213,0.19750546345590905,0.0034172125813376917,-0.00678530208255295,-0.06072288933117835,-0.017788087188867548,38.38235294117647,하위 70%
R00627,35.557761,126.855828,정읍 데모도로,정읍시,845508.0,326882.92,0.3866112680187532,9.4307279162049,matched,0,,,,,0,626,2101-13,국도21호선,쌍치면-정읍시(2101-13),2559.169605976065,264.4052,7479.0,0.0113651557694878,nearest_station,36.251614245274666,38.66112680187532,2025-12-31,13.0,100.0,0.0,8.97,3.5880000000000005,0.0,35.0,0.8970000000000001,7.732225360375065,7.250322849054934,50.87954820942999,38.38235294117647,일반,동결융해,"Logistic 위험순위 상위 61.6% | 주요 증가요인=동결융해 | 동결융해 14일 13회 | 7일 강수 0.0mm | 14일 강수 9.0mm | 하수관 노후비율 38.7% | ESAL 264.4 (실제 조사점 2.6km) | 과거 300m 이내 보수이력 없음 | 모델기여도[동결융해=+0.696, 7일 누적강수=-0.264, 14일 누적강수=+0.198, 하수관로 노후도=+0.003, 교통하중=-0.007, 과거 보수이력=-0.061, 보수 후 경과기간=-0.018]",50.87954820942999,주의,"주요원인=동결융해 | 동결융해=100.0점 (14일 13회) | 누적강수=3.6점 (7일 0.0mm, 14일 9.0mm) | 하수관로 노후도=38.7점 (30년 이상 비율 38.7%) | 교통하중=36.3점 (ESAL 264.4, 2.6km 이내 실제 조사점 적용) | 300m 이내 확인된 보수이력 없음",0,,,,0.0,0.5839034318198889,0.696248318989472,-0.2641455745468213,0.19750546345590905,0.0034172125813376917,-0.00678530208255295,-0.06072288933117835,-0.017788087188867548,38.38235294117647,하위 70%
R00626,35.55397,126.856146,정읍 데모도로,정읍시,845508.0,326882.92,0.3866112680187532,9.4307279162049,matched,0,,,,,0,625,2101-13,국도21호선,쌍치면-정읍시(2101-13),2379.405808724874,264.4052,7479.0,0.0113651557694878,nearest_station,36.251614245274666,38.66112680187532,2025-12-31,13.0,100.0,0.0,8.97,3.5880000000000005,0.0,35.0,0.8970000000000001,7.732225360375065,7.250322849054934,50.87954820942999,38.38235294117647,일반,동결융해,"Logistic 위험순위 상위 61.6% | 주요 증가요인=동결융해 | 동결융해 14일 13회 | 7일 강수 0.0mm | 14일 강수 9.0mm | 하수관 노후비율 38.7% | ESAL 264.4 (실제 조사점 2.4km) | 과거 300m 이내 보수이력 없음 | 모델기여도[동결융해=+0.696, 7일 누적강수=-0.264, 14일 누적강수=+0.198, 하수관로 노후도=+0.003, 교통하중=-0.007, 과거 보수이력=-0.061, 보수 후 경과기간=-0.018]",50.87954820942999,주의,"주요원인=동결융해 | 동결융해=100.0점 (14일 13회) | 누적강수=3.6점 (7일 0.0mm, 14일 9.0mm) | 하수관로 노후도=38.7점 (30년 이상 비율 38.7%) | 교통하중=36.3점 (ESAL 264.4, 2.4km 이내 실제 조사점 적용) | 300m 이내 확인된 보수이력 없음",0,,,,0.0,0.5839034318198889,0.696248318989472,-0.2641455745468213,0.19750546345590905,0.0034172125813376917,-0.00678530208255295,-0.06072288933117835,-0.017788087188867548,38.38235294117647,하위 70%
R00566,35.569344,126.877455,정읍 데모도로,정읍시,845508.0,326882.92,0.3866112680187532,9.4307279162049,matched,0,,,,,0,565,2101-13,국도21호선,쌍치면-정읍시(2101-13),2421.093113177508,264.4052,7479.0,0.0113651557694878,nearest_station,36.251614245274666,38.66112680187532,2025-12-31,13.0,100.0,0.0,8.97,3.5880000000000005,0.0,35.0,0.8970000000000001,7.732225360375065,7.250322849054934,50.87954820942999,38.38235294117647,일반,동결융해,"Logistic 위험순위 상위 61.6% | 주요 증가요인=동결융해 | 동결융해 14일 13회 | 7일 강수 0.0mm | 14일 강수 9.0mm | 하수관 노후비율 38.7% | ESAL 264.4 (실제 조사점 2.4km) | 과거 300m 이내 보수이력 없음 | 모델기여도[동결융해=+0.696, 7일 누적강수=-0.264, 14일 누적강수=+0.198, 하수관로 노후도=+0.003, 교통하중=-0.007, 과거 보수이력=-0.061, 보수 후 경과기간=-0.018]",50.87954820942999,주의,"주요원인=동결융해 | 동결융해=100.0점 (14일 13회) | 누적강수=3.6점 (7일 0.0mm, 14일 9.0mm) | 하수관로 노후도=38.7점 (30년 이상 비율 38.7%) | 교통하중=36.3점 (ESAL 264.4, 2.4km 이내 실제 조사점 적용) | 300m 이내 확인된 보수이력 없음",0,,,,0.0,0.5839034318198889,0.696248318989472,-0.2641455745468213,0.19750546345590905,0.0034172125813376917,-0.00678530208255295,-0.06072288933117835,-0.017788087188867548,38.38235294117647,하위 70%
R00564,35.570503,126.868176,정읍 데모도로,정읍시,845508.0,326882.92,0.3866112680187532,9.4307279162049,matched,0,,,,,0,563,2101-13,국도21호선,쌍치면-정읍시(2101-13),2790.8315333466094,264.4052,7479.0,0.0113651557694878,nearest_station,36.251614245274666,38.66112680187532,2025-12-31,13.0,100.0,0.0,8.97,3.5880000000000005,0.0,35.0,0.8970000000000001,7.732225360375065,7.250322849054934,50.87954820942999,38.38235294117647,일반,동결융해,"Logistic 위험순위 상위 61.6% | 주요 증가요인=동결융해 | 동결융해 14일 13회 | 7일 강수 0.0mm | 14일 강수 9.0mm | 하수관 노후비율 38.7% | ESAL 264.4 (실제 조사점 2.8km) | 과거 300m 이내 보수이력 없음 | 모델기여도[동결융해=+0.696, 7일 누적강수=-0.264, 14일 누적강수=+0.198, 하수관로 노후도=+0.003, 교통하중=-0.007, 과거 보수이력=-0.061, 보수 후 경과기간=-0.018]",50.87954820942999,주의,"주요원인=동결융해 | 동결융해=100.0점 (14일 13회) | 누적강수=3.6점 (7일 0.0mm, 14일 9.0mm) | 하수관로 노후도=38.7점 (30년 이상 비율 38.7%) | 교통하중=36.3점 (ESAL 264.4, 2.8km 이내 실제 조사점 적용) | 300m 이내 확인된 보수이력 없음",0,,,,0.0,0.5839034318198889,0.696248318989472,-0.2641455745468213,0.19750546345590905,0.0034172125813376917,-0.00678530208255295,-0.06072288933117835,-0.017788087188867548,38.38235294117647,하위 70%
R00563,35.568981,126.862675,정읍 데모도로,정읍시,845508.0,326882.92,0.3866112680187532,9.4307279162049,matched,0,,,,,0,562,2101-13,국도21호선,쌍치면-정읍시(2101-13),2897.3782345835016,264.4052,7479.0,0.0113651557694878,nearest_station,36.251614245274666,38.66112680187532,2025-12-31,13.0,100.0,0.0,8.97,3.5880000000000005,0.0,35.0,0.8970000000000001,7.732225360375065,7.250322849054934,50.87954820942999,38.38235294117647,일반,동결융해,"Logistic 위험순위 상위 61.6% | 주요 증가요인=동결융해 | 동결융해 14일 13회 | 7일 강수 0.0mm | 14일 강수 9.0mm | 하수관 노후비율 38.7% | ESAL 264.4 (실제 조사점 2.9km) | 과거 300m 이내 보수이력 없음 | 모델기여도[동결융해=+0.696, 7일 누적강수=-0.264, 14일 누적강수=+0.198, 하수관로 노후도=+0.003, 교통하중=-0.007, 과거 보수이력=-0.061, 보수 후 경과기간=-0.018]",50.87954820942999,주의,"주요원인=동결융해 | 동결융해=100.0점 (14일 13회) | 누적강수=3.6점 (7일 0.0mm, 14일 9.0mm) | 하수관로 노후도=38.7점 (30년 이상 비율 38.7%) | 교통하중=36.3점 (ESAL 264.4, 2.9km 이내 실제 조사점 적용) | 300m 이내 확인된 보수이력 없음",0,,,,0.0,0.5839034318198889,0.696248318989472,-0.2641455745468213,0.19750546345590905,0.0034172125813376917,-0.00678530208255295,-0.06072288933117835,-0.017788087188867548,38.38235294117647,하위 70%
R00565,35.570006,126.873685,정읍 데모도로,정읍시,845508.0,326882.92,0.3866112680187532,9.4307279162049,matched,0,,,,,0,564,2101-13,국도21호선,쌍치면-정읍시(2101-13),2564.210695606856,264.4052,7479.0,0.0113651557694878,nearest_station,36.251614245274666,38.66112680187532,2025-12-31,13.0,100.0,0.0,8.97,3.5880000000000005,0.0,35.0,0.8970000000000001,7.732225360375065,7.250322849054934,50.87954820942999,38.38235294117647,일반,동결융해,"Logistic 위험순위 상위 61.6% | 주요 증가요인=동결융해 | 동결융해 14일 13회 | 7일 강수 0.0mm | 14일 강수 9.0mm | 하수관 노후비율 38.7% | ESAL 264.4 (실제 조사점 2.6km) | 과거 300m 이내 보수이력 없음 | 모델기여도[동결융해=+0.696, 7일 누적강수=-0.264, 14일 누적강수=+0.198, 하수관로 노후도=+0.003, 교통하중=-0.007, 과거 보수이력=-0.061, 보수 후 경과기간=-0.018]",50.87954820942999,주의,"주요원인=동결융해 | 동결융해=100.0점 (14일 13회) | 누적강수=3.6점 (7일 0.0mm, 14일 9.0mm) | 하수관로 노후도=38.7점 (30년 이상 비율 38.7%) | 교통하중=36.3점 (ESAL 264.4, 2.6km 이내 실제 조사점 적용) | 300m 이내 확인된 보수이력 없음",0,,,,0.0,0.5839034318198889,0.696248318989472,-0.2641455745468213,0.19750546345590905,0.0034172125813376917,-0.00678530208255295,-0.06072288933117835,-0.017788087188867548,38.38235294117647,하위 70%
R00568,35.570838,126.886324,정읍 데모도로,정읍시,845508.0,326882.92,0.3866112680187532,9.4307279162049,matched,0,,,,,0,567,2101-13,국도21호선,쌍치면-정읍시(2101-13),2601.236228433394,264.4052,7479.0,0.0113651557694878,nearest_station,36.251614245274666,38.66112680187532,2025-12-31,13.0,100.0,0.0,8.97,3.5880000000000005,0.0,35.0,0.8970000000000001,7.732225360375065,7.250322849054934,50.87954820942999,38.38235294117647,일반,동결융해,"Logistic 위험순위 상위 61.6% | 주요 증가요인=동결융해 | 동결융해 14일 13회 | 7일 강수 0.0mm | 14일 강수 9.0mm | 하수관 노후비율 38.7% | ESAL 264.4 (실제 조사점 2.6km) | 과거 300m 이내 보수이력 없음 | 모델기여도[동결융해=+0.696, 7일 누적강수=-0.264, 14일 누적강수=+0.198, 하수관로 노후도=+0.003, 교통하중=-0.007, 과거 보수이력=-0.061, 보수 후 경과기간=-0.018]",50.87954820942999,주의,"주요원인=동결융해 | 동결융해=100.0점 (14일 13회) | 누적강수=3.6점 (7일 0.0mm, 14일 9.0mm) | 하수관로 노후도=38.7점 (30년 이상 비율 38.7%) | 교통하중=36.3점 (ESAL 264.4, 2.6km 이내 실제 조사점 적용) | 300m 이내 확인된 보수이력 없음",0,,,,0.0,0.5839034318198889,0.696248318989472,-0.2641455745468213,0.19750546345590905,0.0034172125813376917,-0.00678530208255295,-0.06072288933117835,-0.017788087188867548,38.38235294117647,하위 70%
R00628,35.563004,126.856612,정읍 데모도로,정읍시,845508.0,326882.92,0.3866112680187532,9.4307279162049,matched,0,,,,,0,627,2101-13,국도21호선,쌍치면-정읍시(2101-13),2803.237827039563,264.4052,7479.0,0.0113651557694878,nearest_station,36.251614245274666,38.66112680187532,2025-12-31,13.0,100.0,0.0,8.97,3.5880000000000005,0.0,35.0,0.8970000000000001,7.732225360375065,7.250322849054934,50.87954820942999,38.38235294117647,일반,동결융해,"Logistic 위험순위 상위 61.6% | 주요 증가요인=동결융해 | 동결융해 14일 13회 | 7일 강수 0.0mm | 14일 강수 9.0mm | 하수관 노후비율 38.7% | ESAL 264.4 (실제 조사점 2.8km) | 과거 300m 이내 보수이력 없음 | 모델기여도[동결융해=+0.696, 7일 누적강수=-0.264, 14일 누적강수=+0.198, 하수관로 노후도=+0.003, 교통하중=-0.007, 과거 보수이력=-0.061, 보수 후 경과기간=-0.018]",50.87954820942999,주의,"주요원인=동결융해 | 동결융해=100.0점 (14일 13회) | 누적강수=3.6점 (7일 0.0mm, 14일 9.0mm) | 하수관로 노후도=38.7점 (30년 이상 비율 38.7%) | 교통하중=36.3점 (ESAL 264.4, 2.8km 이내 실제 조사점 적용) | 300m 이내 확인된 보수이력 없음",0,,,,0.0,0.5839034318198889,0.696248318989472,-0.2641455745468213,0.19750546345590905,0.0034172125813376917,-0.00678530208255295,-0.06072288933117835,-0.017788087188867548,38.38235294117647,하위 70%
R00624,35.543849,126.857448,정읍 데모도로,정읍시,845508.0,326882.92,0.3866112680187532,9.4307279162049,matched,0,,,,,0,623,2101-13,국도21호선,쌍치면-정읍시(2101-13),2204.9082578838247,264.4052,7479.0,0.0113651557694878,nearest_station,36.251614245274666,38.66112680187532,2025-12-31,13.0,100.0,0.0,8.97,3.5880000000000005,0.0,35.0,0.8970000000000001,7.732225360375065,7.250322849054934,50.87954820942999,38.38235294117647,일반,동결융해,"Logistic 위험순위 상위 61.6% | 주요 증가요인=동결융해 | 동결융해 14일 13회 | 7일 강수 0.0mm | 14일 강수 9.0mm | 하수관 노후비율 38.7% | ESAL 264.4 (실제 조사점 2.2km) | 과거 300m 이내 보수이력 없음 | 모델기여도[동결융해=+0.696, 7일 누적강수=-0.264, 14일 누적강수=+0.198, 하수관로 노후도=+0.003, 교통하중=-0.007, 과거 보수이력=-0.061, 보수 후 경과기간=-0.018]",50.87954820942999,주의,"주요원인=동결융해 | 동결융해=100.0점 (14일 13회) | 누적강수=3.6점 (7일 0.0mm, 14일 9.0mm) | 하수관로 노후도=38.7점 (30년 이상 비율 38.7%) | 교통하중=36.3점 (ESAL 264.4, 2.2km 이내 실제 조사점 적용) | 300m 이내 확인된 보수이력 없음",0,,,,0.0,0.5839034318198889,0.696248318989472,-0.2641455745468213,0.19750546345590905,0.0034172125813376917,-0.00678530208255295,-0.06072288933117835,-0.017788087188867548,38.38235294117647,하위 70%
R00623,35.53753,126.854753,정읍 데모도로,정읍시,845508.0,326882.92,0.3866112680187532,9.4307279162049,matched,0,,,,,0,622,2101-13,국도21호선,쌍치면-정읍시(2101-13),2662.00822038404,264.4052,7479.0,0.0113651557694878,nearest_station,36.251614245274666,38.66112680187532,2025-12-31,13.0,100.0,0.0,8.97,3.5880000000000005,0.0,35.0,0.8970000000000001,7.732225360375065,7.250322849054934,50.87954820942999,38.38235294117647,일반,동결융해,"Logistic 위험순위 상위 61.6% | 주요 증가요인=동결융해 | 동결융해 14일 13회 | 7일 강수 0.0mm | 14일 강수 9.0mm | 하수관 노후비율 38.7% | ESAL 264.4 (실제 조사점 2.7km) | 과거 300m 이내 보수이력 없음 | 모델기여도[동결융해=+0.696, 7일 누적강수=-0.264, 14일 누적강수=+0.198, 하수관로 노후도=+0.003, 교통하중=-0.007, 과거 보수이력=-0.061, 보수 후 경과기간=-0.018]",50.87954820942999,주의,"주요원인=동결융해 | 동결융해=100.0점 (14일 13회) | 누적강수=3.6점 (7일 0.0mm, 14일 9.0mm) | 하수관로 노후도=38.7점 (30년 이상 비율 38.7%) | 교통하중=36.3점 (ESAL 264.4, 2.7km 이내 실제 조사점 적용) | 300m 이내 확인된 보수이력 없음",0,,,,0.0,0.5839034318198889,0.696248318989472,-0.2641455745468213,0.19750546345590905,0.0034172125813376917,-0.00678530208255295,-0.06072288933117835,-0.017788087188867548,38.38235294117647,하위 70%
R00570,35.570881,126.896782,정읍 데모도로,정읍시,845508.0,326882.92,0.3866112680187532,9.4307279162049,matched,0,,,,,0,569,2101-13,국도21호선,쌍치면-정읍시(2101-13),2922.434188581057,264.4052,7479.0,0.0113651557694878,nearest_station,36.251614245274666,38.66112680187532,2025-12-31,13.0,100.0,0.0,8.97,3.5880000000000005,0.0,35.0,0.8970000000000001,7.732225360375065,7.250322849054934,50.87954820942999,38.38235294117647,일반,동결융해,"Logistic 위험순위 상위 61.6% | 주요 증가요인=동결융해 | 동결융해 14일 13회 | 7일 강수 0.0mm | 14일 강수 9.0mm | 하수관 노후비율 38.7% | ESAL 264.4 (실제 조사점 2.9km) | 과거 300m 이내 보수이력 없음 | 모델기여도[동결융해=+0.696, 7일 누적강수=-0.264, 14일 누적강수=+0.198, 하수관로 노후도=+0.003, 교통하중=-0.007, 과거 보수이력=-0.061, 보수 후 경과기간=-0.018]",50.87954820942999,주의,"주요원인=동결융해 | 동결융해=100.0점 (14일 13회) | 누적강수=3.6점 (7일 0.0mm, 14일 9.0mm) | 하수관로 노후도=38.7점 (30년 이상 비율 38.7%) | 교통하중=36.3점 (ESAL 264.4, 2.9km 이내 실제 조사점 적용) | 300m 이내 확인된 보수이력 없음",0,,,,0.0,0.5839034318198889,0.696248318989472,-0.2641455745468213,0.19750546345590905,0.0034172125813376917,-0.00678530208255295,-0.06072288933117835,-0.017788087188867548,38.38235294117647,하위 70%
R00569,35.569064,126.891408,정읍 데모도로,정읍시,845508.0,326882.92,0.3866112680187532,9.4307279162049,matched,0,,,,,0,568,2101-13,국도21호선,쌍치면-정읍시(2101-13),2534.112876113953,264.4052,7479.0,0.0113651557694878,nearest_station,36.251614245274666,38.66112680187532,2025-12-31,13.0,100.0,0.0,8.97,3.5880000000000005,0.0,35.0,0.8970000000000001,7.732225360375065,7.250322849054934,50.87954820942999,38.38235294117647,일반,동결융해,"Logistic 위험순위 상위 61.6% | 주요 증가요인=동결융해 | 동결융해 14일 13회 | 7일 강수 0.0mm | 14일 강수 9.0mm | 하수관 노후비율 38.7% | ESAL 264.4 (실제 조사점 2.5km) | 과거 300m 이내 보수이력 없음 | 모델기여도[동결융해=+0.696, 7일 누적강수=-0.264, 14일 누적강수=+0.198, 하수관로 노후도=+0.003, 교통하중=-0.007, 과거 보수이력=-0.061, 보수 후 경과기간=-0.018]",50.87954820942999,주의,"주요원인=동결융해 | 동결융해=100.0점 (14일 13회) | 누적강수=3.6점 (7일 0.0mm, 14일 9.0mm) | 하수관로 노후도=38.7점 (30년 이상 비율 38.7%) | 교통하중=36.3점 (ESAL 264.4, 2.5km 이내 실제 조사점 적용) | 300m 이내 확인된 보수이력 없음",0,,,,0.0,0.5839034318198889,0.696248318989472,-0.2641455745468213,0.19750546345590905,0.0034172125813376917,-0.00678530208255295,-0.06072288933117835,-0.017788087188867548,38.38235294117647,하위 70%
R00663,35.566414,126.857825,정읍 데모도로,정읍시,845508.0,326882.92,0.3866112680187532,9.4307279162049,matched,0,,,,,0,662,2101-13,국도21호선,쌍치면-정읍시(2101-13),2967.3391154328738,264.4052,7479.0,0.0113651557694878,nearest_station,36.251614245274666,38.66112680187532,2025-12-31,13.0,100.0,0.0,8.97,3.5880000000000005,0.0,35.0,0.8970000000000001,7.732225360375065,7.250322849054934,50.87954820942999,38.38235294117647,일반,동결융해,"Logistic 위험순위 상위 61.6% | 주요 증가요인=동결융해 | 동결융해 14일 13회 | 7일 강수 0.0mm | 14일 강수 9.0mm | 하수관 노후비율 38.7% | ESAL 264.4 (실제 조사점 3.0km) | 과거 300m 이내 보수이력 없음 | 모델기여도[동결융해=+0.696, 7일 누적강수=-0.264, 14일 누적강수=+0.198, 하수관로 노후도=+0.003, 교통하중=-0.007, 과거 보수이력=-0.061, 보수 후 경과기간=-0.018]",50.87954820942999,주의,"주요원인=동결융해 | 동결융해=100.0점 (14일 13회) | 누적강수=3.6점 (7일 0.0mm, 14일 9.0mm) | 하수관로 노후도=38.7점 (30년 이상 비율 38.7%) | 교통하중=36.3점 (ESAL 264.4, 3.0km 이내 실제 조사점 적용) | 300m 이내 확인된 보수이력 없음",0,,,,0.0,0.5839034318198889,0.696248318989472,-0.2641455745468213,0.19750546345590905,0.0034172125813376917,-0.00678530208255295,-0.06072288933117835,-0.017788087188867548,38.38235294117647,하위 70%
R00658,35.550374,126.875754,정읍 데모도로,정읍시,845508.0,326882.92,0.3866112680187532,9.4307279162049,matched,0,,,,,0,657,2101-13,국도21호선,쌍치면-정읍시(2101-13),580.0008447782711,264.4052,7479.0,0.0113651557694878,nearest_station,36.251614245274666,38.66112680187532,2025-12-31,13.0,100.0,0.0,8.97,3.5880000000000005,0.0,35.0,0.8970000000000001,7.732225360375065,7.250322849054934,50.87954820942999,38.38235294117647,일반,동결융해,"Logistic 위험순위 상위 61.6% | 주요 증가요인=동결융해 | 동결융해 14일 13회 | 7일 강수 0.0mm | 14일 강수 9.0mm | 하수관 노후비율 38.7% | ESAL 264.4 (실제 조사점 0.6km) | 과거 300m 이내 보수이력 없음 | 모델기여도[동결융해=+0.696, 7일 누적강수=-0.264, 14일 누적강수=+0.198, 하수관로 노후도=+0.003, 교통하중=-0.007, 과거 보수이력=-0.061, 보수 후 경과기간=-0.018]",50.87954820942999,주의,"주요원인=동결융해 | 동결융해=100.0점 (14일 13회) | 누적강수=3.6점 (7일 0.0mm, 14일 9.0mm) | 하수관로 노후도=38.7점 (30년 이상 비율 38.7%) | 교통하중=36.3점 (ESAL 264.4, 0.6km 이내 실제 조사점 적용) | 300m 이내 확인된 보수이력 없음",0,,,,0.0,0.5839034318198889,0.696248318989472,-0.2641455745468213,0.19750546345590905,0.0034172125813376917,-0.00678530208255295,-0.06072288933117835,-0.017788087188867548,38.38235294117647,하위 70%
R00657,35.546399,126.878274,정읍 데모도로,정읍시,845508.0,326882.92,0.3866112680187532,9.4307279162049,matched,0,,,,,0,656,2101-13,국도21호선,쌍치면-정읍시(2101-13),317.35138602571254,264.4052,7479.0,0.0113651557694878,nearest_station,36.251614245274666,38.66112680187532,2025-12-31,13.0,100.0,0.0,8.97,3.5880000000000005,0.0,35.0,0.8970000000000001,7.732225360375065,7.250322849054934,50.87954820942999,38.38235294117647,일반,동결융해,"Logistic 위험순위 상위 61.6% | 주요 증가요인=동결융해 | 동결융해 14일 13회 | 7일 강수 0.0mm | 14일 강수 9.0mm | 하수관 노후비율 38.7% | ESAL 264.4 (실제 조사점 0.3km) | 과거 300m 이내 보수이력 없음 | 모델기여도[동결융해=+0.696, 7일 누적강수=-0.264, 14일 누적강수=+0.198, 하수관로 노후도=+0.003, 교통하중=-0.007, 과거 보수이력=-0.061, 보수 후 경과기간=-0.018]",50.87954820942999,주의,"주요원인=동결융해 | 동결융해=100.0점 (14일 13회) | 누적강수=3.6점 (7일 0.0mm, 14일 9.0mm) | 하수관로 노후도=38.7점 (30년 이상 비율 38.7%) | 교통하중=36.3점 (ESAL 264.4, 0.3km 이내 실제 조사점 적용) | 300m 이내 확인된 보수이력 없음",0,,,,0.0,0.5839034318198889,0.696248318989472,-0.2641455745468213,0.19750546345590905,0.0034172125813376917,-0.00678530208255295,-0.06072288933117835,-0.017788087188867548,38.38235294117647,하위 70%
R00622,35.532152,126.855324,정읍 데모도로,정읍시,845508.0,326882.92,0.3866112680187532,9.4307279162049,matched,0,,,,,0,621,2101-13,국도21호선,쌍치면-정읍시(2101-13),2926.481628673377,264.4052,7479.0,0.0113651557694878,nearest_station,36.251614245274666,38.66112680187532,2025-12-31,13.0,100.0,0.0,8.97,3.5880000000000005,0.0,35.0,0.8970000000000001,7.732225360375065,7.250322849054934,50.87954820942999,38.38235294117647,일반,동결융해,"Logistic 위험순위 상위 61.6% | 주요 증가요인=동결융해 | 동결융해 14일 13회 | 7일 강수 0.0mm | 14일 강수 9.0mm | 하수관 노후비율 38.7% | ESAL 264.4 (실제 조사점 2.9km) | 과거 300m 이내 보수이력 없음 | 모델기여도[동결융해=+0.696, 7일 누적강수=-0.264, 14일 누적강수=+0.198, 하수관로 노후도=+0.003, 교통하중=-0.007, 과거 보수이력=-0.061, 보수 후 경과기간=-0.018]",50.87954820942999,주의,"주요원인=동결융해 | 동결융해=100.0점 (14일 13회) | 누적강수=3.6점 (7일 0.0mm, 14일 9.0mm) | 하수관로 노후도=38.7점 (30년 이상 비율 38.7%) | 교통하중=36.3점 (ESAL 264.4, 2.9km 이내 실제 조사점 적용) | 300m 이내 확인된 보수이력 없음",0,,,,0.0,0.5839034318198889,0.696248318989472,-0.2641455745468213,0.19750546345590905,0.0034172125813376917,-0.00678530208255295,-0.06072288933117835,-0.017788087188867548,38.38235294117647,하위 70%
R00661,35.56196,126.863398,정읍 데모도로,정읍시,845508.0,326882.92,0.3866112680187532,9.4307279162049,matched,0,,,,,0,660,2101-13,국도21호선,쌍치면-정읍시(2101-13),2260.6694101217145,264.4052,7479.0,0.0113651557694878,nearest_station,36.251614245274666,38.66112680187532,2025-12-31,13.0,100.0,0.0,8.97,3.5880000000000005,0.0,35.0,0.8970000000000001,7.732225360375065,7.250322849054934,50.87954820942999,38.38235294117647,일반,동결융해,"Logistic 위험순위 상위 61.6% | 주요 증가요인=동결융해 | 동결융해 14일 13회 | 7일 강수 0.0mm | 14일 강수 9.0mm | 하수관 노후비율 38.7% | ESAL 264.4 (실제 조사점 2.3km) | 과거 300m 이내 보수이력 없음 | 모델기여도[동결융해=+0.696, 7일 누적강수=-0.264, 14일 누적강수=+0.198, 하수관로 노후도=+0.003, 교통하중=-0.007, 과거 보수이력=-0.061, 보수 후 경과기간=-0.018]",50.87954820942999,주의,"주요원인=동결융해 | 동결융해=100.0점 (14일 13회) | 누적강수=3.6점 (7일 0.0mm, 14일 9.0mm) | 하수관로 노후도=38.7점 (30년 이상 비율 38.7%) | 교통하중=36.3점 (ESAL 264.4, 2.3km 이내 실제 조사점 적용) | 300m 이내 확인된 보수이력 없음",0,,,,0.0,0.5839034318198889,0.696248318989472,-0.2641455745468213,0.19750546345590905,0.0034172125813376917,-0.00678530208255295,-0.06072288933117835,-0.017788087188867548,38.38235294117647,하위 70%
R00662,35.563211,126.861169,정읍 데모도로,정읍시,845508.0,326882.92,0.3866112680187532,9.4307279162049,matched,0,,,,,0,661,2101-13,국도21호선,쌍치면-정읍시(2101-13),2502.566813133758,264.4052,7479.0,0.0113651557694878,nearest_station,36.251614245274666,38.66112680187532,2025-12-31,13.0,100.0,0.0,8.97,3.5880000000000005,0.0,35.0,0.8970000000000001,7.732225360375065,7.250322849054934,50.87954820942999,38.38235294117647,일반,동결융해,"Logistic 위험순위 상위 61.6% | 주요 증가요인=동결융해 | 동결융해 14일 13회 | 7일 강수 0.0mm | 14일 강수 9.0mm | 하수관 노후비율 38.7% | ESAL 264.4 (실제 조사점 2.5km) | 과거 300m 이내 보수이력 없음 | 모델기여도[동결융해=+0.696, 7일 누적강수=-0.264, 14일 누적강수=+0.198, 하수관로 노후도=+0.003, 교통하중=-0.007, 과거 보수이력=-0.061, 보수 후 경과기간=-0.018]",50.87954820942999,주의,"주요원인=동결융해 | 동결융해=100.0점 (14일 13회) | 누적강수=3.6점 (7일 0.0mm, 14일 9.0mm) | 하수관로 노후도=38.7점 (30년 이상 비율 38.7%) | 교통하중=36.3점 (ESAL 264.4, 2.5km 이내 실제 조사점 적용) | 300m 이내 확인된 보수이력 없음",0,,,,0.0,0.5839034318198889,0.696248318989472,-0.2641455745468213,0.19750546345590905,0.0034172125813376917,-0.00678530208255295,-0.06072288933117835,-0.017788087188867548,38.38235294117647,하위 70%
R00625,35.547901,126.856598,정읍 데모도로,정읍시,845508.0,326882.92,0.3866112680187532,9.4307279162049,matched,0,,,,,0,624,2101-13,국도21호선,쌍치면-정읍시(2101-13),2237.5707312687896,264.4052,7479.0,0.0113651557694878,nearest_station,36.251614245274666,38.66112680187532,2025-12-31,13.0,100.0,0.0,8.97,3.5880000000000005,0.0,35.0,0.8970000000000001,7.732225360375065,7.250322849054934,50.87954820942999,38.38235294117647,일반,동결융해,"Logistic 위험순위 상위 61.6% | 주요 증가요인=동결융해 | 동결융해 14일 13회 | 7일 강수 0.0mm | 14일 강수 9.0mm | 하수관 노후비율 38.7% | ESAL 264.4 (실제 조사점 2.2km) | 과거 300m 이내 보수이력 없음 | 모델기여도[동결융해=+0.696, 7일 누적강수=-0.264, 14일 누적강수=+0.198, 하수관로 노후도=+0.003, 교통하중=-0.007, 과거 보수이력=-0.061, 보수 후 경과기간=-0.018]",50.87954820942999,주의,"주요원인=동결융해 | 동결융해=100.0점 (14일 13회) | 누적강수=3.6점 (7일 0.0mm, 14일 9.0mm) | 하수관로 노후도=38.7점 (30년 이상 비율 38.7%) | 교통하중=36.3점 (ESAL 264.4, 2.2km 이내 실제 조사점 적용) | 300m 이내 확인된 보수이력 없음",0,,,,0.0,0.5839034318198889,0.696248318989472,-0.2641455745468213,0.19750546345590905,0.0034172125813376917,-0.00678530208255295,-0.06072288933117835,-0.017788087188867548,38.38235294117647,하위 70%
R00408,36.005646,126.900915,익산 데모도로,익산시,1404068.0,1069912.0,0.7620086776423934,10.189728749446369,matched,0,,,,,0,407,2711-00,국도27호선,익산시-성산면(2711-00),3446.417455105992,1862.3388,20572.0,0.0407835893447404,city_median,69.67072113572632,76.20086776423935,2025-12-31,12.0,100.0,3.429999999999993,17.97,11.303999999999991,0.0,35.0,2.825999999999998,15.240173552847873,13.934144227145266,67.00031777999314,27.573529411764707,일반,동결융해,"Logistic 위험순위 상위 72.4% | 주요 증가요인=동결융해 | 동결융해 14일 12회 | 7일 강수 3.4mm | 14일 강수 18.0mm | 하수관 노후비율 76.2% | ESAL 1862.3 (도시 중앙값) | 과거 300m 이내 보수이력 없음 | 모델기여도[동결융해=+0.620, 7일 누적강수=-0.196, 14일 누적강수=+0.096, 하수관로 노후도=-0.070, 교통하중=+0.001, 과거 보수이력=-0.061, 보수 후 경과기간=-0.018]",67.00031777999314,위험,"주요원인=동결융해 | 동결융해=100.0점 (14일 12회) | 누적강수=11.3점 (7일 3.4mm, 14일 18.0mm) | 하수관로 노후도=76.2점 (30년 이상 비율 76.2%) | 교통하중=69.7점 (ESAL 1862.3, 도시 중앙값 적용) | 300m 이내 확인된 보수이력 없음",0,,,,0.0,0.5406706012260553,0.6197001285313087,-0.19622174785084137,0.09602413689946974,-0.06967938373125776,0.0006413663895488769,-0.06072288933117835,-0.017788087188867548,27.573529411764707,하위 70%
R00407,36.00134,126.904199,익산 데모도로,익산시,1404068.0,1069912.0,0.7620086776423934,10.189728749446369,matched,0,,,,,0,406,2711-00,국도27호선,익산시-성산면(2711-00),3077.177393549386,1862.3388,20572.0,0.0407835893447404,city_median,69.67072113572632,76.20086776423935,2025-12-31,12.0,100.0,3.429999999999993,17.97,11.303999999999991,0.0,35.0,2.825999999999998,15.240173552847873,13.934144227145266,67.00031777999314,27.573529411764707,일반,동결융해,"Logistic 위험순위 상위 72.4% | 주요 증가요인=동결융해 | 동결융해 14일 12회 | 7일 강수 3.4mm | 14일 강수 18.0mm | 하수관 노후비율 76.2% | ESAL 1862.3 (도시 중앙값) | 과거 300m 이내 보수이력 없음 | 모델기여도[동결융해=+0.620, 7일 누적강수=-0.196, 14일 누적강수=+0.096, 하수관로 노후도=-0.070, 교통하중=+0.001, 과거 보수이력=-0.061, 보수 후 경과기간=-0.018]",67.00031777999314,위험,"주요원인=동결융해 | 동결융해=100.0점 (14일 12회) | 누적강수=11.3점 (7일 3.4mm, 14일 18.0mm) | 하수관로 노후도=76.2점 (30년 이상 비율 76.2%) | 교통하중=69.7점 (ESAL 1862.3, 도시 중앙값 적용) | 300m 이내 확인된 보수이력 없음",0,,,,0.0,0.5406706012260553,0.6197001285313087,-0.19622174785084137,0.09602413689946974,-0.06967938373125776,0.0006413663895488769,-0.06072288933117835,-0.017788087188867548,27.573529411764707,하위 70%
R00405,35.993619,126.911571,익산 데모도로,익산시,1404068.0,1069912.0,0.7620086776423934,10.189728749446369,matched,0,,,,,0,404,2711-00,국도27호선,익산시-성산면(2711-00),2681.627285772323,1862.3388,20572.0,0.0407835893447404,nearest_station,69.67072113572632,76.20086776423935,2025-12-31,12.0,100.0,3.429999999999993,17.97,11.303999999999991,0.0,35.0,2.825999999999998,15.240173552847873,13.934144227145266,67.00031777999314,27.573529411764707,일반,동결융해,"Logistic 위험순위 상위 72.4% | 주요 증가요인=동결융해 | 동결융해 14일 12회 | 7일 강수 3.4mm | 14일 강수 18.0mm | 하수관 노후비율 76.2% | ESAL 1862.3 (실제 조사점 2.7km) | 과거 300m 이내 보수이력 없음 | 모델기여도[동결융해=+0.620, 7일 누적강수=-0.196, 14일 누적강수=+0.096, 하수관로 노후도=-0.070, 교통하중=+0.001, 과거 보수이력=-0.061, 보수 후 경과기간=-0.018]",67.00031777999314,위험,"주요원인=동결융해 | 동결융해=100.0점 (14일 12회) | 누적강수=11.3점 (7일 3.4mm, 14일 18.0mm) | 하수관로 노후도=76.2점 (30년 이상 비율 76.2%) | 교통하중=69.7점 (ESAL 1862.3, 2.7km 이내 실제 조사점 적용) | 300m 이내 확인된 보수이력 없음",0,,,,0.0,0.5406706012260553,0.6197001285313087,-0.19622174785084137,0.09602413689946974,-0.06967938373125776,0.0006413663895488769,-0.06072288933117835,-0.017788087188867548,27.573529411764707,하위 70%
R00404,35.991681,126.914419,익산 데모도로,익산시,1404068.0,1069912.0,0.7620086776423934,10.189728749446369,matched,0,,,,,0,403,2711-00,국도27호선,익산시-성산면(2711-00),2710.2339399424945,1862.3388,20572.0,0.0407835893447404,nearest_station,69.67072113572632,76.20086776423935,2025-12-31,12.0,100.0,3.429999999999993,17.97,11.303999999999991,0.0,35.0,2.825999999999998,15.240173552847873,13.934144227145266,67.00031777999314,27.573529411764707,일반,동결융해,"Logistic 위험순위 상위 72.4% | 주요 증가요인=동결융해 | 동결융해 14일 12회 | 7일 강수 3.4mm | 14일 강수 18.0mm | 하수관 노후비율 76.2% | ESAL 1862.3 (실제 조사점 2.7km) | 과거 300m 이내 보수이력 없음 | 모델기여도[동결융해=+0.620, 7일 누적강수=-0.196, 14일 누적강수=+0.096, 하수관로 노후도=-0.070, 교통하중=+0.001, 과거 보수이력=-0.061, 보수 후 경과기간=-0.018]",67.00031777999314,위험,"주요원인=동결융해 | 동결융해=100.0점 (14일 12회) | 누적강수=11.3점 (7일 3.4mm, 14일 18.0mm) | 하수관로 노후도=76.2점 (30년 이상 비율 76.2%) | 교통하중=69.7점 (ESAL 1862.3, 2.7km 이내 실제 조사점 적용) | 300m 이내 확인된 보수이력 없음",0,,,,0.0,0.5406706012260553,0.6197001285313087,-0.19622174785084137,0.09602413689946974,-0.06967938373125776,0.0006413663895488769,-0.06072288933117835,-0.017788087188867548,27.573529411764707,하위 70%
R00403,35.987727,126.918278,익산 데모도로,익산시,1404068.0,1069912.0,0.7620086776423934,10.189728749446369,matched,0,,,,,0,402,2711-00,국도27호선,익산시-성산면(2711-00),2736.7692070357384,1862.3388,20572.0,0.0407835893447404,nearest_station,69.67072113572632,76.20086776423935,2025-12-31,12.0,100.0,3.429999999999993,17.97,11.303999999999991,0.0,35.0,2.825999999999998,15.240173552847873,13.934144227145266,67.00031777999314,27.573529411764707,일반,동결융해,"Logistic 위험순위 상위 72.4% | 주요 증가요인=동결융해 | 동결융해 14일 12회 | 7일 강수 3.4mm | 14일 강수 18.0mm | 하수관 노후비율 76.2% | ESAL 1862.3 (실제 조사점 2.7km) | 과거 300m 이내 보수이력 없음 | 모델기여도[동결융해=+0.620, 7일 누적강수=-0.196, 14일 누적강수=+0.096, 하수관로 노후도=-0.070, 교통하중=+0.001, 과거 보수이력=-0.061, 보수 후 경과기간=-0.018]",67.00031777999314,위험,"주요원인=동결융해 | 동결융해=100.0점 (14일 12회) | 누적강수=11.3점 (7일 3.4mm, 14일 18.0mm) | 하수관로 노후도=76.2점 (30년 이상 비율 76.2%) | 교통하중=69.7점 (ESAL 1862.3, 2.7km 이내 실제 조사점 적용) | 300m 이내 확인된 보수이력 없음",0,,,,0.0,0.5406706012260553,0.6197001285313087,-0.19622174785084137,0.09602413689946974,-0.06967938373125776,0.0006413663895488769,-0.06072288933117835,-0.017788087188867548,27.573529411764707,하위 70%
R00401,35.98252,126.925258,익산 데모도로,익산시,1404068.0,1069912.0,0.7620086776423934,10.189728749446369,matched,0,,,,,0,400,2711-00,국도27호선,익산시-성산면(2711-00),3104.120361696257,1862.3388,20572.0,0.0407835893447404,city_median,69.67072113572632,76.20086776423935,2025-12-31,12.0,100.0,3.429999999999993,17.97,11.303999999999991,0.0,35.0,2.825999999999998,15.240173552847873,13.934144227145266,67.00031777999314,27.573529411764707,일반,동결융해,"Logistic 위험순위 상위 72.4% | 주요 증가요인=동결융해 | 동결융해 14일 12회 | 7일 강수 3.4mm | 14일 강수 18.0mm | 하수관 노후비율 76.2% | ESAL 1862.3 (도시 중앙값) | 과거 300m 이내 보수이력 없음 | 모델기여도[동결융해=+0.620, 7일 누적강수=-0.196, 14일 누적강수=+0.096, 하수관로 노후도=-0.070, 교통하중=+0.001, 과거 보수이력=-0.061, 보수 후 경과기간=-0.018]",67.00031777999314,위험,"주요원인=동결융해 | 동결융해=100.0점 (14일 12회) | 누적강수=11.3점 (7일 3.4mm, 14일 18.0mm) | 하수관로 노후도=76.2점 (30년 이상 비율 76.2%) | 교통하중=69.7점 (ESAL 1862.3, 도시 중앙값 적용) | 300m 이내 확인된 보수이력 없음",0,,,,0.0,0.5406706012260553,0.6197001285313087,-0.19622174785084137,0.09602413689946974,-0.06967938373125776,0.0006413663895488769,-0.06072288933117835,-0.017788087188867548,27.573529411764707,하위 70%
R00402,35.984458,126.921808,익산 데모도로,익산시,1404068.0,1069912.0,0.7620086776423934,10.189728749446369,matched,0,,,,,0,401,2711-00,국도27호선,익산시-성산면(2711-00),2871.8107086801456,1862.3388,20572.0,0.0407835893447404,nearest_station,69.67072113572632,76.20086776423935,2025-12-31,12.0,100.0,3.429999999999993,17.97,11.303999999999991,0.0,35.0,2.825999999999998,15.240173552847873,13.934144227145266,67.00031777999314,27.573529411764707,일반,동결융해,"Logistic 위험순위 상위 72.4% | 주요 증가요인=동결융해 | 동결융해 14일 12회 | 7일 강수 3.4mm | 14일 강수 18.0mm | 하수관 노후비율 76.2% | ESAL 1862.3 (실제 조사점 2.9km) | 과거 300m 이내 보수이력 없음 | 모델기여도[동결융해=+0.620, 7일 누적강수=-0.196, 14일 누적강수=+0.096, 하수관로 노후도=-0.070, 교통하중=+0.001, 과거 보수이력=-0.061, 보수 후 경과기간=-0.018]",67.00031777999314,위험,"주요원인=동결융해 | 동결융해=100.0점 (14일 12회) | 누적강수=11.3점 (7일 3.4mm, 14일 18.0mm) | 하수관로 노후도=76.2점 (30년 이상 비율 76.2%) | 교통하중=69.7점 (ESAL 1862.3, 2.9km 이내 실제 조사점 적용) | 300m 이내 확인된 보수이력 없음",0,,,,0.0,0.5406706012260553,0.6197001285313087,-0.19622174785084137,0.09602413689946974,-0.06967938373125776,0.0006413663895488769,-0.06072288933117835,-0.017788087188867548,27.573529411764707,하위 70%
R00400,35.979538,126.929792,익산 데모도로,익산시,1404068.0,1069912.0,0.7620086776423934,10.189728749446369,matched,0,,,,,0,399,2711-00,국도27호선,익산시-성산면(2711-00),3442.2532505503145,1862.3388,20572.0,0.0407835893447404,city_median,69.67072113572632,76.20086776423935,2025-12-31,12.0,100.0,3.429999999999993,17.97,11.303999999999991,0.0,35.0,2.825999999999998,15.240173552847873,13.934144227145266,67.00031777999314,27.573529411764707,일반,동결융해,"Logistic 위험순위 상위 72.4% | 주요 증가요인=동결융해 | 동결융해 14일 12회 | 7일 강수 3.4mm | 14일 강수 18.0mm | 하수관 노후비율 76.2% | ESAL 1862.3 (도시 중앙값) | 과거 300m 이내 보수이력 없음 | 모델기여도[동결융해=+0.620, 7일 누적강수=-0.196, 14일 누적강수=+0.096, 하수관로 노후도=-0.070, 교통하중=+0.001, 과거 보수이력=-0.061, 보수 후 경과기간=-0.018]",67.00031777999314,위험,"주요원인=동결융해 | 동결융해=100.0점 (14일 12회) | 누적강수=11.3점 (7일 3.4mm, 14일 18.0mm) | 하수관로 노후도=76.2점 (30년 이상 비율 76.2%) | 교통하중=69.7점 (ESAL 1862.3, 도시 중앙값 적용) | 300m 이내 확인된 보수이력 없음",0,,,,0.0,0.5406706012260553,0.6197001285313087,-0.19622174785084137,0.09602413689946974,-0.06967938373125776,0.0006413663895488769,-0.06072288933117835,-0.017788087188867548,27.573529411764707,하위 70%
R00399,35.975401,126.933347,익산 데모도로,익산시,1404068.0,1069912.0,0.7620086776423934,10.189728749446369,matched,0,,,,,0,398,2711-00,국도27호선,익산시-성산면(2711-00),3733.300118285317,1862.3388,20572.0,0.0407835893447404,city_median,69.67072113572632,76.20086776423935,2025-12-31,12.0,100.0,3.429999999999993,17.97,11.303999999999991,0.0,35.0,2.825999999999998,15.240173552847873,13.934144227145266,67.00031777999314,27.573529411764707,일반,동결융해,"Logistic 위험순위 상위 72.4% | 주요 증가요인=동결융해 | 동결융해 14일 12회 | 7일 강수 3.4mm | 14일 강수 18.0mm | 하수관 노후비율 76.2% | ESAL 1862.3 (도시 중앙값) | 과거 300m 이내 보수이력 없음 | 모델기여도[동결융해=+0.620, 7일 누적강수=-0.196, 14일 누적강수=+0.096, 하수관로 노후도=-0.070, 교통하중=+0.001, 과거 보수이력=-0.061, 보수 후 경과기간=-0.018]",67.00031777999314,위험,"주요원인=동결융해 | 동결융해=100.0점 (14일 12회) | 누적강수=11.3점 (7일 3.4mm, 14일 18.0mm) | 하수관로 노후도=76.2점 (30년 이상 비율 76.2%) | 교통하중=69.7점 (ESAL 1862.3, 도시 중앙값 적용) | 300m 이내 확인된 보수이력 없음",0,,,,0.0,0.5406706012260553,0.6197001285313087,-0.19622174785084137,0.09602413689946974,-0.06967938373125776,0.0006413663895488769,-0.06072288933117835,-0.017788087188867548,27.573529411764707,하위 70%
R00385,35.925709,126.979276,익산 데모도로,익산시,1404068.0,1069912.0,0.7620086776423934,10.189728749446369,matched,0,,,,,0,384,2711-00,국도27호선,익산시-성산면(2711-00),9623.249094308265,1862.3388,20572.0,0.0407835893447404,city_median,69.67072113572632,76.20086776423935,2025-12-31,12.0,100.0,3.429999999999993,17.97,11.303999999999991,0.0,35.0,2.825999999999998,15.240173552847873,13.934144227145266,67.00031777999314,27.573529411764707,일반,동결융해,"Logistic 위험순위 상위 72.4% | 주요 증가요인=동결융해 | 동결융해 14일 12회 | 7일 강수 3.4mm | 14일 강수 18.0mm | 하수관 노후비율 76.2% | ESAL 1862.3 (도시 중앙값) | 과거 300m 이내 보수이력 없음 | 모델기여도[동결융해=+0.620, 7일 누적강수=-0.196, 14일 누적강수=+0.096, 하수관로 노후도=-0.070, 교통하중=+0.001, 과거 보수이력=-0.061, 보수 후 경과기간=-0.018]",67.00031777999314,위험,"주요원인=동결융해 | 동결융해=100.0점 (14일 12회) | 누적강수=11.3점 (7일 3.4mm, 14일 18.0mm) | 하수관로 노후도=76.2점 (30년 이상 비율 76.2%) | 교통하중=69.7점 (ESAL 1862.3, 도시 중앙값 적용) | 300m 이내 확인된 보수이력 없음",0,,,,0.0,0.5406706012260553,0.6197001285313087,-0.19622174785084137,0.09602413689946974,-0.06967938373125776,0.0006413663895488769,-0.06072288933117835,-0.017788087188867548,27.573529411764707,하위 70%
R00398,35.971895,126.935194,익산 데모도로,익산시,1404068.0,1069912.0,0.7620086776423934,10.189728749446369,matched,0,,,,,0,397,2711-00,국도27호선,익산시-성산면(2711-00),3920.455903080407,1862.3388,20572.0,0.0407835893447404,city_median,69.67072113572632,76.20086776423935,2025-12-31,12.0,100.0,3.429999999999993,17.97,11.303999999999991,0.0,35.0,2.825999999999998,15.240173552847873,13.934144227145266,67.00031777999314,27.573529411764707,일반,동결융해,"Logistic 위험순위 상위 72.4% | 주요 증가요인=동결융해 | 동결융해 14일 12회 | 7일 강수 3.4mm | 14일 강수 18.0mm | 하수관 노후비율 76.2% | ESAL 1862.3 (도시 중앙값) | 과거 300m 이내 보수이력 없음 | 모델기여도[동결융해=+0.620, 7일 누적강수=-0.196, 14일 누적강수=+0.096, 하수관로 노후도=-0.070, 교통하중=+0.001, 과거 보수이력=-0.061, 보수 후 경과기간=-0.018]",67.00031777999314,위험,"주요원인=동결융해 | 동결융해=100.0점 (14일 12회) | 누적강수=11.3점 (7일 3.4mm, 14일 18.0mm) | 하수관로 노후도=76.2점 (30년 이상 비율 76.2%) | 교통하중=69.7점 (ESAL 1862.3, 도시 중앙값 적용) | 300m 이내 확인된 보수이력 없음",0,,,,0.0,0.5406706012260553,0.6197001285313087,-0.19622174785084137,0.09602413689946974,-0.06967938373125776,0.0006413663895488769,-0.06072288933117835,-0.017788087188867548,27.573529411764707,하위 70%
R00397,35.965969,126.938281,익산 데모도로,익산시,1404068.0,1069912.0,0.7620086776423934,10.189728749446369,matched,0,,,,,0,396,2711-00,국도27호선,익산시-성산면(2711-00),4310.672076176881,1862.3388,20572.0,0.0407835893447404,city_median,69.67072113572632,76.20086776423935,2025-12-31,12.0,100.0,3.429999999999993,17.97,11.303999999999991,0.0,35.0,2.825999999999998,15.240173552847873,13.934144227145266,67.00031777999314,27.573529411764707,일반,동결융해,"Logistic 위험순위 상위 72.4% | 주요 증가요인=동결융해 | 동결융해 14일 12회 | 7일 강수 3.4mm | 14일 강수 18.0mm | 하수관 노후비율 76.2% | ESAL 1862.3 (도시 중앙값) | 과거 300m 이내 보수이력 없음 | 모델기여도[동결융해=+0.620, 7일 누적강수=-0.196, 14일 누적강수=+0.096, 하수관로 노후도=-0.070, 교통하중=+0.001, 과거 보수이력=-0.061, 보수 후 경과기간=-0.018]",67.00031777999314,위험,"주요원인=동결융해 | 동결융해=100.0점 (14일 12회) | 누적강수=11.3점 (7일 3.4mm, 14일 18.0mm) | 하수관로 노후도=76.2점 (30년 이상 비율 76.2%) | 교통하중=69.7점 (ESAL 1862.3, 도시 중앙값 적용) | 300m 이내 확인된 보수이력 없음",0,,,,0.0,0.5406706012260553,0.6197001285313087,-0.19622174785084137,0.09602413689946974,-0.06967938373125776,0.0006413663895488769,-0.06072288933117835,-0.017788087188867548,27.573529411764707,하위 70%
R00396,35.963618,126.941575,익산 데모도로,익산시,1404068.0,1069912.0,0.7620086776423934,10.189728749446369,matched,0,,,,,0,395,2711-00,국도27호선,익산시-성산면(2711-00),4665.968405450827,1862.3388,20572.0,0.0407835893447404,city_median,69.67072113572632,76.20086776423935,2025-12-31,12.0,100.0,3.429999999999993,17.97,11.303999999999991,0.0,35.0,2.825999999999998,15.240173552847873,13.934144227145266,67.00031777999314,27.573529411764707,일반,동결융해,"Logistic 위험순위 상위 72.4% | 주요 증가요인=동결융해 | 동결융해 14일 12회 | 7일 강수 3.4mm | 14일 강수 18.0mm | 하수관 노후비율 76.2% | ESAL 1862.3 (도시 중앙값) | 과거 300m 이내 보수이력 없음 | 모델기여도[동결융해=+0.620, 7일 누적강수=-0.196, 14일 누적강수=+0.096, 하수관로 노후도=-0.070, 교통하중=+0.001, 과거 보수이력=-0.061, 보수 후 경과기간=-0.018]",67.00031777999314,위험,"주요원인=동결융해 | 동결융해=100.0점 (14일 12회) | 누적강수=11.3점 (7일 3.4mm, 14일 18.0mm) | 하수관로 노후도=76.2점 (30년 이상 비율 76.2%) | 교통하중=69.7점 (ESAL 1862.3, 도시 중앙값 적용) | 300m 이내 확인된 보수이력 없음",0,,,,0.0,0.5406706012260553,0.6197001285313087,-0.19622174785084137,0.09602413689946974,-0.06967938373125776,0.0006413663895488769,-0.06072288933117835,-0.017788087188867548,27.573529411764707,하위 70%
R00395,35.961463,126.944843,익산 데모도로,익산시,1404068.0,1069912.0,0.7620086776423934,10.189728749446369,matched,0,,,,,0,394,2711-00,국도27호선,익산시-성산면(2711-00),5018.185591258799,1862.3388,20572.0,0.0407835893447404,city_median,69.67072113572632,76.20086776423935,2025-12-31,12.0,100.0,3.429999999999993,17.97,11.303999999999991,0.0,35.0,2.825999999999998,15.240173552847873,13.934144227145266,67.00031777999314,27.573529411764707,일반,동결융해,"Logistic 위험순위 상위 72.4% | 주요 증가요인=동결융해 | 동결융해 14일 12회 | 7일 강수 3.4mm | 14일 강수 18.0mm | 하수관 노후비율 76.2% | ESAL 1862.3 (도시 중앙값) | 과거 300m 이내 보수이력 없음 | 모델기여도[동결융해=+0.620, 7일 누적강수=-0.196, 14일 누적강수=+0.096, 하수관로 노후도=-0.070, 교통하중=+0.001, 과거 보수이력=-0.061, 보수 후 경과기간=-0.018]",67.00031777999314,위험,"주요원인=동결융해 | 동결융해=100.0점 (14일 12회) | 누적강수=11.3점 (7일 3.4mm, 14일 18.0mm) | 하수관로 노후도=76.2점 (30년 이상 비율 76.2%) | 교통하중=69.7점 (ESAL 1862.3, 도시 중앙값 적용) | 300m 이내 확인된 보수이력 없음",0,,,,0.0,0.5406706012260553,0.6197001285313087,-0.19622174785084137,0.09602413689946974,-0.06967938373125776,0.0006413663895488769,-0.06072288933117835,-0.017788087188867548,27.573529411764707,하위 70%
R00394,35.957479,126.949461,익산 데모도로,익산시,1404068.0,1069912.0,0.7620086776423934,10.189728749446369,matched,0,,,,,0,393,2711-00,국도27호선,익산시-성산면(2711-00),5558.923841744208,1862.3388,20572.0,0.0407835893447404,city_median,69.67072113572632,76.20086776423935,2025-12-31,12.0,100.0,3.429999999999993,17.97,11.303999999999991,0.0,35.0,2.825999999999998,15.240173552847873,13.934144227145266,67.00031777999314,27.573529411764707,일반,동결융해,"Logistic 위험순위 상위 72.4% | 주요 증가요인=동결융해 | 동결융해 14일 12회 | 7일 강수 3.4mm | 14일 강수 18.0mm | 하수관 노후비율 76.2% | ESAL 1862.3 (도시 중앙값) | 과거 300m 이내 보수이력 없음 | 모델기여도[동결융해=+0.620, 7일 누적강수=-0.196, 14일 누적강수=+0.096, 하수관로 노후도=-0.070, 교통하중=+0.001, 과거 보수이력=-0.061, 보수 후 경과기간=-0.018]",67.00031777999314,위험,"주요원인=동결융해 | 동결융해=100.0점 (14일 12회) | 누적강수=11.3점 (7일 3.4mm, 14일 18.0mm) | 하수관로 노후도=76.2점 (30년 이상 비율 76.2%) | 교통하중=69.7점 (ESAL 1862.3, 도시 중앙값 적용) | 300m 이내 확인된 보수이력 없음",0,,,,0.0,0.5406706012260553,0.6197001285313087,-0.19622174785084137,0.09602413689946974,-0.06967938373125776,0.0006413663895488769,-0.06072288933117835,-0.017788087188867548,27.573529411764707,하위 70%
R00393,35.953645,126.953148,익산 데모도로,익산시,1404068.0,1069912.0,0.7620086776423934,10.189728749446369,matched,0,,,,,0,392,2711-00,국도27호선,익산시-성산면(2711-00),6028.813984966916,1862.3388,20572.0,0.0407835893447404,city_median,69.67072113572632,76.20086776423935,2025-12-31,12.0,100.0,3.429999999999993,17.97,11.303999999999991,0.0,35.0,2.825999999999998,15.240173552847873,13.934144227145266,67.00031777999314,27.573529411764707,일반,동결융해,"Logistic 위험순위 상위 72.4% | 주요 증가요인=동결융해 | 동결융해 14일 12회 | 7일 강수 3.4mm | 14일 강수 18.0mm | 하수관 노후비율 76.2% | ESAL 1862.3 (도시 중앙값) | 과거 300m 이내 보수이력 없음 | 모델기여도[동결융해=+0.620, 7일 누적강수=-0.196, 14일 누적강수=+0.096, 하수관로 노후도=-0.070, 교통하중=+0.001, 과거 보수이력=-0.061, 보수 후 경과기간=-0.018]",67.00031777999314,위험,"주요원인=동결융해 | 동결융해=100.0점 (14일 12회) | 누적강수=11.3점 (7일 3.4mm, 14일 18.0mm) | 하수관로 노후도=76.2점 (30년 이상 비율 76.2%) | 교통하중=69.7점 (ESAL 1862.3, 도시 중앙값 적용) | 300m 이내 확인된 보수이력 없음",0,,,,0.0,0.5406706012260553,0.6197001285313087,-0.19622174785084137,0.09602413689946974,-0.06967938373125776,0.0006413663895488769,-0.06072288933117835,-0.017788087188867548,27.573529411764707,하위 70%
R00390,35.942997,126.9622,익산 데모도로,익산시,1404068.0,1069912.0,0.7620086776423934,10.189728749446369,matched,0,,,,,0,389,2711-00,국도27호선,익산시-성산면(2711-00),7291.591894405016,1862.3388,20572.0,0.0407835893447404,city_median,69.67072113572632,76.20086776423935,2025-12-31,12.0,100.0,3.429999999999993,17.97,11.303999999999991,0.0,35.0,2.825999999999998,15.240173552847873,13.934144227145266,67.00031777999314,27.573529411764707,일반,동결융해,"Logistic 위험순위 상위 72.4% | 주요 증가요인=동결융해 | 동결융해 14일 12회 | 7일 강수 3.4mm | 14일 강수 18.0mm | 하수관 노후비율 76.2% | ESAL 1862.3 (도시 중앙값) | 과거 300m 이내 보수이력 없음 | 모델기여도[동결융해=+0.620, 7일 누적강수=-0.196, 14일 누적강수=+0.096, 하수관로 노후도=-0.070, 교통하중=+0.001, 과거 보수이력=-0.061, 보수 후 경과기간=-0.018]",67.00031777999314,위험,"주요원인=동결융해 | 동결융해=100.0점 (14일 12회) | 누적강수=11.3점 (7일 3.4mm, 14일 18.0mm) | 하수관로 노후도=76.2점 (30년 이상 비율 76.2%) | 교통하중=69.7점 (ESAL 1862.3, 도시 중앙값 적용) | 300m 이내 확인된 보수이력 없음",0,,,,0.0,0.5406706012260553,0.6197001285313087,-0.19622174785084137,0.09602413689946974,-0.06967938373125776,0.0006413663895488769,-0.06072288933117835,-0.017788087188867548,27.573529411764707,하위 70%
R00384,35.92321,126.983204,익산 데모도로,익산시,1404068.0,1069912.0,0.7620086776423934,10.189728749446369,matched,0,,,,,0,383,2711-00,국도27호선,익산시-성산면(2711-00),10072.4627553738,1862.3388,20572.0,0.0407835893447404,city_median,69.67072113572632,76.20086776423935,2025-12-31,12.0,100.0,3.429999999999993,17.97,11.303999999999991,0.0,35.0,2.825999999999998,15.240173552847873,13.934144227145266,67.00031777999314,27.573529411764707,일반,동결융해,"Logistic 위험순위 상위 72.4% | 주요 증가요인=동결융해 | 동결융해 14일 12회 | 7일 강수 3.4mm | 14일 강수 18.0mm | 하수관 노후비율 76.2% | ESAL 1862.3 (도시 중앙값) | 과거 300m 이내 보수이력 없음 | 모델기여도[동결융해=+0.620, 7일 누적강수=-0.196, 14일 누적강수=+0.096, 하수관로 노후도=-0.070, 교통하중=+0.001, 과거 보수이력=-0.061, 보수 후 경과기간=-0.018]",67.00031777999314,위험,"주요원인=동결융해 | 동결융해=100.0점 (14일 12회) | 누적강수=11.3점 (7일 3.4mm, 14일 18.0mm) | 하수관로 노후도=76.2점 (30년 이상 비율 76.2%) | 교통하중=69.7점 (ESAL 1862.3, 도시 중앙값 적용) | 300m 이내 확인된 보수이력 없음",0,,,,0.0,0.5406706012260553,0.6197001285313087,-0.19622174785084137,0.09602413689946974,-0.06967938373125776,0.0006413663895488769,-0.06072288933117835,-0.017788087188867548,27.573529411764707,하위 70%
R00389,35.938987,126.965408,익산 데모도로,익산시,1404068.0,1069912.0,0.7620086776423934,10.189728749446369,matched,0,,,,,0,388,2711-00,국도27호선,익산시-성산면(2711-00),7767.47734904773,1862.3388,20572.0,0.0407835893447404,city_median,69.67072113572632,76.20086776423935,2025-12-31,12.0,100.0,3.429999999999993,17.97,11.303999999999991,0.0,35.0,2.825999999999998,15.240173552847873,13.934144227145266,67.00031777999314,27.573529411764707,일반,동결융해,"Logistic 위험순위 상위 72.4% | 주요 증가요인=동결융해 | 동결융해 14일 12회 | 7일 강수 3.4mm | 14일 강수 18.0mm | 하수관 노후비율 76.2% | ESAL 1862.3 (도시 중앙값) | 과거 300m 이내 보수이력 없음 | 모델기여도[동결융해=+0.620, 7일 누적강수=-0.196, 14일 누적강수=+0.096, 하수관로 노후도=-0.070, 교통하중=+0.001, 과거 보수이력=-0.061, 보수 후 경과기간=-0.018]",67.00031777999314,위험,"주요원인=동결융해 | 동결융해=100.0점 (14일 12회) | 누적강수=11.3점 (7일 3.4mm, 14일 18.0mm) | 하수관로 노후도=76.2점 (30년 이상 비율 76.2%) | 교통하중=69.7점 (ESAL 1862.3, 도시 중앙값 적용) | 300m 이내 확인된 보수이력 없음",0,,,,0.0,0.5406706012260553,0.6197001285313087,-0.19622174785084137,0.09602413689946974,-0.06967938373125776,0.0006413663895488769,-0.06072288933117835,-0.017788087188867548,27.573529411764707,하위 70%
R00388,35.936603,126.969941,익산 데모도로,익산시,1404068.0,1069912.0,0.7620086776423934,10.189728749446369,matched,0,,,,,0,387,2711-00,국도27호선,익산시-성산면(2711-00),8253.97474701313,1862.3388,20572.0,0.0407835893447404,city_median,69.67072113572632,76.20086776423935,2025-12-31,12.0,100.0,3.429999999999993,17.97,11.303999999999991,0.0,35.0,2.825999999999998,15.240173552847873,13.934144227145266,67.00031777999314,27.573529411764707,일반,동결융해,"Logistic 위험순위 상위 72.4% | 주요 증가요인=동결융해 | 동결융해 14일 12회 | 7일 강수 3.4mm | 14일 강수 18.0mm | 하수관 노후비율 76.2% | ESAL 1862.3 (도시 중앙값) | 과거 300m 이내 보수이력 없음 | 모델기여도[동결융해=+0.620, 7일 누적강수=-0.196, 14일 누적강수=+0.096, 하수관로 노후도=-0.070, 교통하중=+0.001, 과거 보수이력=-0.061, 보수 후 경과기간=-0.018]",67.00031777999314,위험,"주요원인=동결융해 | 동결융해=100.0점 (14일 12회) | 누적강수=11.3점 (7일 3.4mm, 14일 18.0mm) | 하수관로 노후도=76.2점 (30년 이상 비율 76.2%) | 교통하중=69.7점 (ESAL 1862.3, 도시 중앙값 적용) | 300m 이내 확인된 보수이력 없음",0,,,,0.0,0.5406706012260553,0.6197001285313087,-0.19622174785084137,0.09602413689946974,-0.06967938373125776,0.0006413663895488769,-0.06072288933117835,-0.017788087188867548,27.573529411764707,하위 70%
R00387,35.933129,126.972868,익산 데모도로,익산시,1404068.0,1069912.0,0.7620086776423934,10.189728749446369,matched,0,,,,,0,386,2711-00,국도27호선,익산시-성산면(2711-00),8683.10359391964,1862.3388,20572.0,0.0407835893447404,city_median,69.67072113572632,76.20086776423935,2025-12-31,12.0,100.0,3.429999999999993,17.97,11.303999999999991,0.0,35.0,2.825999999999998,15.240173552847873,13.934144227145266,67.00031777999314,27.573529411764707,일반,동결융해,"Logistic 위험순위 상위 72.4% | 주요 증가요인=동결융해 | 동결융해 14일 12회 | 7일 강수 3.4mm | 14일 강수 18.0mm | 하수관 노후비율 76.2% | ESAL 1862.3 (도시 중앙값) | 과거 300m 이내 보수이력 없음 | 모델기여도[동결융해=+0.620, 7일 누적강수=-0.196, 14일 누적강수=+0.096, 하수관로 노후도=-0.070, 교통하중=+0.001, 과거 보수이력=-0.061, 보수 후 경과기간=-0.018]",67.00031777999314,위험,"주요원인=동결융해 | 동결융해=100.0점 (14일 12회) | 누적강수=11.3점 (7일 3.4mm, 14일 18.0mm) | 하수관로 노후도=76.2점 (30년 이상 비율 76.2%) | 교통하중=69.7점 (ESAL 1862.3, 도시 중앙값 적용) | 300m 이내 확인된 보수이력 없음",0,,,,0.0,0.5406706012260553,0.6197001285313087,-0.19622174785084137,0.09602413689946974,-0.06967938373125776,0.0006413663895488769,-0.06072288933117835,-0.017788087188867548,27.573529411764707,하위 70%
R00386,35.928879,126.975814,익산 데모도로,익산시,1404068.0,1069912.0,0.7620086776423934,10.189728749446369,matched,0,,,,,0,385,2711-00,국도27호선,익산시-성산면(2711-00),9166.037620945404,1862.3388,20572.0,0.0407835893447404,city_median,69.67072113572632,76.20086776423935,2025-12-31,12.0,100.0,3.429999999999993,17.97,11.303999999999991,0.0,35.0,2.825999999999998,15.240173552847873,13.934144227145266,67.00031777999314,27.573529411764707,일반,동결융해,"Logistic 위험순위 상위 72.4% | 주요 증가요인=동결융해 | 동결융해 14일 12회 | 7일 강수 3.4mm | 14일 강수 18.0mm | 하수관 노후비율 76.2% | ESAL 1862.3 (도시 중앙값) | 과거 300m 이내 보수이력 없음 | 모델기여도[동결융해=+0.620, 7일 누적강수=-0.196, 14일 누적강수=+0.096, 하수관로 노후도=-0.070, 교통하중=+0.001, 과거 보수이력=-0.061, 보수 후 경과기간=-0.018]",67.00031777999314,위험,"주요원인=동결융해 | 동결융해=100.0점 (14일 12회) | 누적강수=11.3점 (7일 3.4mm, 14일 18.0mm) | 하수관로 노후도=76.2점 (30년 이상 비율 76.2%) | 교통하중=69.7점 (ESAL 1862.3, 도시 중앙값 적용) | 300m 이내 확인된 보수이력 없음",0,,,,0.0,0.5406706012260553,0.6197001285313087,-0.19622174785084137,0.09602413689946974,-0.06967938373125776,0.0006413663895488769,-0.06072288933117835,-0.017788087188867548,27.573529411764707,하위 70%
R00380,35.908842,126.998177,익산 데모도로,익산시,1404068.0,1069912.0,0.7620086776423934,10.189728749446369,matched,0,,,,,0,379,2711-00,국도27호선,익산시-성산면(2711-00),12107.610631486576,1862.3388,20572.0,0.0407835893447404,city_median,69.67072113572632,76.20086776423935,2025-12-31,12.0,100.0,3.429999999999993,17.97,11.303999999999991,0.0,35.0,2.825999999999998,15.240173552847873,13.934144227145266,67.00031777999314,27.573529411764707,일반,동결융해,"Logistic 위험순위 상위 72.4% | 주요 증가요인=동결융해 | 동결융해 14일 12회 | 7일 강수 3.4mm | 14일 강수 18.0mm | 하수관 노후비율 76.2% | ESAL 1862.3 (도시 중앙값) | 과거 300m 이내 보수이력 없음 | 모델기여도[동결융해=+0.620, 7일 누적강수=-0.196, 14일 누적강수=+0.096, 하수관로 노후도=-0.070, 교통하중=+0.001, 과거 보수이력=-0.061, 보수 후 경과기간=-0.018]",67.00031777999314,위험,"주요원인=동결융해 | 동결융해=100.0점 (14일 12회) | 누적강수=11.3점 (7일 3.4mm, 14일 18.0mm) | 하수관로 노후도=76.2점 (30년 이상 비율 76.2%) | 교통하중=69.7점 (ESAL 1862.3, 도시 중앙값 적용) | 300m 이내 확인된 보수이력 없음",0,,,,0.0,0.5406706012260553,0.6197001285313087,-0.19622174785084137,0.09602413689946974,-0.06967938373125776,0.0006413663895488769,-0.06072288933117835,-0.017788087188867548,27.573529411764707,하위 70%
R00381,35.912711,126.993868,익산 데모도로,익산시,1404068.0,1069912.0,0.7620086776423934,10.189728749446369,matched,0,,,,,0,380,2711-00,국도27호선,익산시-성산면(2711-00),11537.751714566692,1862.3388,20572.0,0.0407835893447404,city_median,69.67072113572632,76.20086776423935,2025-12-31,12.0,100.0,3.429999999999993,17.97,11.303999999999991,0.0,35.0,2.825999999999998,15.240173552847873,13.934144227145266,67.00031777999314,27.573529411764707,일반,동결융해,"Logistic 위험순위 상위 72.4% | 주요 증가요인=동결융해 | 동결융해 14일 12회 | 7일 강수 3.4mm | 14일 강수 18.0mm | 하수관 노후비율 76.2% | ESAL 1862.3 (도시 중앙값) | 과거 300m 이내 보수이력 없음 | 모델기여도[동결융해=+0.620, 7일 누적강수=-0.196, 14일 누적강수=+0.096, 하수관로 노후도=-0.070, 교통하중=+0.001, 과거 보수이력=-0.061, 보수 후 경과기간=-0.018]",67.00031777999314,위험,"주요원인=동결융해 | 동결융해=100.0점 (14일 12회) | 누적강수=11.3점 (7일 3.4mm, 14일 18.0mm) | 하수관로 노후도=76.2점 (30년 이상 비율 76.2%) | 교통하중=69.7점 (ESAL 1862.3, 도시 중앙값 적용) | 300m 이내 확인된 보수이력 없음",0,,,,0.0,0.5406706012260553,0.6197001285313087,-0.19622174785084137,0.09602413689946974,-0.06967938373125776,0.0006413663895488769,-0.06072288933117835,-0.017788087188867548,27.573529411764707,하위 70%
R00383,35.919906,126.987372,익산 데모도로,익산시,1404068.0,1069912.0,0.7620086776423934,10.189728749446369,matched,0,,,,,0,382,2711-00,국도27호선,익산시-성산면(2711-00),10591.410752369497,1862.3388,20572.0,0.0407835893447404,city_median,69.67072113572632,76.20086776423935,2025-12-31,12.0,100.0,3.429999999999993,17.97,11.303999999999991,0.0,35.0,2.825999999999998,15.240173552847873,13.934144227145266,67.00031777999314,27.573529411764707,일반,동결융해,"Logistic 위험순위 상위 72.4% | 주요 증가요인=동결융해 | 동결융해 14일 12회 | 7일 강수 3.4mm | 14일 강수 18.0mm | 하수관 노후비율 76.2% | ESAL 1862.3 (도시 중앙값) | 과거 300m 이내 보수이력 없음 | 모델기여도[동결융해=+0.620, 7일 누적강수=-0.196, 14일 누적강수=+0.096, 하수관로 노후도=-0.070, 교통하중=+0.001, 과거 보수이력=-0.061, 보수 후 경과기간=-0.018]",67.00031777999314,위험,"주요원인=동결융해 | 동결융해=100.0점 (14일 12회) | 누적강수=11.3점 (7일 3.4mm, 14일 18.0mm) | 하수관로 노후도=76.2점 (30년 이상 비율 76.2%) | 교통하중=69.7점 (ESAL 1862.3, 도시 중앙값 적용) | 300m 이내 확인된 보수이력 없음",0,,,,0.0,0.5406706012260553,0.6197001285313087,-0.19622174785084137,0.09602413689946974,-0.06967938373125776,0.0006413663895488769,-0.06072288933117835,-0.017788087188867548,27.573529411764707,하위 70%
R00366,35.990372,126.95845,익산 데모도로,익산시,1404068.0,1069912.0,0.7620086776423934,10.189728749446369,matched,0,,,,,0,365,2711-00,국도27호선,익산시-성산면(2711-00),6214.771425178304,1862.3388,20572.0,0.0407835893447404,city_median,69.67072113572632,76.20086776423935,2025-12-31,12.0,100.0,3.429999999999993,17.97,11.303999999999991,0.0,35.0,2.825999999999998,15.240173552847873,13.934144227145266,67.00031777999314,27.573529411764707,일반,동결융해,"Logistic 위험순위 상위 72.4% | 주요 증가요인=동결융해 | 동결융해 14일 12회 | 7일 강수 3.4mm | 14일 강수 18.0mm | 하수관 노후비율 76.2% | ESAL 1862.3 (도시 중앙값) | 과거 300m 이내 보수이력 없음 | 모델기여도[동결융해=+0.620, 7일 누적강수=-0.196, 14일 누적강수=+0.096, 하수관로 노후도=-0.070, 교통하중=+0.001, 과거 보수이력=-0.061, 보수 후 경과기간=-0.018]",67.00031777999314,위험,"주요원인=동결융해 | 동결융해=100.0점 (14일 12회) | 누적강수=11.3점 (7일 3.4mm, 14일 18.0mm) | 하수관로 노후도=76.2점 (30년 이상 비율 76.2%) | 교통하중=69.7점 (ESAL 1862.3, 도시 중앙값 적용) | 300m 이내 확인된 보수이력 없음",0,,,,0.0,0.5406706012260553,0.6197001285313087,-0.19622174785084137,0.09602413689946974,-0.06967938373125776,0.0006413663895488769,-0.06072288933117835,-0.017788087188867548,27.573529411764707,하위 70%
R00365,35.983286,126.957562,익산 데모도로,익산시,1404068.0,1069912.0,0.7620086776423934,10.189728749446369,matched,0,,,,,0,364,2711-00,국도27호선,익산시-성산면(2711-00),5974.575051231401,1862.3388,20572.0,0.0407835893447404,city_median,69.67072113572632,76.20086776423935,2025-12-31,12.0,100.0,3.429999999999993,17.97,11.303999999999991,0.0,35.0,2.825999999999998,15.240173552847873,13.934144227145266,67.00031777999314,27.573529411764707,일반,동결융해,"Logistic 위험순위 상위 72.4% | 주요 증가요인=동결융해 | 동결융해 14일 12회 | 7일 강수 3.4mm | 14일 강수 18.0mm | 하수관 노후비율 76.2% | ESAL 1862.3 (도시 중앙값) | 과거 300m 이내 보수이력 없음 | 모델기여도[동결융해=+0.620, 7일 누적강수=-0.196, 14일 누적강수=+0.096, 하수관로 노후도=-0.070, 교통하중=+0.001, 과거 보수이력=-0.061, 보수 후 경과기간=-0.018]",67.00031777999314,위험,"주요원인=동결융해 | 동결융해=100.0점 (14일 12회) | 누적강수=11.3점 (7일 3.4mm, 14일 18.0mm) | 하수관로 노후도=76.2점 (30년 이상 비율 76.2%) | 교통하중=69.7점 (ESAL 1862.3, 도시 중앙값 적용) | 300m 이내 확인된 보수이력 없음",0,,,,0.0,0.5406706012260553,0.6197001285313087,-0.19622174785084137,0.09602413689946974,-0.06967938373125776,0.0006413663895488769,-0.06072288933117835,-0.017788087188867548,27.573529411764707,하위 70%
R00364,35.979519,126.958682,익산 데모도로,익산시,1404068.0,1069912.0,0.7620086776423934,10.189728749446369,matched,0,,,,,0,363,2711-00,국도27호선,익산시-성산면(2711-00),6029.26297723951,1862.3388,20572.0,0.0407835893447404,city_median,69.67072113572632,76.20086776423935,2025-12-31,12.0,100.0,3.429999999999993,17.97,11.303999999999991,0.0,35.0,2.825999999999998,15.240173552847873,13.934144227145266,67.00031777999314,27.573529411764707,일반,동결융해,"Logistic 위험순위 상위 72.4% | 주요 증가요인=동결융해 | 동결융해 14일 12회 | 7일 강수 3.4mm | 14일 강수 18.0mm | 하수관 노후비율 76.2% | ESAL 1862.3 (도시 중앙값) | 과거 300m 이내 보수이력 없음 | 모델기여도[동결융해=+0.620, 7일 누적강수=-0.196, 14일 누적강수=+0.096, 하수관로 노후도=-0.070, 교통하중=+0.001, 과거 보수이력=-0.061, 보수 후 경과기간=-0.018]",67.00031777999314,위험,"주요원인=동결융해 | 동결융해=100.0점 (14일 12회) | 누적강수=11.3점 (7일 3.4mm, 14일 18.0mm) | 하수관로 노후도=76.2점 (30년 이상 비율 76.2%) | 교통하중=69.7점 (ESAL 1862.3, 도시 중앙값 적용) | 300m 이내 확인된 보수이력 없음",0,,,,0.0,0.5406706012260553,0.6197001285313087,-0.19622174785084137,0.09602413689946974,-0.06967938373125776,0.0006413663895488769,-0.06072288933117835,-0.017788087188867548,27.573529411764707,하위 70%
R00379,35.904996,127.000287,익산 데모도로,익산시,1404068.0,1069912.0,0.7620086776423934,10.189728749446369,matched,0,,,,,0,378,2711-00,국도27호선,익산시-성산면(2711-00),12521.836590136105,1862.3388,20572.0,0.0407835893447404,city_median,69.67072113572632,76.20086776423935,2025-12-31,12.0,100.0,3.429999999999993,17.97,11.303999999999991,0.0,35.0,2.825999999999998,15.240173552847873,13.934144227145266,67.00031777999314,27.573529411764707,일반,동결융해,"Logistic 위험순위 상위 72.4% | 주요 증가요인=동결융해 | 동결융해 14일 12회 | 7일 강수 3.4mm | 14일 강수 18.0mm | 하수관 노후비율 76.2% | ESAL 1862.3 (도시 중앙값) | 과거 300m 이내 보수이력 없음 | 모델기여도[동결융해=+0.620, 7일 누적강수=-0.196, 14일 누적강수=+0.096, 하수관로 노후도=-0.070, 교통하중=+0.001, 과거 보수이력=-0.061, 보수 후 경과기간=-0.018]",67.00031777999314,위험,"주요원인=동결융해 | 동결융해=100.0점 (14일 12회) | 누적강수=11.3점 (7일 3.4mm, 14일 18.0mm) | 하수관로 노후도=76.2점 (30년 이상 비율 76.2%) | 교통하중=69.7점 (ESAL 1862.3, 도시 중앙값 적용) | 300m 이내 확인된 보수이력 없음",0,,,,0.0,0.5406706012260553,0.6197001285313087,-0.19622174785084137,0.09602413689946974,-0.06967938373125776,0.0006413663895488769,-0.06072288933117835,-0.017788087188867548,27.573529411764707,하위 70%
R00378,35.901213,127.004396,익산 데모도로,익산시,1404068.0,1069912.0,0.7620086776423934,10.189728749446369,matched,0,,,,,0,377,2711-00,국도27호선,익산시-성산면(2711-00),13074.220268115678,1862.3388,20572.0,0.0407835893447404,city_median,69.67072113572632,76.20086776423935,2025-12-31,12.0,100.0,3.429999999999993,17.97,11.303999999999991,0.0,35.0,2.825999999999998,15.240173552847873,13.934144227145266,67.00031777999314,27.573529411764707,일반,동결융해,"Logistic 위험순위 상위 72.4% | 주요 증가요인=동결융해 | 동결융해 14일 12회 | 7일 강수 3.4mm | 14일 강수 18.0mm | 하수관 노후비율 76.2% | ESAL 1862.3 (도시 중앙값) | 과거 300m 이내 보수이력 없음 | 모델기여도[동결융해=+0.620, 7일 누적강수=-0.196, 14일 누적강수=+0.096, 하수관로 노후도=-0.070, 교통하중=+0.001, 과거 보수이력=-0.061, 보수 후 경과기간=-0.018]",67.00031777999314,위험,"주요원인=동결융해 | 동결융해=100.0점 (14일 12회) | 누적강수=11.3점 (7일 3.4mm, 14일 18.0mm) | 하수관로 노후도=76.2점 (30년 이상 비율 76.2%) | 교통하중=69.7점 (ESAL 1862.3, 도시 중앙값 적용) | 300m 이내 확인된 보수이력 없음",0,,,,0.0,0.5406706012260553,0.6197001285313087,-0.19622174785084137,0.09602413689946974,-0.06967938373125776,0.0006413663895488769,-0.06072288933117835,-0.017788087188867548,27.573529411764707,하위 70%
R00377,35.897537,127.008534,익산 데모도로,익산시,1404068.0,1069912.0,0.7620086776423934,10.189728749446369,matched,0,,,,,0,376,2711-00,국도27호선,익산시-성산면(2711-00),13621.694854968237,1862.3388,20572.0,0.0407835893447404,city_median,69.67072113572632,76.20086776423935,2025-12-31,12.0,100.0,3.429999999999993,17.97,11.303999999999991,0.0,35.0,2.825999999999998,15.240173552847873,13.934144227145266,67.00031777999314,27.573529411764707,일반,동결융해,"Logistic 위험순위 상위 72.4% | 주요 증가요인=동결융해 | 동결융해 14일 12회 | 7일 강수 3.4mm | 14일 강수 18.0mm | 하수관 노후비율 76.2% | ESAL 1862.3 (도시 중앙값) | 과거 300m 이내 보수이력 없음 | 모델기여도[동결융해=+0.620, 7일 누적강수=-0.196, 14일 누적강수=+0.096, 하수관로 노후도=-0.070, 교통하중=+0.001, 과거 보수이력=-0.061, 보수 후 경과기간=-0.018]",67.00031777999314,위험,"주요원인=동결융해 | 동결융해=100.0점 (14일 12회) | 누적강수=11.3점 (7일 3.4mm, 14일 18.0mm) | 하수관로 노후도=76.2점 (30년 이상 비율 76.2%) | 교통하중=69.7점 (ESAL 1862.3, 도시 중앙값 적용) | 300m 이내 확인된 보수이력 없음",0,,,,0.0,0.5406706012260553,0.6197001285313087,-0.19622174785084137,0.09602413689946974,-0.06967938373125776,0.0006413663895488769,-0.06072288933117835,-0.017788087188867548,27.573529411764707,하위 70%
R00376,35.893913,127.009165,익산 데모도로,익산시,1404068.0,1069912.0,0.7620086776423934,10.189728749446369,matched,0,,,,,0,375,2711-00,국도27호선,익산시-성산면(2711-00),13924.9502242978,1862.3388,20572.0,0.0407835893447404,city_median,69.67072113572632,76.20086776423935,2025-12-31,12.0,100.0,3.429999999999993,17.97,11.303999999999991,0.0,35.0,2.825999999999998,15.240173552847873,13.934144227145266,67.00031777999314,27.573529411764707,일반,동결융해,"Logistic 위험순위 상위 72.4% | 주요 증가요인=동결융해 | 동결융해 14일 12회 | 7일 강수 3.4mm | 14일 강수 18.0mm | 하수관 노후비율 76.2% | ESAL 1862.3 (도시 중앙값) | 과거 300m 이내 보수이력 없음 | 모델기여도[동결융해=+0.620, 7일 누적강수=-0.196, 14일 누적강수=+0.096, 하수관로 노후도=-0.070, 교통하중=+0.001, 과거 보수이력=-0.061, 보수 후 경과기간=-0.018]",67.00031777999314,위험,"주요원인=동결융해 | 동결융해=100.0점 (14일 12회) | 누적강수=11.3점 (7일 3.4mm, 14일 18.0mm) | 하수관로 노후도=76.2점 (30년 이상 비율 76.2%) | 교통하중=69.7점 (ESAL 1862.3, 도시 중앙값 적용) | 300m 이내 확인된 보수이력 없음",0,,,,0.0,0.5406706012260553,0.6197001285313087,-0.19622174785084137,0.09602413689946974,-0.06967938373125776,0.0006413663895488769,-0.06072288933117835,-0.017788087188867548,27.573529411764707,하위 70%
R00375,35.891777,127.014449,익산 데모도로,익산시,1404068.0,1069912.0,0.7620086776423934,10.189728749446369,matched,0,,,,,0,374,2711-00,국도27호선,익산시-성산면(2711-00),14441.262355677636,1862.3388,20572.0,0.0407835893447404,city_median,69.67072113572632,76.20086776423935,2025-12-31,12.0,100.0,3.429999999999993,17.97,11.303999999999991,0.0,35.0,2.825999999999998,15.240173552847873,13.934144227145266,67.00031777999314,27.573529411764707,일반,동결융해,"Logistic 위험순위 상위 72.4% | 주요 증가요인=동결융해 | 동결융해 14일 12회 | 7일 강수 3.4mm | 14일 강수 18.0mm | 하수관 노후비율 76.2% | ESAL 1862.3 (도시 중앙값) | 과거 300m 이내 보수이력 없음 | 모델기여도[동결융해=+0.620, 7일 누적강수=-0.196, 14일 누적강수=+0.096, 하수관로 노후도=-0.070, 교통하중=+0.001, 과거 보수이력=-0.061, 보수 후 경과기간=-0.018]",67.00031777999314,위험,"주요원인=동결융해 | 동결융해=100.0점 (14일 12회) | 누적강수=11.3점 (7일 3.4mm, 14일 18.0mm) | 하수관로 노후도=76.2점 (30년 이상 비율 76.2%) | 교통하중=69.7점 (ESAL 1862.3, 도시 중앙값 적용) | 300m 이내 확인된 보수이력 없음",0,,,,0.0,0.5406706012260553,0.6197001285313087,-0.19622174785084137,0.09602413689946974,-0.06967938373125776,0.0006413663895488769,-0.06072288933117835,-0.017788087188867548,27.573529411764707,하위 70%
R00374,36.027718,126.958239,익산 데모도로,익산시,1404068.0,1069912.0,0.7620086776423934,10.189728749446369,matched,0,,,,,0,373,2711-00,국도27호선,익산시-성산면(2711-00),8326.521361073434,1862.3388,20572.0,0.0407835893447404,city_median,69.67072113572632,76.20086776423935,2025-12-31,12.0,100.0,3.429999999999993,17.97,11.303999999999991,0.0,35.0,2.825999999999998,15.240173552847873,13.934144227145266,67.00031777999314,27.573529411764707,일반,동결융해,"Logistic 위험순위 상위 72.4% | 주요 증가요인=동결융해 | 동결융해 14일 12회 | 7일 강수 3.4mm | 14일 강수 18.0mm | 하수관 노후비율 76.2% | ESAL 1862.3 (도시 중앙값) | 과거 300m 이내 보수이력 없음 | 모델기여도[동결융해=+0.620, 7일 누적강수=-0.196, 14일 누적강수=+0.096, 하수관로 노후도=-0.070, 교통하중=+0.001, 과거 보수이력=-0.061, 보수 후 경과기간=-0.018]",67.00031777999314,위험,"주요원인=동결융해 | 동결융해=100.0점 (14일 12회) | 누적강수=11.3점 (7일 3.4mm, 14일 18.0mm) | 하수관로 노후도=76.2점 (30년 이상 비율 76.2%) | 교통하중=69.7점 (ESAL 1862.3, 도시 중앙값 적용) | 300m 이내 확인된 보수이력 없음",0,,,,0.0,0.5406706012260553,0.6197001285313087,-0.19622174785084137,0.09602413689946974,-0.06967938373125776,0.0006413663895488769,-0.06072288933117835,-0.017788087188867548,27.573529411764707,하위 70%
R00373,36.023019,126.958074,익산 데모도로,익산시,1404068.0,1069912.0,0.7620086776423934,10.189728749446369,matched,0,,,,,0,372,2711-00,국도27호선,익산시-성산면(2711-00),7960.201582526532,1862.3388,20572.0,0.0407835893447404,city_median,69.67072113572632,76.20086776423935,2025-12-31,12.0,100.0,3.429999999999993,17.97,11.303999999999991,0.0,35.0,2.825999999999998,15.240173552847873,13.934144227145266,67.00031777999314,27.573529411764707,일반,동결융해,"Logistic 위험순위 상위 72.4% | 주요 증가요인=동결융해 | 동결융해 14일 12회 | 7일 강수 3.4mm | 14일 강수 18.0mm | 하수관 노후비율 76.2% | ESAL 1862.3 (도시 중앙값) | 과거 300m 이내 보수이력 없음 | 모델기여도[동결융해=+0.620, 7일 누적강수=-0.196, 14일 누적강수=+0.096, 하수관로 노후도=-0.070, 교통하중=+0.001, 과거 보수이력=-0.061, 보수 후 경과기간=-0.018]",67.00031777999314,위험,"주요원인=동결융해 | 동결융해=100.0점 (14일 12회) | 누적강수=11.3점 (7일 3.4mm, 14일 18.0mm) | 하수관로 노후도=76.2점 (30년 이상 비율 76.2%) | 교통하중=69.7점 (ESAL 1862.3, 도시 중앙값 적용) | 300m 이내 확인된 보수이력 없음",0,,,,0.0,0.5406706012260553,0.6197001285313087,-0.19622174785084137,0.09602413689946974,-0.06967938373125776,0.0006413663895488769,-0.06072288933117835,-0.017788087188867548,27.573529411764707,하위 70%
R00372,36.019848,126.957904,익산 데모도로,익산시,1404068.0,1069912.0,0.7620086776423934,10.189728749446369,matched,0,,,,,0,371,2711-00,국도27호선,익산시-성산면(2711-00),7719.117555388246,1862.3388,20572.0,0.0407835893447404,city_median,69.67072113572632,76.20086776423935,2025-12-31,12.0,100.0,3.429999999999993,17.97,11.303999999999991,0.0,35.0,2.825999999999998,15.240173552847873,13.934144227145266,67.00031777999314,27.573529411764707,일반,동결융해,"Logistic 위험순위 상위 72.4% | 주요 증가요인=동결융해 | 동결융해 14일 12회 | 7일 강수 3.4mm | 14일 강수 18.0mm | 하수관 노후비율 76.2% | ESAL 1862.3 (도시 중앙값) | 과거 300m 이내 보수이력 없음 | 모델기여도[동결융해=+0.620, 7일 누적강수=-0.196, 14일 누적강수=+0.096, 하수관로 노후도=-0.070, 교통하중=+0.001, 과거 보수이력=-0.061, 보수 후 경과기간=-0.018]",67.00031777999314,위험,"주요원인=동결융해 | 동결융해=100.0점 (14일 12회) | 누적강수=11.3점 (7일 3.4mm, 14일 18.0mm) | 하수관로 노후도=76.2점 (30년 이상 비율 76.2%) | 교통하중=69.7점 (ESAL 1862.3, 도시 중앙값 적용) | 300m 이내 확인된 보수이력 없음",0,,,,0.0,0.5406706012260553,0.6197001285313087,-0.19622174785084137,0.09602413689946974,-0.06967938373125776,0.0006413663895488769,-0.06072288933117835,-0.017788087188867548,27.573529411764707,하위 70%
R00371,36.013899,126.957902,익산 데모도로,익산시,1404068.0,1069912.0,0.7620086776423934,10.189728749446369,matched,0,,,,,0,370,2711-00,국도27호선,익산시-성산면(2711-00),7314.590571381331,1862.3388,20572.0,0.0407835893447404,city_median,69.67072113572632,76.20086776423935,2025-12-31,12.0,100.0,3.429999999999993,17.97,11.303999999999991,0.0,35.0,2.825999999999998,15.240173552847873,13.934144227145266,67.00031777999314,27.573529411764707,일반,동결융해,"Logistic 위험순위 상위 72.4% | 주요 증가요인=동결융해 | 동결융해 14일 12회 | 7일 강수 3.4mm | 14일 강수 18.0mm | 하수관 노후비율 76.2% | ESAL 1862.3 (도시 중앙값) | 과거 300m 이내 보수이력 없음 | 모델기여도[동결융해=+0.620, 7일 누적강수=-0.196, 14일 누적강수=+0.096, 하수관로 노후도=-0.070, 교통하중=+0.001, 과거 보수이력=-0.061, 보수 후 경과기간=-0.018]",67.00031777999314,위험,"주요원인=동결융해 | 동결융해=100.0점 (14일 12회) | 누적강수=11.3점 (7일 3.4mm, 14일 18.0mm) | 하수관로 노후도=76.2점 (30년 이상 비율 76.2%) | 교통하중=69.7점 (ESAL 1862.3, 도시 중앙값 적용) | 300m 이내 확인된 보수이력 없음",0,,,,0.0,0.5406706012260553,0.6197001285313087,-0.19622174785084137,0.09602413689946974,-0.06967938373125776,0.0006413663895488769,-0.06072288933117835,-0.017788087188867548,27.573529411764707,하위 70%
R00370,36.009178,126.957255,익산 데모도로,익산시,1404068.0,1069912.0,0.7620086776423934,10.189728749446369,matched,0,,,,,0,369,2711-00,국도27호선,익산시-성산면(2711-00),6972.320788483587,1862.3388,20572.0,0.0407835893447404,city_median,69.67072113572632,76.20086776423935,2025-12-31,12.0,100.0,3.429999999999993,17.97,11.303999999999991,0.0,35.0,2.825999999999998,15.240173552847873,13.934144227145266,67.00031777999314,27.573529411764707,일반,동결융해,"Logistic 위험순위 상위 72.4% | 주요 증가요인=동결융해 | 동결융해 14일 12회 | 7일 강수 3.4mm | 14일 강수 18.0mm | 하수관 노후비율 76.2% | ESAL 1862.3 (도시 중앙값) | 과거 300m 이내 보수이력 없음 | 모델기여도[동결융해=+0.620, 7일 누적강수=-0.196, 14일 누적강수=+0.096, 하수관로 노후도=-0.070, 교통하중=+0.001, 과거 보수이력=-0.061, 보수 후 경과기간=-0.018]",67.00031777999314,위험,"주요원인=동결융해 | 동결융해=100.0점 (14일 12회) | 누적강수=11.3점 (7일 3.4mm, 14일 18.0mm) | 하수관로 노후도=76.2점 (30년 이상 비율 76.2%) | 교통하중=69.7점 (ESAL 1862.3, 도시 중앙값 적용) | 300m 이내 확인된 보수이력 없음",0,,,,0.0,0.5406706012260553,0.6197001285313087,-0.19622174785084137,0.09602413689946974,-0.06967938373125776,0.0006413663895488769,-0.06072288933117835,-0.017788087188867548,27.573529411764707,하위 70%
R00369,36.003218,126.956802,익산 데모도로,익산시,1404068.0,1069912.0,0.7620086776423934,10.189728749446369,matched,0,,,,,0,368,2711-00,국도27호선,익산시-성산면(2711-00),6604.393205369023,1862.3388,20572.0,0.0407835893447404,city_median,69.67072113572632,76.20086776423935,2025-12-31,12.0,100.0,3.429999999999993,17.97,11.303999999999991,0.0,35.0,2.825999999999998,15.240173552847873,13.934144227145266,67.00031777999314,27.573529411764707,일반,동결융해,"Logistic 위험순위 상위 72.4% | 주요 증가요인=동결융해 | 동결융해 14일 12회 | 7일 강수 3.4mm | 14일 강수 18.0mm | 하수관 노후비율 76.2% | ESAL 1862.3 (도시 중앙값) | 과거 300m 이내 보수이력 없음 | 모델기여도[동결융해=+0.620, 7일 누적강수=-0.196, 14일 누적강수=+0.096, 하수관로 노후도=-0.070, 교통하중=+0.001, 과거 보수이력=-0.061, 보수 후 경과기간=-0.018]",67.00031777999314,위험,"주요원인=동결융해 | 동결융해=100.0점 (14일 12회) | 누적강수=11.3점 (7일 3.4mm, 14일 18.0mm) | 하수관로 노후도=76.2점 (30년 이상 비율 76.2%) | 교통하중=69.7점 (ESAL 1862.3, 도시 중앙값 적용) | 300m 이내 확인된 보수이력 없음",0,,,,0.0,0.5406706012260553,0.6197001285313087,-0.19622174785084137,0.09602413689946974,-0.06967938373125776,0.0006413663895488769,-0.06072288933117835,-0.017788087188867548,27.573529411764707,하위 70%
R00368,35.99848,126.958561,익산 데모도로,익산시,1404068.0,1069912.0,0.7620086776423934,10.189728749446369,matched,0,,,,,0,367,2711-00,국도27호선,익산시-성산면(2711-00),6521.357789614806,1862.3388,20572.0,0.0407835893447404,city_median,69.67072113572632,76.20086776423935,2025-12-31,12.0,100.0,3.429999999999993,17.97,11.303999999999991,0.0,35.0,2.825999999999998,15.240173552847873,13.934144227145266,67.00031777999314,27.573529411764707,일반,동결융해,"Logistic 위험순위 상위 72.4% | 주요 증가요인=동결융해 | 동결융해 14일 12회 | 7일 강수 3.4mm | 14일 강수 18.0mm | 하수관 노후비율 76.2% | ESAL 1862.3 (도시 중앙값) | 과거 300m 이내 보수이력 없음 | 모델기여도[동결융해=+0.620, 7일 누적강수=-0.196, 14일 누적강수=+0.096, 하수관로 노후도=-0.070, 교통하중=+0.001, 과거 보수이력=-0.061, 보수 후 경과기간=-0.018]",67.00031777999314,위험,"주요원인=동결융해 | 동결융해=100.0점 (14일 12회) | 누적강수=11.3점 (7일 3.4mm, 14일 18.0mm) | 하수관로 노후도=76.2점 (30년 이상 비율 76.2%) | 교통하중=69.7점 (ESAL 1862.3, 도시 중앙값 적용) | 300m 이내 확인된 보수이력 없음",0,,,,0.0,0.5406706012260553,0.6197001285313087,-0.19622174785084137,0.09602413689946974,-0.06967938373125776,0.0006413663895488769,-0.06072288933117835,-0.017788087188867548,27.573529411764707,하위 70%
R00367,35.994823,126.95808,익산 데모도로,익산시,1404068.0,1069912.0,0.7620086776423934,10.189728749446369,matched,0,,,,,0,366,2711-00,국도27호선,익산시-성산면(2711-00),6332.622997365471,1862.3388,20572.0,0.0407835893447404,city_median,69.67072113572632,76.20086776423935,2025-12-31,12.0,100.0,3.429999999999993,17.97,11.303999999999991,0.0,35.0,2.825999999999998,15.240173552847873,13.934144227145266,67.00031777999314,27.573529411764707,일반,동결융해,"Logistic 위험순위 상위 72.4% | 주요 증가요인=동결융해 | 동결융해 14일 12회 | 7일 강수 3.4mm | 14일 강수 18.0mm | 하수관 노후비율 76.2% | ESAL 1862.3 (도시 중앙값) | 과거 300m 이내 보수이력 없음 | 모델기여도[동결융해=+0.620, 7일 누적강수=-0.196, 14일 누적강수=+0.096, 하수관로 노후도=-0.070, 교통하중=+0.001, 과거 보수이력=-0.061, 보수 후 경과기간=-0.018]",67.00031777999314,위험,"주요원인=동결융해 | 동결융해=100.0점 (14일 12회) | 누적강수=11.3점 (7일 3.4mm, 14일 18.0mm) | 하수관로 노후도=76.2점 (30년 이상 비율 76.2%) | 교통하중=69.7점 (ESAL 1862.3, 도시 중앙값 적용) | 300m 이내 확인된 보수이력 없음",0,,,,0.0,0.5406706012260553,0.6197001285313087,-0.19622174785084137,0.09602413689946974,-0.06967938373125776,0.0006413663895488769,-0.06072288933117835,-0.017788087188867548,27.573529411764707,하위 70%
R00358,35.950792,126.957663,익산 데모도로,익산시,1404068.0,1069912.0,0.7620086776423934,10.189728749446369,matched,0,,,,,0,357,2711-00,국도27호선,익산시-성산면(2711-00),6529.954829834944,1862.3388,20572.0,0.0407835893447404,city_median,69.67072113572632,76.20086776423935,2025-12-31,12.0,100.0,3.429999999999993,17.97,11.303999999999991,0.0,35.0,2.825999999999998,15.240173552847873,13.934144227145266,67.00031777999314,27.573529411764707,일반,동결융해,"Logistic 위험순위 상위 72.4% | 주요 증가요인=동결융해 | 동결융해 14일 12회 | 7일 강수 3.4mm | 14일 강수 18.0mm | 하수관 노후비율 76.2% | ESAL 1862.3 (도시 중앙값) | 과거 300m 이내 보수이력 없음 | 모델기여도[동결융해=+0.620, 7일 누적강수=-0.196, 14일 누적강수=+0.096, 하수관로 노후도=-0.070, 교통하중=+0.001, 과거 보수이력=-0.061, 보수 후 경과기간=-0.018]",67.00031777999314,위험,"주요원인=동결융해 | 동결융해=100.0점 (14일 12회) | 누적강수=11.3점 (7일 3.4mm, 14일 18.0mm) | 하수관로 노후도=76.2점 (30년 이상 비율 76.2%) | 교통하중=69.7점 (ESAL 1862.3, 도시 중앙값 적용) | 300m 이내 확인된 보수이력 없음",0,,,,0.0,0.5406706012260553,0.6197001285313087,-0.19622174785084137,0.09602413689946974,-0.06967938373125776,0.0006413663895488769,-0.06072288933117835,-0.017788087188867548,27.573529411764707,하위 70%
R00356,35.941704,126.957964,익산 데모도로,익산시,1404068.0,1069912.0,0.7620086776423934,10.189728749446369,matched,0,,,,,0,355,2711-00,국도27호선,익산시-성산면(2711-00),7038.937556806947,1862.3388,20572.0,0.0407835893447404,city_median,69.67072113572632,76.20086776423935,2025-12-31,12.0,100.0,3.429999999999993,17.97,11.303999999999991,0.0,35.0,2.825999999999998,15.240173552847873,13.934144227145266,67.00031777999314,27.573529411764707,일반,동결융해,"Logistic 위험순위 상위 72.4% | 주요 증가요인=동결융해 | 동결융해 14일 12회 | 7일 강수 3.4mm | 14일 강수 18.0mm | 하수관 노후비율 76.2% | ESAL 1862.3 (도시 중앙값) | 과거 300m 이내 보수이력 없음 | 모델기여도[동결융해=+0.620, 7일 누적강수=-0.196, 14일 누적강수=+0.096, 하수관로 노후도=-0.070, 교통하중=+0.001, 과거 보수이력=-0.061, 보수 후 경과기간=-0.018]",67.00031777999314,위험,"주요원인=동결융해 | 동결융해=100.0점 (14일 12회) | 누적강수=11.3점 (7일 3.4mm, 14일 18.0mm) | 하수관로 노후도=76.2점 (30년 이상 비율 76.2%) | 교통하중=69.7점 (ESAL 1862.3, 도시 중앙값 적용) | 300m 이내 확인된 보수이력 없음",0,,,,0.0,0.5406706012260553,0.6197001285313087,-0.19622174785084137,0.09602413689946974,-0.06967938373125776,0.0006413663895488769,-0.06072288933117835,-0.017788087188867548,27.573529411764707,하위 70%
R00355,35.935246,126.958111,익산 데모도로,익산시,1404068.0,1069912.0,0.7620086776423934,10.189728749446369,matched,0,,,,,0,354,2711-00,국도27호선,익산시-성산면(2711-00),7458.200348184404,1862.3388,20572.0,0.0407835893447404,city_median,69.67072113572632,76.20086776423935,2025-12-31,12.0,100.0,3.429999999999993,17.97,11.303999999999991,0.0,35.0,2.825999999999998,15.240173552847873,13.934144227145266,67.00031777999314,27.573529411764707,일반,동결융해,"Logistic 위험순위 상위 72.4% | 주요 증가요인=동결융해 | 동결융해 14일 12회 | 7일 강수 3.4mm | 14일 강수 18.0mm | 하수관 노후비율 76.2% | ESAL 1862.3 (도시 중앙값) | 과거 300m 이내 보수이력 없음 | 모델기여도[동결융해=+0.620, 7일 누적강수=-0.196, 14일 누적강수=+0.096, 하수관로 노후도=-0.070, 교통하중=+0.001, 과거 보수이력=-0.061, 보수 후 경과기간=-0.018]",67.00031777999314,위험,"주요원인=동결융해 | 동결융해=100.0점 (14일 12회) | 누적강수=11.3점 (7일 3.4mm, 14일 18.0mm) | 하수관로 노후도=76.2점 (30년 이상 비율 76.2%) | 교통하중=69.7점 (ESAL 1862.3, 도시 중앙값 적용) | 300m 이내 확인된 보수이력 없음",0,,,,0.0,0.5406706012260553,0.6197001285313087,-0.19622174785084137,0.09602413689946974,-0.06967938373125776,0.0006413663895488769,-0.06072288933117835,-0.017788087188867548,27.573529411764707,하위 70%
R00363,35.976012,126.95682,익산 데모도로,익산시,1404068.0,1069912.0,0.7620086776423934,10.189728749446369,matched,0,,,,,0,362,2711-00,국도27호선,익산시-성산면(2711-00),5845.750177434163,1862.3388,20572.0,0.0407835893447404,city_median,69.67072113572632,76.20086776423935,2025-12-31,12.0,100.0,3.429999999999993,17.97,11.303999999999991,0.0,35.0,2.825999999999998,15.240173552847873,13.934144227145266,67.00031777999314,27.573529411764707,일반,동결융해,"Logistic 위험순위 상위 72.4% | 주요 증가요인=동결융해 | 동결융해 14일 12회 | 7일 강수 3.4mm | 14일 강수 18.0mm | 하수관 노후비율 76.2% | ESAL 1862.3 (도시 중앙값) | 과거 300m 이내 보수이력 없음 | 모델기여도[동결융해=+0.620, 7일 누적강수=-0.196, 14일 누적강수=+0.096, 하수관로 노후도=-0.070, 교통하중=+0.001, 과거 보수이력=-0.061, 보수 후 경과기간=-0.018]",67.00031777999314,위험,"주요원인=동결융해 | 동결융해=100.0점 (14일 12회) | 누적강수=11.3점 (7일 3.4mm, 14일 18.0mm) | 하수관로 노후도=76.2점 (30년 이상 비율 76.2%) | 교통하중=69.7점 (ESAL 1862.3, 도시 중앙값 적용) | 300m 이내 확인된 보수이력 없음",0,,,,0.0,0.5406706012260553,0.6197001285313087,-0.19622174785084137,0.09602413689946974,-0.06967938373125776,0.0006413663895488769,-0.06072288933117835,-0.017788087188867548,27.573529411764707,하위 70%
R00362,35.970358,126.957834,익산 데모도로,익산시,1404068.0,1069912.0,0.7620086776423934,10.189728749446369,matched,0,,,,,0,361,2711-00,국도27호선,익산시-성산면(2711-00),5964.752402779344,1862.3388,20572.0,0.0407835893447404,city_median,69.67072113572632,76.20086776423935,2025-12-31,12.0,100.0,3.429999999999993,17.97,11.303999999999991,0.0,35.0,2.825999999999998,15.240173552847873,13.934144227145266,67.00031777999314,27.573529411764707,일반,동결융해,"Logistic 위험순위 상위 72.4% | 주요 증가요인=동결융해 | 동결융해 14일 12회 | 7일 강수 3.4mm | 14일 강수 18.0mm | 하수관 노후비율 76.2% | ESAL 1862.3 (도시 중앙값) | 과거 300m 이내 보수이력 없음 | 모델기여도[동결융해=+0.620, 7일 누적강수=-0.196, 14일 누적강수=+0.096, 하수관로 노후도=-0.070, 교통하중=+0.001, 과거 보수이력=-0.061, 보수 후 경과기간=-0.018]",67.00031777999314,위험,"주요원인=동결융해 | 동결융해=100.0점 (14일 12회) | 누적강수=11.3점 (7일 3.4mm, 14일 18.0mm) | 하수관로 노후도=76.2점 (30년 이상 비율 76.2%) | 교통하중=69.7점 (ESAL 1862.3, 도시 중앙값 적용) | 300m 이내 확인된 보수이력 없음",0,,,,0.0,0.5406706012260553,0.6197001285313087,-0.19622174785084137,0.09602413689946974,-0.06967938373125776,0.0006413663895488769,-0.06072288933117835,-0.017788087188867548,27.573529411764707,하위 70%
R00361,35.965113,126.957936,익산 데모도로,익산시,1404068.0,1069912.0,0.7620086776423934,10.189728749446369,matched,0,,,,,0,360,2711-00,국도27호선,익산시-성산면(2711-00),6058.106442692777,1862.3388,20572.0,0.0407835893447404,city_median,69.67072113572632,76.20086776423935,2025-12-31,12.0,100.0,3.429999999999993,17.97,11.303999999999991,0.0,35.0,2.825999999999998,15.240173552847873,13.934144227145266,67.00031777999314,27.573529411764707,일반,동결융해,"Logistic 위험순위 상위 72.4% | 주요 증가요인=동결융해 | 동결융해 14일 12회 | 7일 강수 3.4mm | 14일 강수 18.0mm | 하수관 노후비율 76.2% | ESAL 1862.3 (도시 중앙값) | 과거 300m 이내 보수이력 없음 | 모델기여도[동결융해=+0.620, 7일 누적강수=-0.196, 14일 누적강수=+0.096, 하수관로 노후도=-0.070, 교통하중=+0.001, 과거 보수이력=-0.061, 보수 후 경과기간=-0.018]",67.00031777999314,위험,"주요원인=동결융해 | 동결융해=100.0점 (14일 12회) | 누적강수=11.3점 (7일 3.4mm, 14일 18.0mm) | 하수관로 노후도=76.2점 (30년 이상 비율 76.2%) | 교통하중=69.7점 (ESAL 1862.3, 도시 중앙값 적용) | 300m 이내 확인된 보수이력 없음",0,,,,0.0,0.5406706012260553,0.6197001285313087,-0.19622174785084137,0.09602413689946974,-0.06967938373125776,0.0006413663895488769,-0.06072288933117835,-0.017788087188867548,27.573529411764707,하위 70%
R00360,35.960141,126.956274,익산 데모도로,익산시,1404068.0,1069912.0,0.7620086776423934,10.189728749446369,matched,0,,,,,0,359,2711-00,국도27호선,익산시-성산면(2711-00),6044.238242745295,1862.3388,20572.0,0.0407835893447404,city_median,69.67072113572632,76.20086776423935,2025-12-31,12.0,100.0,3.429999999999993,17.97,11.303999999999991,0.0,35.0,2.825999999999998,15.240173552847873,13.934144227145266,67.00031777999314,27.573529411764707,일반,동결융해,"Logistic 위험순위 상위 72.4% | 주요 증가요인=동결융해 | 동결융해 14일 12회 | 7일 강수 3.4mm | 14일 강수 18.0mm | 하수관 노후비율 76.2% | ESAL 1862.3 (도시 중앙값) | 과거 300m 이내 보수이력 없음 | 모델기여도[동결융해=+0.620, 7일 누적강수=-0.196, 14일 누적강수=+0.096, 하수관로 노후도=-0.070, 교통하중=+0.001, 과거 보수이력=-0.061, 보수 후 경과기간=-0.018]",67.00031777999314,위험,"주요원인=동결융해 | 동결융해=100.0점 (14일 12회) | 누적강수=11.3점 (7일 3.4mm, 14일 18.0mm) | 하수관로 노후도=76.2점 (30년 이상 비율 76.2%) | 교통하중=69.7점 (ESAL 1862.3, 도시 중앙값 적용) | 300m 이내 확인된 보수이력 없음",0,,,,0.0,0.5406706012260553,0.6197001285313087,-0.19622174785084137,0.09602413689946974,-0.06967938373125776,0.0006413663895488769,-0.06072288933117835,-0.017788087188867548,27.573529411764707,하위 70%
R00359,35.955181,126.958504,익산 데모도로,익산시,1404068.0,1069912.0,0.7620086776423934,10.189728749446369,matched,0,,,,,0,358,2711-00,국도27호선,익산시-성산면(2711-00),6410.446966025543,1862.3388,20572.0,0.0407835893447404,city_median,69.67072113572632,76.20086776423935,2025-12-31,12.0,100.0,3.429999999999993,17.97,11.303999999999991,0.0,35.0,2.825999999999998,15.240173552847873,13.934144227145266,67.00031777999314,27.573529411764707,일반,동결융해,"Logistic 위험순위 상위 72.4% | 주요 증가요인=동결융해 | 동결융해 14일 12회 | 7일 강수 3.4mm | 14일 강수 18.0mm | 하수관 노후비율 76.2% | ESAL 1862.3 (도시 중앙값) | 과거 300m 이내 보수이력 없음 | 모델기여도[동결융해=+0.620, 7일 누적강수=-0.196, 14일 누적강수=+0.096, 하수관로 노후도=-0.070, 교통하중=+0.001, 과거 보수이력=-0.061, 보수 후 경과기간=-0.018]",67.00031777999314,위험,"주요원인=동결융해 | 동결융해=100.0점 (14일 12회) | 누적강수=11.3점 (7일 3.4mm, 14일 18.0mm) | 하수관로 노후도=76.2점 (30년 이상 비율 76.2%) | 교통하중=69.7점 (ESAL 1862.3, 도시 중앙값 적용) | 300m 이내 확인된 보수이력 없음",0,,,,0.0,0.5406706012260553,0.6197001285313087,-0.19622174785084137,0.09602413689946974,-0.06967938373125776,0.0006413663895488769,-0.06072288933117835,-0.017788087188867548,27.573529411764707,하위 70%
R00352,35.921381,126.957405,익산 데모도로,익산시,1404068.0,1069912.0,0.7620086776423934,10.189728749446369,matched,0,,,,,0,351,2711-00,국도27호선,익산시-성산면(2711-00),8430.051763927959,1862.3388,20572.0,0.0407835893447404,city_median,69.67072113572632,76.20086776423935,2025-12-31,12.0,100.0,3.429999999999993,17.97,11.303999999999991,0.0,35.0,2.825999999999998,15.240173552847873,13.934144227145266,67.00031777999314,27.573529411764707,일반,동결융해,"Logistic 위험순위 상위 72.4% | 주요 증가요인=동결융해 | 동결융해 14일 12회 | 7일 강수 3.4mm | 14일 강수 18.0mm | 하수관 노후비율 76.2% | ESAL 1862.3 (도시 중앙값) | 과거 300m 이내 보수이력 없음 | 모델기여도[동결융해=+0.620, 7일 누적강수=-0.196, 14일 누적강수=+0.096, 하수관로 노후도=-0.070, 교통하중=+0.001, 과거 보수이력=-0.061, 보수 후 경과기간=-0.018]",67.00031777999314,위험,"주요원인=동결융해 | 동결융해=100.0점 (14일 12회) | 누적강수=11.3점 (7일 3.4mm, 14일 18.0mm) | 하수관로 노후도=76.2점 (30년 이상 비율 76.2%) | 교통하중=69.7점 (ESAL 1862.3, 도시 중앙값 적용) | 300m 이내 확인된 보수이력 없음",0,,,,0.0,0.5406706012260553,0.6197001285313087,-0.19622174785084137,0.09602413689946974,-0.06967938373125776,0.0006413663895488769,-0.06072288933117835,-0.017788087188867548,27.573529411764707,하위 70%
R00351,35.916504,126.956329,익산 데모도로,익산시,1404068.0,1069912.0,0.7620086776423934,10.189728749446369,matched,0,,,,,0,350,2711-00,국도27호선,익산시-성산면(2711-00),8761.210016446455,1862.3388,20572.0,0.0407835893447404,city_median,69.67072113572632,76.20086776423935,2025-12-31,12.0,100.0,3.429999999999993,17.97,11.303999999999991,0.0,35.0,2.825999999999998,15.240173552847873,13.934144227145266,67.00031777999314,27.573529411764707,일반,동결융해,"Logistic 위험순위 상위 72.4% | 주요 증가요인=동결융해 | 동결융해 14일 12회 | 7일 강수 3.4mm | 14일 강수 18.0mm | 하수관 노후비율 76.2% | ESAL 1862.3 (도시 중앙값) | 과거 300m 이내 보수이력 없음 | 모델기여도[동결융해=+0.620, 7일 누적강수=-0.196, 14일 누적강수=+0.096, 하수관로 노후도=-0.070, 교통하중=+0.001, 과거 보수이력=-0.061, 보수 후 경과기간=-0.018]",67.00031777999314,위험,"주요원인=동결융해 | 동결융해=100.0점 (14일 12회) | 누적강수=11.3점 (7일 3.4mm, 14일 18.0mm) | 하수관로 노후도=76.2점 (30년 이상 비율 76.2%) | 교통하중=69.7점 (ESAL 1862.3, 도시 중앙값 적용) | 300m 이내 확인된 보수이력 없음",0,,,,0.0,0.5406706012260553,0.6197001285313087,-0.19622174785084137,0.09602413689946974,-0.06967938373125776,0.0006413663895488769,-0.06072288933117835,-0.017788087188867548,27.573529411764707,하위 70%
R00350,35.911942,126.958567,익산 데모도로,익산시,1404068.0,1069912.0,0.7620086776423934,10.189728749446369,matched,0,,,,,0,349,2711-00,국도27호선,익산시-성산면(2711-00),9276.63951587778,1862.3388,20572.0,0.0407835893447404,city_median,69.67072113572632,76.20086776423935,2025-12-31,12.0,100.0,3.429999999999993,17.97,11.303999999999991,0.0,35.0,2.825999999999998,15.240173552847873,13.934144227145266,67.00031777999314,27.573529411764707,일반,동결융해,"Logistic 위험순위 상위 72.4% | 주요 증가요인=동결융해 | 동결융해 14일 12회 | 7일 강수 3.4mm | 14일 강수 18.0mm | 하수관 노후비율 76.2% | ESAL 1862.3 (도시 중앙값) | 과거 300m 이내 보수이력 없음 | 모델기여도[동결융해=+0.620, 7일 누적강수=-0.196, 14일 누적강수=+0.096, 하수관로 노후도=-0.070, 교통하중=+0.001, 과거 보수이력=-0.061, 보수 후 경과기간=-0.018]",67.00031777999314,위험,"주요원인=동결융해 | 동결융해=100.0점 (14일 12회) | 누적강수=11.3점 (7일 3.4mm, 14일 18.0mm) | 하수관로 노후도=76.2점 (30년 이상 비율 76.2%) | 교통하중=69.7점 (ESAL 1862.3, 도시 중앙값 적용) | 300m 이내 확인된 보수이력 없음",0,,,,0.0,0.5406706012260553,0.6197001285313087,-0.19622174785084137,0.09602413689946974,-0.06967938373125776,0.0006413663895488769,-0.06072288933117835,-0.017788087188867548,27.573529411764707,하위 70%
R00353,35.925207,126.957762,익산 데모도로,익산시,1404068.0,1069912.0,0.7620086776423934,10.189728749446369,matched,0,,,,,0,352,2711-00,국도27호선,익산시-성산면(2711-00),8154.887108878055,1862.3388,20572.0,0.0407835893447404,city_median,69.67072113572632,76.20086776423935,2025-12-31,12.0,100.0,3.429999999999993,17.97,11.303999999999991,0.0,35.0,2.825999999999998,15.240173552847873,13.934144227145266,67.00031777999314,27.573529411764707,일반,동결융해,"Logistic 위험순위 상위 72.4% | 주요 증가요인=동결융해 | 동결융해 14일 12회 | 7일 강수 3.4mm | 14일 강수 18.0mm | 하수관 노후비율 76.2% | ESAL 1862.3 (도시 중앙값) | 과거 300m 이내 보수이력 없음 | 모델기여도[동결융해=+0.620, 7일 누적강수=-0.196, 14일 누적강수=+0.096, 하수관로 노후도=-0.070, 교통하중=+0.001, 과거 보수이력=-0.061, 보수 후 경과기간=-0.018]",67.00031777999314,위험,"주요원인=동결융해 | 동결융해=100.0점 (14일 12회) | 누적강수=11.3점 (7일 3.4mm, 14일 18.0mm) | 하수관로 노후도=76.2점 (30년 이상 비율 76.2%) | 교통하중=69.7점 (ESAL 1862.3, 도시 중앙값 적용) | 300m 이내 확인된 보수이력 없음",0,,,,0.0,0.5406706012260553,0.6197001285313087,-0.19622174785084137,0.09602413689946974,-0.06967938373125776,0.0006413663895488769,-0.06072288933117835,-0.017788087188867548,27.573529411764707,하위 70%
R00349,35.907068,126.957013,익산 데모도로,익산시,1404068.0,1069912.0,0.7620086776423934,10.189728749446369,matched,0,,,,,0,348,2711-00,국도27호선,익산시-성산면(2711-00),9610.169844747816,1862.3388,20572.0,0.0407835893447404,city_median,69.67072113572632,76.20086776423935,2025-12-31,12.0,100.0,3.429999999999993,17.97,11.303999999999991,0.0,35.0,2.825999999999998,15.240173552847873,13.934144227145266,67.00031777999314,27.573529411764707,일반,동결융해,"Logistic 위험순위 상위 72.4% | 주요 증가요인=동결융해 | 동결융해 14일 12회 | 7일 강수 3.4mm | 14일 강수 18.0mm | 하수관 노후비율 76.2% | ESAL 1862.3 (도시 중앙값) | 과거 300m 이내 보수이력 없음 | 모델기여도[동결융해=+0.620, 7일 누적강수=-0.196, 14일 누적강수=+0.096, 하수관로 노후도=-0.070, 교통하중=+0.001, 과거 보수이력=-0.061, 보수 후 경과기간=-0.018]",67.00031777999314,위험,"주요원인=동결융해 | 동결융해=100.0점 (14일 12회) | 누적강수=11.3점 (7일 3.4mm, 14일 18.0mm) | 하수관로 노후도=76.2점 (30년 이상 비율 76.2%) | 교통하중=69.7점 (ESAL 1862.3, 도시 중앙값 적용) | 300m 이내 확인된 보수이력 없음",0,,,,0.0,0.5406706012260553,0.6197001285313087,-0.19622174785084137,0.09602413689946974,-0.06967938373125776,0.0006413663895488769,-0.06072288933117835,-0.017788087188867548,27.573529411764707,하위 70%
R00346,35.892252,126.957481,익산 데모도로,익산시,1404068.0,1069912.0,0.7620086776423934,10.189728749446369,matched,0,,,,,0,345,2711-00,국도27호선,익산시-성산면(2711-00),10984.312304670584,1862.3388,20572.0,0.0407835893447404,city_median,69.67072113572632,76.20086776423935,2025-12-31,12.0,100.0,3.429999999999993,17.97,11.303999999999991,0.0,35.0,2.825999999999998,15.240173552847873,13.934144227145266,67.00031777999314,27.573529411764707,일반,동결융해,"Logistic 위험순위 상위 72.4% | 주요 증가요인=동결융해 | 동결융해 14일 12회 | 7일 강수 3.4mm | 14일 강수 18.0mm | 하수관 노후비율 76.2% | ESAL 1862.3 (도시 중앙값) | 과거 300m 이내 보수이력 없음 | 모델기여도[동결융해=+0.620, 7일 누적강수=-0.196, 14일 누적강수=+0.096, 하수관로 노후도=-0.070, 교통하중=+0.001, 과거 보수이력=-0.061, 보수 후 경과기간=-0.018]",67.00031777999314,위험,"주요원인=동결융해 | 동결융해=100.0점 (14일 12회) | 누적강수=11.3점 (7일 3.4mm, 14일 18.0mm) | 하수관로 노후도=76.2점 (30년 이상 비율 76.2%) | 교통하중=69.7점 (ESAL 1862.3, 도시 중앙값 적용) | 300m 이내 확인된 보수이력 없음",0,,,,0.0,0.5406706012260553,0.6197001285313087,-0.19622174785084137,0.09602413689946974,-0.06967938373125776,0.0006413663895488769,-0.06072288933117835,-0.017788087188867548,27.573529411764707,하위 70%
R00347,35.896805,126.958043,익산 데모도로,익산시,1404068.0,1069912.0,0.7620086776423934,10.189728749446369,matched,0,,,,,0,346,2711-00,국도27호선,익산시-성산면(2711-00),10589.315929500284,1862.3388,20572.0,0.0407835893447404,city_median,69.67072113572632,76.20086776423935,2025-12-31,12.0,100.0,3.429999999999993,17.97,11.303999999999991,0.0,35.0,2.825999999999998,15.240173552847873,13.934144227145266,67.00031777999314,27.573529411764707,일반,동결융해,"Logistic 위험순위 상위 72.4% | 주요 증가요인=동결융해 | 동결융해 14일 12회 | 7일 강수 3.4mm | 14일 강수 18.0mm | 하수관 노후비율 76.2% | ESAL 1862.3 (도시 중앙값) | 과거 300m 이내 보수이력 없음 | 모델기여도[동결융해=+0.620, 7일 누적강수=-0.196, 14일 누적강수=+0.096, 하수관로 노후도=-0.070, 교통하중=+0.001, 과거 보수이력=-0.061, 보수 후 경과기간=-0.018]",67.00031777999314,위험,"주요원인=동결융해 | 동결융해=100.0점 (14일 12회) | 누적강수=11.3점 (7일 3.4mm, 14일 18.0mm) | 하수관로 노후도=76.2점 (30년 이상 비율 76.2%) | 교통하중=69.7점 (ESAL 1862.3, 도시 중앙값 적용) | 300m 이내 확인된 보수이력 없음",0,,,,0.0,0.5406706012260553,0.6197001285313087,-0.19622174785084137,0.09602413689946974,-0.06967938373125776,0.0006413663895488769,-0.06072288933117835,-0.017788087188867548,27.573529411764707,하위 70%
R00348,35.903309,126.958479,익산 데모도로,익산시,1404068.0,1069912.0,0.7620086776423934,10.189728749446369,matched,0,,,,,0,347,2711-00,국도27호선,익산시-성산면(2711-00),10023.0378014728,1862.3388,20572.0,0.0407835893447404,city_median,69.67072113572632,76.20086776423935,2025-12-31,12.0,100.0,3.429999999999993,17.97,11.303999999999991,0.0,35.0,2.825999999999998,15.240173552847873,13.934144227145266,67.00031777999314,27.573529411764707,일반,동결융해,"Logistic 위험순위 상위 72.4% | 주요 증가요인=동결융해 | 동결융해 14일 12회 | 7일 강수 3.4mm | 14일 강수 18.0mm | 하수관 노후비율 76.2% | ESAL 1862.3 (도시 중앙값) | 과거 300m 이내 보수이력 없음 | 모델기여도[동결융해=+0.620, 7일 누적강수=-0.196, 14일 누적강수=+0.096, 하수관로 노후도=-0.070, 교통하중=+0.001, 과거 보수이력=-0.061, 보수 후 경과기간=-0.018]",67.00031777999314,위험,"주요원인=동결융해 | 동결융해=100.0점 (14일 12회) | 누적강수=11.3점 (7일 3.4mm, 14일 18.0mm) | 하수관로 노후도=76.2점 (30년 이상 비율 76.2%) | 교통하중=69.7점 (ESAL 1862.3, 도시 중앙값 적용) | 300m 이내 확인된 보수이력 없음",0,,,,0.0,0.5406706012260553,0.6197001285313087,-0.19622174785084137,0.09602413689946974,-0.06967938373125776,0.0006413663895488769,-0.06072288933117835,-0.017788087188867548,27.573529411764707,하위 70%
R00281,35.948433,126.915978,익산 데모도로,익산시,1404068.0,1069912.0,0.7620086776423934,10.189728749446369,matched,0,,,,,0,280,2711-00,국도27호선,익산시-성산면(2711-00),3713.523567795922,1862.3388,20572.0,0.0407835893447404,city_median,69.67072113572632,76.20086776423935,2025-12-31,12.0,100.0,3.429999999999993,17.97,11.303999999999991,0.0,35.0,2.825999999999998,15.240173552847873,13.934144227145266,67.00031777999314,27.573529411764707,일반,동결융해,"Logistic 위험순위 상위 72.4% | 주요 증가요인=동결융해 | 동결융해 14일 12회 | 7일 강수 3.4mm | 14일 강수 18.0mm | 하수관 노후비율 76.2% | ESAL 1862.3 (도시 중앙값) | 과거 300m 이내 보수이력 없음 | 모델기여도[동결융해=+0.620, 7일 누적강수=-0.196, 14일 누적강수=+0.096, 하수관로 노후도=-0.070, 교통하중=+0.001, 과거 보수이력=-0.061, 보수 후 경과기간=-0.018]",67.00031777999314,위험,"주요원인=동결융해 | 동결융해=100.0점 (14일 12회) | 누적강수=11.3점 (7일 3.4mm, 14일 18.0mm) | 하수관로 노후도=76.2점 (30년 이상 비율 76.2%) | 교통하중=69.7점 (ESAL 1862.3, 도시 중앙값 적용) | 300m 이내 확인된 보수이력 없음",0,,,,0.0,0.5406706012260553,0.6197001285313087,-0.19622174785084137,0.09602413689946974,-0.06967938373125776,0.0006413663895488769,-0.06072288933117835,-0.017788087188867548,27.573529411764707,하위 70%
R00312,35.90739,126.918092,익산 데모도로,익산시,1404068.0,1069912.0,0.7620086776423934,10.189728749446369,matched,0,,,,,0,311,2711-00,국도27호선,익산시-성산면(2711-00),7936.316841023018,1862.3388,20572.0,0.0407835893447404,city_median,69.67072113572632,76.20086776423935,2025-12-31,12.0,100.0,3.429999999999993,17.97,11.303999999999991,0.0,35.0,2.825999999999998,15.240173552847873,13.934144227145266,67.00031777999314,27.573529411764707,일반,동결융해,"Logistic 위험순위 상위 72.4% | 주요 증가요인=동결융해 | 동결융해 14일 12회 | 7일 강수 3.4mm | 14일 강수 18.0mm | 하수관 노후비율 76.2% | ESAL 1862.3 (도시 중앙값) | 과거 300m 이내 보수이력 없음 | 모델기여도[동결융해=+0.620, 7일 누적강수=-0.196, 14일 누적강수=+0.096, 하수관로 노후도=-0.070, 교통하중=+0.001, 과거 보수이력=-0.061, 보수 후 경과기간=-0.018]",67.00031777999314,위험,"주요원인=동결융해 | 동결융해=100.0점 (14일 12회) | 누적강수=11.3점 (7일 3.4mm, 14일 18.0mm) | 하수관로 노후도=76.2점 (30년 이상 비율 76.2%) | 교통하중=69.7점 (ESAL 1862.3, 도시 중앙값 적용) | 300m 이내 확인된 보수이력 없음",0,,,,0.0,0.5406706012260553,0.6197001285313087,-0.19622174785084137,0.09602413689946974,-0.06967938373125776,0.0006413663895488769,-0.06072288933117835,-0.017788087188867548,27.573529411764707,하위 70%
R00310,35.902187,126.909986,익산 데모도로,익산시,1404068.0,1069912.0,0.7620086776423934,10.189728749446369,matched,0,,,,,0,309,2711-00,국도27호선,익산시-성산면(2711-00),8317.030342697866,1862.3388,20572.0,0.0407835893447404,city_median,69.67072113572632,76.20086776423935,2025-12-31,12.0,100.0,3.429999999999993,17.97,11.303999999999991,0.0,35.0,2.825999999999998,15.240173552847873,13.934144227145266,67.00031777999314,27.573529411764707,일반,동결융해,"Logistic 위험순위 상위 72.4% | 주요 증가요인=동결융해 | 동결융해 14일 12회 | 7일 강수 3.4mm | 14일 강수 18.0mm | 하수관 노후비율 76.2% | ESAL 1862.3 (도시 중앙값) | 과거 300m 이내 보수이력 없음 | 모델기여도[동결융해=+0.620, 7일 누적강수=-0.196, 14일 누적강수=+0.096, 하수관로 노후도=-0.070, 교통하중=+0.001, 과거 보수이력=-0.061, 보수 후 경과기간=-0.018]",67.00031777999314,위험,"주요원인=동결융해 | 동결융해=100.0점 (14일 12회) | 누적강수=11.3점 (7일 3.4mm, 14일 18.0mm) | 하수관로 노후도=76.2점 (30년 이상 비율 76.2%) | 교통하중=69.7점 (ESAL 1862.3, 도시 중앙값 적용) | 300m 이내 확인된 보수이력 없음",0,,,,0.0,0.5406706012260553,0.6197001285313087,-0.19622174785084137,0.09602413689946974,-0.06967938373125776,0.0006413663895488769,-0.06072288933117835,-0.017788087188867548,27.573529411764707,하위 70%
R00345,35.888643,126.958921,익산 데모도로,익산시,1404068.0,1069912.0,0.7620086776423934,10.189728749446369,matched,0,,,,,0,344,2711-00,국도27호선,익산시-성산면(2711-00),11392.927100803136,1862.3388,20572.0,0.0407835893447404,city_median,69.67072113572632,76.20086776423935,2025-12-31,12.0,100.0,3.429999999999993,17.97,11.303999999999991,0.0,35.0,2.825999999999998,15.240173552847873,13.934144227145266,67.00031777999314,27.573529411764707,일반,동결융해,"Logistic 위험순위 상위 72.4% | 주요 증가요인=동결융해 | 동결융해 14일 12회 | 7일 강수 3.4mm | 14일 강수 18.0mm | 하수관 노후비율 76.2% | ESAL 1862.3 (도시 중앙값) | 과거 300m 이내 보수이력 없음 | 모델기여도[동결융해=+0.620, 7일 누적강수=-0.196, 14일 누적강수=+0.096, 하수관로 노후도=-0.070, 교통하중=+0.001, 과거 보수이력=-0.061, 보수 후 경과기간=-0.018]",67.00031777999314,위험,"주요원인=동결융해 | 동결융해=100.0점 (14일 12회) | 누적강수=11.3점 (7일 3.4mm, 14일 18.0mm) | 하수관로 노후도=76.2점 (30년 이상 비율 76.2%) | 교통하중=69.7점 (ESAL 1862.3, 도시 중앙값 적용) | 300m 이내 확인된 보수이력 없음",0,,,,0.0,0.5406706012260553,0.6197001285313087,-0.19622174785084137,0.09602413689946974,-0.06967938373125776,0.0006413663895488769,-0.06072288933117835,-0.017788087188867548,27.573529411764707,하위 70%
R00344,35.881631,126.957415,익산 데모도로,익산시,1404068.0,1069912.0,0.7620086776423934,10.189728749446369,matched,0,,,,,0,343,2711-00,국도27호선,익산시-성산면(2711-00),11994.029214187354,1862.3388,20572.0,0.0407835893447404,city_median,69.67072113572632,76.20086776423935,2025-12-31,12.0,100.0,3.429999999999993,17.97,11.303999999999991,0.0,35.0,2.825999999999998,15.240173552847873,13.934144227145266,67.00031777999314,27.573529411764707,일반,동결융해,"Logistic 위험순위 상위 72.4% | 주요 증가요인=동결융해 | 동결융해 14일 12회 | 7일 강수 3.4mm | 14일 강수 18.0mm | 하수관 노후비율 76.2% | ESAL 1862.3 (도시 중앙값) | 과거 300m 이내 보수이력 없음 | 모델기여도[동결융해=+0.620, 7일 누적강수=-0.196, 14일 누적강수=+0.096, 하수관로 노후도=-0.070, 교통하중=+0.001, 과거 보수이력=-0.061, 보수 후 경과기간=-0.018]",67.00031777999314,위험,"주요원인=동결융해 | 동결융해=100.0점 (14일 12회) | 누적강수=11.3점 (7일 3.4mm, 14일 18.0mm) | 하수관로 노후도=76.2점 (30년 이상 비율 76.2%) | 교통하중=69.7점 (ESAL 1862.3, 도시 중앙값 적용) | 300m 이내 확인된 보수이력 없음",0,,,,0.0,0.5406706012260553,0.6197001285313087,-0.19622174785084137,0.09602413689946974,-0.06967938373125776,0.0006413663895488769,-0.06072288933117835,-0.017788087188867548,27.573529411764707,하위 70%
R00343,35.878362,126.955789,익산 데모도로,익산시,1404068.0,1069912.0,0.7620086776423934,10.189728749446369,matched,0,,,,,0,342,2711-00,국도27호선,익산시-성산면(2711-00),12242.30098510956,1862.3388,20572.0,0.0407835893447404,city_median,69.67072113572632,76.20086776423935,2025-12-31,12.0,100.0,3.429999999999993,17.97,11.303999999999991,0.0,35.0,2.825999999999998,15.240173552847873,13.934144227145266,67.00031777999314,27.573529411764707,일반,동결융해,"Logistic 위험순위 상위 72.4% | 주요 증가요인=동결융해 | 동결융해 14일 12회 | 7일 강수 3.4mm | 14일 강수 18.0mm | 하수관 노후비율 76.2% | ESAL 1862.3 (도시 중앙값) | 과거 300m 이내 보수이력 없음 | 모델기여도[동결융해=+0.620, 7일 누적강수=-0.196, 14일 누적강수=+0.096, 하수관로 노후도=-0.070, 교통하중=+0.001, 과거 보수이력=-0.061, 보수 후 경과기간=-0.018]",67.00031777999314,위험,"주요원인=동결융해 | 동결융해=100.0점 (14일 12회) | 누적강수=11.3점 (7일 3.4mm, 14일 18.0mm) | 하수관로 노후도=76.2점 (30년 이상 비율 76.2%) | 교통하중=69.7점 (ESAL 1862.3, 도시 중앙값 적용) | 300m 이내 확인된 보수이력 없음",0,,,,0.0,0.5406706012260553,0.6197001285313087,-0.19622174785084137,0.09602413689946974,-0.06967938373125776,0.0006413663895488769,-0.06072288933117835,-0.017788087188867548,27.573529411764707,하위 70%
R00342,35.872336,126.957771,익산 데모도로,익산시,1404068.0,1069912.0,0.7620086776423934,10.189728749446369,matched,0,,,,,0,341,2711-00,국도27호선,익산시-성산면(2711-00),12918.648134396575,1862.3388,20572.0,0.0407835893447404,city_median,69.67072113572632,76.20086776423935,2025-12-31,12.0,100.0,3.429999999999993,17.97,11.303999999999991,0.0,35.0,2.825999999999998,15.240173552847873,13.934144227145266,67.00031777999314,27.573529411764707,일반,동결융해,"Logistic 위험순위 상위 72.4% | 주요 증가요인=동결융해 | 동결융해 14일 12회 | 7일 강수 3.4mm | 14일 강수 18.0mm | 하수관 노후비율 76.2% | ESAL 1862.3 (도시 중앙값) | 과거 300m 이내 보수이력 없음 | 모델기여도[동결융해=+0.620, 7일 누적강수=-0.196, 14일 누적강수=+0.096, 하수관로 노후도=-0.070, 교통하중=+0.001, 과거 보수이력=-0.061, 보수 후 경과기간=-0.018]",67.00031777999314,위험,"주요원인=동결융해 | 동결융해=100.0점 (14일 12회) | 누적강수=11.3점 (7일 3.4mm, 14일 18.0mm) | 하수관로 노후도=76.2점 (30년 이상 비율 76.2%) | 교통하중=69.7점 (ESAL 1862.3, 도시 중앙값 적용) | 300m 이내 확인된 보수이력 없음",0,,,,0.0,0.5406706012260553,0.6197001285313087,-0.19622174785084137,0.09602413689946974,-0.06967938373125776,0.0006413663895488769,-0.06072288933117835,-0.017788087188867548,27.573529411764707,하위 70%
R00341,35.869422,126.9565,익산 데모도로,익산시,1404068.0,1069912.0,0.7620086776423934,10.189728749446369,matched,0,,,,,0,340,2711-00,국도27호선,익산시-성산면(2711-00),13156.306382653058,1862.3388,20572.0,0.0407835893447404,city_median,69.67072113572632,76.20086776423935,2025-12-31,12.0,100.0,3.429999999999993,17.97,11.303999999999991,0.0,35.0,2.825999999999998,15.240173552847873,13.934144227145266,67.00031777999314,27.573529411764707,일반,동결융해,"Logistic 위험순위 상위 72.4% | 주요 증가요인=동결융해 | 동결융해 14일 12회 | 7일 강수 3.4mm | 14일 강수 18.0mm | 하수관 노후비율 76.2% | ESAL 1862.3 (도시 중앙값) | 과거 300m 이내 보수이력 없음 | 모델기여도[동결융해=+0.620, 7일 누적강수=-0.196, 14일 누적강수=+0.096, 하수관로 노후도=-0.070, 교통하중=+0.001, 과거 보수이력=-0.061, 보수 후 경과기간=-0.018]",67.00031777999314,위험,"주요원인=동결융해 | 동결융해=100.0점 (14일 12회) | 누적강수=11.3점 (7일 3.4mm, 14일 18.0mm) | 하수관로 노후도=76.2점 (30년 이상 비율 76.2%) | 교통하중=69.7점 (ESAL 1862.3, 도시 중앙값 적용) | 300m 이내 확인된 보수이력 없음",0,,,,0.0,0.5406706012260553,0.6197001285313087,-0.19622174785084137,0.09602413689946974,-0.06967938373125776,0.0006413663895488769,-0.06072288933117835,-0.017788087188867548,27.573529411764707,하위 70%
R00340,36.004894,127.013813,익산 데모도로,익산시,1404068.0,1069912.0,0.7620086776423934,10.189728749446369,matched,0,,,,,0,339,2711-00,국도27호선,익산시-성산면(2711-00),11447.602172456816,1862.3388,20572.0,0.0407835893447404,city_median,69.67072113572632,76.20086776423935,2025-12-31,12.0,100.0,3.429999999999993,17.97,11.303999999999991,0.0,35.0,2.825999999999998,15.240173552847873,13.934144227145266,67.00031777999314,27.573529411764707,일반,동결융해,"Logistic 위험순위 상위 72.4% | 주요 증가요인=동결융해 | 동결융해 14일 12회 | 7일 강수 3.4mm | 14일 강수 18.0mm | 하수관 노후비율 76.2% | ESAL 1862.3 (도시 중앙값) | 과거 300m 이내 보수이력 없음 | 모델기여도[동결융해=+0.620, 7일 누적강수=-0.196, 14일 누적강수=+0.096, 하수관로 노후도=-0.070, 교통하중=+0.001, 과거 보수이력=-0.061, 보수 후 경과기간=-0.018]",67.00031777999314,위험,"주요원인=동결융해 | 동결융해=100.0점 (14일 12회) | 누적강수=11.3점 (7일 3.4mm, 14일 18.0mm) | 하수관로 노후도=76.2점 (30년 이상 비율 76.2%) | 교통하중=69.7점 (ESAL 1862.3, 도시 중앙값 적용) | 300m 이내 확인된 보수이력 없음",0,,,,0.0,0.5406706012260553,0.6197001285313087,-0.19622174785084137,0.09602413689946974,-0.06967938373125776,0.0006413663895488769,-0.06072288933117835,-0.017788087188867548,27.573529411764707,하위 70%
R00339,36.000872,127.010002,익산 데모도로,익산시,1404068.0,1069912.0,0.7620086776423934,10.189728749446369,matched,0,,,,,0,338,2711-00,국도27호선,익산시-성산면(2711-00),10996.65109414364,1862.3388,20572.0,0.0407835893447404,city_median,69.67072113572632,76.20086776423935,2025-12-31,12.0,100.0,3.429999999999993,17.97,11.303999999999991,0.0,35.0,2.825999999999998,15.240173552847873,13.934144227145266,67.00031777999314,27.573529411764707,일반,동결융해,"Logistic 위험순위 상위 72.4% | 주요 증가요인=동결융해 | 동결융해 14일 12회 | 7일 강수 3.4mm | 14일 강수 18.0mm | 하수관 노후비율 76.2% | ESAL 1862.3 (도시 중앙값) | 과거 300m 이내 보수이력 없음 | 모델기여도[동결융해=+0.620, 7일 누적강수=-0.196, 14일 누적강수=+0.096, 하수관로 노후도=-0.070, 교통하중=+0.001, 과거 보수이력=-0.061, 보수 후 경과기간=-0.018]",67.00031777999314,위험,"주요원인=동결융해 | 동결융해=100.0점 (14일 12회) | 누적강수=11.3점 (7일 3.4mm, 14일 18.0mm) | 하수관로 노후도=76.2점 (30년 이상 비율 76.2%) | 교통하중=69.7점 (ESAL 1862.3, 도시 중앙값 적용) | 300m 이내 확인된 보수이력 없음",0,,,,0.0,0.5406706012260553,0.6197001285313087,-0.19622174785084137,0.09602413689946974,-0.06967938373125776,0.0006413663895488769,-0.06072288933117835,-0.017788087188867548,27.573529411764707,하위 70%
R00338,35.998113,127.006219,익산 데모도로,익산시,1404068.0,1069912.0,0.7620086776423934,10.189728749446369,matched,0,,,,,0,337,2711-00,국도27호선,익산시-성산면(2711-00),10591.280771289988,1862.3388,20572.0,0.0407835893447404,city_median,69.67072113572632,76.20086776423935,2025-12-31,12.0,100.0,3.429999999999993,17.97,11.303999999999991,0.0,35.0,2.825999999999998,15.240173552847873,13.934144227145266,67.00031777999314,27.573529411764707,일반,동결융해,"Logistic 위험순위 상위 72.4% | 주요 증가요인=동결융해 | 동결융해 14일 12회 | 7일 강수 3.4mm | 14일 강수 18.0mm | 하수관 노후비율 76.2% | ESAL 1862.3 (도시 중앙값) | 과거 300m 이내 보수이력 없음 | 모델기여도[동결융해=+0.620, 7일 누적강수=-0.196, 14일 누적강수=+0.096, 하수관로 노후도=-0.070, 교통하중=+0.001, 과거 보수이력=-0.061, 보수 후 경과기간=-0.018]",67.00031777999314,위험,"주요원인=동결융해 | 동결융해=100.0점 (14일 12회) | 누적강수=11.3점 (7일 3.4mm, 14일 18.0mm) | 하수관로 노후도=76.2점 (30년 이상 비율 76.2%) | 교통하중=69.7점 (ESAL 1862.3, 도시 중앙값 적용) | 300m 이내 확인된 보수이력 없음",0,,,,0.0,0.5406706012260553,0.6197001285313087,-0.19622174785084137,0.09602413689946974,-0.06967938373125776,0.0006413663895488769,-0.06072288933117835,-0.017788087188867548,27.573529411764707,하위 70%
R00337,35.995591,127.004573,익산 데모도로,익산시,1404068.0,1069912.0,0.7620086776423934,10.189728749446369,matched,0,,,,,0,336,2711-00,국도27호선,익산시-성산면(2711-00),10383.78894283876,1862.3388,20572.0,0.0407835893447404,city_median,69.67072113572632,76.20086776423935,2025-12-31,12.0,100.0,3.429999999999993,17.97,11.303999999999991,0.0,35.0,2.825999999999998,15.240173552847873,13.934144227145266,67.00031777999314,27.573529411764707,일반,동결융해,"Logistic 위험순위 상위 72.4% | 주요 증가요인=동결융해 | 동결융해 14일 12회 | 7일 강수 3.4mm | 14일 강수 18.0mm | 하수관 노후비율 76.2% | ESAL 1862.3 (도시 중앙값) | 과거 300m 이내 보수이력 없음 | 모델기여도[동결융해=+0.620, 7일 누적강수=-0.196, 14일 누적강수=+0.096, 하수관로 노후도=-0.070, 교통하중=+0.001, 과거 보수이력=-0.061, 보수 후 경과기간=-0.018]",67.00031777999314,위험,"주요원인=동결융해 | 동결융해=100.0점 (14일 12회) | 누적강수=11.3점 (7일 3.4mm, 14일 18.0mm) | 하수관로 노후도=76.2점 (30년 이상 비율 76.2%) | 교통하중=69.7점 (ESAL 1862.3, 도시 중앙값 적용) | 300m 이내 확인된 보수이력 없음",0,,,,0.0,0.5406706012260553,0.6197001285313087,-0.19622174785084137,0.09602413689946974,-0.06967938373125776,0.0006413663895488769,-0.06072288933117835,-0.017788087188867548,27.573529411764707,하위 70%
R00336,35.990952,127.00024,익산 데모도로,익산시,1404068.0,1069912.0,0.7620086776423934,10.189728749446369,matched,0,,,,,0,335,2711-00,국도27호선,익산시-성산면(2711-00),9901.412261163025,1862.3388,20572.0,0.0407835893447404,city_median,69.67072113572632,76.20086776423935,2025-12-31,12.0,100.0,3.429999999999993,17.97,11.303999999999991,0.0,35.0,2.825999999999998,15.240173552847873,13.934144227145266,67.00031777999314,27.573529411764707,일반,동결융해,"Logistic 위험순위 상위 72.4% | 주요 증가요인=동결융해 | 동결융해 14일 12회 | 7일 강수 3.4mm | 14일 강수 18.0mm | 하수관 노후비율 76.2% | ESAL 1862.3 (도시 중앙값) | 과거 300m 이내 보수이력 없음 | 모델기여도[동결융해=+0.620, 7일 누적강수=-0.196, 14일 누적강수=+0.096, 하수관로 노후도=-0.070, 교통하중=+0.001, 과거 보수이력=-0.061, 보수 후 경과기간=-0.018]",67.00031777999314,위험,"주요원인=동결융해 | 동결융해=100.0점 (14일 12회) | 누적강수=11.3점 (7일 3.4mm, 14일 18.0mm) | 하수관로 노후도=76.2점 (30년 이상 비율 76.2%) | 교통하중=69.7점 (ESAL 1862.3, 도시 중앙값 적용) | 300m 이내 확인된 보수이력 없음",0,,,,0.0,0.5406706012260553,0.6197001285313087,-0.19622174785084137,0.09602413689946974,-0.06967938373125776,0.0006413663895488769,-0.06072288933117835,-0.017788087188867548,27.573529411764707,하위 70%
R00334,35.983692,126.993823,익산 데모도로,익산시,1404068.0,1069912.0,0.7620086776423934,10.189728749446369,matched,0,,,,,0,333,2711-00,국도27호선,익산시-성산면(2711-00),9219.5969840233,1862.3388,20572.0,0.0407835893447404,city_median,69.67072113572632,76.20086776423935,2025-12-31,12.0,100.0,3.429999999999993,17.97,11.303999999999991,0.0,35.0,2.825999999999998,15.240173552847873,13.934144227145266,67.00031777999314,27.573529411764707,일반,동결융해,"Logistic 위험순위 상위 72.4% | 주요 증가요인=동결융해 | 동결융해 14일 12회 | 7일 강수 3.4mm | 14일 강수 18.0mm | 하수관 노후비율 76.2% | ESAL 1862.3 (도시 중앙값) | 과거 300m 이내 보수이력 없음 | 모델기여도[동결융해=+0.620, 7일 누적강수=-0.196, 14일 누적강수=+0.096, 하수관로 노후도=-0.070, 교통하중=+0.001, 과거 보수이력=-0.061, 보수 후 경과기간=-0.018]",67.00031777999314,위험,"주요원인=동결융해 | 동결융해=100.0점 (14일 12회) | 누적강수=11.3점 (7일 3.4mm, 14일 18.0mm) | 하수관로 노후도=76.2점 (30년 이상 비율 76.2%) | 교통하중=69.7점 (ESAL 1862.3, 도시 중앙값 적용) | 300m 이내 확인된 보수이력 없음",0,,,,0.0,0.5406706012260553,0.6197001285313087,-0.19622174785084137,0.09602413689946974,-0.06967938373125776,0.0006413663895488769,-0.06072288933117835,-0.017788087188867548,27.573529411764707,하위 70%
R00333,35.980563,126.989583,익산 데모도로,익산시,1404068.0,1069912.0,0.7620086776423934,10.189728749446369,matched,0,,,,,0,332,2711-00,국도27호선,익산시-성산면(2711-00),8811.259841799085,1862.3388,20572.0,0.0407835893447404,city_median,69.67072113572632,76.20086776423935,2025-12-31,12.0,100.0,3.429999999999993,17.97,11.303999999999991,0.0,35.0,2.825999999999998,15.240173552847873,13.934144227145266,67.00031777999314,27.573529411764707,일반,동결융해,"Logistic 위험순위 상위 72.4% | 주요 증가요인=동결융해 | 동결융해 14일 12회 | 7일 강수 3.4mm | 14일 강수 18.0mm | 하수관 노후비율 76.2% | ESAL 1862.3 (도시 중앙값) | 과거 300m 이내 보수이력 없음 | 모델기여도[동결융해=+0.620, 7일 누적강수=-0.196, 14일 누적강수=+0.096, 하수관로 노후도=-0.070, 교통하중=+0.001, 과거 보수이력=-0.061, 보수 후 경과기간=-0.018]",67.00031777999314,위험,"주요원인=동결융해 | 동결융해=100.0점 (14일 12회) | 누적강수=11.3점 (7일 3.4mm, 14일 18.0mm) | 하수관로 노후도=76.2점 (30년 이상 비율 76.2%) | 교통하중=69.7점 (ESAL 1862.3, 도시 중앙값 적용) | 300m 이내 확인된 보수이력 없음",0,,,,0.0,0.5406706012260553,0.6197001285313087,-0.19622174785084137,0.09602413689946974,-0.06967938373125776,0.0006413663895488769,-0.06072288933117835,-0.017788087188867548,27.573529411764707,하위 70%
R00332,35.976972,126.987128,익산 데모도로,익산시,1404068.0,1069912.0,0.7620086776423934,10.189728749446369,matched,0,,,,,0,331,2711-00,국도27호선,익산시-성산면(2711-00),8574.253725448603,1862.3388,20572.0,0.0407835893447404,city_median,69.67072113572632,76.20086776423935,2025-12-31,12.0,100.0,3.429999999999993,17.97,11.303999999999991,0.0,35.0,2.825999999999998,15.240173552847873,13.934144227145266,67.00031777999314,27.573529411764707,일반,동결융해,"Logistic 위험순위 상위 72.4% | 주요 증가요인=동결융해 | 동결융해 14일 12회 | 7일 강수 3.4mm | 14일 강수 18.0mm | 하수관 노후비율 76.2% | ESAL 1862.3 (도시 중앙값) | 과거 300m 이내 보수이력 없음 | 모델기여도[동결융해=+0.620, 7일 누적강수=-0.196, 14일 누적강수=+0.096, 하수관로 노후도=-0.070, 교통하중=+0.001, 과거 보수이력=-0.061, 보수 후 경과기간=-0.018]",67.00031777999314,위험,"주요원인=동결융해 | 동결융해=100.0점 (14일 12회) | 누적강수=11.3점 (7일 3.4mm, 14일 18.0mm) | 하수관로 노후도=76.2점 (30년 이상 비율 76.2%) | 교통하중=69.7점 (ESAL 1862.3, 도시 중앙값 적용) | 300m 이내 확인된 보수이력 없음",0,,,,0.0,0.5406706012260553,0.6197001285313087,-0.19622174785084137,0.09602413689946974,-0.06967938373125776,0.0006413663895488769,-0.06072288933117835,-0.017788087188867548,27.573529411764707,하위 70%
R00331,35.9748,126.983332,익산 데모도로,익산시,1404068.0,1069912.0,0.7620086776423934,10.189728749446369,matched,0,,,,,0,330,2711-00,국도27호선,익산시-성산면(2711-00),8231.6822653235,1862.3388,20572.0,0.0407835893447404,city_median,69.67072113572632,76.20086776423935,2025-12-31,12.0,100.0,3.429999999999993,17.97,11.303999999999991,0.0,35.0,2.825999999999998,15.240173552847873,13.934144227145266,67.00031777999314,27.573529411764707,일반,동결융해,"Logistic 위험순위 상위 72.4% | 주요 증가요인=동결융해 | 동결융해 14일 12회 | 7일 강수 3.4mm | 14일 강수 18.0mm | 하수관 노후비율 76.2% | ESAL 1862.3 (도시 중앙값) | 과거 300m 이내 보수이력 없음 | 모델기여도[동결융해=+0.620, 7일 누적강수=-0.196, 14일 누적강수=+0.096, 하수관로 노후도=-0.070, 교통하중=+0.001, 과거 보수이력=-0.061, 보수 후 경과기간=-0.018]",67.00031777999314,위험,"주요원인=동결융해 | 동결융해=100.0점 (14일 12회) | 누적강수=11.3점 (7일 3.4mm, 14일 18.0mm) | 하수관로 노후도=76.2점 (30년 이상 비율 76.2%) | 교통하중=69.7점 (ESAL 1862.3, 도시 중앙값 적용) | 300m 이내 확인된 보수이력 없음",0,,,,0.0,0.5406706012260553,0.6197001285313087,-0.19622174785084137,0.09602413689946974,-0.06967938373125776,0.0006413663895488769,-0.06072288933117835,-0.017788087188867548,27.573529411764707,하위 70%
R00330,35.969842,126.979209,익산 데모도로,익산시,1404068.0,1069912.0,0.7620086776423934,10.189728749446369,matched,0,,,,,0,329,2711-00,국도27호선,익산시-성산면(2711-00),7885.917194082212,1862.3388,20572.0,0.0407835893447404,city_median,69.67072113572632,76.20086776423935,2025-12-31,12.0,100.0,3.429999999999993,17.97,11.303999999999991,0.0,35.0,2.825999999999998,15.240173552847873,13.934144227145266,67.00031777999314,27.573529411764707,일반,동결융해,"Logistic 위험순위 상위 72.4% | 주요 증가요인=동결융해 | 동결융해 14일 12회 | 7일 강수 3.4mm | 14일 강수 18.0mm | 하수관 노후비율 76.2% | ESAL 1862.3 (도시 중앙값) | 과거 300m 이내 보수이력 없음 | 모델기여도[동결융해=+0.620, 7일 누적강수=-0.196, 14일 누적강수=+0.096, 하수관로 노후도=-0.070, 교통하중=+0.001, 과거 보수이력=-0.061, 보수 후 경과기간=-0.018]",67.00031777999314,위험,"주요원인=동결융해 | 동결융해=100.0점 (14일 12회) | 누적강수=11.3점 (7일 3.4mm, 14일 18.0mm) | 하수관로 노후도=76.2점 (30년 이상 비율 76.2%) | 교통하중=69.7점 (ESAL 1862.3, 도시 중앙값 적용) | 300m 이내 확인된 보수이력 없음",0,,,,0.0,0.5406706012260553,0.6197001285313087,-0.19622174785084137,0.09602413689946974,-0.06967938373125776,0.0006413663895488769,-0.06072288933117835,-0.017788087188867548,27.573529411764707,하위 70%
R00329,35.967248,126.97747,익산 데모도로,익산시,1404068.0,1069912.0,0.7620086776423934,10.189728749446369,matched,0,,,,,0,328,2711-00,국도27호선,익산시-성산면(2711-00),7758.993059098544,1862.3388,20572.0,0.0407835893447404,city_median,69.67072113572632,76.20086776423935,2025-12-31,12.0,100.0,3.429999999999993,17.97,11.303999999999991,0.0,35.0,2.825999999999998,15.240173552847873,13.934144227145266,67.00031777999314,27.573529411764707,일반,동결융해,"Logistic 위험순위 상위 72.4% | 주요 증가요인=동결융해 | 동결융해 14일 12회 | 7일 강수 3.4mm | 14일 강수 18.0mm | 하수관 노후비율 76.2% | ESAL 1862.3 (도시 중앙값) | 과거 300m 이내 보수이력 없음 | 모델기여도[동결융해=+0.620, 7일 누적강수=-0.196, 14일 누적강수=+0.096, 하수관로 노후도=-0.070, 교통하중=+0.001, 과거 보수이력=-0.061, 보수 후 경과기간=-0.018]",67.00031777999314,위험,"주요원인=동결융해 | 동결융해=100.0점 (14일 12회) | 누적강수=11.3점 (7일 3.4mm, 14일 18.0mm) | 하수관로 노후도=76.2점 (30년 이상 비율 76.2%) | 교통하중=69.7점 (ESAL 1862.3, 도시 중앙값 적용) | 300m 이내 확인된 보수이력 없음",0,,,,0.0,0.5406706012260553,0.6197001285313087,-0.19622174785084137,0.09602413689946974,-0.06967938373125776,0.0006413663895488769,-0.06072288933117835,-0.017788087188867548,27.573529411764707,하위 70%
R00328,35.964288,126.973395,익산 데모도로,익산시,1404068.0,1069912.0,0.7620086776423934,10.189728749446369,matched,0,,,,,0,327,2711-00,국도27호선,익산시-성산면(2711-00),7443.290784811725,1862.3388,20572.0,0.0407835893447404,city_median,69.67072113572632,76.20086776423935,2025-12-31,12.0,100.0,3.429999999999993,17.97,11.303999999999991,0.0,35.0,2.825999999999998,15.240173552847873,13.934144227145266,67.00031777999314,27.573529411764707,일반,동결융해,"Logistic 위험순위 상위 72.4% | 주요 증가요인=동결융해 | 동결융해 14일 12회 | 7일 강수 3.4mm | 14일 강수 18.0mm | 하수관 노후비율 76.2% | ESAL 1862.3 (도시 중앙값) | 과거 300m 이내 보수이력 없음 | 모델기여도[동결융해=+0.620, 7일 누적강수=-0.196, 14일 누적강수=+0.096, 하수관로 노후도=-0.070, 교통하중=+0.001, 과거 보수이력=-0.061, 보수 후 경과기간=-0.018]",67.00031777999314,위험,"주요원인=동결융해 | 동결융해=100.0점 (14일 12회) | 누적강수=11.3점 (7일 3.4mm, 14일 18.0mm) | 하수관로 노후도=76.2점 (30년 이상 비율 76.2%) | 교통하중=69.7점 (ESAL 1862.3, 도시 중앙값 적용) | 300m 이내 확인된 보수이력 없음",0,,,,0.0,0.5406706012260553,0.6197001285313087,-0.19622174785084137,0.09602413689946974,-0.06967938373125776,0.0006413663895488769,-0.06072288933117835,-0.017788087188867548,27.573529411764707,하위 70%
R00327,35.959917,126.970373,익산 데모도로,익산시,1404068.0,1069912.0,0.7620086776423934,10.189728749446369,matched,0,,,,,0,326,2711-00,국도27호선,익산시-성산면(2711-00),7275.962862816038,1862.3388,20572.0,0.0407835893447404,city_median,69.67072113572632,76.20086776423935,2025-12-31,12.0,100.0,3.429999999999993,17.97,11.303999999999991,0.0,35.0,2.825999999999998,15.240173552847873,13.934144227145266,67.00031777999314,27.573529411764707,일반,동결융해,"Logistic 위험순위 상위 72.4% | 주요 증가요인=동결융해 | 동결융해 14일 12회 | 7일 강수 3.4mm | 14일 강수 18.0mm | 하수관 노후비율 76.2% | ESAL 1862.3 (도시 중앙값) | 과거 300m 이내 보수이력 없음 | 모델기여도[동결융해=+0.620, 7일 누적강수=-0.196, 14일 누적강수=+0.096, 하수관로 노후도=-0.070, 교통하중=+0.001, 과거 보수이력=-0.061, 보수 후 경과기간=-0.018]",67.00031777999314,위험,"주요원인=동결융해 | 동결융해=100.0점 (14일 12회) | 누적강수=11.3점 (7일 3.4mm, 14일 18.0mm) | 하수관로 노후도=76.2점 (30년 이상 비율 76.2%) | 교통하중=69.7점 (ESAL 1862.3, 도시 중앙값 적용) | 300m 이내 확인된 보수이력 없음",0,,,,0.0,0.5406706012260553,0.6197001285313087,-0.19622174785084137,0.09602413689946974,-0.06967938373125776,0.0006413663895488769,-0.06072288933117835,-0.017788087188867548,27.573529411764707,하위 70%
R00326,35.956457,126.964735,익산 데모도로,익산시,1404068.0,1069912.0,0.7620086776423934,10.189728749446369,matched,0,,,,,0,325,2711-00,국도27호선,익산시-성산면(2711-00),6892.93532646051,1862.3388,20572.0,0.0407835893447404,city_median,69.67072113572632,76.20086776423935,2025-12-31,12.0,100.0,3.429999999999993,17.97,11.303999999999991,0.0,35.0,2.825999999999998,15.240173552847873,13.934144227145266,67.00031777999314,27.573529411764707,일반,동결융해,"Logistic 위험순위 상위 72.4% | 주요 증가요인=동결융해 | 동결융해 14일 12회 | 7일 강수 3.4mm | 14일 강수 18.0mm | 하수관 노후비율 76.2% | ESAL 1862.3 (도시 중앙값) | 과거 300m 이내 보수이력 없음 | 모델기여도[동결융해=+0.620, 7일 누적강수=-0.196, 14일 누적강수=+0.096, 하수관로 노후도=-0.070, 교통하중=+0.001, 과거 보수이력=-0.061, 보수 후 경과기간=-0.018]",67.00031777999314,위험,"주요원인=동결융해 | 동결융해=100.0점 (14일 12회) | 누적강수=11.3점 (7일 3.4mm, 14일 18.0mm) | 하수관로 노후도=76.2점 (30년 이상 비율 76.2%) | 교통하중=69.7점 (ESAL 1862.3, 도시 중앙값 적용) | 300m 이내 확인된 보수이력 없음",0,,,,0.0,0.5406706012260553,0.6197001285313087,-0.19622174785084137,0.09602413689946974,-0.06967938373125776,0.0006413663895488769,-0.06072288933117835,-0.017788087188867548,27.573529411764707,하위 70%
R00325,35.952676,126.962377,익산 데모도로,익산시,1404068.0,1069912.0,0.7620086776423934,10.189728749446369,matched,0,,,,,0,324,2711-00,국도27호선,익산시-성산면(2711-00),6836.369847761048,1862.3388,20572.0,0.0407835893447404,city_median,69.67072113572632,76.20086776423935,2025-12-31,12.0,100.0,3.429999999999993,17.97,11.303999999999991,0.0,35.0,2.825999999999998,15.240173552847873,13.934144227145266,67.00031777999314,27.573529411764707,일반,동결융해,"Logistic 위험순위 상위 72.4% | 주요 증가요인=동결융해 | 동결융해 14일 12회 | 7일 강수 3.4mm | 14일 강수 18.0mm | 하수관 노후비율 76.2% | ESAL 1862.3 (도시 중앙값) | 과거 300m 이내 보수이력 없음 | 모델기여도[동결융해=+0.620, 7일 누적강수=-0.196, 14일 누적강수=+0.096, 하수관로 노후도=-0.070, 교통하중=+0.001, 과거 보수이력=-0.061, 보수 후 경과기간=-0.018]",67.00031777999314,위험,"주요원인=동결융해 | 동결융해=100.0점 (14일 12회) | 누적강수=11.3점 (7일 3.4mm, 14일 18.0mm) | 하수관로 노후도=76.2점 (30년 이상 비율 76.2%) | 교통하중=69.7점 (ESAL 1862.3, 도시 중앙값 적용) | 300m 이내 확인된 보수이력 없음",0,,,,0.0,0.5406706012260553,0.6197001285313087,-0.19622174785084137,0.09602413689946974,-0.06967938373125776,0.0006413663895488769,-0.06072288933117835,-0.017788087188867548,27.573529411764707,하위 70%
R00324,35.950586,126.958855,익산 데모도로,익산시,1404068.0,1069912.0,0.7620086776423934,10.189728749446369,matched,0,,,,,0,323,2711-00,국도27호선,익산시-성산면(2711-00),6636.953763064371,1862.3388,20572.0,0.0407835893447404,city_median,69.67072113572632,76.20086776423935,2025-12-31,12.0,100.0,3.429999999999993,17.97,11.303999999999991,0.0,35.0,2.825999999999998,15.240173552847873,13.934144227145266,67.00031777999314,27.573529411764707,일반,동결융해,"Logistic 위험순위 상위 72.4% | 주요 증가요인=동결융해 | 동결융해 14일 12회 | 7일 강수 3.4mm | 14일 강수 18.0mm | 하수관 노후비율 76.2% | ESAL 1862.3 (도시 중앙값) | 과거 300m 이내 보수이력 없음 | 모델기여도[동결융해=+0.620, 7일 누적강수=-0.196, 14일 누적강수=+0.096, 하수관로 노후도=-0.070, 교통하중=+0.001, 과거 보수이력=-0.061, 보수 후 경과기간=-0.018]",67.00031777999314,위험,"주요원인=동결융해 | 동결융해=100.0점 (14일 12회) | 누적강수=11.3점 (7일 3.4mm, 14일 18.0mm) | 하수관로 노후도=76.2점 (30년 이상 비율 76.2%) | 교통하중=69.7점 (ESAL 1862.3, 도시 중앙값 적용) | 300m 이내 확인된 보수이력 없음",0,,,,0.0,0.5406706012260553,0.6197001285313087,-0.19622174785084137,0.09602413689946974,-0.06967938373125776,0.0006413663895488769,-0.06072288933117835,-0.017788087188867548,27.573529411764707,하위 70%
R00322,35.942679,126.952855,익산 데모도로,익산시,1404068.0,1069912.0,0.7620086776423934,10.189728749446369,matched,0,,,,,0,321,2711-00,국도27호선,익산시-성산면(2711-00),6594.093301094613,1862.3388,20572.0,0.0407835893447404,city_median,69.67072113572632,76.20086776423935,2025-12-31,12.0,100.0,3.429999999999993,17.97,11.303999999999991,0.0,35.0,2.825999999999998,15.240173552847873,13.934144227145266,67.00031777999314,27.573529411764707,일반,동결융해,"Logistic 위험순위 상위 72.4% | 주요 증가요인=동결융해 | 동결융해 14일 12회 | 7일 강수 3.4mm | 14일 강수 18.0mm | 하수관 노후비율 76.2% | ESAL 1862.3 (도시 중앙값) | 과거 300m 이내 보수이력 없음 | 모델기여도[동결융해=+0.620, 7일 누적강수=-0.196, 14일 누적강수=+0.096, 하수관로 노후도=-0.070, 교통하중=+0.001, 과거 보수이력=-0.061, 보수 후 경과기간=-0.018]",67.00031777999314,위험,"주요원인=동결융해 | 동결융해=100.0점 (14일 12회) | 누적강수=11.3점 (7일 3.4mm, 14일 18.0mm) | 하수관로 노후도=76.2점 (30년 이상 비율 76.2%) | 교통하중=69.7점 (ESAL 1862.3, 도시 중앙값 적용) | 300m 이내 확인된 보수이력 없음",0,,,,0.0,0.5406706012260553,0.6197001285313087,-0.19622174785084137,0.09602413689946974,-0.06967938373125776,0.0006413663895488769,-0.06072288933117835,-0.017788087188867548,27.573529411764707,하위 70%
R00321,35.93962,126.948668,익산 데모도로,익산시,1404068.0,1069912.0,0.7620086776423934,10.189728749446369,matched,0,,,,,0,320,2711-00,국도27호선,익산시-성산면(2711-00),6487.531966338726,1862.3388,20572.0,0.0407835893447404,city_median,69.67072113572632,76.20086776423935,2025-12-31,12.0,100.0,3.429999999999993,17.97,11.303999999999991,0.0,35.0,2.825999999999998,15.240173552847873,13.934144227145266,67.00031777999314,27.573529411764707,일반,동결융해,"Logistic 위험순위 상위 72.4% | 주요 증가요인=동결융해 | 동결융해 14일 12회 | 7일 강수 3.4mm | 14일 강수 18.0mm | 하수관 노후비율 76.2% | ESAL 1862.3 (도시 중앙값) | 과거 300m 이내 보수이력 없음 | 모델기여도[동결융해=+0.620, 7일 누적강수=-0.196, 14일 누적강수=+0.096, 하수관로 노후도=-0.070, 교통하중=+0.001, 과거 보수이력=-0.061, 보수 후 경과기간=-0.018]",67.00031777999314,위험,"주요원인=동결융해 | 동결융해=100.0점 (14일 12회) | 누적강수=11.3점 (7일 3.4mm, 14일 18.0mm) | 하수관로 노후도=76.2점 (30년 이상 비율 76.2%) | 교통하중=69.7점 (ESAL 1862.3, 도시 중앙값 적용) | 300m 이내 확인된 보수이력 없음",0,,,,0.0,0.5406706012260553,0.6197001285313087,-0.19622174785084137,0.09602413689946974,-0.06967938373125776,0.0006413663895488769,-0.06072288933117835,-0.017788087188867548,27.573529411764707,하위 70%
R00318,35.929691,126.93936,익산 데모도로,익산시,1404068.0,1069912.0,0.7620086776423934,10.189728749446369,matched,0,,,,,0,317,2711-00,국도27호선,익산시-성산면(2711-00),6652.87973854273,1862.3388,20572.0,0.0407835893447404,city_median,69.67072113572632,76.20086776423935,2025-12-31,12.0,100.0,3.429999999999993,17.97,11.303999999999991,0.0,35.0,2.825999999999998,15.240173552847873,13.934144227145266,67.00031777999314,27.573529411764707,일반,동결융해,"Logistic 위험순위 상위 72.4% | 주요 증가요인=동결융해 | 동결융해 14일 12회 | 7일 강수 3.4mm | 14일 강수 18.0mm | 하수관 노후비율 76.2% | ESAL 1862.3 (도시 중앙값) | 과거 300m 이내 보수이력 없음 | 모델기여도[동결융해=+0.620, 7일 누적강수=-0.196, 14일 누적강수=+0.096, 하수관로 노후도=-0.070, 교통하중=+0.001, 과거 보수이력=-0.061, 보수 후 경과기간=-0.018]",67.00031777999314,위험,"주요원인=동결융해 | 동결융해=100.0점 (14일 12회) | 누적강수=11.3점 (7일 3.4mm, 14일 18.0mm) | 하수관로 노후도=76.2점 (30년 이상 비율 76.2%) | 교통하중=69.7점 (ESAL 1862.3, 도시 중앙값 적용) | 300m 이내 확인된 보수이력 없음",0,,,,0.0,0.5406706012260553,0.6197001285313087,-0.19622174785084137,0.09602413689946974,-0.06967938373125776,0.0006413663895488769,-0.06072288933117835,-0.017788087188867548,27.573529411764707,하위 70%
R00317,35.925879,126.934545,익산 데모도로,익산시,1404068.0,1069912.0,0.7620086776423934,10.189728749446369,matched,0,,,,,0,316,2711-00,국도27호선,익산시-성산면(2711-00),6726.358010897682,1862.3388,20572.0,0.0407835893447404,city_median,69.67072113572632,76.20086776423935,2025-12-31,12.0,100.0,3.429999999999993,17.97,11.303999999999991,0.0,35.0,2.825999999999998,15.240173552847873,13.934144227145266,67.00031777999314,27.573529411764707,일반,동결융해,"Logistic 위험순위 상위 72.4% | 주요 증가요인=동결융해 | 동결융해 14일 12회 | 7일 강수 3.4mm | 14일 강수 18.0mm | 하수관 노후비율 76.2% | ESAL 1862.3 (도시 중앙값) | 과거 300m 이내 보수이력 없음 | 모델기여도[동결융해=+0.620, 7일 누적강수=-0.196, 14일 누적강수=+0.096, 하수관로 노후도=-0.070, 교통하중=+0.001, 과거 보수이력=-0.061, 보수 후 경과기간=-0.018]",67.00031777999314,위험,"주요원인=동결융해 | 동결융해=100.0점 (14일 12회) | 누적강수=11.3점 (7일 3.4mm, 14일 18.0mm) | 하수관로 노후도=76.2점 (30년 이상 비율 76.2%) | 교통하중=69.7점 (ESAL 1862.3, 도시 중앙값 적용) | 300m 이내 확인된 보수이력 없음",0,,,,0.0,0.5406706012260553,0.6197001285313087,-0.19622174785084137,0.09602413689946974,-0.06967938373125776,0.0006413663895488769,-0.06072288933117835,-0.017788087188867548,27.573529411764707,하위 70%
R00315,35.920392,126.928644,익산 데모도로,익산시,1404068.0,1069912.0,0.7620086776423934,10.189728749446369,matched,0,,,,,0,314,2711-00,국도27호선,익산시-성산면(2711-00),6968.079820837869,1862.3388,20572.0,0.0407835893447404,city_median,69.67072113572632,76.20086776423935,2025-12-31,12.0,100.0,3.429999999999993,17.97,11.303999999999991,0.0,35.0,2.825999999999998,15.240173552847873,13.934144227145266,67.00031777999314,27.573529411764707,일반,동결융해,"Logistic 위험순위 상위 72.4% | 주요 증가요인=동결융해 | 동결융해 14일 12회 | 7일 강수 3.4mm | 14일 강수 18.0mm | 하수관 노후비율 76.2% | ESAL 1862.3 (도시 중앙값) | 과거 300m 이내 보수이력 없음 | 모델기여도[동결융해=+0.620, 7일 누적강수=-0.196, 14일 누적강수=+0.096, 하수관로 노후도=-0.070, 교통하중=+0.001, 과거 보수이력=-0.061, 보수 후 경과기간=-0.018]",67.00031777999314,위험,"주요원인=동결융해 | 동결융해=100.0점 (14일 12회) | 누적강수=11.3점 (7일 3.4mm, 14일 18.0mm) | 하수관로 노후도=76.2점 (30년 이상 비율 76.2%) | 교통하중=69.7점 (ESAL 1862.3, 도시 중앙값 적용) | 300m 이내 확인된 보수이력 없음",0,,,,0.0,0.5406706012260553,0.6197001285313087,-0.19622174785084137,0.09602413689946974,-0.06967938373125776,0.0006413663895488769,-0.06072288933117835,-0.017788087188867548,27.573529411764707,하위 70%
R00316,35.921075,126.932087,익산 데모도로,익산시,1404068.0,1069912.0,0.7620086776423934,10.189728749446369,matched,0,,,,,0,315,2711-00,국도27호선,익산시-성산면(2711-00),7055.288065603108,1862.3388,20572.0,0.0407835893447404,city_median,69.67072113572632,76.20086776423935,2025-12-31,12.0,100.0,3.429999999999993,17.97,11.303999999999991,0.0,35.0,2.825999999999998,15.240173552847873,13.934144227145266,67.00031777999314,27.573529411764707,일반,동결융해,"Logistic 위험순위 상위 72.4% | 주요 증가요인=동결융해 | 동결융해 14일 12회 | 7일 강수 3.4mm | 14일 강수 18.0mm | 하수관 노후비율 76.2% | ESAL 1862.3 (도시 중앙값) | 과거 300m 이내 보수이력 없음 | 모델기여도[동결융해=+0.620, 7일 누적강수=-0.196, 14일 누적강수=+0.096, 하수관로 노후도=-0.070, 교통하중=+0.001, 과거 보수이력=-0.061, 보수 후 경과기간=-0.018]",67.00031777999314,위험,"주요원인=동결융해 | 동결융해=100.0점 (14일 12회) | 누적강수=11.3점 (7일 3.4mm, 14일 18.0mm) | 하수관로 노후도=76.2점 (30년 이상 비율 76.2%) | 교통하중=69.7점 (ESAL 1862.3, 도시 중앙값 적용) | 300m 이내 확인된 보수이력 없음",0,,,,0.0,0.5406706012260553,0.6197001285313087,-0.19622174785084137,0.09602413689946974,-0.06967938373125776,0.0006413663895488769,-0.06072288933117835,-0.017788087188867548,27.573529411764707,하위 70%
R00314,35.914794,126.925322,익산 데모도로,익산시,1404068.0,1069912.0,0.7620086776423934,10.189728749446369,matched,0,,,,,0,313,2711-00,국도27호선,익산시-성산면(2711-00),7394.869888629142,1862.3388,20572.0,0.0407835893447404,city_median,69.67072113572632,76.20086776423935,2025-12-31,12.0,100.0,3.429999999999993,17.97,11.303999999999991,0.0,35.0,2.825999999999998,15.240173552847873,13.934144227145266,67.00031777999314,27.573529411764707,일반,동결융해,"Logistic 위험순위 상위 72.4% | 주요 증가요인=동결융해 | 동결융해 14일 12회 | 7일 강수 3.4mm | 14일 강수 18.0mm | 하수관 노후비율 76.2% | ESAL 1862.3 (도시 중앙값) | 과거 300m 이내 보수이력 없음 | 모델기여도[동결융해=+0.620, 7일 누적강수=-0.196, 14일 누적강수=+0.096, 하수관로 노후도=-0.070, 교통하중=+0.001, 과거 보수이력=-0.061, 보수 후 경과기간=-0.018]",67.00031777999314,위험,"주요원인=동결융해 | 동결융해=100.0점 (14일 12회) | 누적강수=11.3점 (7일 3.4mm, 14일 18.0mm) | 하수관로 노후도=76.2점 (30년 이상 비율 76.2%) | 교통하중=69.7점 (ESAL 1862.3, 도시 중앙값 적용) | 300m 이내 확인된 보수이력 없음",0,,,,0.0,0.5406706012260553,0.6197001285313087,-0.19622174785084137,0.09602413689946974,-0.06967938373125776,0.0006413663895488769,-0.06072288933117835,-0.017788087188867548,27.573529411764707,하위 70%
R00313,35.911736,126.921285,익산 데모도로,익산시,1404068.0,1069912.0,0.7620086776423934,10.189728749446369,matched,0,,,,,0,312,2711-00,국도27호선,익산시-성산면(2711-00),7572.021503633102,1862.3388,20572.0,0.0407835893447404,city_median,69.67072113572632,76.20086776423935,2025-12-31,12.0,100.0,3.429999999999993,17.97,11.303999999999991,0.0,35.0,2.825999999999998,15.240173552847873,13.934144227145266,67.00031777999314,27.573529411764707,일반,동결융해,"Logistic 위험순위 상위 72.4% | 주요 증가요인=동결융해 | 동결융해 14일 12회 | 7일 강수 3.4mm | 14일 강수 18.0mm | 하수관 노후비율 76.2% | ESAL 1862.3 (도시 중앙값) | 과거 300m 이내 보수이력 없음 | 모델기여도[동결융해=+0.620, 7일 누적강수=-0.196, 14일 누적강수=+0.096, 하수관로 노후도=-0.070, 교통하중=+0.001, 과거 보수이력=-0.061, 보수 후 경과기간=-0.018]",67.00031777999314,위험,"주요원인=동결융해 | 동결융해=100.0점 (14일 12회) | 누적강수=11.3점 (7일 3.4mm, 14일 18.0mm) | 하수관로 노후도=76.2점 (30년 이상 비율 76.2%) | 교통하중=69.7점 (ESAL 1862.3, 도시 중앙값 적용) | 300m 이내 확인된 보수이력 없음",0,,,,0.0,0.5406706012260553,0.6197001285313087,-0.19622174785084137,0.09602413689946974,-0.06967938373125776,0.0006413663895488769,-0.06072288933117835,-0.017788087188867548,27.573529411764707,하위 70%
R00279,35.94886,126.906278,익산 데모도로,익산시,1404068.0,1069912.0,0.7620086776423934,10.189728749446369,matched,0,,,,,0,278,2711-00,국도27호선,익산시-성산면(2711-00),3237.0478108022767,1862.3388,20572.0,0.0407835893447404,city_median,69.67072113572632,76.20086776423935,2025-12-31,12.0,100.0,3.429999999999993,17.97,11.303999999999991,0.0,35.0,2.825999999999998,15.240173552847873,13.934144227145266,67.00031777999314,27.573529411764707,일반,동결융해,"Logistic 위험순위 상위 72.4% | 주요 증가요인=동결융해 | 동결융해 14일 12회 | 7일 강수 3.4mm | 14일 강수 18.0mm | 하수관 노후비율 76.2% | ESAL 1862.3 (도시 중앙값) | 과거 300m 이내 보수이력 없음 | 모델기여도[동결융해=+0.620, 7일 누적강수=-0.196, 14일 누적강수=+0.096, 하수관로 노후도=-0.070, 교통하중=+0.001, 과거 보수이력=-0.061, 보수 후 경과기간=-0.018]",67.00031777999314,위험,"주요원인=동결융해 | 동결융해=100.0점 (14일 12회) | 누적강수=11.3점 (7일 3.4mm, 14일 18.0mm) | 하수관로 노후도=76.2점 (30년 이상 비율 76.2%) | 교통하중=69.7점 (ESAL 1862.3, 도시 중앙값 적용) | 300m 이내 확인된 보수이력 없음",0,,,,0.0,0.5406706012260553,0.6197001285313087,-0.19622174785084137,0.09602413689946974,-0.06967938373125776,0.0006413663895488769,-0.06072288933117835,-0.017788087188867548,27.573529411764707,하위 70%
R00294,35.948785,126.978924,익산 데모도로,익산시,1404068.0,1069912.0,0.7620086776423934,10.189728749446369,matched,0,,,,,0,293,2711-00,국도27호선,익산시-성산면(2711-00),8381.266246134714,1862.3388,20572.0,0.0407835893447404,city_median,69.67072113572632,76.20086776423935,2025-12-31,12.0,100.0,3.429999999999993,17.97,11.303999999999991,0.0,35.0,2.825999999999998,15.240173552847873,13.934144227145266,67.00031777999314,27.573529411764707,일반,동결융해,"Logistic 위험순위 상위 72.4% | 주요 증가요인=동결융해 | 동결융해 14일 12회 | 7일 강수 3.4mm | 14일 강수 18.0mm | 하수관 노후비율 76.2% | ESAL 1862.3 (도시 중앙값) | 과거 300m 이내 보수이력 없음 | 모델기여도[동결융해=+0.620, 7일 누적강수=-0.196, 14일 누적강수=+0.096, 하수관로 노후도=-0.070, 교통하중=+0.001, 과거 보수이력=-0.061, 보수 후 경과기간=-0.018]",67.00031777999314,위험,"주요원인=동결융해 | 동결융해=100.0점 (14일 12회) | 누적강수=11.3점 (7일 3.4mm, 14일 18.0mm) | 하수관로 노후도=76.2점 (30년 이상 비율 76.2%) | 교통하중=69.7점 (ESAL 1862.3, 도시 중앙값 적용) | 300m 이내 확인된 보수이력 없음",0,,,,0.0,0.5406706012260553,0.6197001285313087,-0.19622174785084137,0.09602413689946974,-0.06967938373125776,0.0006413663895488769,-0.06072288933117835,-0.017788087188867548,27.573529411764707,하위 70%
R00292,35.948097,126.970791,익산 데모도로,익산시,1404068.0,1069912.0,0.7620086776423934,10.189728749446369,matched,0,,,,,0,291,2711-00,국도27호선,익산시-성산면(2711-00),7731.184557192068,1862.3388,20572.0,0.0407835893447404,city_median,69.67072113572632,76.20086776423935,2025-12-31,12.0,100.0,3.429999999999993,17.97,11.303999999999991,0.0,35.0,2.825999999999998,15.240173552847873,13.934144227145266,67.00031777999314,27.573529411764707,일반,동결융해,"Logistic 위험순위 상위 72.4% | 주요 증가요인=동결융해 | 동결융해 14일 12회 | 7일 강수 3.4mm | 14일 강수 18.0mm | 하수관 노후비율 76.2% | ESAL 1862.3 (도시 중앙값) | 과거 300m 이내 보수이력 없음 | 모델기여도[동결융해=+0.620, 7일 누적강수=-0.196, 14일 누적강수=+0.096, 하수관로 노후도=-0.070, 교통하중=+0.001, 과거 보수이력=-0.061, 보수 후 경과기간=-0.018]",67.00031777999314,위험,"주요원인=동결융해 | 동결융해=100.0점 (14일 12회) | 누적강수=11.3점 (7일 3.4mm, 14일 18.0mm) | 하수관로 노후도=76.2점 (30년 이상 비율 76.2%) | 교통하중=69.7점 (ESAL 1862.3, 도시 중앙값 적용) | 300m 이내 확인된 보수이력 없음",0,,,,0.0,0.5406706012260553,0.6197001285313087,-0.19622174785084137,0.09602413689946974,-0.06967938373125776,0.0006413663895488769,-0.06072288933117835,-0.017788087188867548,27.573529411764707,하위 70%
R00309,35.898125,126.907981,익산 데모도로,익산시,1404068.0,1069912.0,0.7620086776423934,10.189728749446369,matched,0,,,,,0,308,2711-00,국도27호선,익산시-성산면(2711-00),8728.556962841787,1862.3388,20572.0,0.0407835893447404,city_median,69.67072113572632,76.20086776423935,2025-12-31,12.0,100.0,3.429999999999993,17.97,11.303999999999991,0.0,35.0,2.825999999999998,15.240173552847873,13.934144227145266,67.00031777999314,27.573529411764707,일반,동결융해,"Logistic 위험순위 상위 72.4% | 주요 증가요인=동결융해 | 동결융해 14일 12회 | 7일 강수 3.4mm | 14일 강수 18.0mm | 하수관 노후비율 76.2% | ESAL 1862.3 (도시 중앙값) | 과거 300m 이내 보수이력 없음 | 모델기여도[동결융해=+0.620, 7일 누적강수=-0.196, 14일 누적강수=+0.096, 하수관로 노후도=-0.070, 교통하중=+0.001, 과거 보수이력=-0.061, 보수 후 경과기간=-0.018]",67.00031777999314,위험,"주요원인=동결융해 | 동결융해=100.0점 (14일 12회) | 누적강수=11.3점 (7일 3.4mm, 14일 18.0mm) | 하수관로 노후도=76.2점 (30년 이상 비율 76.2%) | 교통하중=69.7점 (ESAL 1862.3, 도시 중앙값 적용) | 300m 이내 확인된 보수이력 없음",0,,,,0.0,0.5406706012260553,0.6197001285313087,-0.19622174785084137,0.09602413689946974,-0.06967938373125776,0.0006413663895488769,-0.06072288933117835,-0.017788087188867548,27.573529411764707,하위 70%
R00308,35.896398,126.903757,익산 데모도로,익산시,1404068.0,1069912.0,0.7620086776423934,10.189728749446369,matched,0,,,,,0,307,2711-00,국도27호선,익산시-성산면(2711-00),8864.029658739408,1862.3388,20572.0,0.0407835893447404,city_median,69.67072113572632,76.20086776423935,2025-12-31,12.0,100.0,3.429999999999993,17.97,11.303999999999991,0.0,35.0,2.825999999999998,15.240173552847873,13.934144227145266,67.00031777999314,27.573529411764707,일반,동결융해,"Logistic 위험순위 상위 72.4% | 주요 증가요인=동결융해 | 동결융해 14일 12회 | 7일 강수 3.4mm | 14일 강수 18.0mm | 하수관 노후비율 76.2% | ESAL 1862.3 (도시 중앙값) | 과거 300m 이내 보수이력 없음 | 모델기여도[동결융해=+0.620, 7일 누적강수=-0.196, 14일 누적강수=+0.096, 하수관로 노후도=-0.070, 교통하중=+0.001, 과거 보수이력=-0.061, 보수 후 경과기간=-0.018]",67.00031777999314,위험,"주요원인=동결융해 | 동결융해=100.0점 (14일 12회) | 누적강수=11.3점 (7일 3.4mm, 14일 18.0mm) | 하수관로 노후도=76.2점 (30년 이상 비율 76.2%) | 교통하중=69.7점 (ESAL 1862.3, 도시 중앙값 적용) | 300m 이내 확인된 보수이력 없음",0,,,,0.0,0.5406706012260553,0.6197001285313087,-0.19622174785084137,0.09602413689946974,-0.06967938373125776,0.0006413663895488769,-0.06072288933117835,-0.017788087188867548,27.573529411764707,하위 70%
R00306,35.947077,127.037643,익산 데모도로,익산시,1404068.0,1069912.0,0.7620086776423934,10.189728749446369,matched,0,,,,,0,305,2711-00,국도27호선,익산시-성산면(2711-00),13496.92049001226,1862.3388,20572.0,0.0407835893447404,city_median,69.67072113572632,76.20086776423935,2025-12-31,12.0,100.0,3.429999999999993,17.97,11.303999999999991,0.0,35.0,2.825999999999998,15.240173552847873,13.934144227145266,67.00031777999314,27.573529411764707,일반,동결융해,"Logistic 위험순위 상위 72.4% | 주요 증가요인=동결융해 | 동결융해 14일 12회 | 7일 강수 3.4mm | 14일 강수 18.0mm | 하수관 노후비율 76.2% | ESAL 1862.3 (도시 중앙값) | 과거 300m 이내 보수이력 없음 | 모델기여도[동결융해=+0.620, 7일 누적강수=-0.196, 14일 누적강수=+0.096, 하수관로 노후도=-0.070, 교통하중=+0.001, 과거 보수이력=-0.061, 보수 후 경과기간=-0.018]",67.00031777999314,위험,"주요원인=동결융해 | 동결융해=100.0점 (14일 12회) | 누적강수=11.3점 (7일 3.4mm, 14일 18.0mm) | 하수관로 노후도=76.2점 (30년 이상 비율 76.2%) | 교통하중=69.7점 (ESAL 1862.3, 도시 중앙값 적용) | 300m 이내 확인된 보수이력 없음",0,,,,0.0,0.5406706012260553,0.6197001285313087,-0.19622174785084137,0.09602413689946974,-0.06967938373125776,0.0006413663895488769,-0.06072288933117835,-0.017788087188867548,27.573529411764707,하위 70%
R00305,35.948167,127.032524,익산 데모도로,익산시,1404068.0,1069912.0,0.7620086776423934,10.189728749446369,matched,0,,,,,0,304,2711-00,국도27호선,익산시-성산면(2711-00),13020.541233423275,1862.3388,20572.0,0.0407835893447404,city_median,69.67072113572632,76.20086776423935,2025-12-31,12.0,100.0,3.429999999999993,17.97,11.303999999999991,0.0,35.0,2.825999999999998,15.240173552847873,13.934144227145266,67.00031777999314,27.573529411764707,일반,동결융해,"Logistic 위험순위 상위 72.4% | 주요 증가요인=동결융해 | 동결융해 14일 12회 | 7일 강수 3.4mm | 14일 강수 18.0mm | 하수관 노후비율 76.2% | ESAL 1862.3 (도시 중앙값) | 과거 300m 이내 보수이력 없음 | 모델기여도[동결융해=+0.620, 7일 누적강수=-0.196, 14일 누적강수=+0.096, 하수관로 노후도=-0.070, 교통하중=+0.001, 과거 보수이력=-0.061, 보수 후 경과기간=-0.018]",67.00031777999314,위험,"주요원인=동결융해 | 동결융해=100.0점 (14일 12회) | 누적강수=11.3점 (7일 3.4mm, 14일 18.0mm) | 하수관로 노후도=76.2점 (30년 이상 비율 76.2%) | 교통하중=69.7점 (ESAL 1862.3, 도시 중앙값 적용) | 300m 이내 확인된 보수이력 없음",0,,,,0.0,0.5406706012260553,0.6197001285313087,-0.19622174785084137,0.09602413689946974,-0.06967938373125776,0.0006413663895488769,-0.06072288933117835,-0.017788087188867548,27.573529411764707,하위 70%
R00304,35.948469,127.027629,익산 데모도로,익산시,1404068.0,1069912.0,0.7620086776423934,10.189728749446369,matched,0,,,,,0,303,2711-00,국도27호선,익산시-성산면(2711-00),12584.50510287854,1862.3388,20572.0,0.0407835893447404,city_median,69.67072113572632,76.20086776423935,2025-12-31,12.0,100.0,3.429999999999993,17.97,11.303999999999991,0.0,35.0,2.825999999999998,15.240173552847873,13.934144227145266,67.00031777999314,27.573529411764707,일반,동결융해,"Logistic 위험순위 상위 72.4% | 주요 증가요인=동결융해 | 동결융해 14일 12회 | 7일 강수 3.4mm | 14일 강수 18.0mm | 하수관 노후비율 76.2% | ESAL 1862.3 (도시 중앙값) | 과거 300m 이내 보수이력 없음 | 모델기여도[동결융해=+0.620, 7일 누적강수=-0.196, 14일 누적강수=+0.096, 하수관로 노후도=-0.070, 교통하중=+0.001, 과거 보수이력=-0.061, 보수 후 경과기간=-0.018]",67.00031777999314,위험,"주요원인=동결융해 | 동결융해=100.0점 (14일 12회) | 누적강수=11.3점 (7일 3.4mm, 14일 18.0mm) | 하수관로 노후도=76.2점 (30년 이상 비율 76.2%) | 교통하중=69.7점 (ESAL 1862.3, 도시 중앙값 적용) | 300m 이내 확인된 보수이력 없음",0,,,,0.0,0.5406706012260553,0.6197001285313087,-0.19622174785084137,0.09602413689946974,-0.06967938373125776,0.0006413663895488769,-0.06072288933117835,-0.017788087188867548,27.573529411764707,하위 70%
R00300,35.948754,127.008242,익산 데모도로,익산시,1404068.0,1069912.0,0.7620086776423934,10.189728749446369,matched,0,,,,,0,299,2711-00,국도27호선,익산시-성산면(2711-00),10889.51481456374,1862.3388,20572.0,0.0407835893447404,city_median,69.67072113572632,76.20086776423935,2025-12-31,12.0,100.0,3.429999999999993,17.97,11.303999999999991,0.0,35.0,2.825999999999998,15.240173552847873,13.934144227145266,67.00031777999314,27.573529411764707,일반,동결융해,"Logistic 위험순위 상위 72.4% | 주요 증가요인=동결융해 | 동결융해 14일 12회 | 7일 강수 3.4mm | 14일 강수 18.0mm | 하수관 노후비율 76.2% | ESAL 1862.3 (도시 중앙값) | 과거 300m 이내 보수이력 없음 | 모델기여도[동결융해=+0.620, 7일 누적강수=-0.196, 14일 누적강수=+0.096, 하수관로 노후도=-0.070, 교통하중=+0.001, 과거 보수이력=-0.061, 보수 후 경과기간=-0.018]",67.00031777999314,위험,"주요원인=동결융해 | 동결융해=100.0점 (14일 12회) | 누적강수=11.3점 (7일 3.4mm, 14일 18.0mm) | 하수관로 노후도=76.2점 (30년 이상 비율 76.2%) | 교통하중=69.7점 (ESAL 1862.3, 도시 중앙값 적용) | 300m 이내 확인된 보수이력 없음",0,,,,0.0,0.5406706012260553,0.6197001285313087,-0.19622174785084137,0.09602413689946974,-0.06967938373125776,0.0006413663895488769,-0.06072288933117835,-0.017788087188867548,27.573529411764707,하위 70%
R00303,35.948759,127.023477,익산 데모도로,익산시,1404068.0,1069912.0,0.7620086776423934,10.189728749446369,matched,0,,,,,0,302,2711-00,국도27호선,익산시-성산면(2711-00),12214.0631887399,1862.3388,20572.0,0.0407835893447404,city_median,69.67072113572632,76.20086776423935,2025-12-31,12.0,100.0,3.429999999999993,17.97,11.303999999999991,0.0,35.0,2.825999999999998,15.240173552847873,13.934144227145266,67.00031777999314,27.573529411764707,일반,동결융해,"Logistic 위험순위 상위 72.4% | 주요 증가요인=동결융해 | 동결융해 14일 12회 | 7일 강수 3.4mm | 14일 강수 18.0mm | 하수관 노후비율 76.2% | ESAL 1862.3 (도시 중앙값) | 과거 300m 이내 보수이력 없음 | 모델기여도[동결융해=+0.620, 7일 누적강수=-0.196, 14일 누적강수=+0.096, 하수관로 노후도=-0.070, 교통하중=+0.001, 과거 보수이력=-0.061, 보수 후 경과기간=-0.018]",67.00031777999314,위험,"주요원인=동결융해 | 동결융해=100.0점 (14일 12회) | 누적강수=11.3점 (7일 3.4mm, 14일 18.0mm) | 하수관로 노후도=76.2점 (30년 이상 비율 76.2%) | 교통하중=69.7점 (ESAL 1862.3, 도시 중앙값 적용) | 300m 이내 확인된 보수이력 없음",0,,,,0.0,0.5406706012260553,0.6197001285313087,-0.19622174785084137,0.09602413689946974,-0.06967938373125776,0.0006413663895488769,-0.06072288933117835,-0.017788087188867548,27.573529411764707,하위 70%
R00302,35.947529,127.017443,익산 데모도로,익산시,1404068.0,1069912.0,0.7620086776423934,10.189728749446369,matched,0,,,,,0,301,2711-00,국도27호선,익산시-성산면(2711-00),11723.782237194982,1862.3388,20572.0,0.0407835893447404,city_median,69.67072113572632,76.20086776423935,2025-12-31,12.0,100.0,3.429999999999993,17.97,11.303999999999991,0.0,35.0,2.825999999999998,15.240173552847873,13.934144227145266,67.00031777999314,27.573529411764707,일반,동결융해,"Logistic 위험순위 상위 72.4% | 주요 증가요인=동결융해 | 동결융해 14일 12회 | 7일 강수 3.4mm | 14일 강수 18.0mm | 하수관 노후비율 76.2% | ESAL 1862.3 (도시 중앙값) | 과거 300m 이내 보수이력 없음 | 모델기여도[동결융해=+0.620, 7일 누적강수=-0.196, 14일 누적강수=+0.096, 하수관로 노후도=-0.070, 교통하중=+0.001, 과거 보수이력=-0.061, 보수 후 경과기간=-0.018]",67.00031777999314,위험,"주요원인=동결융해 | 동결융해=100.0점 (14일 12회) | 누적강수=11.3점 (7일 3.4mm, 14일 18.0mm) | 하수관로 노후도=76.2점 (30년 이상 비율 76.2%) | 교통하중=69.7점 (ESAL 1862.3, 도시 중앙값 적용) | 300m 이내 확인된 보수이력 없음",0,,,,0.0,0.5406706012260553,0.6197001285313087,-0.19622174785084137,0.09602413689946974,-0.06967938373125776,0.0006413663895488769,-0.06072288933117835,-0.017788087188867548,27.573529411764707,하위 70%
R00301,35.948673,127.013247,익산 데모도로,익산시,1404068.0,1069912.0,0.7620086776423934,10.189728749446369,matched,0,,,,,0,300,2711-00,국도27호선,익산시-성산면(2711-00),11325.856068104003,1862.3388,20572.0,0.0407835893447404,city_median,69.67072113572632,76.20086776423935,2025-12-31,12.0,100.0,3.429999999999993,17.97,11.303999999999991,0.0,35.0,2.825999999999998,15.240173552847873,13.934144227145266,67.00031777999314,27.573529411764707,일반,동결융해,"Logistic 위험순위 상위 72.4% | 주요 증가요인=동결융해 | 동결융해 14일 12회 | 7일 강수 3.4mm | 14일 강수 18.0mm | 하수관 노후비율 76.2% | ESAL 1862.3 (도시 중앙값) | 과거 300m 이내 보수이력 없음 | 모델기여도[동결융해=+0.620, 7일 누적강수=-0.196, 14일 누적강수=+0.096, 하수관로 노후도=-0.070, 교통하중=+0.001, 과거 보수이력=-0.061, 보수 후 경과기간=-0.018]",67.00031777999314,위험,"주요원인=동결융해 | 동결융해=100.0점 (14일 12회) | 누적강수=11.3점 (7일 3.4mm, 14일 18.0mm) | 하수관로 노후도=76.2점 (30년 이상 비율 76.2%) | 교통하중=69.7점 (ESAL 1862.3, 도시 중앙값 적용) | 300m 이내 확인된 보수이력 없음",0,,,,0.0,0.5406706012260553,0.6197001285313087,-0.19622174785084137,0.09602413689946974,-0.06967938373125776,0.0006413663895488769,-0.06072288933117835,-0.017788087188867548,27.573529411764707,하위 70%
R00298,35.94776,126.999644,익산 데모도로,익산시,1404068.0,1069912.0,0.7620086776423934,10.189728749446369,matched,0,,,,,0,297,2711-00,국도27호선,익산시-성산면(2711-00),10180.408576383788,1862.3388,20572.0,0.0407835893447404,city_median,69.67072113572632,76.20086776423935,2025-12-31,12.0,100.0,3.429999999999993,17.97,11.303999999999991,0.0,35.0,2.825999999999998,15.240173552847873,13.934144227145266,67.00031777999314,27.573529411764707,일반,동결융해,"Logistic 위험순위 상위 72.4% | 주요 증가요인=동결융해 | 동결융해 14일 12회 | 7일 강수 3.4mm | 14일 강수 18.0mm | 하수관 노후비율 76.2% | ESAL 1862.3 (도시 중앙값) | 과거 300m 이내 보수이력 없음 | 모델기여도[동결융해=+0.620, 7일 누적강수=-0.196, 14일 누적강수=+0.096, 하수관로 노후도=-0.070, 교통하중=+0.001, 과거 보수이력=-0.061, 보수 후 경과기간=-0.018]",67.00031777999314,위험,"주요원인=동결융해 | 동결융해=100.0점 (14일 12회) | 누적강수=11.3점 (7일 3.4mm, 14일 18.0mm) | 하수관로 노후도=76.2점 (30년 이상 비율 76.2%) | 교통하중=69.7점 (ESAL 1862.3, 도시 중앙값 적용) | 300m 이내 확인된 보수이력 없음",0,,,,0.0,0.5406706012260553,0.6197001285313087,-0.19622174785084137,0.09602413689946974,-0.06967938373125776,0.0006413663895488769,-0.06072288933117835,-0.017788087188867548,27.573529411764707,하위 70%
R00299,35.947457,127.004349,익산 데모도로,익산시,1404068.0,1069912.0,0.7620086776423934,10.189728749446369,matched,0,,,,,0,298,2711-00,국도27호선,익산시-성산면(2711-00),10594.596062690209,1862.3388,20572.0,0.0407835893447404,city_median,69.67072113572632,76.20086776423935,2025-12-31,12.0,100.0,3.429999999999993,17.97,11.303999999999991,0.0,35.0,2.825999999999998,15.240173552847873,13.934144227145266,67.00031777999314,27.573529411764707,일반,동결융해,"Logistic 위험순위 상위 72.4% | 주요 증가요인=동결융해 | 동결융해 14일 12회 | 7일 강수 3.4mm | 14일 강수 18.0mm | 하수관 노후비율 76.2% | ESAL 1862.3 (도시 중앙값) | 과거 300m 이내 보수이력 없음 | 모델기여도[동결융해=+0.620, 7일 누적강수=-0.196, 14일 누적강수=+0.096, 하수관로 노후도=-0.070, 교통하중=+0.001, 과거 보수이력=-0.061, 보수 후 경과기간=-0.018]",67.00031777999314,위험,"주요원인=동결융해 | 동결융해=100.0점 (14일 12회) | 누적강수=11.3점 (7일 3.4mm, 14일 18.0mm) | 하수관로 노후도=76.2점 (30년 이상 비율 76.2%) | 교통하중=69.7점 (ESAL 1862.3, 도시 중앙값 적용) | 300m 이내 확인된 보수이력 없음",0,,,,0.0,0.5406706012260553,0.6197001285313087,-0.19622174785084137,0.09602413689946974,-0.06967938373125776,0.0006413663895488769,-0.06072288933117835,-0.017788087188867548,27.573529411764707,하위 70%
R00296,35.948379,126.988915,익산 데모도로,익산시,1404068.0,1069912.0,0.7620086776423934,10.189728749446369,matched,0,,,,,0,295,2711-00,국도27호선,익산시-성산면(2711-00),9242.15110252347,1862.3388,20572.0,0.0407835893447404,city_median,69.67072113572632,76.20086776423935,2025-12-31,12.0,100.0,3.429999999999993,17.97,11.303999999999991,0.0,35.0,2.825999999999998,15.240173552847873,13.934144227145266,67.00031777999314,27.573529411764707,일반,동결융해,"Logistic 위험순위 상위 72.4% | 주요 증가요인=동결융해 | 동결융해 14일 12회 | 7일 강수 3.4mm | 14일 강수 18.0mm | 하수관 노후비율 76.2% | ESAL 1862.3 (도시 중앙값) | 과거 300m 이내 보수이력 없음 | 모델기여도[동결융해=+0.620, 7일 누적강수=-0.196, 14일 누적강수=+0.096, 하수관로 노후도=-0.070, 교통하중=+0.001, 과거 보수이력=-0.061, 보수 후 경과기간=-0.018]",67.00031777999314,위험,"주요원인=동결융해 | 동결융해=100.0점 (14일 12회) | 누적강수=11.3점 (7일 3.4mm, 14일 18.0mm) | 하수관로 노후도=76.2점 (30년 이상 비율 76.2%) | 교통하중=69.7점 (ESAL 1862.3, 도시 중앙값 적용) | 300m 이내 확인된 보수이력 없음",0,,,,0.0,0.5406706012260553,0.6197001285313087,-0.19622174785084137,0.09602413689946974,-0.06967938373125776,0.0006413663895488769,-0.06072288933117835,-0.017788087188867548,27.573529411764707,하위 70%
R00295,35.949822,126.983505,익산 데모도로,익산시,1404068.0,1069912.0,0.7620086776423934,10.189728749446369,matched,0,,,,,0,294,2711-00,국도27호선,익산시-성산면(2711-00),8729.469490885685,1862.3388,20572.0,0.0407835893447404,city_median,69.67072113572632,76.20086776423935,2025-12-31,12.0,100.0,3.429999999999993,17.97,11.303999999999991,0.0,35.0,2.825999999999998,15.240173552847873,13.934144227145266,67.00031777999314,27.573529411764707,일반,동결융해,"Logistic 위험순위 상위 72.4% | 주요 증가요인=동결융해 | 동결융해 14일 12회 | 7일 강수 3.4mm | 14일 강수 18.0mm | 하수관 노후비율 76.2% | ESAL 1862.3 (도시 중앙값) | 과거 300m 이내 보수이력 없음 | 모델기여도[동결융해=+0.620, 7일 누적강수=-0.196, 14일 누적강수=+0.096, 하수관로 노후도=-0.070, 교통하중=+0.001, 과거 보수이력=-0.061, 보수 후 경과기간=-0.018]",67.00031777999314,위험,"주요원인=동결융해 | 동결융해=100.0점 (14일 12회) | 누적강수=11.3점 (7일 3.4mm, 14일 18.0mm) | 하수관로 노후도=76.2점 (30년 이상 비율 76.2%) | 교통하중=69.7점 (ESAL 1862.3, 도시 중앙값 적용) | 300m 이내 확인된 보수이력 없음",0,,,,0.0,0.5406706012260553,0.6197001285313087,-0.19622174785084137,0.09602413689946974,-0.06967938373125776,0.0006413663895488769,-0.06072288933117835,-0.017788087188867548,27.573529411764707,하위 70%
R00278,35.949426,126.9025,익산 데모도로,익산시,1404068.0,1069912.0,0.7620086776423934,10.189728749446369,matched,0,,,,,0,277,2711-00,국도27호선,익산시-성산면(2711-00),3056.517667076712,1862.3388,20572.0,0.0407835893447404,city_median,69.67072113572632,76.20086776423935,2025-12-31,12.0,100.0,3.429999999999993,17.97,11.303999999999991,0.0,35.0,2.825999999999998,15.240173552847873,13.934144227145266,67.00031777999314,27.573529411764707,일반,동결융해,"Logistic 위험순위 상위 72.4% | 주요 증가요인=동결융해 | 동결융해 14일 12회 | 7일 강수 3.4mm | 14일 강수 18.0mm | 하수관 노후비율 76.2% | ESAL 1862.3 (도시 중앙값) | 과거 300m 이내 보수이력 없음 | 모델기여도[동결융해=+0.620, 7일 누적강수=-0.196, 14일 누적강수=+0.096, 하수관로 노후도=-0.070, 교통하중=+0.001, 과거 보수이력=-0.061, 보수 후 경과기간=-0.018]",67.00031777999314,위험,"주요원인=동결융해 | 동결융해=100.0점 (14일 12회) | 누적강수=11.3점 (7일 3.4mm, 14일 18.0mm) | 하수관로 노후도=76.2점 (30년 이상 비율 76.2%) | 교통하중=69.7점 (ESAL 1862.3, 도시 중앙값 적용) | 300m 이내 확인된 보수이력 없음",0,,,,0.0,0.5406706012260553,0.6197001285313087,-0.19622174785084137,0.09602413689946974,-0.06967938373125776,0.0006413663895488769,-0.06072288933117835,-0.017788087188867548,27.573529411764707,하위 70%
R00284,35.947861,126.930646,익산 데모도로,익산시,1404068.0,1069912.0,0.7620086776423934,10.189728749446369,matched,0,,,,,0,283,2711-00,국도27호선,익산시-성산면(2711-00),4653.135194744228,1862.3388,20572.0,0.0407835893447404,city_median,69.67072113572632,76.20086776423935,2025-12-31,12.0,100.0,3.429999999999993,17.97,11.303999999999991,0.0,35.0,2.825999999999998,15.240173552847873,13.934144227145266,67.00031777999314,27.573529411764707,일반,동결융해,"Logistic 위험순위 상위 72.4% | 주요 증가요인=동결융해 | 동결융해 14일 12회 | 7일 강수 3.4mm | 14일 강수 18.0mm | 하수관 노후비율 76.2% | ESAL 1862.3 (도시 중앙값) | 과거 300m 이내 보수이력 없음 | 모델기여도[동결융해=+0.620, 7일 누적강수=-0.196, 14일 누적강수=+0.096, 하수관로 노후도=-0.070, 교통하중=+0.001, 과거 보수이력=-0.061, 보수 후 경과기간=-0.018]",67.00031777999314,위험,"주요원인=동결융해 | 동결융해=100.0점 (14일 12회) | 누적강수=11.3점 (7일 3.4mm, 14일 18.0mm) | 하수관로 노후도=76.2점 (30년 이상 비율 76.2%) | 교통하중=69.7점 (ESAL 1862.3, 도시 중앙값 적용) | 300m 이내 확인된 보수이력 없음",0,,,,0.0,0.5406706012260553,0.6197001285313087,-0.19622174785084137,0.09602413689946974,-0.06967938373125776,0.0006413663895488769,-0.06072288933117835,-0.017788087188867548,27.573529411764707,하위 70%
R00283,35.947534,126.925525,익산 데모도로,익산시,1404068.0,1069912.0,0.7620086776423934,10.189728749446369,matched,0,,,,,0,282,2711-00,국도27호선,익산시-성산면(2711-00),4344.1156203066985,1862.3388,20572.0,0.0407835893447404,city_median,69.67072113572632,76.20086776423935,2025-12-31,12.0,100.0,3.429999999999993,17.97,11.303999999999991,0.0,35.0,2.825999999999998,15.240173552847873,13.934144227145266,67.00031777999314,27.573529411764707,일반,동결융해,"Logistic 위험순위 상위 72.4% | 주요 증가요인=동결융해 | 동결융해 14일 12회 | 7일 강수 3.4mm | 14일 강수 18.0mm | 하수관 노후비율 76.2% | ESAL 1862.3 (도시 중앙값) | 과거 300m 이내 보수이력 없음 | 모델기여도[동결융해=+0.620, 7일 누적강수=-0.196, 14일 누적강수=+0.096, 하수관로 노후도=-0.070, 교통하중=+0.001, 과거 보수이력=-0.061, 보수 후 경과기간=-0.018]",67.00031777999314,위험,"주요원인=동결융해 | 동결융해=100.0점 (14일 12회) | 누적강수=11.3점 (7일 3.4mm, 14일 18.0mm) | 하수관로 노후도=76.2점 (30년 이상 비율 76.2%) | 교통하중=69.7점 (ESAL 1862.3, 도시 중앙값 적용) | 300m 이내 확인된 보수이력 없음",0,,,,0.0,0.5406706012260553,0.6197001285313087,-0.19622174785084137,0.09602413689946974,-0.06967938373125776,0.0006413663895488769,-0.06072288933117835,-0.017788087188867548,27.573529411764707,하위 70%
R00289,35.947722,126.954865,익산 데모도로,익산시,1404068.0,1069912.0,0.7620086776423934,10.189728749446369,matched,0,,,,,0,288,2711-00,국도27호선,익산시-성산면(2711-00),6458.854939090957,1862.3388,20572.0,0.0407835893447404,city_median,69.67072113572632,76.20086776423935,2025-12-31,12.0,100.0,3.429999999999993,17.97,11.303999999999991,0.0,35.0,2.825999999999998,15.240173552847873,13.934144227145266,67.00031777999314,27.573529411764707,일반,동결융해,"Logistic 위험순위 상위 72.4% | 주요 증가요인=동결융해 | 동결융해 14일 12회 | 7일 강수 3.4mm | 14일 강수 18.0mm | 하수관 노후비율 76.2% | ESAL 1862.3 (도시 중앙값) | 과거 300m 이내 보수이력 없음 | 모델기여도[동결융해=+0.620, 7일 누적강수=-0.196, 14일 누적강수=+0.096, 하수관로 노후도=-0.070, 교통하중=+0.001, 과거 보수이력=-0.061, 보수 후 경과기간=-0.018]",67.00031777999314,위험,"주요원인=동결융해 | 동결융해=100.0점 (14일 12회) | 누적강수=11.3점 (7일 3.4mm, 14일 18.0mm) | 하수관로 노후도=76.2점 (30년 이상 비율 76.2%) | 교통하중=69.7점 (ESAL 1862.3, 도시 중앙값 적용) | 300m 이내 확인된 보수이력 없음",0,,,,0.0,0.5406706012260553,0.6197001285313087,-0.19622174785084137,0.09602413689946974,-0.06967938373125776,0.0006413663895488769,-0.06072288933117835,-0.017788087188867548,27.573529411764707,하위 70%
R00287,35.948494,126.945916,익산 데모도로,익산시,1404068.0,1069912.0,0.7620086776423934,10.189728749446369,matched,0,,,,,0,286,2711-00,국도27호선,익산시-성산면(2711-00),5719.025004540326,1862.3388,20572.0,0.0407835893447404,city_median,69.67072113572632,76.20086776423935,2025-12-31,12.0,100.0,3.429999999999993,17.97,11.303999999999991,0.0,35.0,2.825999999999998,15.240173552847873,13.934144227145266,67.00031777999314,27.573529411764707,일반,동결융해,"Logistic 위험순위 상위 72.4% | 주요 증가요인=동결융해 | 동결융해 14일 12회 | 7일 강수 3.4mm | 14일 강수 18.0mm | 하수관 노후비율 76.2% | ESAL 1862.3 (도시 중앙값) | 과거 300m 이내 보수이력 없음 | 모델기여도[동결융해=+0.620, 7일 누적강수=-0.196, 14일 누적강수=+0.096, 하수관로 노후도=-0.070, 교통하중=+0.001, 과거 보수이력=-0.061, 보수 후 경과기간=-0.018]",67.00031777999314,위험,"주요원인=동결융해 | 동결융해=100.0점 (14일 12회) | 누적강수=11.3점 (7일 3.4mm, 14일 18.0mm) | 하수관로 노후도=76.2점 (30년 이상 비율 76.2%) | 교통하중=69.7점 (ESAL 1862.3, 도시 중앙값 적용) | 300m 이내 확인된 보수이력 없음",0,,,,0.0,0.5406706012260553,0.6197001285313087,-0.19622174785084137,0.09602413689946974,-0.06967938373125776,0.0006413663895488769,-0.06072288933117835,-0.017788087188867548,27.573529411764707,하위 70%
R00288,35.947123,126.951077,익산 데모도로,익산시,1404068.0,1069912.0,0.7620086776423934,10.189728749446369,matched,0,,,,,0,287,2711-00,국도27호선,익산시-성산면(2711-00),6195.40600962695,1862.3388,20572.0,0.0407835893447404,city_median,69.67072113572632,76.20086776423935,2025-12-31,12.0,100.0,3.429999999999993,17.97,11.303999999999991,0.0,35.0,2.825999999999998,15.240173552847873,13.934144227145266,67.00031777999314,27.573529411764707,일반,동결융해,"Logistic 위험순위 상위 72.4% | 주요 증가요인=동결융해 | 동결융해 14일 12회 | 7일 강수 3.4mm | 14일 강수 18.0mm | 하수관 노후비율 76.2% | ESAL 1862.3 (도시 중앙값) | 과거 300m 이내 보수이력 없음 | 모델기여도[동결융해=+0.620, 7일 누적강수=-0.196, 14일 누적강수=+0.096, 하수관로 노후도=-0.070, 교통하중=+0.001, 과거 보수이력=-0.061, 보수 후 경과기간=-0.018]",67.00031777999314,위험,"주요원인=동결융해 | 동결융해=100.0점 (14일 12회) | 누적강수=11.3점 (7일 3.4mm, 14일 18.0mm) | 하수관로 노후도=76.2점 (30년 이상 비율 76.2%) | 교통하중=69.7점 (ESAL 1862.3, 도시 중앙값 적용) | 300m 이내 확인된 보수이력 없음",0,,,,0.0,0.5406706012260553,0.6197001285313087,-0.19622174785084137,0.09602413689946974,-0.06967938373125776,0.0006413663895488769,-0.06072288933117835,-0.017788087188867548,27.573529411764707,하위 70%
R00286,35.948623,126.940673,익산 데모도로,익산시,1404068.0,1069912.0,0.7620086776423934,10.189728749446369,matched,0,,,,,0,285,2711-00,국도27호선,익산시-성산면(2711-00),5315.291248818438,1862.3388,20572.0,0.0407835893447404,city_median,69.67072113572632,76.20086776423935,2025-12-31,12.0,100.0,3.429999999999993,17.97,11.303999999999991,0.0,35.0,2.825999999999998,15.240173552847873,13.934144227145266,67.00031777999314,27.573529411764707,일반,동결융해,"Logistic 위험순위 상위 72.4% | 주요 증가요인=동결융해 | 동결융해 14일 12회 | 7일 강수 3.4mm | 14일 강수 18.0mm | 하수관 노후비율 76.2% | ESAL 1862.3 (도시 중앙값) | 과거 300m 이내 보수이력 없음 | 모델기여도[동결융해=+0.620, 7일 누적강수=-0.196, 14일 누적강수=+0.096, 하수관로 노후도=-0.070, 교통하중=+0.001, 과거 보수이력=-0.061, 보수 후 경과기간=-0.018]",67.00031777999314,위험,"주요원인=동결융해 | 동결융해=100.0점 (14일 12회) | 누적강수=11.3점 (7일 3.4mm, 14일 18.0mm) | 하수관로 노후도=76.2점 (30년 이상 비율 76.2%) | 교통하중=69.7점 (ESAL 1862.3, 도시 중앙값 적용) | 300m 이내 확인된 보수이력 없음",0,,,,0.0,0.5406706012260553,0.6197001285313087,-0.19622174785084137,0.09602413689946974,-0.06967938373125776,0.0006413663895488769,-0.06072288933117835,-0.017788087188867548,27.573529411764707,하위 70%
R00285,35.948289,126.936453,익산 데모도로,익산시,1404068.0,1069912.0,0.7620086776423934,10.189728749446369,matched,0,,,,,0,284,2711-00,국도27호선,익산시-성산면(2711-00),5028.227313318555,1862.3388,20572.0,0.0407835893447404,city_median,69.67072113572632,76.20086776423935,2025-12-31,12.0,100.0,3.429999999999993,17.97,11.303999999999991,0.0,35.0,2.825999999999998,15.240173552847873,13.934144227145266,67.00031777999314,27.573529411764707,일반,동결융해,"Logistic 위험순위 상위 72.4% | 주요 증가요인=동결융해 | 동결융해 14일 12회 | 7일 강수 3.4mm | 14일 강수 18.0mm | 하수관 노후비율 76.2% | ESAL 1862.3 (도시 중앙값) | 과거 300m 이내 보수이력 없음 | 모델기여도[동결융해=+0.620, 7일 누적강수=-0.196, 14일 누적강수=+0.096, 하수관로 노후도=-0.070, 교통하중=+0.001, 과거 보수이력=-0.061, 보수 후 경과기간=-0.018]",67.00031777999314,위험,"주요원인=동결융해 | 동결융해=100.0점 (14일 12회) | 누적강수=11.3점 (7일 3.4mm, 14일 18.0mm) | 하수관로 노후도=76.2점 (30년 이상 비율 76.2%) | 교통하중=69.7점 (ESAL 1862.3, 도시 중앙값 적용) | 300m 이내 확인된 보수이력 없음",0,,,,0.0,0.5406706012260553,0.6197001285313087,-0.19622174785084137,0.09602413689946974,-0.06967938373125776,0.0006413663895488769,-0.06072288933117835,-0.017788087188867548,27.573529411764707,하위 70%
R00280,35.949088,126.912102,익산 데모도로,익산시,1404068.0,1069912.0,0.7620086776423934,10.189728749446369,matched,0,,,,,0,279,2711-00,국도27호선,익산시-성산면(2711-00),3458.882612759598,1862.3388,20572.0,0.0407835893447404,city_median,69.67072113572632,76.20086776423935,2025-12-31,12.0,100.0,3.429999999999993,17.97,11.303999999999991,0.0,35.0,2.825999999999998,15.240173552847873,13.934144227145266,67.00031777999314,27.573529411764707,일반,동결융해,"Logistic 위험순위 상위 72.4% | 주요 증가요인=동결융해 | 동결융해 14일 12회 | 7일 강수 3.4mm | 14일 강수 18.0mm | 하수관 노후비율 76.2% | ESAL 1862.3 (도시 중앙값) | 과거 300m 이내 보수이력 없음 | 모델기여도[동결융해=+0.620, 7일 누적강수=-0.196, 14일 누적강수=+0.096, 하수관로 노후도=-0.070, 교통하중=+0.001, 과거 보수이력=-0.061, 보수 후 경과기간=-0.018]",67.00031777999314,위험,"주요원인=동결융해 | 동결융해=100.0점 (14일 12회) | 누적강수=11.3점 (7일 3.4mm, 14일 18.0mm) | 하수관로 노후도=76.2점 (30년 이상 비율 76.2%) | 교통하중=69.7점 (ESAL 1862.3, 도시 중앙값 적용) | 300m 이내 확인된 보수이력 없음",0,,,,0.0,0.5406706012260553,0.6197001285313087,-0.19622174785084137,0.09602413689946974,-0.06967938373125776,0.0006413663895488769,-0.06072288933117835,-0.017788087188867548,27.573529411764707,하위 70%
R00282,35.948375,126.92239,익산 데모도로,익산시,1404068.0,1069912.0,0.7620086776423934,10.189728749446369,matched,0,,,,,0,281,2711-00,국도27호선,익산시-성산면(2711-00),4082.591640221427,1862.3388,20572.0,0.0407835893447404,city_median,69.67072113572632,76.20086776423935,2025-12-31,12.0,100.0,3.429999999999993,17.97,11.303999999999991,0.0,35.0,2.825999999999998,15.240173552847873,13.934144227145266,67.00031777999314,27.573529411764707,일반,동결융해,"Logistic 위험순위 상위 72.4% | 주요 증가요인=동결융해 | 동결융해 14일 12회 | 7일 강수 3.4mm | 14일 강수 18.0mm | 하수관 노후비율 76.2% | ESAL 1862.3 (도시 중앙값) | 과거 300m 이내 보수이력 없음 | 모델기여도[동결융해=+0.620, 7일 누적강수=-0.196, 14일 누적강수=+0.096, 하수관로 노후도=-0.070, 교통하중=+0.001, 과거 보수이력=-0.061, 보수 후 경과기간=-0.018]",67.00031777999314,위험,"주요원인=동결융해 | 동결융해=100.0점 (14일 12회) | 누적강수=11.3점 (7일 3.4mm, 14일 18.0mm) | 하수관로 노후도=76.2점 (30년 이상 비율 76.2%) | 교통하중=69.7점 (ESAL 1862.3, 도시 중앙값 적용) | 300m 이내 확인된 보수이력 없음",0,,,,0.0,0.5406706012260553,0.6197001285313087,-0.19622174785084137,0.09602413689946974,-0.06967938373125776,0.0006413663895488769,-0.06072288933117835,-0.017788087188867548,27.573529411764707,하위 70%
R00276,35.948767,126.893546,익산 데모도로,익산시,1404068.0,1069912.0,0.7620086776423934,10.189728749446369,matched,0,,,,,0,275,2711-00,국도27호선,익산시-성산면(2711-00),2979.7760295403973,1862.3388,20572.0,0.0407835893447404,nearest_station,69.67072113572632,76.20086776423935,2025-12-31,12.0,100.0,3.429999999999993,17.97,11.303999999999991,0.0,35.0,2.825999999999998,15.240173552847873,13.934144227145266,67.00031777999314,27.573529411764707,일반,동결융해,"Logistic 위험순위 상위 72.4% | 주요 증가요인=동결융해 | 동결융해 14일 12회 | 7일 강수 3.4mm | 14일 강수 18.0mm | 하수관 노후비율 76.2% | ESAL 1862.3 (실제 조사점 3.0km) | 과거 300m 이내 보수이력 없음 | 모델기여도[동결융해=+0.620, 7일 누적강수=-0.196, 14일 누적강수=+0.096, 하수관로 노후도=-0.070, 교통하중=+0.001, 과거 보수이력=-0.061, 보수 후 경과기간=-0.018]",67.00031777999314,위험,"주요원인=동결융해 | 동결융해=100.0점 (14일 12회) | 누적강수=11.3점 (7일 3.4mm, 14일 18.0mm) | 하수관로 노후도=76.2점 (30년 이상 비율 76.2%) | 교통하중=69.7점 (ESAL 1862.3, 3.0km 이내 실제 조사점 적용) | 300m 이내 확인된 보수이력 없음",0,,,,0.0,0.5406706012260553,0.6197001285313087,-0.19622174785084137,0.09602413689946974,-0.06967938373125776,0.0006413663895488769,-0.06072288933117835,-0.017788087188867548,27.573529411764707,하위 70%
R00273,35.947588,126.879039,익산 데모도로,익산시,1404068.0,1069912.0,0.7620086776423934,10.189728749446369,matched,0,,,,,0,272,2711-00,국도27호선,익산시-성산면(2711-00),3314.3681494561,1862.3388,20572.0,0.0407835893447404,city_median,69.67072113572632,76.20086776423935,2025-12-31,12.0,100.0,3.429999999999993,17.97,11.303999999999991,0.0,35.0,2.825999999999998,15.240173552847873,13.934144227145266,67.00031777999314,27.573529411764707,일반,동결융해,"Logistic 위험순위 상위 72.4% | 주요 증가요인=동결융해 | 동결융해 14일 12회 | 7일 강수 3.4mm | 14일 강수 18.0mm | 하수관 노후비율 76.2% | ESAL 1862.3 (도시 중앙값) | 과거 300m 이내 보수이력 없음 | 모델기여도[동결융해=+0.620, 7일 누적강수=-0.196, 14일 누적강수=+0.096, 하수관로 노후도=-0.070, 교통하중=+0.001, 과거 보수이력=-0.061, 보수 후 경과기간=-0.018]",67.00031777999314,위험,"주요원인=동결융해 | 동결융해=100.0점 (14일 12회) | 누적강수=11.3점 (7일 3.4mm, 14일 18.0mm) | 하수관로 노후도=76.2점 (30년 이상 비율 76.2%) | 교통하중=69.7점 (ESAL 1862.3, 도시 중앙값 적용) | 300m 이내 확인된 보수이력 없음",0,,,,0.0,0.5406706012260553,0.6197001285313087,-0.19622174785084137,0.09602413689946974,-0.06967938373125776,0.0006413663895488769,-0.06072288933117835,-0.017788087188867548,27.573529411764707,하위 70%
R00274,35.947598,126.881553,익산 데모도로,익산시,1404068.0,1069912.0,0.7620086776423934,10.189728749446369,matched,0,,,,,0,273,2711-00,국도27호선,익산시-성산면(2711-00),3241.4715350875344,1862.3388,20572.0,0.0407835893447404,city_median,69.67072113572632,76.20086776423935,2025-12-31,12.0,100.0,3.429999999999993,17.97,11.303999999999991,0.0,35.0,2.825999999999998,15.240173552847873,13.934144227145266,67.00031777999314,27.573529411764707,일반,동결융해,"Logistic 위험순위 상위 72.4% | 주요 증가요인=동결융해 | 동결융해 14일 12회 | 7일 강수 3.4mm | 14일 강수 18.0mm | 하수관 노후비율 76.2% | ESAL 1862.3 (도시 중앙값) | 과거 300m 이내 보수이력 없음 | 모델기여도[동결융해=+0.620, 7일 누적강수=-0.196, 14일 누적강수=+0.096, 하수관로 노후도=-0.070, 교통하중=+0.001, 과거 보수이력=-0.061, 보수 후 경과기간=-0.018]",67.00031777999314,위험,"주요원인=동결융해 | 동결융해=100.0점 (14일 12회) | 누적강수=11.3점 (7일 3.4mm, 14일 18.0mm) | 하수관로 노후도=76.2점 (30년 이상 비율 76.2%) | 교통하중=69.7점 (ESAL 1862.3, 도시 중앙값 적용) | 300m 이내 확인된 보수이력 없음",0,,,,0.0,0.5406706012260553,0.6197001285313087,-0.19622174785084137,0.09602413689946974,-0.06967938373125776,0.0006413663895488769,-0.06072288933117835,-0.017788087188867548,27.573529411764707,하위 70%
R00275,35.94845,126.887485,익산 데모도로,익산시,1404068.0,1069912.0,0.7620086776423934,10.189728749446369,matched,0,,,,,0,274,2711-00,국도27호선,익산시-성산면(2711-00),3036.794672265164,1862.3388,20572.0,0.0407835893447404,city_median,69.67072113572632,76.20086776423935,2025-12-31,12.0,100.0,3.429999999999993,17.97,11.303999999999991,0.0,35.0,2.825999999999998,15.240173552847873,13.934144227145266,67.00031777999314,27.573529411764707,일반,동결융해,"Logistic 위험순위 상위 72.4% | 주요 증가요인=동결융해 | 동결융해 14일 12회 | 7일 강수 3.4mm | 14일 강수 18.0mm | 하수관 노후비율 76.2% | ESAL 1862.3 (도시 중앙값) | 과거 300m 이내 보수이력 없음 | 모델기여도[동결융해=+0.620, 7일 누적강수=-0.196, 14일 누적강수=+0.096, 하수관로 노후도=-0.070, 교통하중=+0.001, 과거 보수이력=-0.061, 보수 후 경과기간=-0.018]",67.00031777999314,위험,"주요원인=동결융해 | 동결융해=100.0점 (14일 12회) | 누적강수=11.3점 (7일 3.4mm, 14일 18.0mm) | 하수관로 노후도=76.2점 (30년 이상 비율 76.2%) | 교통하중=69.7점 (ESAL 1862.3, 도시 중앙값 적용) | 300m 이내 확인된 보수이력 없음",0,,,,0.0,0.5406706012260553,0.6197001285313087,-0.19622174785084137,0.09602413689946974,-0.06967938373125776,0.0006413663895488769,-0.06072288933117835,-0.017788087188867548,27.573529411764707,하위 70%
R00277,35.947756,126.896589,익산 데모도로,익산시,1404068.0,1069912.0,0.7620086776423934,10.189728749446369,matched,0,,,,,0,276,2711-00,국도27호선,익산시-성산면(2711-00),3117.5186245300683,1862.3388,20572.0,0.0407835893447404,city_median,69.67072113572632,76.20086776423935,2025-12-31,12.0,100.0,3.429999999999993,17.97,11.303999999999991,0.0,35.0,2.825999999999998,15.240173552847873,13.934144227145266,67.00031777999314,27.573529411764707,일반,동결융해,"Logistic 위험순위 상위 72.4% | 주요 증가요인=동결융해 | 동결융해 14일 12회 | 7일 강수 3.4mm | 14일 강수 18.0mm | 하수관 노후비율 76.2% | ESAL 1862.3 (도시 중앙값) | 과거 300m 이내 보수이력 없음 | 모델기여도[동결융해=+0.620, 7일 누적강수=-0.196, 14일 누적강수=+0.096, 하수관로 노후도=-0.070, 교통하중=+0.001, 과거 보수이력=-0.061, 보수 후 경과기간=-0.018]",67.00031777999314,위험,"주요원인=동결융해 | 동결융해=100.0점 (14일 12회) | 누적강수=11.3점 (7일 3.4mm, 14일 18.0mm) | 하수관로 노후도=76.2점 (30년 이상 비율 76.2%) | 교통하중=69.7점 (ESAL 1862.3, 도시 중앙값 적용) | 300m 이내 확인된 보수이력 없음",0,,,,0.0,0.5406706012260553,0.6197001285313087,-0.19622174785084137,0.09602413689946974,-0.06967938373125776,0.0006413663895488769,-0.06072288933117835,-0.017788087188867548,27.573529411764707,하위 70%
R00480,35.350356,127.390477,남원 데모도로,남원시,670188.0,287953.6,0.4296609309626552,17.276260308101918,matched,0,,,,,0,479,2411-03,국도24호선,대강면-남원시(2411-03),9300.77898123073,196.3664,2752.0,0.0593161200279134,city_median,31.172459494826025,42.96609309626552,2025-12-31,14.0,100.0,0.0,35.94,14.376,0.0,35.0,3.594,8.593218619253104,6.234491898965206,53.42171051821831,9.411764705882353,일반,동결융해,"Logistic 위험순위 상위 90.6% | 주요 증가요인=동결융해 | 동결융해 14일 14회 | 7일 강수 0.0mm | 14일 강수 35.9mm | 하수관 노후비율 43.0% | ESAL 196.4 (도시 중앙값) | 과거 300m 이내 보수이력 없음 | 모델기여도[동결융해=+0.773, 7일 누적강수=-0.264, 14일 누적강수=-0.107, 하수관로 노후도=-0.005, 교통하중=-0.007, 과거 보수이력=-0.061, 보수 후 경과기간=-0.018]",53.42171051821831,주의,"주요원인=동결융해 | 동결융해=100.0점 (14일 14회) | 누적강수=14.4점 (7일 0.0mm, 14일 35.9mm) | 하수관로 노후도=43.0점 (30년 이상 비율 43.0%) | 교통하중=31.2점 (ESAL 196.4, 도시 중앙값 적용) | 300m 이내 확인된 보수이력 없음",0,,,,0.0,0.5256180387325572,0.7727965094476354,-0.2641455745468213,-0.1066002451248875,-0.004965327502672356,-0.007101523989921092,-0.06072288933117835,-0.017788087188867548,9.411764705882353,하위 70%
R00479,35.346188,127.390914,남원 데모도로,남원시,670188.0,287953.6,0.4296609309626552,17.276260308101918,matched,0,,,,,0,478,2411-03,국도24호선,대강면-남원시(2411-03),9608.26278160761,196.3664,2752.0,0.0593161200279134,city_median,31.172459494826025,42.96609309626552,2025-12-31,14.0,100.0,0.0,35.94,14.376,0.0,35.0,3.594,8.593218619253104,6.234491898965206,53.42171051821831,9.411764705882353,일반,동결융해,"Logistic 위험순위 상위 90.6% | 주요 증가요인=동결융해 | 동결융해 14일 14회 | 7일 강수 0.0mm | 14일 강수 35.9mm | 하수관 노후비율 43.0% | ESAL 196.4 (도시 중앙값) | 과거 300m 이내 보수이력 없음 | 모델기여도[동결융해=+0.773, 7일 누적강수=-0.264, 14일 누적강수=-0.107, 하수관로 노후도=-0.005, 교통하중=-0.007, 과거 보수이력=-0.061, 보수 후 경과기간=-0.018]",53.42171051821831,주의,"주요원인=동결융해 | 동결융해=100.0점 (14일 14회) | 누적강수=14.4점 (7일 0.0mm, 14일 35.9mm) | 하수관로 노후도=43.0점 (30년 이상 비율 43.0%) | 교통하중=31.2점 (ESAL 196.4, 도시 중앙값 적용) | 300m 이내 확인된 보수이력 없음",0,,,,0.0,0.5256180387325572,0.7727965094476354,-0.2641455745468213,-0.1066002451248875,-0.004965327502672356,-0.007101523989921092,-0.06072288933117835,-0.017788087188867548,9.411764705882353,하위 70%
R00484,35.371566,127.390788,남원 데모도로,남원시,670188.0,287953.6,0.4296609309626552,17.276260308101918,matched,0,,,,,0,483,2411-03,국도24호선,대강면-남원시(2411-03),8189.385607036016,196.3664,2752.0,0.0593161200279134,city_median,31.172459494826025,42.96609309626552,2025-12-31,14.0,100.0,0.0,35.94,14.376,0.0,35.0,3.594,8.593218619253104,6.234491898965206,53.42171051821831,9.411764705882353,일반,동결융해,"Logistic 위험순위 상위 90.6% | 주요 증가요인=동결융해 | 동결융해 14일 14회 | 7일 강수 0.0mm | 14일 강수 35.9mm | 하수관 노후비율 43.0% | ESAL 196.4 (도시 중앙값) | 과거 300m 이내 보수이력 없음 | 모델기여도[동결융해=+0.773, 7일 누적강수=-0.264, 14일 누적강수=-0.107, 하수관로 노후도=-0.005, 교통하중=-0.007, 과거 보수이력=-0.061, 보수 후 경과기간=-0.018]",53.42171051821831,주의,"주요원인=동결융해 | 동결융해=100.0점 (14일 14회) | 누적강수=14.4점 (7일 0.0mm, 14일 35.9mm) | 하수관로 노후도=43.0점 (30년 이상 비율 43.0%) | 교통하중=31.2점 (ESAL 196.4, 도시 중앙값 적용) | 300m 이내 확인된 보수이력 없음",0,,,,0.0,0.5256180387325572,0.7727965094476354,-0.2641455745468213,-0.1066002451248875,-0.004965327502672356,-0.007101523989921092,-0.06072288933117835,-0.017788087188867548,9.411764705882353,하위 70%
R00485,35.375685,127.391521,남원 데모도로,남원시,670188.0,287953.6,0.4296609309626552,17.276260308101918,matched,0,,,,,0,484,2411-03,국도24호선,대강면-남원시(2411-03),8094.034017416644,196.3664,2752.0,0.0593161200279134,city_median,31.172459494826025,42.96609309626552,2025-12-31,14.0,100.0,0.0,35.94,14.376,0.0,35.0,3.594,8.593218619253104,6.234491898965206,53.42171051821831,9.411764705882353,일반,동결융해,"Logistic 위험순위 상위 90.6% | 주요 증가요인=동결융해 | 동결융해 14일 14회 | 7일 강수 0.0mm | 14일 강수 35.9mm | 하수관 노후비율 43.0% | ESAL 196.4 (도시 중앙값) | 과거 300m 이내 보수이력 없음 | 모델기여도[동결융해=+0.773, 7일 누적강수=-0.264, 14일 누적강수=-0.107, 하수관로 노후도=-0.005, 교통하중=-0.007, 과거 보수이력=-0.061, 보수 후 경과기간=-0.018]",53.42171051821831,주의,"주요원인=동결융해 | 동결융해=100.0점 (14일 14회) | 누적강수=14.4점 (7일 0.0mm, 14일 35.9mm) | 하수관로 노후도=43.0점 (30년 이상 비율 43.0%) | 교통하중=31.2점 (ESAL 196.4, 도시 중앙값 적용) | 300m 이내 확인된 보수이력 없음",0,,,,0.0,0.5256180387325572,0.7727965094476354,-0.2641455745468213,-0.1066002451248875,-0.004965327502672356,-0.007101523989921092,-0.06072288933117835,-0.017788087188867548,9.411764705882353,하위 70%
R00478,35.342404,127.390377,남원 데모도로,남원시,670188.0,287953.6,0.4296609309626552,17.276260308101918,matched,0,,,,,0,477,2411-03,국도24호선,대강면-남원시(2411-03),9832.735420639428,196.3664,2752.0,0.0593161200279134,city_median,31.172459494826025,42.96609309626552,2025-12-31,14.0,100.0,0.0,35.94,14.376,0.0,35.0,3.594,8.593218619253104,6.234491898965206,53.42171051821831,9.411764705882353,일반,동결융해,"Logistic 위험순위 상위 90.6% | 주요 증가요인=동결융해 | 동결융해 14일 14회 | 7일 강수 0.0mm | 14일 강수 35.9mm | 하수관 노후비율 43.0% | ESAL 196.4 (도시 중앙값) | 과거 300m 이내 보수이력 없음 | 모델기여도[동결융해=+0.773, 7일 누적강수=-0.264, 14일 누적강수=-0.107, 하수관로 노후도=-0.005, 교통하중=-0.007, 과거 보수이력=-0.061, 보수 후 경과기간=-0.018]",53.42171051821831,주의,"주요원인=동결융해 | 동결융해=100.0점 (14일 14회) | 누적강수=14.4점 (7일 0.0mm, 14일 35.9mm) | 하수관로 노후도=43.0점 (30년 이상 비율 43.0%) | 교통하중=31.2점 (ESAL 196.4, 도시 중앙값 적용) | 300m 이내 확인된 보수이력 없음",0,,,,0.0,0.5256180387325572,0.7727965094476354,-0.2641455745468213,-0.1066002451248875,-0.004965327502672356,-0.007101523989921092,-0.06072288933117835,-0.017788087188867548,9.411764705882353,하위 70%
R00482,35.36124,127.390767,남원 데모도로,남원시,670188.0,287953.6,0.4296609309626552,17.276260308101918,matched,0,,,,,0,481,2411-03,국도24호선,대강면-남원시(2411-03),8678.682494495806,196.3664,2752.0,0.0593161200279134,city_median,31.172459494826025,42.96609309626552,2025-12-31,14.0,100.0,0.0,35.94,14.376,0.0,35.0,3.594,8.593218619253104,6.234491898965206,53.42171051821831,9.411764705882353,일반,동결융해,"Logistic 위험순위 상위 90.6% | 주요 증가요인=동결융해 | 동결융해 14일 14회 | 7일 강수 0.0mm | 14일 강수 35.9mm | 하수관 노후비율 43.0% | ESAL 196.4 (도시 중앙값) | 과거 300m 이내 보수이력 없음 | 모델기여도[동결융해=+0.773, 7일 누적강수=-0.264, 14일 누적강수=-0.107, 하수관로 노후도=-0.005, 교통하중=-0.007, 과거 보수이력=-0.061, 보수 후 경과기간=-0.018]",53.42171051821831,주의,"주요원인=동결융해 | 동결융해=100.0점 (14일 14회) | 누적강수=14.4점 (7일 0.0mm, 14일 35.9mm) | 하수관로 노후도=43.0점 (30년 이상 비율 43.0%) | 교통하중=31.2점 (ESAL 196.4, 도시 중앙값 적용) | 300m 이내 확인된 보수이력 없음",0,,,,0.0,0.5256180387325572,0.7727965094476354,-0.2641455745468213,-0.1066002451248875,-0.004965327502672356,-0.007101523989921092,-0.06072288933117835,-0.017788087188867548,9.411764705882353,하위 70%
R00469,35.449458,127.423413,남원 데모도로,남원시,670188.0,287953.6,0.4296609309626552,17.276260308101918,matched,0,,,,,0,468,1909-05,국도19호선,식정동-장수읍(1909-05),11633.473880508176,196.3664,2752.0,0.0593161200279134,city_median,31.172459494826025,42.96609309626552,2025-12-31,14.0,100.0,0.0,35.94,14.376,0.0,35.0,3.594,8.593218619253104,6.234491898965206,53.42171051821831,9.411764705882353,일반,동결융해,"Logistic 위험순위 상위 90.6% | 주요 증가요인=동결융해 | 동결융해 14일 14회 | 7일 강수 0.0mm | 14일 강수 35.9mm | 하수관 노후비율 43.0% | ESAL 196.4 (도시 중앙값) | 과거 300m 이내 보수이력 없음 | 모델기여도[동결융해=+0.773, 7일 누적강수=-0.264, 14일 누적강수=-0.107, 하수관로 노후도=-0.005, 교통하중=-0.007, 과거 보수이력=-0.061, 보수 후 경과기간=-0.018]",53.42171051821831,주의,"주요원인=동결융해 | 동결융해=100.0점 (14일 14회) | 누적강수=14.4점 (7일 0.0mm, 14일 35.9mm) | 하수관로 노후도=43.0점 (30년 이상 비율 43.0%) | 교통하중=31.2점 (ESAL 196.4, 도시 중앙값 적용) | 300m 이내 확인된 보수이력 없음",0,,,,0.0,0.5256180387325572,0.7727965094476354,-0.2641455745468213,-0.1066002451248875,-0.004965327502672356,-0.007101523989921092,-0.06072288933117835,-0.017788087188867548,9.411764705882353,하위 70%
R00470,35.452903,127.426837,남원 데모도로,남원시,670188.0,287953.6,0.4296609309626552,17.276260308101918,matched,0,,,,,0,469,1909-05,국도19호선,식정동-장수읍(1909-05),11164.787291662082,196.3664,2752.0,0.0593161200279134,city_median,31.172459494826025,42.96609309626552,2025-12-31,14.0,100.0,0.0,35.94,14.376,0.0,35.0,3.594,8.593218619253104,6.234491898965206,53.42171051821831,9.411764705882353,일반,동결융해,"Logistic 위험순위 상위 90.6% | 주요 증가요인=동결융해 | 동결융해 14일 14회 | 7일 강수 0.0mm | 14일 강수 35.9mm | 하수관 노후비율 43.0% | ESAL 196.4 (도시 중앙값) | 과거 300m 이내 보수이력 없음 | 모델기여도[동결융해=+0.773, 7일 누적강수=-0.264, 14일 누적강수=-0.107, 하수관로 노후도=-0.005, 교통하중=-0.007, 과거 보수이력=-0.061, 보수 후 경과기간=-0.018]",53.42171051821831,주의,"주요원인=동결융해 | 동결융해=100.0점 (14일 14회) | 누적강수=14.4점 (7일 0.0mm, 14일 35.9mm) | 하수관로 노후도=43.0점 (30년 이상 비율 43.0%) | 교통하중=31.2점 (ESAL 196.4, 도시 중앙값 적용) | 300m 이내 확인된 보수이력 없음",0,,,,0.0,0.5256180387325572,0.7727965094476354,-0.2641455745468213,-0.1066002451248875,-0.004965327502672356,-0.007101523989921092,-0.06072288933117835,-0.017788087188867548,9.411764705882353,하위 70%
R00477,35.336331,127.39122,남원 데모도로,남원시,670188.0,287953.6,0.4296609309626552,17.276260308101918,matched,0,,,,,0,476,2411-03,국도24호선,대강면-남원시(2411-03),10333.317523026952,196.3664,2752.0,0.0593161200279134,city_median,31.172459494826025,42.96609309626552,2025-12-31,14.0,100.0,0.0,35.94,14.376,0.0,35.0,3.594,8.593218619253104,6.234491898965206,53.42171051821831,9.411764705882353,일반,동결융해,"Logistic 위험순위 상위 90.6% | 주요 증가요인=동결융해 | 동결융해 14일 14회 | 7일 강수 0.0mm | 14일 강수 35.9mm | 하수관 노후비율 43.0% | ESAL 196.4 (도시 중앙값) | 과거 300m 이내 보수이력 없음 | 모델기여도[동결융해=+0.773, 7일 누적강수=-0.264, 14일 누적강수=-0.107, 하수관로 노후도=-0.005, 교통하중=-0.007, 과거 보수이력=-0.061, 보수 후 경과기간=-0.018]",53.42171051821831,주의,"주요원인=동결융해 | 동결융해=100.0점 (14일 14회) | 누적강수=14.4점 (7일 0.0mm, 14일 35.9mm) | 하수관로 노후도=43.0점 (30년 이상 비율 43.0%) | 교통하중=31.2점 (ESAL 196.4, 도시 중앙값 적용) | 300m 이내 확인된 보수이력 없음",0,,,,0.0,0.5256180387325572,0.7727965094476354,-0.2641455745468213,-0.1066002451248875,-0.004965327502672356,-0.007101523989921092,-0.06072288933117835,-0.017788087188867548,9.411764705882353,하위 70%
R00476,35.473934,127.448117,남원 데모도로,남원시,670188.0,287953.6,0.4296609309626552,17.276260308101918,matched,0,,,,,0,475,1909-05,국도19호선,식정동-장수읍(1909-05),8333.834837814715,196.3664,2752.0,0.0593161200279134,city_median,31.172459494826025,42.96609309626552,2025-12-31,14.0,100.0,0.0,35.94,14.376,0.0,35.0,3.594,8.593218619253104,6.234491898965206,53.42171051821831,9.411764705882353,일반,동결융해,"Logistic 위험순위 상위 90.6% | 주요 증가요인=동결융해 | 동결융해 14일 14회 | 7일 강수 0.0mm | 14일 강수 35.9mm | 하수관 노후비율 43.0% | ESAL 196.4 (도시 중앙값) | 과거 300m 이내 보수이력 없음 | 모델기여도[동결융해=+0.773, 7일 누적강수=-0.264, 14일 누적강수=-0.107, 하수관로 노후도=-0.005, 교통하중=-0.007, 과거 보수이력=-0.061, 보수 후 경과기간=-0.018]",53.42171051821831,주의,"주요원인=동결융해 | 동결융해=100.0점 (14일 14회) | 누적강수=14.4점 (7일 0.0mm, 14일 35.9mm) | 하수관로 노후도=43.0점 (30년 이상 비율 43.0%) | 교통하중=31.2점 (ESAL 196.4, 도시 중앙값 적용) | 300m 이내 확인된 보수이력 없음",0,,,,0.0,0.5256180387325572,0.7727965094476354,-0.2641455745468213,-0.1066002451248875,-0.004965327502672356,-0.007101523989921092,-0.06072288933117835,-0.017788087188867548,9.411764705882353,하위 70%
R00475,35.469519,127.443091,남원 데모도로,남원시,670188.0,287953.6,0.4296609309626552,17.276260308101918,matched,0,,,,,0,474,1909-05,국도19호선,식정동-장수읍(1909-05),8961.983164062749,196.3664,2752.0,0.0593161200279134,city_median,31.172459494826025,42.96609309626552,2025-12-31,14.0,100.0,0.0,35.94,14.376,0.0,35.0,3.594,8.593218619253104,6.234491898965206,53.42171051821831,9.411764705882353,일반,동결융해,"Logistic 위험순위 상위 90.6% | 주요 증가요인=동결융해 | 동결융해 14일 14회 | 7일 강수 0.0mm | 14일 강수 35.9mm | 하수관 노후비율 43.0% | ESAL 196.4 (도시 중앙값) | 과거 300m 이내 보수이력 없음 | 모델기여도[동결융해=+0.773, 7일 누적강수=-0.264, 14일 누적강수=-0.107, 하수관로 노후도=-0.005, 교통하중=-0.007, 과거 보수이력=-0.061, 보수 후 경과기간=-0.018]",53.42171051821831,주의,"주요원인=동결융해 | 동결융해=100.0점 (14일 14회) | 누적강수=14.4점 (7일 0.0mm, 14일 35.9mm) | 하수관로 노후도=43.0점 (30년 이상 비율 43.0%) | 교통하중=31.2점 (ESAL 196.4, 도시 중앙값 적용) | 300m 이내 확인된 보수이력 없음",0,,,,0.0,0.5256180387325572,0.7727965094476354,-0.2641455745468213,-0.1066002451248875,-0.004965327502672356,-0.007101523989921092,-0.06072288933117835,-0.017788087188867548,9.411764705882353,하위 70%
R00474,35.467161,127.43947,남원 데모도로,남원시,670188.0,287953.6,0.4296609309626552,17.276260308101918,matched,0,,,,,0,473,1909-05,국도19호선,식정동-장수읍(1909-05),9374.531029228689,196.3664,2752.0,0.0593161200279134,city_median,31.172459494826025,42.96609309626552,2025-12-31,14.0,100.0,0.0,35.94,14.376,0.0,35.0,3.594,8.593218619253104,6.234491898965206,53.42171051821831,9.411764705882353,일반,동결융해,"Logistic 위험순위 상위 90.6% | 주요 증가요인=동결융해 | 동결융해 14일 14회 | 7일 강수 0.0mm | 14일 강수 35.9mm | 하수관 노후비율 43.0% | ESAL 196.4 (도시 중앙값) | 과거 300m 이내 보수이력 없음 | 모델기여도[동결융해=+0.773, 7일 누적강수=-0.264, 14일 누적강수=-0.107, 하수관로 노후도=-0.005, 교통하중=-0.007, 과거 보수이력=-0.061, 보수 후 경과기간=-0.018]",53.42171051821831,주의,"주요원인=동결융해 | 동결융해=100.0점 (14일 14회) | 누적강수=14.4점 (7일 0.0mm, 14일 35.9mm) | 하수관로 노후도=43.0점 (30년 이상 비율 43.0%) | 교통하중=31.2점 (ESAL 196.4, 도시 중앙값 적용) | 300m 이내 확인된 보수이력 없음",0,,,,0.0,0.5256180387325572,0.7727965094476354,-0.2641455745468213,-0.1066002451248875,-0.004965327502672356,-0.007101523989921092,-0.06072288933117835,-0.017788087188867548,9.411764705882353,하위 70%
R00473,35.463984,127.436665,남원 데모도로,남원시,670188.0,287953.6,0.4296609309626552,17.276260308101918,matched,0,,,,,0,472,1909-05,국도19호선,식정동-장수읍(1909-05),9767.158910402102,196.3664,2752.0,0.0593161200279134,city_median,31.172459494826025,42.96609309626552,2025-12-31,14.0,100.0,0.0,35.94,14.376,0.0,35.0,3.594,8.593218619253104,6.234491898965206,53.42171051821831,9.411764705882353,일반,동결융해,"Logistic 위험순위 상위 90.6% | 주요 증가요인=동결융해 | 동결융해 14일 14회 | 7일 강수 0.0mm | 14일 강수 35.9mm | 하수관 노후비율 43.0% | ESAL 196.4 (도시 중앙값) | 과거 300m 이내 보수이력 없음 | 모델기여도[동결융해=+0.773, 7일 누적강수=-0.264, 14일 누적강수=-0.107, 하수관로 노후도=-0.005, 교통하중=-0.007, 과거 보수이력=-0.061, 보수 후 경과기간=-0.018]",53.42171051821831,주의,"주요원인=동결융해 | 동결융해=100.0점 (14일 14회) | 누적강수=14.4점 (7일 0.0mm, 14일 35.9mm) | 하수관로 노후도=43.0점 (30년 이상 비율 43.0%) | 교통하중=31.2점 (ESAL 196.4, 도시 중앙값 적용) | 300m 이내 확인된 보수이력 없음",0,,,,0.0,0.5256180387325572,0.7727965094476354,-0.2641455745468213,-0.1066002451248875,-0.004965327502672356,-0.007101523989921092,-0.06072288933117835,-0.017788087188867548,9.411764705882353,하위 70%
R00472,35.458538,127.433838,남원 데모도로,남원시,670188.0,287953.6,0.4296609309626552,17.276260308101918,matched,0,,,,,0,471,1909-05,국도19호선,식정동-장수읍(1909-05),10294.71545270662,196.3664,2752.0,0.0593161200279134,city_median,31.172459494826025,42.96609309626552,2025-12-31,14.0,100.0,0.0,35.94,14.376,0.0,35.0,3.594,8.593218619253104,6.234491898965206,53.42171051821831,9.411764705882353,일반,동결융해,"Logistic 위험순위 상위 90.6% | 주요 증가요인=동결융해 | 동결융해 14일 14회 | 7일 강수 0.0mm | 14일 강수 35.9mm | 하수관 노후비율 43.0% | ESAL 196.4 (도시 중앙값) | 과거 300m 이내 보수이력 없음 | 모델기여도[동결융해=+0.773, 7일 누적강수=-0.264, 14일 누적강수=-0.107, 하수관로 노후도=-0.005, 교통하중=-0.007, 과거 보수이력=-0.061, 보수 후 경과기간=-0.018]",53.42171051821831,주의,"주요원인=동결융해 | 동결융해=100.0점 (14일 14회) | 누적강수=14.4점 (7일 0.0mm, 14일 35.9mm) | 하수관로 노후도=43.0점 (30년 이상 비율 43.0%) | 교통하중=31.2점 (ESAL 196.4, 도시 중앙값 적용) | 300m 이내 확인된 보수이력 없음",0,,,,0.0,0.5256180387325572,0.7727965094476354,-0.2641455745468213,-0.1066002451248875,-0.004965327502672356,-0.007101523989921092,-0.06072288933117835,-0.017788087188867548,9.411764705882353,하위 70%
R00471,35.456455,127.430377,남원 데모도로,남원시,670188.0,287953.6,0.4296609309626552,17.276260308101918,matched,0,,,,,0,470,1909-05,국도19호선,식정동-장수읍(1909-05),10683.0979394199,196.3664,2752.0,0.0593161200279134,city_median,31.172459494826025,42.96609309626552,2025-12-31,14.0,100.0,0.0,35.94,14.376,0.0,35.0,3.594,8.593218619253104,6.234491898965206,53.42171051821831,9.411764705882353,일반,동결융해,"Logistic 위험순위 상위 90.6% | 주요 증가요인=동결융해 | 동결융해 14일 14회 | 7일 강수 0.0mm | 14일 강수 35.9mm | 하수관 노후비율 43.0% | ESAL 196.4 (도시 중앙값) | 과거 300m 이내 보수이력 없음 | 모델기여도[동결융해=+0.773, 7일 누적강수=-0.264, 14일 누적강수=-0.107, 하수관로 노후도=-0.005, 교통하중=-0.007, 과거 보수이력=-0.061, 보수 후 경과기간=-0.018]",53.42171051821831,주의,"주요원인=동결융해 | 동결융해=100.0점 (14일 14회) | 누적강수=14.4점 (7일 0.0mm, 14일 35.9mm) | 하수관로 노후도=43.0점 (30년 이상 비율 43.0%) | 교통하중=31.2점 (ESAL 196.4, 도시 중앙값 적용) | 300m 이내 확인된 보수이력 없음",0,,,,0.0,0.5256180387325572,0.7727965094476354,-0.2641455745468213,-0.1066002451248875,-0.004965327502672356,-0.007101523989921092,-0.06072288933117835,-0.017788087188867548,9.411764705882353,하위 70%
R00511,35.360301,127.445956,남원 데모도로,남원시,670188.0,287953.6,0.4296609309626552,17.276260308101918,matched,0,,,,,0,510,2411-03,국도24호선,대강면-남원시(2411-03),13317.751610902513,196.3664,2752.0,0.0593161200279134,city_median,31.172459494826025,42.96609309626552,2025-12-31,14.0,100.0,0.0,35.94,14.376,0.0,35.0,3.594,8.593218619253104,6.234491898965206,53.42171051821831,9.411764705882353,일반,동결융해,"Logistic 위험순위 상위 90.6% | 주요 증가요인=동결융해 | 동결융해 14일 14회 | 7일 강수 0.0mm | 14일 강수 35.9mm | 하수관 노후비율 43.0% | ESAL 196.4 (도시 중앙값) | 과거 300m 이내 보수이력 없음 | 모델기여도[동결융해=+0.773, 7일 누적강수=-0.264, 14일 누적강수=-0.107, 하수관로 노후도=-0.005, 교통하중=-0.007, 과거 보수이력=-0.061, 보수 후 경과기간=-0.018]",53.42171051821831,주의,"주요원인=동결융해 | 동결융해=100.0점 (14일 14회) | 누적강수=14.4점 (7일 0.0mm, 14일 35.9mm) | 하수관로 노후도=43.0점 (30년 이상 비율 43.0%) | 교통하중=31.2점 (ESAL 196.4, 도시 중앙값 적용) | 300m 이내 확인된 보수이력 없음",0,,,,0.0,0.5256180387325572,0.7727965094476354,-0.2641455745468213,-0.1066002451248875,-0.004965327502672356,-0.007101523989921092,-0.06072288933117835,-0.017788087188867548,9.411764705882353,하위 70%
R00504,35.466249,127.390625,남원 데모도로,남원시,670188.0,287953.6,0.4296609309626552,17.276260308101918,matched,0,,,,,0,503,2411-03,국도24호선,대강면-남원시(2411-03),10669.094215908624,196.3664,2752.0,0.0593161200279134,city_median,31.172459494826025,42.96609309626552,2025-12-31,14.0,100.0,0.0,35.94,14.376,0.0,35.0,3.594,8.593218619253104,6.234491898965206,53.42171051821831,9.411764705882353,일반,동결융해,"Logistic 위험순위 상위 90.6% | 주요 증가요인=동결융해 | 동결융해 14일 14회 | 7일 강수 0.0mm | 14일 강수 35.9mm | 하수관 노후비율 43.0% | ESAL 196.4 (도시 중앙값) | 과거 300m 이내 보수이력 없음 | 모델기여도[동결융해=+0.773, 7일 누적강수=-0.264, 14일 누적강수=-0.107, 하수관로 노후도=-0.005, 교통하중=-0.007, 과거 보수이력=-0.061, 보수 후 경과기간=-0.018]",53.42171051821831,주의,"주요원인=동결융해 | 동결융해=100.0점 (14일 14회) | 누적강수=14.4점 (7일 0.0mm, 14일 35.9mm) | 하수관로 노후도=43.0점 (30년 이상 비율 43.0%) | 교통하중=31.2점 (ESAL 196.4, 도시 중앙값 적용) | 300m 이내 확인된 보수이력 없음",0,,,,0.0,0.5256180387325572,0.7727965094476354,-0.2641455745468213,-0.1066002451248875,-0.004965327502672356,-0.007101523989921092,-0.06072288933117835,-0.017788087188867548,9.411764705882353,하위 70%
R00505,35.472318,127.390957,남원 데모도로,남원시,670188.0,287953.6,0.4296609309626552,17.276260308101918,matched,0,,,,,0,504,2411-03,국도24호선,대강면-남원시(2411-03),11174.040634209558,196.3664,2752.0,0.0593161200279134,city_median,31.172459494826025,42.96609309626552,2025-12-31,14.0,100.0,0.0,35.94,14.376,0.0,35.0,3.594,8.593218619253104,6.234491898965206,53.42171051821831,9.411764705882353,일반,동결융해,"Logistic 위험순위 상위 90.6% | 주요 증가요인=동결융해 | 동결융해 14일 14회 | 7일 강수 0.0mm | 14일 강수 35.9mm | 하수관 노후비율 43.0% | ESAL 196.4 (도시 중앙값) | 과거 300m 이내 보수이력 없음 | 모델기여도[동결융해=+0.773, 7일 누적강수=-0.264, 14일 누적강수=-0.107, 하수관로 노후도=-0.005, 교통하중=-0.007, 과거 보수이력=-0.061, 보수 후 경과기간=-0.018]",53.42171051821831,주의,"주요원인=동결융해 | 동결융해=100.0점 (14일 14회) | 누적강수=14.4점 (7일 0.0mm, 14일 35.9mm) | 하수관로 노후도=43.0점 (30년 이상 비율 43.0%) | 교통하중=31.2점 (ESAL 196.4, 도시 중앙값 적용) | 300m 이내 확인된 보수이력 없음",0,,,,0.0,0.5256180387325572,0.7727965094476354,-0.2641455745468213,-0.1066002451248875,-0.004965327502672356,-0.007101523989921092,-0.06072288933117835,-0.017788087188867548,9.411764705882353,하위 70%
R00506,35.476204,127.390266,남원 데모도로,남원시,670188.0,287953.6,0.4296609309626552,17.276260308101918,matched,0,,,,,0,505,2411-03,국도24호선,대강면-남원시(2411-03),11452.374868368232,196.3664,2752.0,0.0593161200279134,city_median,31.172459494826025,42.96609309626552,2025-12-31,14.0,100.0,0.0,35.94,14.376,0.0,35.0,3.594,8.593218619253104,6.234491898965206,53.42171051821831,9.411764705882353,일반,동결융해,"Logistic 위험순위 상위 90.6% | 주요 증가요인=동결융해 | 동결융해 14일 14회 | 7일 강수 0.0mm | 14일 강수 35.9mm | 하수관 노후비율 43.0% | ESAL 196.4 (도시 중앙값) | 과거 300m 이내 보수이력 없음 | 모델기여도[동결융해=+0.773, 7일 누적강수=-0.264, 14일 누적강수=-0.107, 하수관로 노후도=-0.005, 교통하중=-0.007, 과거 보수이력=-0.061, 보수 후 경과기간=-0.018]",53.42171051821831,주의,"주요원인=동결융해 | 동결융해=100.0점 (14일 14회) | 누적강수=14.4점 (7일 0.0mm, 14일 35.9mm) | 하수관로 노후도=43.0점 (30년 이상 비율 43.0%) | 교통하중=31.2점 (ESAL 196.4, 도시 중앙값 적용) | 300m 이내 확인된 보수이력 없음",0,,,,0.0,0.5256180387325572,0.7727965094476354,-0.2641455745468213,-0.1066002451248875,-0.004965327502672356,-0.007101523989921092,-0.06072288933117835,-0.017788087188867548,9.411764705882353,하위 70%
R00507,35.48096,127.390228,남원 데모도로,남원시,670188.0,287953.6,0.4296609309626552,17.276260308101918,matched,0,,,,,0,506,2411-03,국도24호선,대강면-남원시(2411-03),11852.570785843229,196.3664,2752.0,0.0593161200279134,city_median,31.172459494826025,42.96609309626552,2025-12-31,14.0,100.0,0.0,35.94,14.376,0.0,35.0,3.594,8.593218619253104,6.234491898965206,53.42171051821831,9.411764705882353,일반,동결융해,"Logistic 위험순위 상위 90.6% | 주요 증가요인=동결융해 | 동결융해 14일 14회 | 7일 강수 0.0mm | 14일 강수 35.9mm | 하수관 노후비율 43.0% | ESAL 196.4 (도시 중앙값) | 과거 300m 이내 보수이력 없음 | 모델기여도[동결융해=+0.773, 7일 누적강수=-0.264, 14일 누적강수=-0.107, 하수관로 노후도=-0.005, 교통하중=-0.007, 과거 보수이력=-0.061, 보수 후 경과기간=-0.018]",53.42171051821831,주의,"주요원인=동결융해 | 동결융해=100.0점 (14일 14회) | 누적강수=14.4점 (7일 0.0mm, 14일 35.9mm) | 하수관로 노후도=43.0점 (30년 이상 비율 43.0%) | 교통하중=31.2점 (ESAL 196.4, 도시 중앙값 적용) | 300m 이내 확인된 보수이력 없음",0,,,,0.0,0.5256180387325572,0.7727965094476354,-0.2641455745468213,-0.1066002451248875,-0.004965327502672356,-0.007101523989921092,-0.06072288933117835,-0.017788087188867548,9.411764705882353,하위 70%
R00508,35.48774,127.390175,남원 데모도로,남원시,670188.0,287953.6,0.4296609309626552,17.276260308101918,matched,0,,,,,0,507,2411-03,국도24호선,대강면-남원시(2411-03),12439.765703834442,196.3664,2752.0,0.0593161200279134,city_median,31.172459494826025,42.96609309626552,2025-12-31,14.0,100.0,0.0,35.94,14.376,0.0,35.0,3.594,8.593218619253104,6.234491898965206,53.42171051821831,9.411764705882353,일반,동결융해,"Logistic 위험순위 상위 90.6% | 주요 증가요인=동결융해 | 동결융해 14일 14회 | 7일 강수 0.0mm | 14일 강수 35.9mm | 하수관 노후비율 43.0% | ESAL 196.4 (도시 중앙값) | 과거 300m 이내 보수이력 없음 | 모델기여도[동결융해=+0.773, 7일 누적강수=-0.264, 14일 누적강수=-0.107, 하수관로 노후도=-0.005, 교통하중=-0.007, 과거 보수이력=-0.061, 보수 후 경과기간=-0.018]",53.42171051821831,주의,"주요원인=동결융해 | 동결융해=100.0점 (14일 14회) | 누적강수=14.4점 (7일 0.0mm, 14일 35.9mm) | 하수관로 노후도=43.0점 (30년 이상 비율 43.0%) | 교통하중=31.2점 (ESAL 196.4, 도시 중앙값 적용) | 300m 이내 확인된 보수이력 없음",0,,,,0.0,0.5256180387325572,0.7727965094476354,-0.2641455745468213,-0.1066002451248875,-0.004965327502672356,-0.007101523989921092,-0.06072288933117835,-0.017788087188867548,9.411764705882353,하위 70%
R00509,35.490595,127.389924,남원 데모도로,남원시,670188.0,287953.6,0.4296609309626552,17.276260308101918,matched,0,,,,,0,508,2411-03,국도24호선,대강면-남원시(2411-03),12679.996452053972,196.3664,2752.0,0.0593161200279134,city_median,31.172459494826025,42.96609309626552,2025-12-31,14.0,100.0,0.0,35.94,14.376,0.0,35.0,3.594,8.593218619253104,6.234491898965206,53.42171051821831,9.411764705882353,일반,동결융해,"Logistic 위험순위 상위 90.6% | 주요 증가요인=동결융해 | 동결융해 14일 14회 | 7일 강수 0.0mm | 14일 강수 35.9mm | 하수관 노후비율 43.0% | ESAL 196.4 (도시 중앙값) | 과거 300m 이내 보수이력 없음 | 모델기여도[동결융해=+0.773, 7일 누적강수=-0.264, 14일 누적강수=-0.107, 하수관로 노후도=-0.005, 교통하중=-0.007, 과거 보수이력=-0.061, 보수 후 경과기간=-0.018]",53.42171051821831,주의,"주요원인=동결융해 | 동결융해=100.0점 (14일 14회) | 누적강수=14.4점 (7일 0.0mm, 14일 35.9mm) | 하수관로 노후도=43.0점 (30년 이상 비율 43.0%) | 교통하중=31.2점 (ESAL 196.4, 도시 중앙값 적용) | 300m 이내 확인된 보수이력 없음",0,,,,0.0,0.5256180387325572,0.7727965094476354,-0.2641455745468213,-0.1066002451248875,-0.004965327502672356,-0.007101523989921092,-0.06072288933117835,-0.017788087188867548,9.411764705882353,하위 70%
R00510,35.495272,127.389493,남원 데모도로,남원시,670188.0,287953.6,0.4296609309626552,17.276260308101918,matched,0,,,,,0,509,1909-05,국도19호선,식정동-장수읍(1909-05),12853.737580461691,196.3664,2752.0,0.0593161200279134,city_median,31.172459494826025,42.96609309626552,2025-12-31,14.0,100.0,0.0,35.94,14.376,0.0,35.0,3.594,8.593218619253104,6.234491898965206,53.42171051821831,9.411764705882353,일반,동결융해,"Logistic 위험순위 상위 90.6% | 주요 증가요인=동결융해 | 동결융해 14일 14회 | 7일 강수 0.0mm | 14일 강수 35.9mm | 하수관 노후비율 43.0% | ESAL 196.4 (도시 중앙값) | 과거 300m 이내 보수이력 없음 | 모델기여도[동결융해=+0.773, 7일 누적강수=-0.264, 14일 누적강수=-0.107, 하수관로 노후도=-0.005, 교통하중=-0.007, 과거 보수이력=-0.061, 보수 후 경과기간=-0.018]",53.42171051821831,주의,"주요원인=동결융해 | 동결융해=100.0점 (14일 14회) | 누적강수=14.4점 (7일 0.0mm, 14일 35.9mm) | 하수관로 노후도=43.0점 (30년 이상 비율 43.0%) | 교통하중=31.2점 (ESAL 196.4, 도시 중앙값 적용) | 300m 이내 확인된 보수이력 없음",0,,,,0.0,0.5256180387325572,0.7727965094476354,-0.2641455745468213,-0.1066002451248875,-0.004965327502672356,-0.007101523989921092,-0.06072288933117835,-0.017788087188867548,9.411764705882353,하위 70%
R00515,35.373056,127.432984,남원 데모도로,남원시,670188.0,287953.6,0.4296609309626552,17.276260308101918,matched,0,,,,,0,514,2411-03,국도24호선,대강면-남원시(2411-03),11786.804067421022,196.3664,2752.0,0.0593161200279134,city_median,31.172459494826025,42.96609309626552,2025-12-31,14.0,100.0,0.0,35.94,14.376,0.0,35.0,3.594,8.593218619253104,6.234491898965206,53.42171051821831,9.411764705882353,일반,동결융해,"Logistic 위험순위 상위 90.6% | 주요 증가요인=동결융해 | 동결융해 14일 14회 | 7일 강수 0.0mm | 14일 강수 35.9mm | 하수관 노후비율 43.0% | ESAL 196.4 (도시 중앙값) | 과거 300m 이내 보수이력 없음 | 모델기여도[동결융해=+0.773, 7일 누적강수=-0.264, 14일 누적강수=-0.107, 하수관로 노후도=-0.005, 교통하중=-0.007, 과거 보수이력=-0.061, 보수 후 경과기간=-0.018]",53.42171051821831,주의,"주요원인=동결융해 | 동결융해=100.0점 (14일 14회) | 누적강수=14.4점 (7일 0.0mm, 14일 35.9mm) | 하수관로 노후도=43.0점 (30년 이상 비율 43.0%) | 교통하중=31.2점 (ESAL 196.4, 도시 중앙값 적용) | 300m 이내 확인된 보수이력 없음",0,,,,0.0,0.5256180387325572,0.7727965094476354,-0.2641455745468213,-0.1066002451248875,-0.004965327502672356,-0.007101523989921092,-0.06072288933117835,-0.017788087188867548,9.411764705882353,하위 70%
R00512,35.363478,127.443558,남원 데모도로,남원시,670188.0,287953.6,0.4296609309626552,17.276260308101918,matched,0,,,,,0,511,2411-03,국도24호선,대강면-남원시(2411-03),13000.766695950751,196.3664,2752.0,0.0593161200279134,city_median,31.172459494826025,42.96609309626552,2025-12-31,14.0,100.0,0.0,35.94,14.376,0.0,35.0,3.594,8.593218619253104,6.234491898965206,53.42171051821831,9.411764705882353,일반,동결융해,"Logistic 위험순위 상위 90.6% | 주요 증가요인=동결융해 | 동결융해 14일 14회 | 7일 강수 0.0mm | 14일 강수 35.9mm | 하수관 노후비율 43.0% | ESAL 196.4 (도시 중앙값) | 과거 300m 이내 보수이력 없음 | 모델기여도[동결융해=+0.773, 7일 누적강수=-0.264, 14일 누적강수=-0.107, 하수관로 노후도=-0.005, 교통하중=-0.007, 과거 보수이력=-0.061, 보수 후 경과기간=-0.018]",53.42171051821831,주의,"주요원인=동결융해 | 동결융해=100.0점 (14일 14회) | 누적강수=14.4점 (7일 0.0mm, 14일 35.9mm) | 하수관로 노후도=43.0점 (30년 이상 비율 43.0%) | 교통하중=31.2점 (ESAL 196.4, 도시 중앙값 적용) | 300m 이내 확인된 보수이력 없음",0,,,,0.0,0.5256180387325572,0.7727965094476354,-0.2641455745468213,-0.1066002451248875,-0.004965327502672356,-0.007101523989921092,-0.06072288933117835,-0.017788087188867548,9.411764705882353,하위 70%
R00498,35.437687,127.390559,남원 데모도로,남원시,670188.0,287953.6,0.4296609309626552,17.276260308101918,matched,0,,,,,0,497,2411-03,국도24호선,대강면-남원시(2411-03),8730.05221070418,196.3664,2752.0,0.0593161200279134,city_median,31.172459494826025,42.96609309626552,2025-12-31,14.0,100.0,0.0,35.94,14.376,0.0,35.0,3.594,8.593218619253104,6.234491898965206,53.42171051821831,9.411764705882353,일반,동결융해,"Logistic 위험순위 상위 90.6% | 주요 증가요인=동결융해 | 동결융해 14일 14회 | 7일 강수 0.0mm | 14일 강수 35.9mm | 하수관 노후비율 43.0% | ESAL 196.4 (도시 중앙값) | 과거 300m 이내 보수이력 없음 | 모델기여도[동결융해=+0.773, 7일 누적강수=-0.264, 14일 누적강수=-0.107, 하수관로 노후도=-0.005, 교통하중=-0.007, 과거 보수이력=-0.061, 보수 후 경과기간=-0.018]",53.42171051821831,주의,"주요원인=동결융해 | 동결융해=100.0점 (14일 14회) | 누적강수=14.4점 (7일 0.0mm, 14일 35.9mm) | 하수관로 노후도=43.0점 (30년 이상 비율 43.0%) | 교통하중=31.2점 (ESAL 196.4, 도시 중앙값 적용) | 300m 이내 확인된 보수이력 없음",0,,,,0.0,0.5256180387325572,0.7727965094476354,-0.2641455745468213,-0.1066002451248875,-0.004965327502672356,-0.007101523989921092,-0.06072288933117835,-0.017788087188867548,9.411764705882353,하위 70%
R00499,35.443614,127.389726,남원 데모도로,남원시,670188.0,287953.6,0.4296609309626552,17.276260308101918,matched,0,,,,,0,498,2411-03,국도24호선,대강면-남원시(2411-03),9011.25626381046,196.3664,2752.0,0.0593161200279134,city_median,31.172459494826025,42.96609309626552,2025-12-31,14.0,100.0,0.0,35.94,14.376,0.0,35.0,3.594,8.593218619253104,6.234491898965206,53.42171051821831,9.411764705882353,일반,동결융해,"Logistic 위험순위 상위 90.6% | 주요 증가요인=동결융해 | 동결융해 14일 14회 | 7일 강수 0.0mm | 14일 강수 35.9mm | 하수관 노후비율 43.0% | ESAL 196.4 (도시 중앙값) | 과거 300m 이내 보수이력 없음 | 모델기여도[동결융해=+0.773, 7일 누적강수=-0.264, 14일 누적강수=-0.107, 하수관로 노후도=-0.005, 교통하중=-0.007, 과거 보수이력=-0.061, 보수 후 경과기간=-0.018]",53.42171051821831,주의,"주요원인=동결융해 | 동결융해=100.0점 (14일 14회) | 누적강수=14.4점 (7일 0.0mm, 14일 35.9mm) | 하수관로 노후도=43.0점 (30년 이상 비율 43.0%) | 교통하중=31.2점 (ESAL 196.4, 도시 중앙값 적용) | 300m 이내 확인된 보수이력 없음",0,,,,0.0,0.5256180387325572,0.7727965094476354,-0.2641455745468213,-0.1066002451248875,-0.004965327502672356,-0.007101523989921092,-0.06072288933117835,-0.017788087188867548,9.411764705882353,하위 70%
R00501,35.453295,127.390161,남원 데모도로,남원시,670188.0,287953.6,0.4296609309626552,17.276260308101918,matched,0,,,,,0,500,2411-03,국도24호선,대강면-남원시(2411-03),9678.54230770232,196.3664,2752.0,0.0593161200279134,city_median,31.172459494826025,42.96609309626552,2025-12-31,14.0,100.0,0.0,35.94,14.376,0.0,35.0,3.594,8.593218619253104,6.234491898965206,53.42171051821831,9.411764705882353,일반,동결융해,"Logistic 위험순위 상위 90.6% | 주요 증가요인=동결융해 | 동결융해 14일 14회 | 7일 강수 0.0mm | 14일 강수 35.9mm | 하수관 노후비율 43.0% | ESAL 196.4 (도시 중앙값) | 과거 300m 이내 보수이력 없음 | 모델기여도[동결융해=+0.773, 7일 누적강수=-0.264, 14일 누적강수=-0.107, 하수관로 노후도=-0.005, 교통하중=-0.007, 과거 보수이력=-0.061, 보수 후 경과기간=-0.018]",53.42171051821831,주의,"주요원인=동결융해 | 동결융해=100.0점 (14일 14회) | 누적강수=14.4점 (7일 0.0mm, 14일 35.9mm) | 하수관로 노후도=43.0점 (30년 이상 비율 43.0%) | 교통하중=31.2점 (ESAL 196.4, 도시 중앙값 적용) | 300m 이내 확인된 보수이력 없음",0,,,,0.0,0.5256180387325572,0.7727965094476354,-0.2641455745468213,-0.1066002451248875,-0.004965327502672356,-0.007101523989921092,-0.06072288933117835,-0.017788087188867548,9.411764705882353,하위 70%
R00500,35.446799,127.389979,남원 데모도로,남원시,670188.0,287953.6,0.4296609309626552,17.276260308101918,matched,0,,,,,0,499,2411-03,국도24호선,대강면-남원시(2411-03),9230.358958934416,196.3664,2752.0,0.0593161200279134,city_median,31.172459494826025,42.96609309626552,2025-12-31,14.0,100.0,0.0,35.94,14.376,0.0,35.0,3.594,8.593218619253104,6.234491898965206,53.42171051821831,9.411764705882353,일반,동결융해,"Logistic 위험순위 상위 90.6% | 주요 증가요인=동결융해 | 동결융해 14일 14회 | 7일 강수 0.0mm | 14일 강수 35.9mm | 하수관 노후비율 43.0% | ESAL 196.4 (도시 중앙값) | 과거 300m 이내 보수이력 없음 | 모델기여도[동결융해=+0.773, 7일 누적강수=-0.264, 14일 누적강수=-0.107, 하수관로 노후도=-0.005, 교통하중=-0.007, 과거 보수이력=-0.061, 보수 후 경과기간=-0.018]",53.42171051821831,주의,"주요원인=동결융해 | 동결융해=100.0점 (14일 14회) | 누적강수=14.4점 (7일 0.0mm, 14일 35.9mm) | 하수관로 노후도=43.0점 (30년 이상 비율 43.0%) | 교통하중=31.2점 (ESAL 196.4, 도시 중앙값 적용) | 300m 이내 확인된 보수이력 없음",0,,,,0.0,0.5256180387325572,0.7727965094476354,-0.2641455745468213,-0.1066002451248875,-0.004965327502672356,-0.007101523989921092,-0.06072288933117835,-0.017788087188867548,9.411764705882353,하위 70%
R00502,35.45745,127.391038,남원 데모도로,남원시,670188.0,287953.6,0.4296609309626552,17.276260308101918,matched,0,,,,,0,501,2411-03,국도24호선,대강면-남원시(2411-03),10034.375892952155,196.3664,2752.0,0.0593161200279134,city_median,31.172459494826025,42.96609309626552,2025-12-31,14.0,100.0,0.0,35.94,14.376,0.0,35.0,3.594,8.593218619253104,6.234491898965206,53.42171051821831,9.411764705882353,일반,동결융해,"Logistic 위험순위 상위 90.6% | 주요 증가요인=동결융해 | 동결융해 14일 14회 | 7일 강수 0.0mm | 14일 강수 35.9mm | 하수관 노후비율 43.0% | ESAL 196.4 (도시 중앙값) | 과거 300m 이내 보수이력 없음 | 모델기여도[동결융해=+0.773, 7일 누적강수=-0.264, 14일 누적강수=-0.107, 하수관로 노후도=-0.005, 교통하중=-0.007, 과거 보수이력=-0.061, 보수 후 경과기간=-0.018]",53.42171051821831,주의,"주요원인=동결융해 | 동결융해=100.0점 (14일 14회) | 누적강수=14.4점 (7일 0.0mm, 14일 35.9mm) | 하수관로 노후도=43.0점 (30년 이상 비율 43.0%) | 교통하중=31.2점 (ESAL 196.4, 도시 중앙값 적용) | 300m 이내 확인된 보수이력 없음",0,,,,0.0,0.5256180387325572,0.7727965094476354,-0.2641455745468213,-0.1066002451248875,-0.004965327502672356,-0.007101523989921092,-0.06072288933117835,-0.017788087188867548,9.411764705882353,하위 70%
R00503,35.461896,127.390338,남원 데모도로,남원시,670188.0,287953.6,0.4296609309626552,17.276260308101918,matched,0,,,,,0,502,2411-03,국도24호선,대강면-남원시(2411-03),10315.69508304462,196.3664,2752.0,0.0593161200279134,city_median,31.172459494826025,42.96609309626552,2025-12-31,14.0,100.0,0.0,35.94,14.376,0.0,35.0,3.594,8.593218619253104,6.234491898965206,53.42171051821831,9.411764705882353,일반,동결융해,"Logistic 위험순위 상위 90.6% | 주요 증가요인=동결융해 | 동결융해 14일 14회 | 7일 강수 0.0mm | 14일 강수 35.9mm | 하수관 노후비율 43.0% | ESAL 196.4 (도시 중앙값) | 과거 300m 이내 보수이력 없음 | 모델기여도[동결융해=+0.773, 7일 누적강수=-0.264, 14일 누적강수=-0.107, 하수관로 노후도=-0.005, 교통하중=-0.007, 과거 보수이력=-0.061, 보수 후 경과기간=-0.018]",53.42171051821831,주의,"주요원인=동결융해 | 동결융해=100.0점 (14일 14회) | 누적강수=14.4점 (7일 0.0mm, 14일 35.9mm) | 하수관로 노후도=43.0점 (30년 이상 비율 43.0%) | 교통하중=31.2점 (ESAL 196.4, 도시 중앙값 적용) | 300m 이내 확인된 보수이력 없음",0,,,,0.0,0.5256180387325572,0.7727965094476354,-0.2641455745468213,-0.1066002451248875,-0.004965327502672356,-0.007101523989921092,-0.06072288933117835,-0.017788087188867548,9.411764705882353,하위 70%
R00517,35.380783,127.424563,남원 데모도로,남원시,670188.0,287953.6,0.4296609309626552,17.276260308101918,matched,0,,,,,0,516,2411-03,국도24호선,대강면-남원시(2411-03),10856.382715795788,196.3664,2752.0,0.0593161200279134,city_median,31.172459494826025,42.96609309626552,2025-12-31,14.0,100.0,0.0,35.94,14.376,0.0,35.0,3.594,8.593218619253104,6.234491898965206,53.42171051821831,9.411764705882353,일반,동결융해,"Logistic 위험순위 상위 90.6% | 주요 증가요인=동결융해 | 동결융해 14일 14회 | 7일 강수 0.0mm | 14일 강수 35.9mm | 하수관 노후비율 43.0% | ESAL 196.4 (도시 중앙값) | 과거 300m 이내 보수이력 없음 | 모델기여도[동결융해=+0.773, 7일 누적강수=-0.264, 14일 누적강수=-0.107, 하수관로 노후도=-0.005, 교통하중=-0.007, 과거 보수이력=-0.061, 보수 후 경과기간=-0.018]",53.42171051821831,주의,"주요원인=동결융해 | 동결융해=100.0점 (14일 14회) | 누적강수=14.4점 (7일 0.0mm, 14일 35.9mm) | 하수관로 노후도=43.0점 (30년 이상 비율 43.0%) | 교통하중=31.2점 (ESAL 196.4, 도시 중앙값 적용) | 300m 이내 확인된 보수이력 없음",0,,,,0.0,0.5256180387325572,0.7727965094476354,-0.2641455745468213,-0.1066002451248875,-0.004965327502672356,-0.007101523989921092,-0.06072288933117835,-0.017788087188867548,9.411764705882353,하위 70%
R00516,35.37662,127.430309,남원 데모도로,남원시,670188.0,287953.6,0.4296609309626552,17.276260308101918,matched,0,,,,,0,515,2411-03,국도24호선,대강면-남원시(2411-03),11459.669023897124,196.3664,2752.0,0.0593161200279134,city_median,31.172459494826025,42.96609309626552,2025-12-31,14.0,100.0,0.0,35.94,14.376,0.0,35.0,3.594,8.593218619253104,6.234491898965206,53.42171051821831,9.411764705882353,일반,동결융해,"Logistic 위험순위 상위 90.6% | 주요 증가요인=동결융해 | 동결융해 14일 14회 | 7일 강수 0.0mm | 14일 강수 35.9mm | 하수관 노후비율 43.0% | ESAL 196.4 (도시 중앙값) | 과거 300m 이내 보수이력 없음 | 모델기여도[동결융해=+0.773, 7일 누적강수=-0.264, 14일 누적강수=-0.107, 하수관로 노후도=-0.005, 교통하중=-0.007, 과거 보수이력=-0.061, 보수 후 경과기간=-0.018]",53.42171051821831,주의,"주요원인=동결융해 | 동결융해=100.0점 (14일 14회) | 누적강수=14.4점 (7일 0.0mm, 14일 35.9mm) | 하수관로 노후도=43.0점 (30년 이상 비율 43.0%) | 교통하중=31.2점 (ESAL 196.4, 도시 중앙값 적용) | 300m 이내 확인된 보수이력 없음",0,,,,0.0,0.5256180387325572,0.7727965094476354,-0.2641455745468213,-0.1066002451248875,-0.004965327502672356,-0.007101523989921092,-0.06072288933117835,-0.017788087188867548,9.411764705882353,하위 70%
R00513,35.366316,127.440271,남원 데모도로,남원시,670188.0,287953.6,0.4296609309626552,17.276260308101918,matched,0,,,,,0,512,2411-03,국도24호선,대강면-남원시(2411-03),12622.894605276875,196.3664,2752.0,0.0593161200279134,city_median,31.172459494826025,42.96609309626552,2025-12-31,14.0,100.0,0.0,35.94,14.376,0.0,35.0,3.594,8.593218619253104,6.234491898965206,53.42171051821831,9.411764705882353,일반,동결융해,"Logistic 위험순위 상위 90.6% | 주요 증가요인=동결융해 | 동결융해 14일 14회 | 7일 강수 0.0mm | 14일 강수 35.9mm | 하수관 노후비율 43.0% | ESAL 196.4 (도시 중앙값) | 과거 300m 이내 보수이력 없음 | 모델기여도[동결융해=+0.773, 7일 누적강수=-0.264, 14일 누적강수=-0.107, 하수관로 노후도=-0.005, 교통하중=-0.007, 과거 보수이력=-0.061, 보수 후 경과기간=-0.018]",53.42171051821831,주의,"주요원인=동결융해 | 동결융해=100.0점 (14일 14회) | 누적강수=14.4점 (7일 0.0mm, 14일 35.9mm) | 하수관로 노후도=43.0점 (30년 이상 비율 43.0%) | 교통하중=31.2점 (ESAL 196.4, 도시 중앙값 적용) | 300m 이내 확인된 보수이력 없음",0,,,,0.0,0.5256180387325572,0.7727965094476354,-0.2641455745468213,-0.1066002451248875,-0.004965327502672356,-0.007101523989921092,-0.06072288933117835,-0.017788087188867548,9.411764705882353,하위 70%
R00514,35.36946,127.437272,남원 데모도로,남원시,670188.0,287953.6,0.4296609309626552,17.276260308101918,matched,0,,,,,0,513,2411-03,국도24호선,대강면-남원시(2411-03),12264.793942844208,196.3664,2752.0,0.0593161200279134,city_median,31.172459494826025,42.96609309626552,2025-12-31,14.0,100.0,0.0,35.94,14.376,0.0,35.0,3.594,8.593218619253104,6.234491898965206,53.42171051821831,9.411764705882353,일반,동결융해,"Logistic 위험순위 상위 90.6% | 주요 증가요인=동결융해 | 동결융해 14일 14회 | 7일 강수 0.0mm | 14일 강수 35.9mm | 하수관 노후비율 43.0% | ESAL 196.4 (도시 중앙값) | 과거 300m 이내 보수이력 없음 | 모델기여도[동결융해=+0.773, 7일 누적강수=-0.264, 14일 누적강수=-0.107, 하수관로 노후도=-0.005, 교통하중=-0.007, 과거 보수이력=-0.061, 보수 후 경과기간=-0.018]",53.42171051821831,주의,"주요원인=동결융해 | 동결융해=100.0점 (14일 14회) | 누적강수=14.4점 (7일 0.0mm, 14일 35.9mm) | 하수관로 노후도=43.0점 (30년 이상 비율 43.0%) | 교통하중=31.2점 (ESAL 196.4, 도시 중앙값 적용) | 300m 이내 확인된 보수이력 없음",0,,,,0.0,0.5256180387325572,0.7727965094476354,-0.2641455745468213,-0.1066002451248875,-0.004965327502672356,-0.007101523989921092,-0.06072288933117835,-0.017788087188867548,9.411764705882353,하위 70%
R00518,35.384008,127.421749,남원 데모도로,남원시,670188.0,287953.6,0.4296609309626552,17.276260308101918,matched,0,,,,,0,517,2411-03,국도24호선,대강면-남원시(2411-03),10543.685040388498,196.3664,2752.0,0.0593161200279134,city_median,31.172459494826025,42.96609309626552,2025-12-31,14.0,100.0,0.0,35.94,14.376,0.0,35.0,3.594,8.593218619253104,6.234491898965206,53.42171051821831,9.411764705882353,일반,동결융해,"Logistic 위험순위 상위 90.6% | 주요 증가요인=동결융해 | 동결융해 14일 14회 | 7일 강수 0.0mm | 14일 강수 35.9mm | 하수관 노후비율 43.0% | ESAL 196.4 (도시 중앙값) | 과거 300m 이내 보수이력 없음 | 모델기여도[동결융해=+0.773, 7일 누적강수=-0.264, 14일 누적강수=-0.107, 하수관로 노후도=-0.005, 교통하중=-0.007, 과거 보수이력=-0.061, 보수 후 경과기간=-0.018]",53.42171051821831,주의,"주요원인=동결융해 | 동결융해=100.0점 (14일 14회) | 누적강수=14.4점 (7일 0.0mm, 14일 35.9mm) | 하수관로 노후도=43.0점 (30년 이상 비율 43.0%) | 교통하중=31.2점 (ESAL 196.4, 도시 중앙값 적용) | 300m 이내 확인된 보수이력 없음",0,,,,0.0,0.5256180387325572,0.7727965094476354,-0.2641455745468213,-0.1066002451248875,-0.004965327502672356,-0.007101523989921092,-0.06072288933117835,-0.017788087188867548,9.411764705882353,하위 70%
R00521,35.394619,127.412143,남원 데모도로,남원시,670188.0,287953.6,0.4296609309626552,17.276260308101918,matched,0,,,,,0,520,2411-03,국도24호선,대강면-남원시(2411-03),9554.40872282494,196.3664,2752.0,0.0593161200279134,city_median,31.172459494826025,42.96609309626552,2025-12-31,14.0,100.0,0.0,35.94,14.376,0.0,35.0,3.594,8.593218619253104,6.234491898965206,53.42171051821831,9.411764705882353,일반,동결융해,"Logistic 위험순위 상위 90.6% | 주요 증가요인=동결융해 | 동결융해 14일 14회 | 7일 강수 0.0mm | 14일 강수 35.9mm | 하수관 노후비율 43.0% | ESAL 196.4 (도시 중앙값) | 과거 300m 이내 보수이력 없음 | 모델기여도[동결융해=+0.773, 7일 누적강수=-0.264, 14일 누적강수=-0.107, 하수관로 노후도=-0.005, 교통하중=-0.007, 과거 보수이력=-0.061, 보수 후 경과기간=-0.018]",53.42171051821831,주의,"주요원인=동결융해 | 동결융해=100.0점 (14일 14회) | 누적강수=14.4점 (7일 0.0mm, 14일 35.9mm) | 하수관로 노후도=43.0점 (30년 이상 비율 43.0%) | 교통하중=31.2점 (ESAL 196.4, 도시 중앙값 적용) | 300m 이내 확인된 보수이력 없음",0,,,,0.0,0.5256180387325572,0.7727965094476354,-0.2641455745468213,-0.1066002451248875,-0.004965327502672356,-0.007101523989921092,-0.06072288933117835,-0.017788087188867548,9.411764705882353,하위 70%
R00497,35.433306,127.392192,남원 데모도로,남원시,670188.0,287953.6,0.4296609309626552,17.276260308101918,matched,0,,,,,0,496,2411-03,국도24호선,대강면-남원시(2411-03),8631.871380118519,196.3664,2752.0,0.0593161200279134,city_median,31.172459494826025,42.96609309626552,2025-12-31,14.0,100.0,0.0,35.94,14.376,0.0,35.0,3.594,8.593218619253104,6.234491898965206,53.42171051821831,9.411764705882353,일반,동결융해,"Logistic 위험순위 상위 90.6% | 주요 증가요인=동결융해 | 동결융해 14일 14회 | 7일 강수 0.0mm | 14일 강수 35.9mm | 하수관 노후비율 43.0% | ESAL 196.4 (도시 중앙값) | 과거 300m 이내 보수이력 없음 | 모델기여도[동결융해=+0.773, 7일 누적강수=-0.264, 14일 누적강수=-0.107, 하수관로 노후도=-0.005, 교통하중=-0.007, 과거 보수이력=-0.061, 보수 후 경과기간=-0.018]",53.42171051821831,주의,"주요원인=동결융해 | 동결융해=100.0점 (14일 14회) | 누적강수=14.4점 (7일 0.0mm, 14일 35.9mm) | 하수관로 노후도=43.0점 (30년 이상 비율 43.0%) | 교통하중=31.2점 (ESAL 196.4, 도시 중앙값 적용) | 300m 이내 확인된 보수이력 없음",0,,,,0.0,0.5256180387325572,0.7727965094476354,-0.2641455745468213,-0.1066002451248875,-0.004965327502672356,-0.007101523989921092,-0.06072288933117835,-0.017788087188867548,9.411764705882353,하위 70%
R00495,35.423058,127.390905,남원 데모도로,남원시,670188.0,287953.6,0.4296609309626552,17.276260308101918,matched,0,,,,,0,494,2411-03,국도24호선,대강면-남원시(2411-03),8079.7924510601,196.3664,2752.0,0.0593161200279134,city_median,31.172459494826025,42.96609309626552,2025-12-31,14.0,100.0,0.0,35.94,14.376,0.0,35.0,3.594,8.593218619253104,6.234491898965206,53.42171051821831,9.411764705882353,일반,동결융해,"Logistic 위험순위 상위 90.6% | 주요 증가요인=동결융해 | 동결융해 14일 14회 | 7일 강수 0.0mm | 14일 강수 35.9mm | 하수관 노후비율 43.0% | ESAL 196.4 (도시 중앙값) | 과거 300m 이내 보수이력 없음 | 모델기여도[동결융해=+0.773, 7일 누적강수=-0.264, 14일 누적강수=-0.107, 하수관로 노후도=-0.005, 교통하중=-0.007, 과거 보수이력=-0.061, 보수 후 경과기간=-0.018]",53.42171051821831,주의,"주요원인=동결융해 | 동결융해=100.0점 (14일 14회) | 누적강수=14.4점 (7일 0.0mm, 14일 35.9mm) | 하수관로 노후도=43.0점 (30년 이상 비율 43.0%) | 교통하중=31.2점 (ESAL 196.4, 도시 중앙값 적용) | 300m 이내 확인된 보수이력 없음",0,,,,0.0,0.5256180387325572,0.7727965094476354,-0.2641455745468213,-0.1066002451248875,-0.004965327502672356,-0.007101523989921092,-0.06072288933117835,-0.017788087188867548,9.411764705882353,하위 70%
R00494,35.418072,127.390784,남원 데모도로,남원시,670188.0,287953.6,0.4296609309626552,17.276260308101918,matched,0,,,,,0,493,2411-03,국도24호선,대강면-남원시(2411-03),7901.732566806583,196.3664,2752.0,0.0593161200279134,city_median,31.172459494826025,42.96609309626552,2025-12-31,14.0,100.0,0.0,35.94,14.376,0.0,35.0,3.594,8.593218619253104,6.234491898965206,53.42171051821831,9.411764705882353,일반,동결융해,"Logistic 위험순위 상위 90.6% | 주요 증가요인=동결융해 | 동결융해 14일 14회 | 7일 강수 0.0mm | 14일 강수 35.9mm | 하수관 노후비율 43.0% | ESAL 196.4 (도시 중앙값) | 과거 300m 이내 보수이력 없음 | 모델기여도[동결융해=+0.773, 7일 누적강수=-0.264, 14일 누적강수=-0.107, 하수관로 노후도=-0.005, 교통하중=-0.007, 과거 보수이력=-0.061, 보수 후 경과기간=-0.018]",53.42171051821831,주의,"주요원인=동결융해 | 동결융해=100.0점 (14일 14회) | 누적강수=14.4점 (7일 0.0mm, 14일 35.9mm) | 하수관로 노후도=43.0점 (30년 이상 비율 43.0%) | 교통하중=31.2점 (ESAL 196.4, 도시 중앙값 적용) | 300m 이내 확인된 보수이력 없음",0,,,,0.0,0.5256180387325572,0.7727965094476354,-0.2641455745468213,-0.1066002451248875,-0.004965327502672356,-0.007101523989921092,-0.06072288933117835,-0.017788087188867548,9.411764705882353,하위 70%
R00493,35.414523,127.390643,남원 데모도로,남원시,670188.0,287953.6,0.4296609309626552,17.276260308101918,matched,0,,,,,0,492,2411-03,국도24호선,대강면-남원시(2411-03),7791.723674427762,196.3664,2752.0,0.0593161200279134,city_median,31.172459494826025,42.96609309626552,2025-12-31,14.0,100.0,0.0,35.94,14.376,0.0,35.0,3.594,8.593218619253104,6.234491898965206,53.42171051821831,9.411764705882353,일반,동결융해,"Logistic 위험순위 상위 90.6% | 주요 증가요인=동결융해 | 동결융해 14일 14회 | 7일 강수 0.0mm | 14일 강수 35.9mm | 하수관 노후비율 43.0% | ESAL 196.4 (도시 중앙값) | 과거 300m 이내 보수이력 없음 | 모델기여도[동결융해=+0.773, 7일 누적강수=-0.264, 14일 누적강수=-0.107, 하수관로 노후도=-0.005, 교통하중=-0.007, 과거 보수이력=-0.061, 보수 후 경과기간=-0.018]",53.42171051821831,주의,"주요원인=동결융해 | 동결융해=100.0점 (14일 14회) | 누적강수=14.4점 (7일 0.0mm, 14일 35.9mm) | 하수관로 노후도=43.0점 (30년 이상 비율 43.0%) | 교통하중=31.2점 (ESAL 196.4, 도시 중앙값 적용) | 300m 이내 확인된 보수이력 없음",0,,,,0.0,0.5256180387325572,0.7727965094476354,-0.2641455745468213,-0.1066002451248875,-0.004965327502672356,-0.007101523989921092,-0.06072288933117835,-0.017788087188867548,9.411764705882353,하위 70%
R00492,35.407522,127.389588,남원 데모도로,남원시,670188.0,287953.6,0.4296609309626552,17.276260308101918,matched,0,,,,,0,491,2411-03,국도24호선,대강면-남원시(2411-03),7560.33215104306,196.3664,2752.0,0.0593161200279134,city_median,31.172459494826025,42.96609309626552,2025-12-31,14.0,100.0,0.0,35.94,14.376,0.0,35.0,3.594,8.593218619253104,6.234491898965206,53.42171051821831,9.411764705882353,일반,동결융해,"Logistic 위험순위 상위 90.6% | 주요 증가요인=동결융해 | 동결융해 14일 14회 | 7일 강수 0.0mm | 14일 강수 35.9mm | 하수관 노후비율 43.0% | ESAL 196.4 (도시 중앙값) | 과거 300m 이내 보수이력 없음 | 모델기여도[동결융해=+0.773, 7일 누적강수=-0.264, 14일 누적강수=-0.107, 하수관로 노후도=-0.005, 교통하중=-0.007, 과거 보수이력=-0.061, 보수 후 경과기간=-0.018]",53.42171051821831,주의,"주요원인=동결융해 | 동결융해=100.0점 (14일 14회) | 누적강수=14.4점 (7일 0.0mm, 14일 35.9mm) | 하수관로 노후도=43.0점 (30년 이상 비율 43.0%) | 교통하중=31.2점 (ESAL 196.4, 도시 중앙값 적용) | 300m 이내 확인된 보수이력 없음",0,,,,0.0,0.5256180387325572,0.7727965094476354,-0.2641455745468213,-0.1066002451248875,-0.004965327502672356,-0.007101523989921092,-0.06072288933117835,-0.017788087188867548,9.411764705882353,하위 70%
R00491,35.403664,127.390188,남원 데모도로,남원시,670188.0,287953.6,0.4296609309626552,17.276260308101918,matched,0,,,,,0,490,2411-03,국도24호선,대강면-남원시(2411-03),7571.834983208454,196.3664,2752.0,0.0593161200279134,city_median,31.172459494826025,42.96609309626552,2025-12-31,14.0,100.0,0.0,35.94,14.376,0.0,35.0,3.594,8.593218619253104,6.234491898965206,53.42171051821831,9.411764705882353,일반,동결융해,"Logistic 위험순위 상위 90.6% | 주요 증가요인=동결융해 | 동결융해 14일 14회 | 7일 강수 0.0mm | 14일 강수 35.9mm | 하수관 노후비율 43.0% | ESAL 196.4 (도시 중앙값) | 과거 300m 이내 보수이력 없음 | 모델기여도[동결융해=+0.773, 7일 누적강수=-0.264, 14일 누적강수=-0.107, 하수관로 노후도=-0.005, 교통하중=-0.007, 과거 보수이력=-0.061, 보수 후 경과기간=-0.018]",53.42171051821831,주의,"주요원인=동결융해 | 동결융해=100.0점 (14일 14회) | 누적강수=14.4점 (7일 0.0mm, 14일 35.9mm) | 하수관로 노후도=43.0점 (30년 이상 비율 43.0%) | 교통하중=31.2점 (ESAL 196.4, 도시 중앙값 적용) | 300m 이내 확인된 보수이력 없음",0,,,,0.0,0.5256180387325572,0.7727965094476354,-0.2641455745468213,-0.1066002451248875,-0.004965327502672356,-0.007101523989921092,-0.06072288933117835,-0.017788087188867548,9.411764705882353,하위 70%
R00490,35.399475,127.389946,남원 데모도로,남원시,670188.0,287953.6,0.4296609309626552,17.276260308101918,matched,0,,,,,0,489,2411-03,국도24호선,대강면-남원시(2411-03),7531.198030414394,196.3664,2752.0,0.0593161200279134,city_median,31.172459494826025,42.96609309626552,2025-12-31,14.0,100.0,0.0,35.94,14.376,0.0,35.0,3.594,8.593218619253104,6.234491898965206,53.42171051821831,9.411764705882353,일반,동결융해,"Logistic 위험순위 상위 90.6% | 주요 증가요인=동결융해 | 동결융해 14일 14회 | 7일 강수 0.0mm | 14일 강수 35.9mm | 하수관 노후비율 43.0% | ESAL 196.4 (도시 중앙값) | 과거 300m 이내 보수이력 없음 | 모델기여도[동결융해=+0.773, 7일 누적강수=-0.264, 14일 누적강수=-0.107, 하수관로 노후도=-0.005, 교통하중=-0.007, 과거 보수이력=-0.061, 보수 후 경과기간=-0.018]",53.42171051821831,주의,"주요원인=동결융해 | 동결융해=100.0점 (14일 14회) | 누적강수=14.4점 (7일 0.0mm, 14일 35.9mm) | 하수관로 노후도=43.0점 (30년 이상 비율 43.0%) | 교통하중=31.2점 (ESAL 196.4, 도시 중앙값 적용) | 300m 이내 확인된 보수이력 없음",0,,,,0.0,0.5256180387325572,0.7727965094476354,-0.2641455745468213,-0.1066002451248875,-0.004965327502672356,-0.007101523989921092,-0.06072288933117835,-0.017788087188867548,9.411764705882353,하위 70%
R00489,35.394854,127.389632,남원 데모도로,남원시,670188.0,287953.6,0.4296609309626552,17.276260308101918,matched,0,,,,,0,488,2411-03,국도24호선,대강면-남원시(2411-03),7515.473872443418,196.3664,2752.0,0.0593161200279134,city_median,31.172459494826025,42.96609309626552,2025-12-31,14.0,100.0,0.0,35.94,14.376,0.0,35.0,3.594,8.593218619253104,6.234491898965206,53.42171051821831,9.411764705882353,일반,동결융해,"Logistic 위험순위 상위 90.6% | 주요 증가요인=동결융해 | 동결융해 14일 14회 | 7일 강수 0.0mm | 14일 강수 35.9mm | 하수관 노후비율 43.0% | ESAL 196.4 (도시 중앙값) | 과거 300m 이내 보수이력 없음 | 모델기여도[동결융해=+0.773, 7일 누적강수=-0.264, 14일 누적강수=-0.107, 하수관로 노후도=-0.005, 교통하중=-0.007, 과거 보수이력=-0.061, 보수 후 경과기간=-0.018]",53.42171051821831,주의,"주요원인=동결융해 | 동결융해=100.0점 (14일 14회) | 누적강수=14.4점 (7일 0.0mm, 14일 35.9mm) | 하수관로 노후도=43.0점 (30년 이상 비율 43.0%) | 교통하중=31.2점 (ESAL 196.4, 도시 중앙값 적용) | 300m 이내 확인된 보수이력 없음",0,,,,0.0,0.5256180387325572,0.7727965094476354,-0.2641455745468213,-0.1066002451248875,-0.004965327502672356,-0.007101523989921092,-0.06072288933117835,-0.017788087188867548,9.411764705882353,하위 70%
R00488,35.390359,127.389866,남원 데모도로,남원시,670188.0,287953.6,0.4296609309626552,17.276260308101918,matched,0,,,,,0,487,2411-03,국도24호선,대강면-남원시(2411-03),7582.464365255424,196.3664,2752.0,0.0593161200279134,city_median,31.172459494826025,42.96609309626552,2025-12-31,14.0,100.0,0.0,35.94,14.376,0.0,35.0,3.594,8.593218619253104,6.234491898965206,53.42171051821831,9.411764705882353,일반,동결융해,"Logistic 위험순위 상위 90.6% | 주요 증가요인=동결융해 | 동결융해 14일 14회 | 7일 강수 0.0mm | 14일 강수 35.9mm | 하수관 노후비율 43.0% | ESAL 196.4 (도시 중앙값) | 과거 300m 이내 보수이력 없음 | 모델기여도[동결융해=+0.773, 7일 누적강수=-0.264, 14일 누적강수=-0.107, 하수관로 노후도=-0.005, 교통하중=-0.007, 과거 보수이력=-0.061, 보수 후 경과기간=-0.018]",53.42171051821831,주의,"주요원인=동결융해 | 동결융해=100.0점 (14일 14회) | 누적강수=14.4점 (7일 0.0mm, 14일 35.9mm) | 하수관로 노후도=43.0점 (30년 이상 비율 43.0%) | 교통하중=31.2점 (ESAL 196.4, 도시 중앙값 적용) | 300m 이내 확인된 보수이력 없음",0,,,,0.0,0.5256180387325572,0.7727965094476354,-0.2641455745468213,-0.1066002451248875,-0.004965327502672356,-0.007101523989921092,-0.06072288933117835,-0.017788087188867548,9.411764705882353,하위 70%
R00487,35.386123,127.390496,남원 데모도로,남원시,670188.0,287953.6,0.4296609309626552,17.276260308101918,matched,0,,,,,0,486,2411-03,국도24호선,대강면-남원시(2411-03),7711.451389669962,196.3664,2752.0,0.0593161200279134,city_median,31.172459494826025,42.96609309626552,2025-12-31,14.0,100.0,0.0,35.94,14.376,0.0,35.0,3.594,8.593218619253104,6.234491898965206,53.42171051821831,9.411764705882353,일반,동결융해,"Logistic 위험순위 상위 90.6% | 주요 증가요인=동결융해 | 동결융해 14일 14회 | 7일 강수 0.0mm | 14일 강수 35.9mm | 하수관 노후비율 43.0% | ESAL 196.4 (도시 중앙값) | 과거 300m 이내 보수이력 없음 | 모델기여도[동결융해=+0.773, 7일 누적강수=-0.264, 14일 누적강수=-0.107, 하수관로 노후도=-0.005, 교통하중=-0.007, 과거 보수이력=-0.061, 보수 후 경과기간=-0.018]",53.42171051821831,주의,"주요원인=동결융해 | 동결융해=100.0점 (14일 14회) | 누적강수=14.4점 (7일 0.0mm, 14일 35.9mm) | 하수관로 노후도=43.0점 (30년 이상 비율 43.0%) | 교통하중=31.2점 (ESAL 196.4, 도시 중앙값 적용) | 300m 이내 확인된 보수이력 없음",0,,,,0.0,0.5256180387325572,0.7727965094476354,-0.2641455745468213,-0.1066002451248875,-0.004965327502672356,-0.007101523989921092,-0.06072288933117835,-0.017788087188867548,9.411764705882353,하위 70%
R00420,35.415574,127.363675,남원 데모도로,남원시,670188.0,287953.6,0.4296609309626552,17.276260308101918,matched,0,,,,,0,419,2411-03,국도24호선,대강면-남원시(2411-03),5476.169675618364,196.3664,2752.0,0.0593161200279134,city_median,31.172459494826025,42.96609309626552,2025-12-31,14.0,100.0,0.0,35.94,14.376,0.0,35.0,3.594,8.593218619253104,6.234491898965206,53.42171051821831,9.411764705882353,일반,동결융해,"Logistic 위험순위 상위 90.6% | 주요 증가요인=동결융해 | 동결융해 14일 14회 | 7일 강수 0.0mm | 14일 강수 35.9mm | 하수관 노후비율 43.0% | ESAL 196.4 (도시 중앙값) | 과거 300m 이내 보수이력 없음 | 모델기여도[동결융해=+0.773, 7일 누적강수=-0.264, 14일 누적강수=-0.107, 하수관로 노후도=-0.005, 교통하중=-0.007, 과거 보수이력=-0.061, 보수 후 경과기간=-0.018]",53.42171051821831,주의,"주요원인=동결융해 | 동결융해=100.0점 (14일 14회) | 누적강수=14.4점 (7일 0.0mm, 14일 35.9mm) | 하수관로 노후도=43.0점 (30년 이상 비율 43.0%) | 교통하중=31.2점 (ESAL 196.4, 도시 중앙값 적용) | 300m 이내 확인된 보수이력 없음",0,,,,0.0,0.5256180387325572,0.7727965094476354,-0.2641455745468213,-0.1066002451248875,-0.004965327502672356,-0.007101523989921092,-0.06072288933117835,-0.017788087188867548,9.411764705882353,하위 70%
R00419,35.416927,127.35934,남원 데모도로,남원시,670188.0,287953.6,0.4296609309626552,17.276260308101918,matched,0,,,,,0,418,2411-03,국도24호선,대강면-남원시(2411-03),5165.261917846608,196.3664,2752.0,0.0593161200279134,city_median,31.172459494826025,42.96609309626552,2025-12-31,14.0,100.0,0.0,35.94,14.376,0.0,35.0,3.594,8.593218619253104,6.234491898965206,53.42171051821831,9.411764705882353,일반,동결융해,"Logistic 위험순위 상위 90.6% | 주요 증가요인=동결융해 | 동결융해 14일 14회 | 7일 강수 0.0mm | 14일 강수 35.9mm | 하수관 노후비율 43.0% | ESAL 196.4 (도시 중앙값) | 과거 300m 이내 보수이력 없음 | 모델기여도[동결융해=+0.773, 7일 누적강수=-0.264, 14일 누적강수=-0.107, 하수관로 노후도=-0.005, 교통하중=-0.007, 과거 보수이력=-0.061, 보수 후 경과기간=-0.018]",53.42171051821831,주의,"주요원인=동결융해 | 동결융해=100.0점 (14일 14회) | 누적강수=14.4점 (7일 0.0mm, 14일 35.9mm) | 하수관로 노후도=43.0점 (30년 이상 비율 43.0%) | 교통하중=31.2점 (ESAL 196.4, 도시 중앙값 적용) | 300m 이내 확인된 보수이력 없음",0,,,,0.0,0.5256180387325572,0.7727965094476354,-0.2641455745468213,-0.1066002451248875,-0.004965327502672356,-0.007101523989921092,-0.06072288933117835,-0.017788087188867548,9.411764705882353,하위 70%
R00417,35.415874,127.349843,남원 데모도로,남원시,670188.0,287953.6,0.4296609309626552,17.276260308101918,matched,0,,,,,0,416,2411-03,국도24호선,대강면-남원시(2411-03),4333.068793366776,196.3664,2752.0,0.0593161200279134,city_median,31.172459494826025,42.96609309626552,2025-12-31,14.0,100.0,0.0,35.94,14.376,0.0,35.0,3.594,8.593218619253104,6.234491898965206,53.42171051821831,9.411764705882353,일반,동결융해,"Logistic 위험순위 상위 90.6% | 주요 증가요인=동결융해 | 동결융해 14일 14회 | 7일 강수 0.0mm | 14일 강수 35.9mm | 하수관 노후비율 43.0% | ESAL 196.4 (도시 중앙값) | 과거 300m 이내 보수이력 없음 | 모델기여도[동결융해=+0.773, 7일 누적강수=-0.264, 14일 누적강수=-0.107, 하수관로 노후도=-0.005, 교통하중=-0.007, 과거 보수이력=-0.061, 보수 후 경과기간=-0.018]",53.42171051821831,주의,"주요원인=동결융해 | 동결융해=100.0점 (14일 14회) | 누적강수=14.4점 (7일 0.0mm, 14일 35.9mm) | 하수관로 노후도=43.0점 (30년 이상 비율 43.0%) | 교통하중=31.2점 (ESAL 196.4, 도시 중앙값 적용) | 300m 이내 확인된 보수이력 없음",0,,,,0.0,0.5256180387325572,0.7727965094476354,-0.2641455745468213,-0.1066002451248875,-0.004965327502672356,-0.007101523989921092,-0.06072288933117835,-0.017788087188867548,9.411764705882353,하위 70%
R00412,35.416994,127.325639,남원 데모도로,남원시,670188.0,287953.6,0.4296609309626552,17.276260308101918,matched,0,,,,,0,411,2411-03,국도24호선,대강면-남원시(2411-03),2642.897539356922,196.3664,2752.0,0.0272529069767441,nearest_station,31.172459494826025,42.96609309626552,2025-12-31,14.0,100.0,0.0,35.94,14.376,0.0,35.0,3.594,8.593218619253104,6.234491898965206,53.42171051821831,9.411764705882353,일반,동결융해,"Logistic 위험순위 상위 90.6% | 주요 증가요인=동결융해 | 동결융해 14일 14회 | 7일 강수 0.0mm | 14일 강수 35.9mm | 하수관 노후비율 43.0% | ESAL 196.4 (실제 조사점 2.6km) | 과거 300m 이내 보수이력 없음 | 모델기여도[동결융해=+0.773, 7일 누적강수=-0.264, 14일 누적강수=-0.107, 하수관로 노후도=-0.005, 교통하중=-0.007, 과거 보수이력=-0.061, 보수 후 경과기간=-0.018]",53.42171051821831,주의,"주요원인=동결융해 | 동결융해=100.0점 (14일 14회) | 누적강수=14.4점 (7일 0.0mm, 14일 35.9mm) | 하수관로 노후도=43.0점 (30년 이상 비율 43.0%) | 교통하중=31.2점 (ESAL 196.4, 2.6km 이내 실제 조사점 적용) | 300m 이내 확인된 보수이력 없음",0,,,,0.0,0.5256180387325572,0.7727965094476354,-0.2641455745468213,-0.1066002451248875,-0.004965327502672356,-0.007101523989921092,-0.06072288933117835,-0.017788087188867548,9.411764705882353,하위 70%
R00436,35.415645,127.440729,남원 데모도로,남원시,670188.0,287953.6,0.4296609309626552,17.276260308101918,matched,0,,,,,0,435,2411-03,국도24호선,대강면-남원시(2411-03),12276.105961986394,196.3664,2752.0,0.0593161200279134,city_median,31.172459494826025,42.96609309626552,2025-12-31,14.0,100.0,0.0,35.94,14.376,0.0,35.0,3.594,8.593218619253104,6.234491898965206,53.42171051821831,9.411764705882353,일반,동결융해,"Logistic 위험순위 상위 90.6% | 주요 증가요인=동결융해 | 동결융해 14일 14회 | 7일 강수 0.0mm | 14일 강수 35.9mm | 하수관 노후비율 43.0% | ESAL 196.4 (도시 중앙값) | 과거 300m 이내 보수이력 없음 | 모델기여도[동결융해=+0.773, 7일 누적강수=-0.264, 14일 누적강수=-0.107, 하수관로 노후도=-0.005, 교통하중=-0.007, 과거 보수이력=-0.061, 보수 후 경과기간=-0.018]",53.42171051821831,주의,"주요원인=동결융해 | 동결융해=100.0점 (14일 14회) | 누적강수=14.4점 (7일 0.0mm, 14일 35.9mm) | 하수관로 노후도=43.0점 (30년 이상 비율 43.0%) | 교통하중=31.2점 (ESAL 196.4, 도시 중앙값 적용) | 300m 이내 확인된 보수이력 없음",0,,,,0.0,0.5256180387325572,0.7727965094476354,-0.2641455745468213,-0.1066002451248875,-0.004965327502672356,-0.007101523989921092,-0.06072288933117835,-0.017788087188867548,9.411764705882353,하위 70%
R00411,35.415496,127.320334,남원 데모도로,남원시,670188.0,287953.6,0.4296609309626552,17.276260308101918,matched,0,,,,,0,410,2411-03,국도24호선,대강면-남원시(2411-03),2221.195349363143,196.3664,2752.0,0.0272529069767441,nearest_station,31.172459494826025,42.96609309626552,2025-12-31,14.0,100.0,0.0,35.94,14.376,0.0,35.0,3.594,8.593218619253104,6.234491898965206,53.42171051821831,9.411764705882353,일반,동결융해,"Logistic 위험순위 상위 90.6% | 주요 증가요인=동결융해 | 동결융해 14일 14회 | 7일 강수 0.0mm | 14일 강수 35.9mm | 하수관 노후비율 43.0% | ESAL 196.4 (실제 조사점 2.2km) | 과거 300m 이내 보수이력 없음 | 모델기여도[동결융해=+0.773, 7일 누적강수=-0.264, 14일 누적강수=-0.107, 하수관로 노후도=-0.005, 교통하중=-0.007, 과거 보수이력=-0.061, 보수 후 경과기간=-0.018]",53.42171051821831,주의,"주요원인=동결융해 | 동결융해=100.0점 (14일 14회) | 누적강수=14.4점 (7일 0.0mm, 14일 35.9mm) | 하수관로 노후도=43.0점 (30년 이상 비율 43.0%) | 교통하중=31.2점 (ESAL 196.4, 2.2km 이내 실제 조사점 적용) | 300m 이내 확인된 보수이력 없음",0,,,,0.0,0.5256180387325572,0.7727965094476354,-0.2641455745468213,-0.1066002451248875,-0.004965327502672356,-0.007101523989921092,-0.06072288933117835,-0.017788087188867548,9.411764705882353,하위 70%
R00410,35.416338,127.315359,남원 데모도로,남원시,670188.0,287953.6,0.4296609309626552,17.276260308101918,matched,0,,,,,0,409,2411-03,국도24호선,대강면-남원시(2411-03),2095.709570776189,196.3664,2752.0,0.0272529069767441,nearest_station,31.172459494826025,42.96609309626552,2025-12-31,14.0,100.0,0.0,35.94,14.376,0.0,35.0,3.594,8.593218619253104,6.234491898965206,53.42171051821831,9.411764705882353,일반,동결융해,"Logistic 위험순위 상위 90.6% | 주요 증가요인=동결융해 | 동결융해 14일 14회 | 7일 강수 0.0mm | 14일 강수 35.9mm | 하수관 노후비율 43.0% | ESAL 196.4 (실제 조사점 2.1km) | 과거 300m 이내 보수이력 없음 | 모델기여도[동결융해=+0.773, 7일 누적강수=-0.264, 14일 누적강수=-0.107, 하수관로 노후도=-0.005, 교통하중=-0.007, 과거 보수이력=-0.061, 보수 후 경과기간=-0.018]",53.42171051821831,주의,"주요원인=동결융해 | 동결융해=100.0점 (14일 14회) | 누적강수=14.4점 (7일 0.0mm, 14일 35.9mm) | 하수관로 노후도=43.0점 (30년 이상 비율 43.0%) | 교통하중=31.2점 (ESAL 196.4, 2.1km 이내 실제 조사점 적용) | 300m 이내 확인된 보수이력 없음",0,,,,0.0,0.5256180387325572,0.7727965094476354,-0.2641455745468213,-0.1066002451248875,-0.004965327502672356,-0.007101523989921092,-0.06072288933117835,-0.017788087188867548,9.411764705882353,하위 70%
R00409,35.417212,127.310544,남원 데모도로,남원시,670188.0,287953.6,0.4296609309626552,17.276260308101918,matched,0,,,,,0,408,2411-03,국도24호선,대강면-남원시(2411-03),2073.269304859986,196.3664,2752.0,0.0272529069767441,nearest_station,31.172459494826025,42.96609309626552,2025-12-31,14.0,100.0,0.0,35.94,14.376,0.0,35.0,3.594,8.593218619253104,6.234491898965206,53.42171051821831,9.411764705882353,일반,동결융해,"Logistic 위험순위 상위 90.6% | 주요 증가요인=동결융해 | 동결융해 14일 14회 | 7일 강수 0.0mm | 14일 강수 35.9mm | 하수관 노후비율 43.0% | ESAL 196.4 (실제 조사점 2.1km) | 과거 300m 이내 보수이력 없음 | 모델기여도[동결융해=+0.773, 7일 누적강수=-0.264, 14일 누적강수=-0.107, 하수관로 노후도=-0.005, 교통하중=-0.007, 과거 보수이력=-0.061, 보수 후 경과기간=-0.018]",53.42171051821831,주의,"주요원인=동결융해 | 동결융해=100.0점 (14일 14회) | 누적강수=14.4점 (7일 0.0mm, 14일 35.9mm) | 하수관로 노후도=43.0점 (30년 이상 비율 43.0%) | 교통하중=31.2점 (ESAL 196.4, 2.1km 이내 실제 조사점 적용) | 300m 이내 확인된 보수이력 없음",0,,,,0.0,0.5256180387325572,0.7727965094476354,-0.2641455745468213,-0.1066002451248875,-0.004965327502672356,-0.007101523989921092,-0.06072288933117835,-0.017788087188867548,9.411764705882353,하위 70%
R00447,35.372185,127.346964,남원 데모도로,남원시,670188.0,287953.6,0.4296609309626552,17.276260308101918,matched,0,,,,,0,446,2411-03,국도24호선,대강면-남원시(2411-03),4688.55563133512,196.3664,2752.0,0.0593161200279134,city_median,31.172459494826025,42.96609309626552,2025-12-31,14.0,100.0,0.0,35.94,14.376,0.0,35.0,3.594,8.593218619253104,6.234491898965206,53.42171051821831,9.411764705882353,일반,동결융해,"Logistic 위험순위 상위 90.6% | 주요 증가요인=동결융해 | 동결융해 14일 14회 | 7일 강수 0.0mm | 14일 강수 35.9mm | 하수관 노후비율 43.0% | ESAL 196.4 (도시 중앙값) | 과거 300m 이내 보수이력 없음 | 모델기여도[동결융해=+0.773, 7일 누적강수=-0.264, 14일 누적강수=-0.107, 하수관로 노후도=-0.005, 교통하중=-0.007, 과거 보수이력=-0.061, 보수 후 경과기간=-0.018]",53.42171051821831,주의,"주요원인=동결융해 | 동결융해=100.0점 (14일 14회) | 누적강수=14.4점 (7일 0.0mm, 14일 35.9mm) | 하수관로 노후도=43.0점 (30년 이상 비율 43.0%) | 교통하중=31.2점 (ESAL 196.4, 도시 중앙값 적용) | 300m 이내 확인된 보수이력 없음",0,,,,0.0,0.5256180387325572,0.7727965094476354,-0.2641455745468213,-0.1066002451248875,-0.004965327502672356,-0.007101523989921092,-0.06072288933117835,-0.017788087188867548,9.411764705882353,하위 70%
R00429,35.417596,127.406391,남원 데모도로,남원시,670188.0,287953.6,0.4296609309626552,17.276260308101918,matched,0,,,,,0,428,2411-03,국도24호선,대강면-남원시(2411-03),9259.092214081948,196.3664,2752.0,0.0593161200279134,city_median,31.172459494826025,42.96609309626552,2025-12-31,14.0,100.0,0.0,35.94,14.376,0.0,35.0,3.594,8.593218619253104,6.234491898965206,53.42171051821831,9.411764705882353,일반,동결융해,"Logistic 위험순위 상위 90.6% | 주요 증가요인=동결융해 | 동결융해 14일 14회 | 7일 강수 0.0mm | 14일 강수 35.9mm | 하수관 노후비율 43.0% | ESAL 196.4 (도시 중앙값) | 과거 300m 이내 보수이력 없음 | 모델기여도[동결융해=+0.773, 7일 누적강수=-0.264, 14일 누적강수=-0.107, 하수관로 노후도=-0.005, 교통하중=-0.007, 과거 보수이력=-0.061, 보수 후 경과기간=-0.018]",53.42171051821831,주의,"주요원인=동결융해 | 동결융해=100.0점 (14일 14회) | 누적강수=14.4점 (7일 0.0mm, 14일 35.9mm) | 하수관로 노후도=43.0점 (30년 이상 비율 43.0%) | 교통하중=31.2점 (ESAL 196.4, 도시 중앙값 적용) | 300m 이내 확인된 보수이력 없음",0,,,,0.0,0.5256180387325572,0.7727965094476354,-0.2641455745468213,-0.1066002451248875,-0.004965327502672356,-0.007101523989921092,-0.06072288933117835,-0.017788087188867548,9.411764705882353,하위 70%
R00422,35.415203,127.373522,남원 데모도로,남원시,670188.0,287953.6,0.4296609309626552,17.276260308101918,matched,0,,,,,0,421,2411-03,국도24호선,대강면-남원시(2411-03),6310.584586416458,196.3664,2752.0,0.0593161200279134,city_median,31.172459494826025,42.96609309626552,2025-12-31,14.0,100.0,0.0,35.94,14.376,0.0,35.0,3.594,8.593218619253104,6.234491898965206,53.42171051821831,9.411764705882353,일반,동결융해,"Logistic 위험순위 상위 90.6% | 주요 증가요인=동결융해 | 동결융해 14일 14회 | 7일 강수 0.0mm | 14일 강수 35.9mm | 하수관 노후비율 43.0% | ESAL 196.4 (도시 중앙값) | 과거 300m 이내 보수이력 없음 | 모델기여도[동결융해=+0.773, 7일 누적강수=-0.264, 14일 누적강수=-0.107, 하수관로 노후도=-0.005, 교통하중=-0.007, 과거 보수이력=-0.061, 보수 후 경과기간=-0.018]",53.42171051821831,주의,"주요원인=동결융해 | 동결융해=100.0점 (14일 14회) | 누적강수=14.4점 (7일 0.0mm, 14일 35.9mm) | 하수관로 노후도=43.0점 (30년 이상 비율 43.0%) | 교통하중=31.2점 (ESAL 196.4, 도시 중앙값 적용) | 300m 이내 확인된 보수이력 없음",0,,,,0.0,0.5256180387325572,0.7727965094476354,-0.2641455745468213,-0.1066002451248875,-0.004965327502672356,-0.007101523989921092,-0.06072288933117835,-0.017788087188867548,9.411764705882353,하위 70%
R00519,35.38702,127.419466,남원 데모도로,남원시,670188.0,287953.6,0.4296609309626552,17.276260308101918,matched,0,,,,,0,518,2411-03,국도24호선,대강면-남원시(2411-03),10291.132369698653,196.3664,2752.0,0.0593161200279134,city_median,31.172459494826025,42.96609309626552,2025-12-31,14.0,100.0,0.0,35.94,14.376,0.0,35.0,3.594,8.593218619253104,6.234491898965206,53.42171051821831,9.411764705882353,일반,동결융해,"Logistic 위험순위 상위 90.6% | 주요 증가요인=동결융해 | 동결융해 14일 14회 | 7일 강수 0.0mm | 14일 강수 35.9mm | 하수관 노후비율 43.0% | ESAL 196.4 (도시 중앙값) | 과거 300m 이내 보수이력 없음 | 모델기여도[동결융해=+0.773, 7일 누적강수=-0.264, 14일 누적강수=-0.107, 하수관로 노후도=-0.005, 교통하중=-0.007, 과거 보수이력=-0.061, 보수 후 경과기간=-0.018]",53.42171051821831,주의,"주요원인=동결융해 | 동결융해=100.0점 (14일 14회) | 누적강수=14.4점 (7일 0.0mm, 14일 35.9mm) | 하수관로 노후도=43.0점 (30년 이상 비율 43.0%) | 교통하중=31.2점 (ESAL 196.4, 도시 중앙값 적용) | 300m 이내 확인된 보수이력 없음",0,,,,0.0,0.5256180387325572,0.7727965094476354,-0.2641455745468213,-0.1066002451248875,-0.004965327502672356,-0.007101523989921092,-0.06072288933117835,-0.017788087188867548,9.411764705882353,하위 70%
R00523,35.399892,127.405494,남원 데모도로,남원시,670188.0,287953.6,0.4296609309626552,17.276260308101918,matched,0,,,,,0,522,2411-03,국도24호선,대강면-남원시(2411-03),8940.877060068828,196.3664,2752.0,0.0593161200279134,city_median,31.172459494826025,42.96609309626552,2025-12-31,14.0,100.0,0.0,35.94,14.376,0.0,35.0,3.594,8.593218619253104,6.234491898965206,53.42171051821831,9.411764705882353,일반,동결융해,"Logistic 위험순위 상위 90.6% | 주요 증가요인=동결융해 | 동결융해 14일 14회 | 7일 강수 0.0mm | 14일 강수 35.9mm | 하수관 노후비율 43.0% | ESAL 196.4 (도시 중앙값) | 과거 300m 이내 보수이력 없음 | 모델기여도[동결융해=+0.773, 7일 누적강수=-0.264, 14일 누적강수=-0.107, 하수관로 노후도=-0.005, 교통하중=-0.007, 과거 보수이력=-0.061, 보수 후 경과기간=-0.018]",53.42171051821831,주의,"주요원인=동결융해 | 동결융해=100.0점 (14일 14회) | 누적강수=14.4점 (7일 0.0mm, 14일 35.9mm) | 하수관로 노후도=43.0점 (30년 이상 비율 43.0%) | 교통하중=31.2점 (ESAL 196.4, 도시 중앙값 적용) | 300m 이내 확인된 보수이력 없음",0,,,,0.0,0.5256180387325572,0.7727965094476354,-0.2641455745468213,-0.1066002451248875,-0.004965327502672356,-0.007101523989921092,-0.06072288933117835,-0.017788087188867548,9.411764705882353,하위 70%
R00524,35.405344,127.401345,남원 데모도로,남원시,670188.0,287953.6,0.4296609309626552,17.276260308101918,matched,0,,,,,0,523,2411-03,국도24호선,대강면-남원시(2411-03),8594.482561546185,196.3664,2752.0,0.0593161200279134,city_median,31.172459494826025,42.96609309626552,2025-12-31,14.0,100.0,0.0,35.94,14.376,0.0,35.0,3.594,8.593218619253104,6.234491898965206,53.42171051821831,9.411764705882353,일반,동결융해,"Logistic 위험순위 상위 90.6% | 주요 증가요인=동결융해 | 동결융해 14일 14회 | 7일 강수 0.0mm | 14일 강수 35.9mm | 하수관 노후비율 43.0% | ESAL 196.4 (도시 중앙값) | 과거 300m 이내 보수이력 없음 | 모델기여도[동결융해=+0.773, 7일 누적강수=-0.264, 14일 누적강수=-0.107, 하수관로 노후도=-0.005, 교통하중=-0.007, 과거 보수이력=-0.061, 보수 후 경과기간=-0.018]",53.42171051821831,주의,"주요원인=동결융해 | 동결융해=100.0점 (14일 14회) | 누적강수=14.4점 (7일 0.0mm, 14일 35.9mm) | 하수관로 노후도=43.0점 (30년 이상 비율 43.0%) | 교통하중=31.2점 (ESAL 196.4, 도시 중앙값 적용) | 300m 이내 확인된 보수이력 없음",0,,,,0.0,0.5256180387325572,0.7727965094476354,-0.2641455745468213,-0.1066002451248875,-0.004965327502672356,-0.007101523989921092,-0.06072288933117835,-0.017788087188867548,9.411764705882353,하위 70%
R00525,35.407591,127.398556,남원 데모도로,남원시,670188.0,287953.6,0.4296609309626552,17.276260308101918,matched,0,,,,,0,524,2411-03,국도24호선,대강면-남원시(2411-03),8367.978831010614,196.3664,2752.0,0.0593161200279134,city_median,31.172459494826025,42.96609309626552,2025-12-31,14.0,100.0,0.0,35.94,14.376,0.0,35.0,3.594,8.593218619253104,6.234491898965206,53.42171051821831,9.411764705882353,일반,동결융해,"Logistic 위험순위 상위 90.6% | 주요 증가요인=동결융해 | 동결융해 14일 14회 | 7일 강수 0.0mm | 14일 강수 35.9mm | 하수관 노후비율 43.0% | ESAL 196.4 (도시 중앙값) | 과거 300m 이내 보수이력 없음 | 모델기여도[동결융해=+0.773, 7일 누적강수=-0.264, 14일 누적강수=-0.107, 하수관로 노후도=-0.005, 교통하중=-0.007, 과거 보수이력=-0.061, 보수 후 경과기간=-0.018]",53.42171051821831,주의,"주요원인=동결융해 | 동결융해=100.0점 (14일 14회) | 누적강수=14.4점 (7일 0.0mm, 14일 35.9mm) | 하수관로 노후도=43.0점 (30년 이상 비율 43.0%) | 교통하중=31.2점 (ESAL 196.4, 도시 중앙값 적용) | 300m 이내 확인된 보수이력 없음",0,,,,0.0,0.5256180387325572,0.7727965094476354,-0.2641455745468213,-0.1066002451248875,-0.004965327502672356,-0.007101523989921092,-0.06072288933117835,-0.017788087188867548,9.411764705882353,하위 70%
R00520,35.390441,127.416464,남원 데모도로,남원시,670188.0,287953.6,0.4296609309626552,17.276260308101918,matched,0,,,,,0,519,2411-03,국도24호선,대강면-남원시(2411-03),9978.445506026344,196.3664,2752.0,0.0593161200279134,city_median,31.172459494826025,42.96609309626552,2025-12-31,14.0,100.0,0.0,35.94,14.376,0.0,35.0,3.594,8.593218619253104,6.234491898965206,53.42171051821831,9.411764705882353,일반,동결융해,"Logistic 위험순위 상위 90.6% | 주요 증가요인=동결융해 | 동결융해 14일 14회 | 7일 강수 0.0mm | 14일 강수 35.9mm | 하수관 노후비율 43.0% | ESAL 196.4 (도시 중앙값) | 과거 300m 이내 보수이력 없음 | 모델기여도[동결융해=+0.773, 7일 누적강수=-0.264, 14일 누적강수=-0.107, 하수관로 노후도=-0.005, 교통하중=-0.007, 과거 보수이력=-0.061, 보수 후 경과기간=-0.018]",53.42171051821831,주의,"주요원인=동결융해 | 동결융해=100.0점 (14일 14회) | 누적강수=14.4점 (7일 0.0mm, 14일 35.9mm) | 하수관로 노후도=43.0점 (30년 이상 비율 43.0%) | 교통하중=31.2점 (ESAL 196.4, 도시 중앙값 적용) | 300m 이내 확인된 보수이력 없음",0,,,,0.0,0.5256180387325572,0.7727965094476354,-0.2641455745468213,-0.1066002451248875,-0.004965327502672356,-0.007101523989921092,-0.06072288933117835,-0.017788087188867548,9.411764705882353,하위 70%
R00455,35.401253,127.375306,남원 데모도로,남원시,670188.0,287953.6,0.4296609309626552,17.276260308101918,matched,0,,,,,0,454,2411-03,국도24호선,대강면-남원시(2411-03),6209.755731417637,196.3664,2752.0,0.0593161200279134,city_median,31.172459494826025,42.96609309626552,2025-12-31,14.0,100.0,0.0,35.94,14.376,0.0,35.0,3.594,8.593218619253104,6.234491898965206,53.42171051821831,9.411764705882353,일반,동결융해,"Logistic 위험순위 상위 90.6% | 주요 증가요인=동결융해 | 동결융해 14일 14회 | 7일 강수 0.0mm | 14일 강수 35.9mm | 하수관 노후비율 43.0% | ESAL 196.4 (도시 중앙값) | 과거 300m 이내 보수이력 없음 | 모델기여도[동결융해=+0.773, 7일 누적강수=-0.264, 14일 누적강수=-0.107, 하수관로 노후도=-0.005, 교통하중=-0.007, 과거 보수이력=-0.061, 보수 후 경과기간=-0.018]",53.42171051821831,주의,"주요원인=동결융해 | 동결융해=100.0점 (14일 14회) | 누적강수=14.4점 (7일 0.0mm, 14일 35.9mm) | 하수관로 노후도=43.0점 (30년 이상 비율 43.0%) | 교통하중=31.2점 (ESAL 196.4, 도시 중앙값 적용) | 300m 이내 확인된 보수이력 없음",0,,,,0.0,0.5256180387325572,0.7727965094476354,-0.2641455745468213,-0.1066002451248875,-0.004965327502672356,-0.007101523989921092,-0.06072288933117835,-0.017788087188867548,9.411764705882353,하위 70%
R00456,35.405231,127.378934,남원 데모도로,남원시,670188.0,287953.6,0.4296609309626552,17.276260308101918,matched,0,,,,,0,455,2411-03,국도24호선,대강면-남원시(2411-03),6571.387110601212,196.3664,2752.0,0.0593161200279134,city_median,31.172459494826025,42.96609309626552,2025-12-31,14.0,100.0,0.0,35.94,14.376,0.0,35.0,3.594,8.593218619253104,6.234491898965206,53.42171051821831,9.411764705882353,일반,동결융해,"Logistic 위험순위 상위 90.6% | 주요 증가요인=동결융해 | 동결융해 14일 14회 | 7일 강수 0.0mm | 14일 강수 35.9mm | 하수관 노후비율 43.0% | ESAL 196.4 (도시 중앙값) | 과거 300m 이내 보수이력 없음 | 모델기여도[동결융해=+0.773, 7일 누적강수=-0.264, 14일 누적강수=-0.107, 하수관로 노후도=-0.005, 교통하중=-0.007, 과거 보수이력=-0.061, 보수 후 경과기간=-0.018]",53.42171051821831,주의,"주요원인=동결융해 | 동결융해=100.0점 (14일 14회) | 누적강수=14.4점 (7일 0.0mm, 14일 35.9mm) | 하수관로 노후도=43.0점 (30년 이상 비율 43.0%) | 교통하중=31.2점 (ESAL 196.4, 도시 중앙값 적용) | 300m 이내 확인된 보수이력 없음",0,,,,0.0,0.5256180387325572,0.7727965094476354,-0.2641455745468213,-0.1066002451248875,-0.004965327502672356,-0.007101523989921092,-0.06072288933117835,-0.017788087188867548,9.411764705882353,하위 70%
R00457,35.407786,127.382301,남원 데모도로,남원시,670188.0,287953.6,0.4296609309626552,17.276260308101918,matched,0,,,,,0,456,2411-03,국도24호선,대강면-남원시(2411-03),6910.009112749855,196.3664,2752.0,0.0593161200279134,city_median,31.172459494826025,42.96609309626552,2025-12-31,14.0,100.0,0.0,35.94,14.376,0.0,35.0,3.594,8.593218619253104,6.234491898965206,53.42171051821831,9.411764705882353,일반,동결융해,"Logistic 위험순위 상위 90.6% | 주요 증가요인=동결융해 | 동결융해 14일 14회 | 7일 강수 0.0mm | 14일 강수 35.9mm | 하수관 노후비율 43.0% | ESAL 196.4 (도시 중앙값) | 과거 300m 이내 보수이력 없음 | 모델기여도[동결융해=+0.773, 7일 누적강수=-0.264, 14일 누적강수=-0.107, 하수관로 노후도=-0.005, 교통하중=-0.007, 과거 보수이력=-0.061, 보수 후 경과기간=-0.018]",53.42171051821831,주의,"주요원인=동결융해 | 동결융해=100.0점 (14일 14회) | 누적강수=14.4점 (7일 0.0mm, 14일 35.9mm) | 하수관로 노후도=43.0점 (30년 이상 비율 43.0%) | 교통하중=31.2점 (ESAL 196.4, 도시 중앙값 적용) | 300m 이내 확인된 보수이력 없음",0,,,,0.0,0.5256180387325572,0.7727965094476354,-0.2641455745468213,-0.1066002451248875,-0.004965327502672356,-0.007101523989921092,-0.06072288933117835,-0.017788087188867548,9.411764705882353,하위 70%
R00458,35.411116,127.38536,남원 데모도로,남원시,670188.0,287953.6,0.4296609309626552,17.276260308101918,matched,0,,,,,0,457,2411-03,국도24호선,대강면-남원시(2411-03),7245.044960945413,196.3664,2752.0,0.0593161200279134,city_median,31.172459494826025,42.96609309626552,2025-12-31,14.0,100.0,0.0,35.94,14.376,0.0,35.0,3.594,8.593218619253104,6.234491898965206,53.42171051821831,9.411764705882353,일반,동결융해,"Logistic 위험순위 상위 90.6% | 주요 증가요인=동결융해 | 동결융해 14일 14회 | 7일 강수 0.0mm | 14일 강수 35.9mm | 하수관 노후비율 43.0% | ESAL 196.4 (도시 중앙값) | 과거 300m 이내 보수이력 없음 | 모델기여도[동결융해=+0.773, 7일 누적강수=-0.264, 14일 누적강수=-0.107, 하수관로 노후도=-0.005, 교통하중=-0.007, 과거 보수이력=-0.061, 보수 후 경과기간=-0.018]",53.42171051821831,주의,"주요원인=동결융해 | 동결융해=100.0점 (14일 14회) | 누적강수=14.4점 (7일 0.0mm, 14일 35.9mm) | 하수관로 노후도=43.0점 (30년 이상 비율 43.0%) | 교통하중=31.2점 (ESAL 196.4, 도시 중앙값 적용) | 300m 이내 확인된 보수이력 없음",0,,,,0.0,0.5256180387325572,0.7727965094476354,-0.2641455745468213,-0.1066002451248875,-0.004965327502672356,-0.007101523989921092,-0.06072288933117835,-0.017788087188867548,9.411764705882353,하위 70%
R00459,35.415242,127.388654,남원 데모도로,남원시,670188.0,287953.6,0.4296609309626552,17.276260308101918,matched,0,,,,,0,458,2411-03,국도24호선,대강면-남원시(2411-03),7634.862727272639,196.3664,2752.0,0.0593161200279134,city_median,31.172459494826025,42.96609309626552,2025-12-31,14.0,100.0,0.0,35.94,14.376,0.0,35.0,3.594,8.593218619253104,6.234491898965206,53.42171051821831,9.411764705882353,일반,동결융해,"Logistic 위험순위 상위 90.6% | 주요 증가요인=동결융해 | 동결융해 14일 14회 | 7일 강수 0.0mm | 14일 강수 35.9mm | 하수관 노후비율 43.0% | ESAL 196.4 (도시 중앙값) | 과거 300m 이내 보수이력 없음 | 모델기여도[동결융해=+0.773, 7일 누적강수=-0.264, 14일 누적강수=-0.107, 하수관로 노후도=-0.005, 교통하중=-0.007, 과거 보수이력=-0.061, 보수 후 경과기간=-0.018]",53.42171051821831,주의,"주요원인=동결융해 | 동결융해=100.0점 (14일 14회) | 누적강수=14.4점 (7일 0.0mm, 14일 35.9mm) | 하수관로 노후도=43.0점 (30년 이상 비율 43.0%) | 교통하중=31.2점 (ESAL 196.4, 도시 중앙값 적용) | 300m 이내 확인된 보수이력 없음",0,,,,0.0,0.5256180387325572,0.7727965094476354,-0.2641455745468213,-0.1066002451248875,-0.004965327502672356,-0.007101523989921092,-0.06072288933117835,-0.017788087188867548,9.411764705882353,하위 70%
R00460,35.418368,127.392787,남원 데모도로,남원시,670188.0,287953.6,0.4296609309626552,17.276260308101918,matched,0,,,,,0,459,2411-03,국도24호선,대강면-남원시(2411-03),8085.392418668161,196.3664,2752.0,0.0593161200279134,city_median,31.172459494826025,42.96609309626552,2025-12-31,14.0,100.0,0.0,35.94,14.376,0.0,35.0,3.594,8.593218619253104,6.234491898965206,53.42171051821831,9.411764705882353,일반,동결융해,"Logistic 위험순위 상위 90.6% | 주요 증가요인=동결융해 | 동결융해 14일 14회 | 7일 강수 0.0mm | 14일 강수 35.9mm | 하수관 노후비율 43.0% | ESAL 196.4 (도시 중앙값) | 과거 300m 이내 보수이력 없음 | 모델기여도[동결융해=+0.773, 7일 누적강수=-0.264, 14일 누적강수=-0.107, 하수관로 노후도=-0.005, 교통하중=-0.007, 과거 보수이력=-0.061, 보수 후 경과기간=-0.018]",53.42171051821831,주의,"주요원인=동결융해 | 동결융해=100.0점 (14일 14회) | 누적강수=14.4점 (7일 0.0mm, 14일 35.9mm) | 하수관로 노후도=43.0점 (30년 이상 비율 43.0%) | 교통하중=31.2점 (ESAL 196.4, 도시 중앙값 적용) | 300m 이내 확인된 보수이력 없음",0,,,,0.0,0.5256180387325572,0.7727965094476354,-0.2641455745468213,-0.1066002451248875,-0.004965327502672356,-0.007101523989921092,-0.06072288933117835,-0.017788087188867548,9.411764705882353,하위 70%
R00461,35.422041,127.396406,남원 데모도로,남원시,670188.0,287953.6,0.4296609309626552,17.276260308101918,matched,0,,,,,0,460,2411-03,국도24호선,대강면-남원시(2411-03),8516.435491310212,196.3664,2752.0,0.0593161200279134,city_median,31.172459494826025,42.96609309626552,2025-12-31,14.0,100.0,0.0,35.94,14.376,0.0,35.0,3.594,8.593218619253104,6.234491898965206,53.42171051821831,9.411764705882353,일반,동결융해,"Logistic 위험순위 상위 90.6% | 주요 증가요인=동결융해 | 동결융해 14일 14회 | 7일 강수 0.0mm | 14일 강수 35.9mm | 하수관 노후비율 43.0% | ESAL 196.4 (도시 중앙값) | 과거 300m 이내 보수이력 없음 | 모델기여도[동결융해=+0.773, 7일 누적강수=-0.264, 14일 누적강수=-0.107, 하수관로 노후도=-0.005, 교통하중=-0.007, 과거 보수이력=-0.061, 보수 후 경과기간=-0.018]",53.42171051821831,주의,"주요원인=동결융해 | 동결융해=100.0점 (14일 14회) | 누적강수=14.4점 (7일 0.0mm, 14일 35.9mm) | 하수관로 노후도=43.0점 (30년 이상 비율 43.0%) | 교통하중=31.2점 (ESAL 196.4, 도시 중앙값 적용) | 300m 이내 확인된 보수이력 없음",0,,,,0.0,0.5256180387325572,0.7727965094476354,-0.2641455745468213,-0.1066002451248875,-0.004965327502672356,-0.007101523989921092,-0.06072288933117835,-0.017788087188867548,9.411764705882353,하위 70%
R00522,35.396977,127.409231,남원 데모도로,남원시,670188.0,287953.6,0.4296609309626552,17.276260308101918,matched,0,,,,,0,521,2411-03,국도24호선,대강면-남원시(2411-03),9281.190708393648,196.3664,2752.0,0.0593161200279134,city_median,31.172459494826025,42.96609309626552,2025-12-31,14.0,100.0,0.0,35.94,14.376,0.0,35.0,3.594,8.593218619253104,6.234491898965206,53.42171051821831,9.411764705882353,일반,동결융해,"Logistic 위험순위 상위 90.6% | 주요 증가요인=동결융해 | 동결융해 14일 14회 | 7일 강수 0.0mm | 14일 강수 35.9mm | 하수관 노후비율 43.0% | ESAL 196.4 (도시 중앙값) | 과거 300m 이내 보수이력 없음 | 모델기여도[동결융해=+0.773, 7일 누적강수=-0.264, 14일 누적강수=-0.107, 하수관로 노후도=-0.005, 교통하중=-0.007, 과거 보수이력=-0.061, 보수 후 경과기간=-0.018]",53.42171051821831,주의,"주요원인=동결융해 | 동결융해=100.0점 (14일 14회) | 누적강수=14.4점 (7일 0.0mm, 14일 35.9mm) | 하수관로 노후도=43.0점 (30년 이상 비율 43.0%) | 교통하중=31.2점 (ESAL 196.4, 도시 중앙값 적용) | 300m 이내 확인된 보수이력 없음",0,,,,0.0,0.5256180387325572,0.7727965094476354,-0.2641455745468213,-0.1066002451248875,-0.004965327502672356,-0.007101523989921092,-0.06072288933117835,-0.017788087188867548,9.411764705882353,하위 70%
R00527,35.41435,127.391393,남원 데모도로,남원시,670188.0,287953.6,0.4296609309626552,17.276260308101918,matched,0,,,,,0,526,2411-03,국도24호선,대강면-남원시(2411-03),7853.733574182447,196.3664,2752.0,0.0593161200279134,city_median,31.172459494826025,42.96609309626552,2025-12-31,14.0,100.0,0.0,35.94,14.376,0.0,35.0,3.594,8.593218619253104,6.234491898965206,53.42171051821831,9.411764705882353,일반,동결융해,"Logistic 위험순위 상위 90.6% | 주요 증가요인=동결융해 | 동결융해 14일 14회 | 7일 강수 0.0mm | 14일 강수 35.9mm | 하수관 노후비율 43.0% | ESAL 196.4 (도시 중앙값) | 과거 300m 이내 보수이력 없음 | 모델기여도[동결융해=+0.773, 7일 누적강수=-0.264, 14일 누적강수=-0.107, 하수관로 노후도=-0.005, 교통하중=-0.007, 과거 보수이력=-0.061, 보수 후 경과기간=-0.018]",53.42171051821831,주의,"주요원인=동결융해 | 동결융해=100.0점 (14일 14회) | 누적강수=14.4점 (7일 0.0mm, 14일 35.9mm) | 하수관로 노후도=43.0점 (30년 이상 비율 43.0%) | 교통하중=31.2점 (ESAL 196.4, 도시 중앙값 적용) | 300m 이내 확인된 보수이력 없음",0,,,,0.0,0.5256180387325572,0.7727965094476354,-0.2641455745468213,-0.1066002451248875,-0.004965327502672356,-0.007101523989921092,-0.06072288933117835,-0.017788087188867548,9.411764705882353,하위 70%
R00528,35.418121,127.388875,남원 데모도로,남원시,670188.0,287953.6,0.4296609309626552,17.276260308101918,matched,0,,,,,0,527,2411-03,국도24호선,대강면-남원시(2411-03),7736.850044823641,196.3664,2752.0,0.0593161200279134,city_median,31.172459494826025,42.96609309626552,2025-12-31,14.0,100.0,0.0,35.94,14.376,0.0,35.0,3.594,8.593218619253104,6.234491898965206,53.42171051821831,9.411764705882353,일반,동결융해,"Logistic 위험순위 상위 90.6% | 주요 증가요인=동결융해 | 동결융해 14일 14회 | 7일 강수 0.0mm | 14일 강수 35.9mm | 하수관 노후비율 43.0% | ESAL 196.4 (도시 중앙값) | 과거 300m 이내 보수이력 없음 | 모델기여도[동결융해=+0.773, 7일 누적강수=-0.264, 14일 누적강수=-0.107, 하수관로 노후도=-0.005, 교통하중=-0.007, 과거 보수이력=-0.061, 보수 후 경과기간=-0.018]",53.42171051821831,주의,"주요원인=동결융해 | 동결융해=100.0점 (14일 14회) | 누적강수=14.4점 (7일 0.0mm, 14일 35.9mm) | 하수관로 노후도=43.0점 (30년 이상 비율 43.0%) | 교통하중=31.2점 (ESAL 196.4, 도시 중앙값 적용) | 300m 이내 확인된 보수이력 없음",0,,,,0.0,0.5256180387325572,0.7727965094476354,-0.2641455745468213,-0.1066002451248875,-0.004965327502672356,-0.007101523989921092,-0.06072288933117835,-0.017788087188867548,9.411764705882353,하위 70%
R00529,35.420923,127.38595,남원 데모도로,남원시,670188.0,287953.6,0.4296609309626552,17.276260308101918,matched,0,,,,,0,528,2411-03,국도24호선,대강면-남원시(2411-03),7577.711204373975,196.3664,2752.0,0.0593161200279134,city_median,31.172459494826025,42.96609309626552,2025-12-31,14.0,100.0,0.0,35.94,14.376,0.0,35.0,3.594,8.593218619253104,6.234491898965206,53.42171051821831,9.411764705882353,일반,동결융해,"Logistic 위험순위 상위 90.6% | 주요 증가요인=동결융해 | 동결융해 14일 14회 | 7일 강수 0.0mm | 14일 강수 35.9mm | 하수관 노후비율 43.0% | ESAL 196.4 (도시 중앙값) | 과거 300m 이내 보수이력 없음 | 모델기여도[동결융해=+0.773, 7일 누적강수=-0.264, 14일 누적강수=-0.107, 하수관로 노후도=-0.005, 교통하중=-0.007, 과거 보수이력=-0.061, 보수 후 경과기간=-0.018]",53.42171051821831,주의,"주요원인=동결융해 | 동결융해=100.0점 (14일 14회) | 누적강수=14.4점 (7일 0.0mm, 14일 35.9mm) | 하수관로 노후도=43.0점 (30년 이상 비율 43.0%) | 교통하중=31.2점 (ESAL 196.4, 도시 중앙값 적용) | 300m 이내 확인된 보수이력 없음",0,,,,0.0,0.5256180387325572,0.7727965094476354,-0.2641455745468213,-0.1066002451248875,-0.004965327502672356,-0.007101523989921092,-0.06072288933117835,-0.017788087188867548,9.411764705882353,하위 70%
R00530,35.425161,127.382425,남원 데모도로,남원시,670188.0,287953.6,0.4296609309626552,17.276260308101918,matched,0,,,,,0,529,2411-03,국도24호선,대강면-남원시(2411-03),7448.572089993797,196.3664,2752.0,0.0593161200279134,city_median,31.172459494826025,42.96609309626552,2025-12-31,14.0,100.0,0.0,35.94,14.376,0.0,35.0,3.594,8.593218619253104,6.234491898965206,53.42171051821831,9.411764705882353,일반,동결융해,"Logistic 위험순위 상위 90.6% | 주요 증가요인=동결융해 | 동결융해 14일 14회 | 7일 강수 0.0mm | 14일 강수 35.9mm | 하수관 노후비율 43.0% | ESAL 196.4 (도시 중앙값) | 과거 300m 이내 보수이력 없음 | 모델기여도[동결융해=+0.773, 7일 누적강수=-0.264, 14일 누적강수=-0.107, 하수관로 노후도=-0.005, 교통하중=-0.007, 과거 보수이력=-0.061, 보수 후 경과기간=-0.018]",53.42171051821831,주의,"주요원인=동결융해 | 동결융해=100.0점 (14일 14회) | 누적강수=14.4점 (7일 0.0mm, 14일 35.9mm) | 하수관로 노후도=43.0점 (30년 이상 비율 43.0%) | 교통하중=31.2점 (ESAL 196.4, 도시 중앙값 적용) | 300m 이내 확인된 보수이력 없음",0,,,,0.0,0.5256180387325572,0.7727965094476354,-0.2641455745468213,-0.1066002451248875,-0.004965327502672356,-0.007101523989921092,-0.06072288933117835,-0.017788087188867548,9.411764705882353,하위 70%
R00531,35.42817,127.378571,남원 데모도로,남원시,670188.0,287953.6,0.4296609309626552,17.276260308101918,matched,0,,,,,0,530,2411-03,국도24호선,대강면-남원시(2411-03),7272.600902485099,196.3664,2752.0,0.0593161200279134,city_median,31.172459494826025,42.96609309626552,2025-12-31,14.0,100.0,0.0,35.94,14.376,0.0,35.0,3.594,8.593218619253104,6.234491898965206,53.42171051821831,9.411764705882353,일반,동결융해,"Logistic 위험순위 상위 90.6% | 주요 증가요인=동결융해 | 동결융해 14일 14회 | 7일 강수 0.0mm | 14일 강수 35.9mm | 하수관 노후비율 43.0% | ESAL 196.4 (도시 중앙값) | 과거 300m 이내 보수이력 없음 | 모델기여도[동결융해=+0.773, 7일 누적강수=-0.264, 14일 누적강수=-0.107, 하수관로 노후도=-0.005, 교통하중=-0.007, 과거 보수이력=-0.061, 보수 후 경과기간=-0.018]",53.42171051821831,주의,"주요원인=동결융해 | 동결융해=100.0점 (14일 14회) | 누적강수=14.4점 (7일 0.0mm, 14일 35.9mm) | 하수관로 노후도=43.0점 (30년 이상 비율 43.0%) | 교통하중=31.2점 (ESAL 196.4, 도시 중앙값 적용) | 300m 이내 확인된 보수이력 없음",0,,,,0.0,0.5256180387325572,0.7727965094476354,-0.2641455745468213,-0.1066002451248875,-0.004965327502672356,-0.007101523989921092,-0.06072288933117835,-0.017788087188867548,9.411764705882353,하위 70%
R00532,35.431679,127.375993,남원 데모도로,남원시,670188.0,287953.6,0.4296609309626552,17.276260308101918,matched,0,,,,,0,531,2411-03,국도24호선,대강면-남원시(2411-03),7253.06668499858,196.3664,2752.0,0.0593161200279134,city_median,31.172459494826025,42.96609309626552,2025-12-31,14.0,100.0,0.0,35.94,14.376,0.0,35.0,3.594,8.593218619253104,6.234491898965206,53.42171051821831,9.411764705882353,일반,동결융해,"Logistic 위험순위 상위 90.6% | 주요 증가요인=동결융해 | 동결융해 14일 14회 | 7일 강수 0.0mm | 14일 강수 35.9mm | 하수관 노후비율 43.0% | ESAL 196.4 (도시 중앙값) | 과거 300m 이내 보수이력 없음 | 모델기여도[동결융해=+0.773, 7일 누적강수=-0.264, 14일 누적강수=-0.107, 하수관로 노후도=-0.005, 교통하중=-0.007, 과거 보수이력=-0.061, 보수 후 경과기간=-0.018]",53.42171051821831,주의,"주요원인=동결융해 | 동결융해=100.0점 (14일 14회) | 누적강수=14.4점 (7일 0.0mm, 14일 35.9mm) | 하수관로 노후도=43.0점 (30년 이상 비율 43.0%) | 교통하중=31.2점 (ESAL 196.4, 도시 중앙값 적용) | 300m 이내 확인된 보수이력 없음",0,,,,0.0,0.5256180387325572,0.7727965094476354,-0.2641455745468213,-0.1066002451248875,-0.004965327502672356,-0.007101523989921092,-0.06072288933117835,-0.017788087188867548,9.411764705882353,하위 70%
R00453,35.394212,127.368537,남원 데모도로,남원시,670188.0,287953.6,0.4296609309626552,17.276260308101918,matched,0,,,,,0,452,2411-03,국도24호선,대강면-남원시(2411-03),5613.856676181058,196.3664,2752.0,0.0593161200279134,city_median,31.172459494826025,42.96609309626552,2025-12-31,14.0,100.0,0.0,35.94,14.376,0.0,35.0,3.594,8.593218619253104,6.234491898965206,53.42171051821831,9.411764705882353,일반,동결융해,"Logistic 위험순위 상위 90.6% | 주요 증가요인=동결융해 | 동결융해 14일 14회 | 7일 강수 0.0mm | 14일 강수 35.9mm | 하수관 노후비율 43.0% | ESAL 196.4 (도시 중앙값) | 과거 300m 이내 보수이력 없음 | 모델기여도[동결융해=+0.773, 7일 누적강수=-0.264, 14일 누적강수=-0.107, 하수관로 노후도=-0.005, 교통하중=-0.007, 과거 보수이력=-0.061, 보수 후 경과기간=-0.018]",53.42171051821831,주의,"주요원인=동결융해 | 동결융해=100.0점 (14일 14회) | 누적강수=14.4점 (7일 0.0mm, 14일 35.9mm) | 하수관로 노후도=43.0점 (30년 이상 비율 43.0%) | 교통하중=31.2점 (ESAL 196.4, 도시 중앙값 적용) | 300m 이내 확인된 보수이력 없음",0,,,,0.0,0.5256180387325572,0.7727965094476354,-0.2641455745468213,-0.1066002451248875,-0.004965327502672356,-0.007101523989921092,-0.06072288933117835,-0.017788087188867548,9.411764705882353,하위 70%
R00526,35.412661,127.395166,남원 데모도로,남원시,670188.0,287953.6,0.4296609309626552,17.276260308101918,matched,0,,,,,0,525,2411-03,국도24호선,대강면-남원시(2411-03),8150.163491967476,196.3664,2752.0,0.0593161200279134,city_median,31.172459494826025,42.96609309626552,2025-12-31,14.0,100.0,0.0,35.94,14.376,0.0,35.0,3.594,8.593218619253104,6.234491898965206,53.42171051821831,9.411764705882353,일반,동결융해,"Logistic 위험순위 상위 90.6% | 주요 증가요인=동결융해 | 동결융해 14일 14회 | 7일 강수 0.0mm | 14일 강수 35.9mm | 하수관 노후비율 43.0% | ESAL 196.4 (도시 중앙값) | 과거 300m 이내 보수이력 없음 | 모델기여도[동결융해=+0.773, 7일 누적강수=-0.264, 14일 누적강수=-0.107, 하수관로 노후도=-0.005, 교통하중=-0.007, 과거 보수이력=-0.061, 보수 후 경과기간=-0.018]",53.42171051821831,주의,"주요원인=동결융해 | 동결융해=100.0점 (14일 14회) | 누적강수=14.4점 (7일 0.0mm, 14일 35.9mm) | 하수관로 노후도=43.0점 (30년 이상 비율 43.0%) | 교통하중=31.2점 (ESAL 196.4, 도시 중앙값 적용) | 300m 이내 확인된 보수이력 없음",0,,,,0.0,0.5256180387325572,0.7727965094476354,-0.2641455745468213,-0.1066002451248875,-0.004965327502672356,-0.007101523989921092,-0.06072288933117835,-0.017788087188867548,9.411764705882353,하위 70%
R00448,35.377135,127.35095,남원 데모도로,남원시,670188.0,287953.6,0.4296609309626552,17.276260308101918,matched,0,,,,,0,447,2411-03,국도24호선,대강면-남원시(2411-03),4667.275768748284,196.3664,2752.0,0.0593161200279134,city_median,31.172459494826025,42.96609309626552,2025-12-31,14.0,100.0,0.0,35.94,14.376,0.0,35.0,3.594,8.593218619253104,6.234491898965206,53.42171051821831,9.411764705882353,일반,동결융해,"Logistic 위험순위 상위 90.6% | 주요 증가요인=동결융해 | 동결융해 14일 14회 | 7일 강수 0.0mm | 14일 강수 35.9mm | 하수관 노후비율 43.0% | ESAL 196.4 (도시 중앙값) | 과거 300m 이내 보수이력 없음 | 모델기여도[동결융해=+0.773, 7일 누적강수=-0.264, 14일 누적강수=-0.107, 하수관로 노후도=-0.005, 교통하중=-0.007, 과거 보수이력=-0.061, 보수 후 경과기간=-0.018]",53.42171051821831,주의,"주요원인=동결융해 | 동결융해=100.0점 (14일 14회) | 누적강수=14.4점 (7일 0.0mm, 14일 35.9mm) | 하수관로 노후도=43.0점 (30년 이상 비율 43.0%) | 교통하중=31.2점 (ESAL 196.4, 도시 중앙값 적용) | 300m 이내 확인된 보수이력 없음",0,,,,0.0,0.5256180387325572,0.7727965094476354,-0.2641455745468213,-0.1066002451248875,-0.004965327502672356,-0.007101523989921092,-0.06072288933117835,-0.017788087188867548,9.411764705882353,하위 70%
R00449,35.380762,127.354279,남원 데모도로,남원시,670188.0,287953.6,0.4296609309626552,17.276260308101918,matched,0,,,,,0,448,2411-03,국도24호선,대강면-남원시(2411-03),4743.904506319271,196.3664,2752.0,0.0593161200279134,city_median,31.172459494826025,42.96609309626552,2025-12-31,14.0,100.0,0.0,35.94,14.376,0.0,35.0,3.594,8.593218619253104,6.234491898965206,53.42171051821831,9.411764705882353,일반,동결융해,"Logistic 위험순위 상위 90.6% | 주요 증가요인=동결융해 | 동결융해 14일 14회 | 7일 강수 0.0mm | 14일 강수 35.9mm | 하수관 노후비율 43.0% | ESAL 196.4 (도시 중앙값) | 과거 300m 이내 보수이력 없음 | 모델기여도[동결융해=+0.773, 7일 누적강수=-0.264, 14일 누적강수=-0.107, 하수관로 노후도=-0.005, 교통하중=-0.007, 과거 보수이력=-0.061, 보수 후 경과기간=-0.018]",53.42171051821831,주의,"주요원인=동결융해 | 동결융해=100.0점 (14일 14회) | 누적강수=14.4점 (7일 0.0mm, 14일 35.9mm) | 하수관로 노후도=43.0점 (30년 이상 비율 43.0%) | 교통하중=31.2점 (ESAL 196.4, 도시 중앙값 적용) | 300m 이내 확인된 보수이력 없음",0,,,,0.0,0.5256180387325572,0.7727965094476354,-0.2641455745468213,-0.1066002451248875,-0.004965327502672356,-0.007101523989921092,-0.06072288933117835,-0.017788087188867548,9.411764705882353,하위 70%
R00537,35.449099,127.358081,남원 데모도로,남원시,670188.0,287953.6,0.4296609309626552,17.276260308101918,matched,0,,,,,0,536,2411-03,국도24호선,대강면-남원시(2411-03),7267.035825771433,196.3664,2752.0,0.0593161200279134,city_median,31.172459494826025,42.96609309626552,2025-12-31,14.0,100.0,0.0,35.94,14.376,0.0,35.0,3.594,8.593218619253104,6.234491898965206,53.42171051821831,9.411764705882353,일반,동결융해,"Logistic 위험순위 상위 90.6% | 주요 증가요인=동결융해 | 동결융해 14일 14회 | 7일 강수 0.0mm | 14일 강수 35.9mm | 하수관 노후비율 43.0% | ESAL 196.4 (도시 중앙값) | 과거 300m 이내 보수이력 없음 | 모델기여도[동결융해=+0.773, 7일 누적강수=-0.264, 14일 누적강수=-0.107, 하수관로 노후도=-0.005, 교통하중=-0.007, 과거 보수이력=-0.061, 보수 후 경과기간=-0.018]",53.42171051821831,주의,"주요원인=동결융해 | 동결융해=100.0점 (14일 14회) | 누적강수=14.4점 (7일 0.0mm, 14일 35.9mm) | 하수관로 노후도=43.0점 (30년 이상 비율 43.0%) | 교통하중=31.2점 (ESAL 196.4, 도시 중앙값 적용) | 300m 이내 확인된 보수이력 없음",0,,,,0.0,0.5256180387325572,0.7727965094476354,-0.2641455745468213,-0.1066002451248875,-0.004965327502672356,-0.007101523989921092,-0.06072288933117835,-0.017788087188867548,9.411764705882353,하위 70%
R00536,35.445062,127.361347,남원 데모도로,남원시,670188.0,287953.6,0.4296609309626552,17.276260308101918,matched,0,,,,,0,535,2411-03,국도24호선,대강면-남원시(2411-03),7129.2905533319945,196.3664,2752.0,0.0593161200279134,city_median,31.172459494826025,42.96609309626552,2025-12-31,14.0,100.0,0.0,35.94,14.376,0.0,35.0,3.594,8.593218619253104,6.234491898965206,53.42171051821831,9.411764705882353,일반,동결융해,"Logistic 위험순위 상위 90.6% | 주요 증가요인=동결융해 | 동결융해 14일 14회 | 7일 강수 0.0mm | 14일 강수 35.9mm | 하수관 노후비율 43.0% | ESAL 196.4 (도시 중앙값) | 과거 300m 이내 보수이력 없음 | 모델기여도[동결융해=+0.773, 7일 누적강수=-0.264, 14일 누적강수=-0.107, 하수관로 노후도=-0.005, 교통하중=-0.007, 과거 보수이력=-0.061, 보수 후 경과기간=-0.018]",53.42171051821831,주의,"주요원인=동결융해 | 동결융해=100.0점 (14일 14회) | 누적강수=14.4점 (7일 0.0mm, 14일 35.9mm) | 하수관로 노후도=43.0점 (30년 이상 비율 43.0%) | 교통하중=31.2점 (ESAL 196.4, 도시 중앙값 적용) | 300m 이내 확인된 보수이력 없음",0,,,,0.0,0.5256180387325572,0.7727965094476354,-0.2641455745468213,-0.1066002451248875,-0.004965327502672356,-0.007101523989921092,-0.06072288933117835,-0.017788087188867548,9.411764705882353,하위 70%
R00539,35.45487,127.350996,남원 데모도로,남원시,670188.0,287953.6,0.4296609309626552,17.276260308101918,matched,0,,,,,0,538,2411-03,국도24호선,대강면-남원시(2411-03),7406.090113081267,196.3664,2752.0,0.0593161200279134,city_median,31.172459494826025,42.96609309626552,2025-12-31,14.0,100.0,0.0,35.94,14.376,0.0,35.0,3.594,8.593218619253104,6.234491898965206,53.42171051821831,9.411764705882353,일반,동결융해,"Logistic 위험순위 상위 90.6% | 주요 증가요인=동결융해 | 동결융해 14일 14회 | 7일 강수 0.0mm | 14일 강수 35.9mm | 하수관 노후비율 43.0% | ESAL 196.4 (도시 중앙값) | 과거 300m 이내 보수이력 없음 | 모델기여도[동결융해=+0.773, 7일 누적강수=-0.264, 14일 누적강수=-0.107, 하수관로 노후도=-0.005, 교통하중=-0.007, 과거 보수이력=-0.061, 보수 후 경과기간=-0.018]",53.42171051821831,주의,"주요원인=동결융해 | 동결융해=100.0점 (14일 14회) | 누적강수=14.4점 (7일 0.0mm, 14일 35.9mm) | 하수관로 노후도=43.0점 (30년 이상 비율 43.0%) | 교통하중=31.2점 (ESAL 196.4, 도시 중앙값 적용) | 300m 이내 확인된 보수이력 없음",0,,,,0.0,0.5256180387325572,0.7727965094476354,-0.2641455745468213,-0.1066002451248875,-0.004965327502672356,-0.007101523989921092,-0.06072288933117835,-0.017788087188867548,9.411764705882353,하위 70%
R00540,35.458624,127.347198,남원 데모도로,남원시,670188.0,287953.6,0.4296609309626552,17.276260308101918,matched,0,,,,,0,539,2411-03,국도24호선,대강면-남원시(2411-03),7589.067612356801,196.3664,2752.0,0.0593161200279134,city_median,31.172459494826025,42.96609309626552,2025-12-31,14.0,100.0,0.0,35.94,14.376,0.0,35.0,3.594,8.593218619253104,6.234491898965206,53.42171051821831,9.411764705882353,일반,동결융해,"Logistic 위험순위 상위 90.6% | 주요 증가요인=동결융해 | 동결융해 14일 14회 | 7일 강수 0.0mm | 14일 강수 35.9mm | 하수관 노후비율 43.0% | ESAL 196.4 (도시 중앙값) | 과거 300m 이내 보수이력 없음 | 모델기여도[동결융해=+0.773, 7일 누적강수=-0.264, 14일 누적강수=-0.107, 하수관로 노후도=-0.005, 교통하중=-0.007, 과거 보수이력=-0.061, 보수 후 경과기간=-0.018]",53.42171051821831,주의,"주요원인=동결융해 | 동결융해=100.0점 (14일 14회) | 누적강수=14.4점 (7일 0.0mm, 14일 35.9mm) | 하수관로 노후도=43.0점 (30년 이상 비율 43.0%) | 교통하중=31.2점 (ESAL 196.4, 도시 중앙값 적용) | 300m 이내 확인된 보수이력 없음",0,,,,0.0,0.5256180387325572,0.7727965094476354,-0.2641455745468213,-0.1066002451248875,-0.004965327502672356,-0.007101523989921092,-0.06072288933117835,-0.017788087188867548,9.411764705882353,하위 70%
R00541,35.461847,127.343834,남원 데모도로,남원시,670188.0,287953.6,0.4296609309626552,17.276260308101918,matched,0,,,,,0,540,2411-03,국도24호선,대강면-남원시(2411-03),7768.78688800654,196.3664,2752.0,0.0593161200279134,city_median,31.172459494826025,42.96609309626552,2025-12-31,14.0,100.0,0.0,35.94,14.376,0.0,35.0,3.594,8.593218619253104,6.234491898965206,53.42171051821831,9.411764705882353,일반,동결융해,"Logistic 위험순위 상위 90.6% | 주요 증가요인=동결융해 | 동결융해 14일 14회 | 7일 강수 0.0mm | 14일 강수 35.9mm | 하수관 노후비율 43.0% | ESAL 196.4 (도시 중앙값) | 과거 300m 이내 보수이력 없음 | 모델기여도[동결융해=+0.773, 7일 누적강수=-0.264, 14일 누적강수=-0.107, 하수관로 노후도=-0.005, 교통하중=-0.007, 과거 보수이력=-0.061, 보수 후 경과기간=-0.018]",53.42171051821831,주의,"주요원인=동결융해 | 동결융해=100.0점 (14일 14회) | 누적강수=14.4점 (7일 0.0mm, 14일 35.9mm) | 하수관로 노후도=43.0점 (30년 이상 비율 43.0%) | 교통하중=31.2점 (ESAL 196.4, 도시 중앙값 적용) | 300m 이내 확인된 보수이력 없음",0,,,,0.0,0.5256180387325572,0.7727965094476354,-0.2641455745468213,-0.1066002451248875,-0.004965327502672356,-0.007101523989921092,-0.06072288933117835,-0.017788087188867548,9.411764705882353,하위 70%
R00538,35.451203,127.353755,남원 데모도로,남원시,670188.0,287953.6,0.4296609309626552,17.276260308101918,matched,0,,,,,0,537,2411-03,국도24호선,대강면-남원시(2411-03),7210.802113074947,196.3664,2752.0,0.0593161200279134,city_median,31.172459494826025,42.96609309626552,2025-12-31,14.0,100.0,0.0,35.94,14.376,0.0,35.0,3.594,8.593218619253104,6.234491898965206,53.42171051821831,9.411764705882353,일반,동결융해,"Logistic 위험순위 상위 90.6% | 주요 증가요인=동결융해 | 동결융해 14일 14회 | 7일 강수 0.0mm | 14일 강수 35.9mm | 하수관 노후비율 43.0% | ESAL 196.4 (도시 중앙값) | 과거 300m 이내 보수이력 없음 | 모델기여도[동결융해=+0.773, 7일 누적강수=-0.264, 14일 누적강수=-0.107, 하수관로 노후도=-0.005, 교통하중=-0.007, 과거 보수이력=-0.061, 보수 후 경과기간=-0.018]",53.42171051821831,주의,"주요원인=동결융해 | 동결융해=100.0점 (14일 14회) | 누적강수=14.4점 (7일 0.0mm, 14일 35.9mm) | 하수관로 노후도=43.0점 (30년 이상 비율 43.0%) | 교통하중=31.2점 (ESAL 196.4, 도시 중앙값 적용) | 300m 이내 확인된 보수이력 없음",0,,,,0.0,0.5256180387325572,0.7727965094476354,-0.2641455745468213,-0.1066002451248875,-0.004965327502672356,-0.007101523989921092,-0.06072288933117835,-0.017788087188867548,9.411764705882353,하위 70%
R00542,35.465325,127.341219,남원 데모도로,남원시,670188.0,287953.6,0.4296609309626552,17.276260308101918,matched,0,,,,,0,541,2411-03,국도24호선,대강면-남원시(2411-03),8024.554741062683,196.3664,2752.0,0.0593161200279134,city_median,31.172459494826025,42.96609309626552,2025-12-31,14.0,100.0,0.0,35.94,14.376,0.0,35.0,3.594,8.593218619253104,6.234491898965206,53.42171051821831,9.411764705882353,일반,동결융해,"Logistic 위험순위 상위 90.6% | 주요 증가요인=동결융해 | 동결융해 14일 14회 | 7일 강수 0.0mm | 14일 강수 35.9mm | 하수관 노후비율 43.0% | ESAL 196.4 (도시 중앙값) | 과거 300m 이내 보수이력 없음 | 모델기여도[동결융해=+0.773, 7일 누적강수=-0.264, 14일 누적강수=-0.107, 하수관로 노후도=-0.005, 교통하중=-0.007, 과거 보수이력=-0.061, 보수 후 경과기간=-0.018]",53.42171051821831,주의,"주요원인=동결융해 | 동결융해=100.0점 (14일 14회) | 누적강수=14.4점 (7일 0.0mm, 14일 35.9mm) | 하수관로 노후도=43.0점 (30년 이상 비율 43.0%) | 교통하중=31.2점 (ESAL 196.4, 도시 중앙값 적용) | 300m 이내 확인된 보수이력 없음",0,,,,0.0,0.5256180387325572,0.7727965094476354,-0.2641455745468213,-0.1066002451248875,-0.004965327502672356,-0.007101523989921092,-0.06072288933117835,-0.017788087188867548,9.411764705882353,하위 70%
R00544,35.472757,127.332405,남원 데모도로,남원시,670188.0,287953.6,0.4296609309626552,17.276260308101918,matched,0,,,,,0,543,2411-03,국도24호선,대강면-남원시(2411-03),8542.019803499823,196.3664,2752.0,0.0593161200279134,city_median,31.172459494826025,42.96609309626552,2025-12-31,14.0,100.0,0.0,35.94,14.376,0.0,35.0,3.594,8.593218619253104,6.234491898965206,53.42171051821831,9.411764705882353,일반,동결융해,"Logistic 위험순위 상위 90.6% | 주요 증가요인=동결융해 | 동결융해 14일 14회 | 7일 강수 0.0mm | 14일 강수 35.9mm | 하수관 노후비율 43.0% | ESAL 196.4 (도시 중앙값) | 과거 300m 이내 보수이력 없음 | 모델기여도[동결융해=+0.773, 7일 누적강수=-0.264, 14일 누적강수=-0.107, 하수관로 노후도=-0.005, 교통하중=-0.007, 과거 보수이력=-0.061, 보수 후 경과기간=-0.018]",53.42171051821831,주의,"주요원인=동결융해 | 동결융해=100.0점 (14일 14회) | 누적강수=14.4점 (7일 0.0mm, 14일 35.9mm) | 하수관로 노후도=43.0점 (30년 이상 비율 43.0%) | 교통하중=31.2점 (ESAL 196.4, 도시 중앙값 적용) | 300m 이내 확인된 보수이력 없음",0,,,,0.0,0.5256180387325572,0.7727965094476354,-0.2641455745468213,-0.1066002451248875,-0.004965327502672356,-0.007101523989921092,-0.06072288933117835,-0.017788087188867548,9.411764705882353,하위 70%
R00438,35.417725,127.450021,남원 데모도로,남원시,670188.0,287953.6,0.4296609309626552,17.276260308101918,matched,0,,,,,0,437,1909-05,국도19호선,식정동-장수읍(1909-05),12324.04659955356,196.3664,2752.0,0.0593161200279134,city_median,31.172459494826025,42.96609309626552,2025-12-31,14.0,100.0,0.0,35.94,14.376,0.0,35.0,3.594,8.593218619253104,6.234491898965206,53.42171051821831,9.411764705882353,일반,동결융해,"Logistic 위험순위 상위 90.6% | 주요 증가요인=동결융해 | 동결융해 14일 14회 | 7일 강수 0.0mm | 14일 강수 35.9mm | 하수관 노후비율 43.0% | ESAL 196.4 (도시 중앙값) | 과거 300m 이내 보수이력 없음 | 모델기여도[동결융해=+0.773, 7일 누적강수=-0.264, 14일 누적강수=-0.107, 하수관로 노후도=-0.005, 교통하중=-0.007, 과거 보수이력=-0.061, 보수 후 경과기간=-0.018]",53.42171051821831,주의,"주요원인=동결융해 | 동결융해=100.0점 (14일 14회) | 누적강수=14.4점 (7일 0.0mm, 14일 35.9mm) | 하수관로 노후도=43.0점 (30년 이상 비율 43.0%) | 교통하중=31.2점 (ESAL 196.4, 도시 중앙값 적용) | 300m 이내 확인된 보수이력 없음",0,,,,0.0,0.5256180387325572,0.7727965094476354,-0.2641455745468213,-0.1066002451248875,-0.004965327502672356,-0.007101523989921092,-0.06072288933117835,-0.017788087188867548,9.411764705882353,하위 70%
R00437,35.417432,127.445895,남원 데모도로,남원시,670188.0,287953.6,0.4296609309626552,17.276260308101918,matched,0,,,,,0,436,1909-05,국도19호선,식정동-장수읍(1909-05),12575.15253279598,196.3664,2752.0,0.0593161200279134,city_median,31.172459494826025,42.96609309626552,2025-12-31,14.0,100.0,0.0,35.94,14.376,0.0,35.0,3.594,8.593218619253104,6.234491898965206,53.42171051821831,9.411764705882353,일반,동결융해,"Logistic 위험순위 상위 90.6% | 주요 증가요인=동결융해 | 동결융해 14일 14회 | 7일 강수 0.0mm | 14일 강수 35.9mm | 하수관 노후비율 43.0% | ESAL 196.4 (도시 중앙값) | 과거 300m 이내 보수이력 없음 | 모델기여도[동결융해=+0.773, 7일 누적강수=-0.264, 14일 누적강수=-0.107, 하수관로 노후도=-0.005, 교통하중=-0.007, 과거 보수이력=-0.061, 보수 후 경과기간=-0.018]",53.42171051821831,주의,"주요원인=동결융해 | 동결융해=100.0점 (14일 14회) | 누적강수=14.4점 (7일 0.0mm, 14일 35.9mm) | 하수관로 노후도=43.0점 (30년 이상 비율 43.0%) | 교통하중=31.2점 (ESAL 196.4, 도시 중앙값 적용) | 300m 이내 확인된 보수이력 없음",0,,,,0.0,0.5256180387325572,0.7727965094476354,-0.2641455745468213,-0.1066002451248875,-0.004965327502672356,-0.007101523989921092,-0.06072288933117835,-0.017788087188867548,9.411764705882353,하위 70%
R00439,35.415641,127.456388,남원 데모도로,남원시,670188.0,287953.6,0.4296609309626552,17.276260308101918,matched,0,,,,,0,438,1909-05,국도19호선,식정동-장수읍(1909-05),12183.344179881542,196.3664,2752.0,0.0593161200279134,city_median,31.172459494826025,42.96609309626552,2025-12-31,14.0,100.0,0.0,35.94,14.376,0.0,35.0,3.594,8.593218619253104,6.234491898965206,53.42171051821831,9.411764705882353,일반,동결융해,"Logistic 위험순위 상위 90.6% | 주요 증가요인=동결융해 | 동결융해 14일 14회 | 7일 강수 0.0mm | 14일 강수 35.9mm | 하수관 노후비율 43.0% | ESAL 196.4 (도시 중앙값) | 과거 300m 이내 보수이력 없음 | 모델기여도[동결융해=+0.773, 7일 누적강수=-0.264, 14일 누적강수=-0.107, 하수관로 노후도=-0.005, 교통하중=-0.007, 과거 보수이력=-0.061, 보수 후 경과기간=-0.018]",53.42171051821831,주의,"주요원인=동결융해 | 동결융해=100.0점 (14일 14회) | 누적강수=14.4점 (7일 0.0mm, 14일 35.9mm) | 하수관로 노후도=43.0점 (30년 이상 비율 43.0%) | 교통하중=31.2점 (ESAL 196.4, 도시 중앙값 적용) | 300m 이내 확인된 보수이력 없음",0,,,,0.0,0.5256180387325572,0.7727965094476354,-0.2641455745468213,-0.1066002451248875,-0.004965327502672356,-0.007101523989921092,-0.06072288933117835,-0.017788087188867548,9.411764705882353,하위 70%
R00442,35.416187,127.470526,남원 데모도로,남원시,670188.0,287953.6,0.4296609309626552,17.276260308101918,matched,0,,,,,0,441,1909-05,국도19호선,식정동-장수읍(1909-05),11471.456490644934,196.3664,2752.0,0.0593161200279134,city_median,31.172459494826025,42.96609309626552,2025-12-31,14.0,100.0,0.0,35.94,14.376,0.0,35.0,3.594,8.593218619253104,6.234491898965206,53.42171051821831,9.411764705882353,일반,동결융해,"Logistic 위험순위 상위 90.6% | 주요 증가요인=동결융해 | 동결융해 14일 14회 | 7일 강수 0.0mm | 14일 강수 35.9mm | 하수관 노후비율 43.0% | ESAL 196.4 (도시 중앙값) | 과거 300m 이내 보수이력 없음 | 모델기여도[동결융해=+0.773, 7일 누적강수=-0.264, 14일 누적강수=-0.107, 하수관로 노후도=-0.005, 교통하중=-0.007, 과거 보수이력=-0.061, 보수 후 경과기간=-0.018]",53.42171051821831,주의,"주요원인=동결융해 | 동결융해=100.0점 (14일 14회) | 누적강수=14.4점 (7일 0.0mm, 14일 35.9mm) | 하수관로 노후도=43.0점 (30년 이상 비율 43.0%) | 교통하중=31.2점 (ESAL 196.4, 도시 중앙값 적용) | 300m 이내 확인된 보수이력 없음",0,,,,0.0,0.5256180387325572,0.7727965094476354,-0.2641455745468213,-0.1066002451248875,-0.004965327502672356,-0.007101523989921092,-0.06072288933117835,-0.017788087188867548,9.411764705882353,하위 70%
R00441,35.416321,127.465452,남원 데모도로,남원시,670188.0,287953.6,0.4296609309626552,17.276260308101918,matched,0,,,,,0,440,1909-05,국도19호선,식정동-장수읍(1909-05),11684.129377823654,196.3664,2752.0,0.0593161200279134,city_median,31.172459494826025,42.96609309626552,2025-12-31,14.0,100.0,0.0,35.94,14.376,0.0,35.0,3.594,8.593218619253104,6.234491898965206,53.42171051821831,9.411764705882353,일반,동결융해,"Logistic 위험순위 상위 90.6% | 주요 증가요인=동결융해 | 동결융해 14일 14회 | 7일 강수 0.0mm | 14일 강수 35.9mm | 하수관 노후비율 43.0% | ESAL 196.4 (도시 중앙값) | 과거 300m 이내 보수이력 없음 | 모델기여도[동결융해=+0.773, 7일 누적강수=-0.264, 14일 누적강수=-0.107, 하수관로 노후도=-0.005, 교통하중=-0.007, 과거 보수이력=-0.061, 보수 후 경과기간=-0.018]",53.42171051821831,주의,"주요원인=동결융해 | 동결융해=100.0점 (14일 14회) | 누적강수=14.4점 (7일 0.0mm, 14일 35.9mm) | 하수관로 노후도=43.0점 (30년 이상 비율 43.0%) | 교통하중=31.2점 (ESAL 196.4, 도시 중앙값 적용) | 300m 이내 확인된 보수이력 없음",0,,,,0.0,0.5256180387325572,0.7727965094476354,-0.2641455745468213,-0.1066002451248875,-0.004965327502672356,-0.007101523989921092,-0.06072288933117835,-0.017788087188867548,9.411764705882353,하위 70%
R00440,35.416161,127.460918,남원 데모도로,남원시,670188.0,287953.6,0.4296609309626552,17.276260308101918,matched,0,,,,,0,439,1909-05,국도19호선,식정동-장수읍(1909-05),11912.354112970716,196.3664,2752.0,0.0593161200279134,city_median,31.172459494826025,42.96609309626552,2025-12-31,14.0,100.0,0.0,35.94,14.376,0.0,35.0,3.594,8.593218619253104,6.234491898965206,53.42171051821831,9.411764705882353,일반,동결융해,"Logistic 위험순위 상위 90.6% | 주요 증가요인=동결융해 | 동결융해 14일 14회 | 7일 강수 0.0mm | 14일 강수 35.9mm | 하수관 노후비율 43.0% | ESAL 196.4 (도시 중앙값) | 과거 300m 이내 보수이력 없음 | 모델기여도[동결융해=+0.773, 7일 누적강수=-0.264, 14일 누적강수=-0.107, 하수관로 노후도=-0.005, 교통하중=-0.007, 과거 보수이력=-0.061, 보수 후 경과기간=-0.018]",53.42171051821831,주의,"주요원인=동결융해 | 동결융해=100.0점 (14일 14회) | 누적강수=14.4점 (7일 0.0mm, 14일 35.9mm) | 하수관로 노후도=43.0점 (30년 이상 비율 43.0%) | 교통하중=31.2점 (ESAL 196.4, 도시 중앙값 적용) | 300m 이내 확인된 보수이력 없음",0,,,,0.0,0.5256180387325572,0.7727965094476354,-0.2641455745468213,-0.1066002451248875,-0.004965327502672356,-0.007101523989921092,-0.06072288933117835,-0.017788087188867548,9.411764705882353,하위 70%
R00452,35.389533,127.364627,남원 데모도로,남원시,670188.0,287953.6,0.4296609309626552,17.276260308101918,matched,0,,,,,0,451,2411-03,국도24호선,대강면-남원시(2411-03),5336.910165130802,196.3664,2752.0,0.0593161200279134,city_median,31.172459494826025,42.96609309626552,2025-12-31,14.0,100.0,0.0,35.94,14.376,0.0,35.0,3.594,8.593218619253104,6.234491898965206,53.42171051821831,9.411764705882353,일반,동결융해,"Logistic 위험순위 상위 90.6% | 주요 증가요인=동결융해 | 동결융해 14일 14회 | 7일 강수 0.0mm | 14일 강수 35.9mm | 하수관 노후비율 43.0% | ESAL 196.4 (도시 중앙값) | 과거 300m 이내 보수이력 없음 | 모델기여도[동결융해=+0.773, 7일 누적강수=-0.264, 14일 누적강수=-0.107, 하수관로 노후도=-0.005, 교통하중=-0.007, 과거 보수이력=-0.061, 보수 후 경과기간=-0.018]",53.42171051821831,주의,"주요원인=동결융해 | 동결융해=100.0점 (14일 14회) | 누적강수=14.4점 (7일 0.0mm, 14일 35.9mm) | 하수관로 노후도=43.0점 (30년 이상 비율 43.0%) | 교통하중=31.2점 (ESAL 196.4, 도시 중앙값 적용) | 300m 이내 확인된 보수이력 없음",0,,,,0.0,0.5256180387325572,0.7727965094476354,-0.2641455745468213,-0.1066002451248875,-0.004965327502672356,-0.007101523989921092,-0.06072288933117835,-0.017788087188867548,9.411764705882353,하위 70%
R00451,35.387313,127.36206,남원 데모도로,남원시,670188.0,287953.6,0.4296609309626552,17.276260308101918,matched,0,,,,,0,450,2411-03,국도24호선,대강면-남원시(2411-03),5164.384066299868,196.3664,2752.0,0.0593161200279134,city_median,31.172459494826025,42.96609309626552,2025-12-31,14.0,100.0,0.0,35.94,14.376,0.0,35.0,3.594,8.593218619253104,6.234491898965206,53.42171051821831,9.411764705882353,일반,동결융해,"Logistic 위험순위 상위 90.6% | 주요 증가요인=동결융해 | 동결융해 14일 14회 | 7일 강수 0.0mm | 14일 강수 35.9mm | 하수관 노후비율 43.0% | ESAL 196.4 (도시 중앙값) | 과거 300m 이내 보수이력 없음 | 모델기여도[동결융해=+0.773, 7일 누적강수=-0.264, 14일 누적강수=-0.107, 하수관로 노후도=-0.005, 교통하중=-0.007, 과거 보수이력=-0.061, 보수 후 경과기간=-0.018]",53.42171051821831,주의,"주요원인=동결융해 | 동결융해=100.0점 (14일 14회) | 누적강수=14.4점 (7일 0.0mm, 14일 35.9mm) | 하수관로 노후도=43.0점 (30년 이상 비율 43.0%) | 교통하중=31.2점 (ESAL 196.4, 도시 중앙값 적용) | 300m 이내 확인된 보수이력 없음",0,,,,0.0,0.5256180387325572,0.7727965094476354,-0.2641455745468213,-0.1066002451248875,-0.004965327502672356,-0.007101523989921092,-0.06072288933117835,-0.017788087188867548,9.411764705882353,하위 70%
R00450,35.384808,127.358371,남원 데모도로,남원시,670188.0,287953.6,0.4296609309626552,17.276260308101918,matched,0,,,,,0,449,2411-03,국도24호선,대강면-남원시(2411-03),4922.068664173152,196.3664,2752.0,0.0593161200279134,city_median,31.172459494826025,42.96609309626552,2025-12-31,14.0,100.0,0.0,35.94,14.376,0.0,35.0,3.594,8.593218619253104,6.234491898965206,53.42171051821831,9.411764705882353,일반,동결융해,"Logistic 위험순위 상위 90.6% | 주요 증가요인=동결융해 | 동결융해 14일 14회 | 7일 강수 0.0mm | 14일 강수 35.9mm | 하수관 노후비율 43.0% | ESAL 196.4 (도시 중앙값) | 과거 300m 이내 보수이력 없음 | 모델기여도[동결융해=+0.773, 7일 누적강수=-0.264, 14일 누적강수=-0.107, 하수관로 노후도=-0.005, 교통하중=-0.007, 과거 보수이력=-0.061, 보수 후 경과기간=-0.018]",53.42171051821831,주의,"주요원인=동결융해 | 동결융해=100.0점 (14일 14회) | 누적강수=14.4점 (7일 0.0mm, 14일 35.9mm) | 하수관로 노후도=43.0점 (30년 이상 비율 43.0%) | 교통하중=31.2점 (ESAL 196.4, 도시 중앙값 적용) | 300m 이내 확인된 보수이력 없음",0,,,,0.0,0.5256180387325572,0.7727965094476354,-0.2641455745468213,-0.1066002451248875,-0.004965327502672356,-0.007101523989921092,-0.06072288933117835,-0.017788087188867548,9.411764705882353,하위 70%
R00443,35.360281,127.334962,남원 데모도로,남원시,670188.0,287953.6,0.4296609309626552,17.276260308101918,matched,0,,,,,0,442,2411-03,국도24호선,대강면-남원시(2411-03),4984.544842678431,196.3664,2752.0,0.0593161200279134,city_median,31.172459494826025,42.96609309626552,2025-12-31,14.0,100.0,0.0,35.94,14.376,0.0,35.0,3.594,8.593218619253104,6.234491898965206,53.42171051821831,9.411764705882353,일반,동결융해,"Logistic 위험순위 상위 90.6% | 주요 증가요인=동결융해 | 동결융해 14일 14회 | 7일 강수 0.0mm | 14일 강수 35.9mm | 하수관 노후비율 43.0% | ESAL 196.4 (도시 중앙값) | 과거 300m 이내 보수이력 없음 | 모델기여도[동결융해=+0.773, 7일 누적강수=-0.264, 14일 누적강수=-0.107, 하수관로 노후도=-0.005, 교통하중=-0.007, 과거 보수이력=-0.061, 보수 후 경과기간=-0.018]",53.42171051821831,주의,"주요원인=동결융해 | 동결융해=100.0점 (14일 14회) | 누적강수=14.4점 (7일 0.0mm, 14일 35.9mm) | 하수관로 노후도=43.0점 (30년 이상 비율 43.0%) | 교통하중=31.2점 (ESAL 196.4, 도시 중앙값 적용) | 300m 이내 확인된 보수이력 없음",0,,,,0.0,0.5256180387325572,0.7727965094476354,-0.2641455745468213,-0.1066002451248875,-0.004965327502672356,-0.007101523989921092,-0.06072288933117835,-0.017788087188867548,9.411764705882353,하위 70%
R00444,35.363118,127.336984,남원 데모도로,남원시,670188.0,287953.6,0.4296609309626552,17.276260308101918,matched,0,,,,,0,443,2411-03,국도24호선,대강면-남원시(2411-03),4817.637572160081,196.3664,2752.0,0.0593161200279134,city_median,31.172459494826025,42.96609309626552,2025-12-31,14.0,100.0,0.0,35.94,14.376,0.0,35.0,3.594,8.593218619253104,6.234491898965206,53.42171051821831,9.411764705882353,일반,동결융해,"Logistic 위험순위 상위 90.6% | 주요 증가요인=동결융해 | 동결융해 14일 14회 | 7일 강수 0.0mm | 14일 강수 35.9mm | 하수관 노후비율 43.0% | ESAL 196.4 (도시 중앙값) | 과거 300m 이내 보수이력 없음 | 모델기여도[동결융해=+0.773, 7일 누적강수=-0.264, 14일 누적강수=-0.107, 하수관로 노후도=-0.005, 교통하중=-0.007, 과거 보수이력=-0.061, 보수 후 경과기간=-0.018]",53.42171051821831,주의,"주요원인=동결융해 | 동결융해=100.0점 (14일 14회) | 누적강수=14.4점 (7일 0.0mm, 14일 35.9mm) | 하수관로 노후도=43.0점 (30년 이상 비율 43.0%) | 교통하중=31.2점 (ESAL 196.4, 도시 중앙값 적용) | 300m 이내 확인된 보수이력 없음",0,,,,0.0,0.5256180387325572,0.7727965094476354,-0.2641455745468213,-0.1066002451248875,-0.004965327502672356,-0.007101523989921092,-0.06072288933117835,-0.017788087188867548,9.411764705882353,하위 70%
R00445,35.366323,127.341717,남원 데모도로,남원시,670188.0,287953.6,0.4296609309626552,17.276260308101918,matched,0,,,,,0,444,2411-03,국도24호선,대강면-남원시(2411-03),4799.510561239663,196.3664,2752.0,0.0593161200279134,city_median,31.172459494826025,42.96609309626552,2025-12-31,14.0,100.0,0.0,35.94,14.376,0.0,35.0,3.594,8.593218619253104,6.234491898965206,53.42171051821831,9.411764705882353,일반,동결융해,"Logistic 위험순위 상위 90.6% | 주요 증가요인=동결융해 | 동결융해 14일 14회 | 7일 강수 0.0mm | 14일 강수 35.9mm | 하수관 노후비율 43.0% | ESAL 196.4 (도시 중앙값) | 과거 300m 이내 보수이력 없음 | 모델기여도[동결융해=+0.773, 7일 누적강수=-0.264, 14일 누적강수=-0.107, 하수관로 노후도=-0.005, 교통하중=-0.007, 과거 보수이력=-0.061, 보수 후 경과기간=-0.018]",53.42171051821831,주의,"주요원인=동결융해 | 동결융해=100.0점 (14일 14회) | 누적강수=14.4점 (7일 0.0mm, 14일 35.9mm) | 하수관로 노후도=43.0점 (30년 이상 비율 43.0%) | 교통하중=31.2점 (ESAL 196.4, 도시 중앙값 적용) | 300m 이내 확인된 보수이력 없음",0,,,,0.0,0.5256180387325572,0.7727965094476354,-0.2641455745468213,-0.1066002451248875,-0.004965327502672356,-0.007101523989921092,-0.06072288933117835,-0.017788087188867548,9.411764705882353,하위 70%
R00446,35.3706,127.342787,남원 데모도로,남원시,670188.0,287953.6,0.4296609309626552,17.276260308101918,matched,0,,,,,0,445,2411-03,국도24호선,대강면-남원시(2411-03),4521.88395486613,196.3664,2752.0,0.0593161200279134,city_median,31.172459494826025,42.96609309626552,2025-12-31,14.0,100.0,0.0,35.94,14.376,0.0,35.0,3.594,8.593218619253104,6.234491898965206,53.42171051821831,9.411764705882353,일반,동결융해,"Logistic 위험순위 상위 90.6% | 주요 증가요인=동결융해 | 동결융해 14일 14회 | 7일 강수 0.0mm | 14일 강수 35.9mm | 하수관 노후비율 43.0% | ESAL 196.4 (도시 중앙값) | 과거 300m 이내 보수이력 없음 | 모델기여도[동결융해=+0.773, 7일 누적강수=-0.264, 14일 누적강수=-0.107, 하수관로 노후도=-0.005, 교통하중=-0.007, 과거 보수이력=-0.061, 보수 후 경과기간=-0.018]",53.42171051821831,주의,"주요원인=동결융해 | 동결융해=100.0점 (14일 14회) | 누적강수=14.4점 (7일 0.0mm, 14일 35.9mm) | 하수관로 노후도=43.0점 (30년 이상 비율 43.0%) | 교통하중=31.2점 (ESAL 196.4, 도시 중앙값 적용) | 300m 이내 확인된 보수이력 없음",0,,,,0.0,0.5256180387325572,0.7727965094476354,-0.2641455745468213,-0.1066002451248875,-0.004965327502672356,-0.007101523989921092,-0.06072288933117835,-0.017788087188867548,9.411764705882353,하위 70%
R00462,35.426601,127.399463,남원 데모도로,남원시,670188.0,287953.6,0.4296609309626552,17.276260308101918,matched,0,,,,,0,461,2411-03,국도24호선,대강면-남원시(2411-03),8942.912700432651,196.3664,2752.0,0.0593161200279134,city_median,31.172459494826025,42.96609309626552,2025-12-31,14.0,100.0,0.0,35.94,14.376,0.0,35.0,3.594,8.593218619253104,6.234491898965206,53.42171051821831,9.411764705882353,일반,동결융해,"Logistic 위험순위 상위 90.6% | 주요 증가요인=동결융해 | 동결융해 14일 14회 | 7일 강수 0.0mm | 14일 강수 35.9mm | 하수관 노후비율 43.0% | ESAL 196.4 (도시 중앙값) | 과거 300m 이내 보수이력 없음 | 모델기여도[동결융해=+0.773, 7일 누적강수=-0.264, 14일 누적강수=-0.107, 하수관로 노후도=-0.005, 교통하중=-0.007, 과거 보수이력=-0.061, 보수 후 경과기간=-0.018]",53.42171051821831,주의,"주요원인=동결융해 | 동결융해=100.0점 (14일 14회) | 누적강수=14.4점 (7일 0.0mm, 14일 35.9mm) | 하수관로 노후도=43.0점 (30년 이상 비율 43.0%) | 교통하중=31.2점 (ESAL 196.4, 도시 중앙값 적용) | 300m 이내 확인된 보수이력 없음",0,,,,0.0,0.5256180387325572,0.7727965094476354,-0.2641455745468213,-0.1066002451248875,-0.004965327502672356,-0.007101523989921092,-0.06072288933117835,-0.017788087188867548,9.411764705882353,하위 70%
R00463,35.428076,127.402758,남원 데모도로,남원시,670188.0,287953.6,0.4296609309626552,17.276260308101918,matched,0,,,,,0,462,2411-03,국도24호선,대강면-남원시(2411-03),9279.862687051946,196.3664,2752.0,0.0593161200279134,city_median,31.172459494826025,42.96609309626552,2025-12-31,14.0,100.0,0.0,35.94,14.376,0.0,35.0,3.594,8.593218619253104,6.234491898965206,53.42171051821831,9.411764705882353,일반,동결융해,"Logistic 위험순위 상위 90.6% | 주요 증가요인=동결융해 | 동결융해 14일 14회 | 7일 강수 0.0mm | 14일 강수 35.9mm | 하수관 노후비율 43.0% | ESAL 196.4 (도시 중앙값) | 과거 300m 이내 보수이력 없음 | 모델기여도[동결융해=+0.773, 7일 누적강수=-0.264, 14일 누적강수=-0.107, 하수관로 노후도=-0.005, 교통하중=-0.007, 과거 보수이력=-0.061, 보수 후 경과기간=-0.018]",53.42171051821831,주의,"주요원인=동결융해 | 동결융해=100.0점 (14일 14회) | 누적강수=14.4점 (7일 0.0mm, 14일 35.9mm) | 하수관로 노후도=43.0점 (30년 이상 비율 43.0%) | 교통하중=31.2점 (ESAL 196.4, 도시 중앙값 적용) | 300m 이내 확인된 보수이력 없음",0,,,,0.0,0.5256180387325572,0.7727965094476354,-0.2641455745468213,-0.1066002451248875,-0.004965327502672356,-0.007101523989921092,-0.06072288933117835,-0.017788087188867548,9.411764705882353,하위 70%
R00464,35.432156,127.406257,남원 데모도로,남원시,670188.0,287953.6,0.4296609309626552,17.276260308101918,matched,0,,,,,0,463,2411-03,국도24호선,대강면-남원시(2411-03),9740.75004076674,196.3664,2752.0,0.0593161200279134,city_median,31.172459494826025,42.96609309626552,2025-12-31,14.0,100.0,0.0,35.94,14.376,0.0,35.0,3.594,8.593218619253104,6.234491898965206,53.42171051821831,9.411764705882353,일반,동결융해,"Logistic 위험순위 상위 90.6% | 주요 증가요인=동결융해 | 동결융해 14일 14회 | 7일 강수 0.0mm | 14일 강수 35.9mm | 하수관 노후비율 43.0% | ESAL 196.4 (도시 중앙값) | 과거 300m 이내 보수이력 없음 | 모델기여도[동결융해=+0.773, 7일 누적강수=-0.264, 14일 누적강수=-0.107, 하수관로 노후도=-0.005, 교통하중=-0.007, 과거 보수이력=-0.061, 보수 후 경과기간=-0.018]",53.42171051821831,주의,"주요원인=동결융해 | 동결융해=100.0점 (14일 14회) | 누적강수=14.4점 (7일 0.0mm, 14일 35.9mm) | 하수관로 노후도=43.0점 (30년 이상 비율 43.0%) | 교통하중=31.2점 (ESAL 196.4, 도시 중앙값 적용) | 300m 이내 확인된 보수이력 없음",0,,,,0.0,0.5256180387325572,0.7727965094476354,-0.2641455745468213,-0.1066002451248875,-0.004965327502672356,-0.007101523989921092,-0.06072288933117835,-0.017788087188867548,9.411764705882353,하위 70%
R00465,35.436303,127.408077,남원 데모도로,남원시,670188.0,287953.6,0.4296609309626552,17.276260308101918,matched,0,,,,,0,464,2411-03,국도24호선,대강면-남원시(2411-03),10075.143559194568,196.3664,2752.0,0.0593161200279134,city_median,31.172459494826025,42.96609309626552,2025-12-31,14.0,100.0,0.0,35.94,14.376,0.0,35.0,3.594,8.593218619253104,6.234491898965206,53.42171051821831,9.411764705882353,일반,동결융해,"Logistic 위험순위 상위 90.6% | 주요 증가요인=동결융해 | 동결융해 14일 14회 | 7일 강수 0.0mm | 14일 강수 35.9mm | 하수관 노후비율 43.0% | ESAL 196.4 (도시 중앙값) | 과거 300m 이내 보수이력 없음 | 모델기여도[동결융해=+0.773, 7일 누적강수=-0.264, 14일 누적강수=-0.107, 하수관로 노후도=-0.005, 교통하중=-0.007, 과거 보수이력=-0.061, 보수 후 경과기간=-0.018]",53.42171051821831,주의,"주요원인=동결융해 | 동결융해=100.0점 (14일 14회) | 누적강수=14.4점 (7일 0.0mm, 14일 35.9mm) | 하수관로 노후도=43.0점 (30년 이상 비율 43.0%) | 교통하중=31.2점 (ESAL 196.4, 도시 중앙값 적용) | 300m 이내 확인된 보수이력 없음",0,,,,0.0,0.5256180387325572,0.7727965094476354,-0.2641455745468213,-0.1066002451248875,-0.004965327502672356,-0.007101523989921092,-0.06072288933117835,-0.017788087188867548,9.411764705882353,하위 70%
R00466,35.439744,127.41398,남원 데모도로,남원시,670188.0,287953.6,0.4296609309626552,17.276260308101918,matched,0,,,,,0,465,2411-03,국도24호선,대강면-남원시(2411-03),10721.00969755346,196.3664,2752.0,0.0593161200279134,city_median,31.172459494826025,42.96609309626552,2025-12-31,14.0,100.0,0.0,35.94,14.376,0.0,35.0,3.594,8.593218619253104,6.234491898965206,53.42171051821831,9.411764705882353,일반,동결융해,"Logistic 위험순위 상위 90.6% | 주요 증가요인=동결융해 | 동결융해 14일 14회 | 7일 강수 0.0mm | 14일 강수 35.9mm | 하수관 노후비율 43.0% | ESAL 196.4 (도시 중앙값) | 과거 300m 이내 보수이력 없음 | 모델기여도[동결융해=+0.773, 7일 누적강수=-0.264, 14일 누적강수=-0.107, 하수관로 노후도=-0.005, 교통하중=-0.007, 과거 보수이력=-0.061, 보수 후 경과기간=-0.018]",53.42171051821831,주의,"주요원인=동결융해 | 동결융해=100.0점 (14일 14회) | 누적강수=14.4점 (7일 0.0mm, 14일 35.9mm) | 하수관로 노후도=43.0점 (30년 이상 비율 43.0%) | 교통하중=31.2점 (ESAL 196.4, 도시 중앙값 적용) | 300m 이내 확인된 보수이력 없음",0,,,,0.0,0.5256180387325572,0.7727965094476354,-0.2641455745468213,-0.1066002451248875,-0.004965327502672356,-0.007101523989921092,-0.06072288933117835,-0.017788087188867548,9.411764705882353,하위 70%
R00467,35.442511,127.416527,남원 데모도로,남원시,670188.0,287953.6,0.4296609309626552,17.276260308101918,matched,0,,,,,0,466,2411-03,국도24호선,대강면-남원시(2411-03),11061.922584169584,196.3664,2752.0,0.0593161200279134,city_median,31.172459494826025,42.96609309626552,2025-12-31,14.0,100.0,0.0,35.94,14.376,0.0,35.0,3.594,8.593218619253104,6.234491898965206,53.42171051821831,9.411764705882353,일반,동결융해,"Logistic 위험순위 상위 90.6% | 주요 증가요인=동결융해 | 동결융해 14일 14회 | 7일 강수 0.0mm | 14일 강수 35.9mm | 하수관 노후비율 43.0% | ESAL 196.4 (도시 중앙값) | 과거 300m 이내 보수이력 없음 | 모델기여도[동결융해=+0.773, 7일 누적강수=-0.264, 14일 누적강수=-0.107, 하수관로 노후도=-0.005, 교통하중=-0.007, 과거 보수이력=-0.061, 보수 후 경과기간=-0.018]",53.42171051821831,주의,"주요원인=동결융해 | 동결융해=100.0점 (14일 14회) | 누적강수=14.4점 (7일 0.0mm, 14일 35.9mm) | 하수관로 노후도=43.0점 (30년 이상 비율 43.0%) | 교통하중=31.2점 (ESAL 196.4, 도시 중앙값 적용) | 300m 이내 확인된 보수이력 없음",0,,,,0.0,0.5256180387325572,0.7727965094476354,-0.2641455745468213,-0.1066002451248875,-0.004965327502672356,-0.007101523989921092,-0.06072288933117835,-0.017788087188867548,9.411764705882353,하위 70%
R00533,35.435338,127.37155,남원 데모도로,남원시,670188.0,287953.6,0.4296609309626552,17.276260308101918,matched,0,,,,,0,532,2411-03,국도24호선,대강면-남원시(2411-03),7131.778223181103,196.3664,2752.0,0.0593161200279134,city_median,31.172459494826025,42.96609309626552,2025-12-31,14.0,100.0,0.0,35.94,14.376,0.0,35.0,3.594,8.593218619253104,6.234491898965206,53.42171051821831,9.411764705882353,일반,동결융해,"Logistic 위험순위 상위 90.6% | 주요 증가요인=동결융해 | 동결융해 14일 14회 | 7일 강수 0.0mm | 14일 강수 35.9mm | 하수관 노후비율 43.0% | ESAL 196.4 (도시 중앙값) | 과거 300m 이내 보수이력 없음 | 모델기여도[동결융해=+0.773, 7일 누적강수=-0.264, 14일 누적강수=-0.107, 하수관로 노후도=-0.005, 교통하중=-0.007, 과거 보수이력=-0.061, 보수 후 경과기간=-0.018]",53.42171051821831,주의,"주요원인=동결융해 | 동결융해=100.0점 (14일 14회) | 누적강수=14.4점 (7일 0.0mm, 14일 35.9mm) | 하수관로 노후도=43.0점 (30년 이상 비율 43.0%) | 교통하중=31.2점 (ESAL 196.4, 도시 중앙값 적용) | 300m 이내 확인된 보수이력 없음",0,,,,0.0,0.5256180387325572,0.7727965094476354,-0.2641455745468213,-0.1066002451248875,-0.004965327502672356,-0.007101523989921092,-0.06072288933117835,-0.017788087188867548,9.411764705882353,하위 70%
R00535,35.442279,127.365261,남원 데모도로,남원시,670188.0,287953.6,0.4296609309626552,17.276260308101918,matched,0,,,,,0,534,2411-03,국도24호선,대강면-남원시(2411-03),7167.171501860841,196.3664,2752.0,0.0593161200279134,city_median,31.172459494826025,42.96609309626552,2025-12-31,14.0,100.0,0.0,35.94,14.376,0.0,35.0,3.594,8.593218619253104,6.234491898965206,53.42171051821831,9.411764705882353,일반,동결융해,"Logistic 위험순위 상위 90.6% | 주요 증가요인=동결융해 | 동결융해 14일 14회 | 7일 강수 0.0mm | 14일 강수 35.9mm | 하수관 노후비율 43.0% | ESAL 196.4 (도시 중앙값) | 과거 300m 이내 보수이력 없음 | 모델기여도[동결융해=+0.773, 7일 누적강수=-0.264, 14일 누적강수=-0.107, 하수관로 노후도=-0.005, 교통하중=-0.007, 과거 보수이력=-0.061, 보수 후 경과기간=-0.018]",53.42171051821831,주의,"주요원인=동결융해 | 동결융해=100.0점 (14일 14회) | 누적강수=14.4점 (7일 0.0mm, 14일 35.9mm) | 하수관로 노후도=43.0점 (30년 이상 비율 43.0%) | 교통하중=31.2점 (ESAL 196.4, 도시 중앙값 적용) | 300m 이내 확인된 보수이력 없음",0,,,,0.0,0.5256180387325572,0.7727965094476354,-0.2641455745468213,-0.1066002451248875,-0.004965327502672356,-0.007101523989921092,-0.06072288933117835,-0.017788087188867548,9.411764705882353,하위 70%
R00454,35.396343,127.371362,남원 데모도로,남원시,670188.0,287953.6,0.4296609309626552,17.276260308101918,matched,0,,,,,0,453,2411-03,국도24호선,대강면-남원시(2411-03),5852.944719710908,196.3664,2752.0,0.0593161200279134,city_median,31.172459494826025,42.96609309626552,2025-12-31,14.0,100.0,0.0,35.94,14.376,0.0,35.0,3.594,8.593218619253104,6.234491898965206,53.42171051821831,9.411764705882353,일반,동결융해,"Logistic 위험순위 상위 90.6% | 주요 증가요인=동결융해 | 동결융해 14일 14회 | 7일 강수 0.0mm | 14일 강수 35.9mm | 하수관 노후비율 43.0% | ESAL 196.4 (도시 중앙값) | 과거 300m 이내 보수이력 없음 | 모델기여도[동결융해=+0.773, 7일 누적강수=-0.264, 14일 누적강수=-0.107, 하수관로 노후도=-0.005, 교통하중=-0.007, 과거 보수이력=-0.061, 보수 후 경과기간=-0.018]",53.42171051821831,주의,"주요원인=동결융해 | 동결융해=100.0점 (14일 14회) | 누적강수=14.4점 (7일 0.0mm, 14일 35.9mm) | 하수관로 노후도=43.0점 (30년 이상 비율 43.0%) | 교통하중=31.2점 (ESAL 196.4, 도시 중앙값 적용) | 300m 이내 확인된 보수이력 없음",0,,,,0.0,0.5256180387325572,0.7727965094476354,-0.2641455745468213,-0.1066002451248875,-0.004965327502672356,-0.007101523989921092,-0.06072288933117835,-0.017788087188867548,9.411764705882353,하위 70%
R00413,35.415453,127.328731,남원 데모도로,남원시,670188.0,287953.6,0.4296609309626552,17.276260308101918,matched,0,,,,,0,412,2411-03,국도24호선,대강면-남원시(2411-03),2711.785694120021,196.3664,2752.0,0.0272529069767441,nearest_station,31.172459494826025,42.96609309626552,2025-12-31,14.0,100.0,0.0,35.94,14.376,0.0,35.0,3.594,8.593218619253104,6.234491898965206,53.42171051821831,9.411764705882353,일반,동결융해,"Logistic 위험순위 상위 90.6% | 주요 증가요인=동결융해 | 동결융해 14일 14회 | 7일 강수 0.0mm | 14일 강수 35.9mm | 하수관 노후비율 43.0% | ESAL 196.4 (실제 조사점 2.7km) | 과거 300m 이내 보수이력 없음 | 모델기여도[동결융해=+0.773, 7일 누적강수=-0.264, 14일 누적강수=-0.107, 하수관로 노후도=-0.005, 교통하중=-0.007, 과거 보수이력=-0.061, 보수 후 경과기간=-0.018]",53.42171051821831,주의,"주요원인=동결융해 | 동결융해=100.0점 (14일 14회) | 누적강수=14.4점 (7일 0.0mm, 14일 35.9mm) | 하수관로 노후도=43.0점 (30년 이상 비율 43.0%) | 교통하중=31.2점 (ESAL 196.4, 2.7km 이내 실제 조사점 적용) | 300m 이내 확인된 보수이력 없음",0,,,,0.0,0.5256180387325572,0.7727965094476354,-0.2641455745468213,-0.1066002451248875,-0.004965327502672356,-0.007101523989921092,-0.06072288933117835,-0.017788087188867548,9.411764705882353,하위 70%
R00414,35.416024,127.335612,남원 데모도로,남원시,670188.0,287953.6,0.4296609309626552,17.276260308101918,matched,0,,,,,0,413,2411-03,국도24호선,대강면-남원시(2411-03),3233.2547825543325,196.3664,2752.0,0.0593161200279134,city_median,31.172459494826025,42.96609309626552,2025-12-31,14.0,100.0,0.0,35.94,14.376,0.0,35.0,3.594,8.593218619253104,6.234491898965206,53.42171051821831,9.411764705882353,일반,동결융해,"Logistic 위험순위 상위 90.6% | 주요 증가요인=동결융해 | 동결융해 14일 14회 | 7일 강수 0.0mm | 14일 강수 35.9mm | 하수관 노후비율 43.0% | ESAL 196.4 (도시 중앙값) | 과거 300m 이내 보수이력 없음 | 모델기여도[동결융해=+0.773, 7일 누적강수=-0.264, 14일 누적강수=-0.107, 하수관로 노후도=-0.005, 교통하중=-0.007, 과거 보수이력=-0.061, 보수 후 경과기간=-0.018]",53.42171051821831,주의,"주요원인=동결융해 | 동결융해=100.0점 (14일 14회) | 누적강수=14.4점 (7일 0.0mm, 14일 35.9mm) | 하수관로 노후도=43.0점 (30년 이상 비율 43.0%) | 교통하중=31.2점 (ESAL 196.4, 도시 중앙값 적용) | 300m 이내 확인된 보수이력 없음",0,,,,0.0,0.5256180387325572,0.7727965094476354,-0.2641455745468213,-0.1066002451248875,-0.004965327502672356,-0.007101523989921092,-0.06072288933117835,-0.017788087188867548,9.411764705882353,하위 70%
R00415,35.416555,127.338949,남원 데모도로,남원시,670188.0,287953.6,0.4296609309626552,17.276260308101918,matched,0,,,,,0,414,2411-03,국도24호선,대강면-남원시(2411-03),3514.400418682172,196.3664,2752.0,0.0593161200279134,city_median,31.172459494826025,42.96609309626552,2025-12-31,14.0,100.0,0.0,35.94,14.376,0.0,35.0,3.594,8.593218619253104,6.234491898965206,53.42171051821831,9.411764705882353,일반,동결융해,"Logistic 위험순위 상위 90.6% | 주요 증가요인=동결융해 | 동결융해 14일 14회 | 7일 강수 0.0mm | 14일 강수 35.9mm | 하수관 노후비율 43.0% | ESAL 196.4 (도시 중앙값) | 과거 300m 이내 보수이력 없음 | 모델기여도[동결융해=+0.773, 7일 누적강수=-0.264, 14일 누적강수=-0.107, 하수관로 노후도=-0.005, 교통하중=-0.007, 과거 보수이력=-0.061, 보수 후 경과기간=-0.018]",53.42171051821831,주의,"주요원인=동결융해 | 동결융해=100.0점 (14일 14회) | 누적강수=14.4점 (7일 0.0mm, 14일 35.9mm) | 하수관로 노후도=43.0점 (30년 이상 비율 43.0%) | 교통하중=31.2점 (ESAL 196.4, 도시 중앙값 적용) | 300m 이내 확인된 보수이력 없음",0,,,,0.0,0.5256180387325572,0.7727965094476354,-0.2641455745468213,-0.1066002451248875,-0.004965327502672356,-0.007101523989921092,-0.06072288933117835,-0.017788087188867548,9.411764705882353,하위 70%
R00428,35.41588,127.402421,남원 데모도로,남원시,670188.0,287953.6,0.4296609309626552,17.276260308101918,matched,0,,,,,0,427,2411-03,국도24호선,대강면-남원시(2411-03),8866.232276362844,196.3664,2752.0,0.0593161200279134,city_median,31.172459494826025,42.96609309626552,2025-12-31,14.0,100.0,0.0,35.94,14.376,0.0,35.0,3.594,8.593218619253104,6.234491898965206,53.42171051821831,9.411764705882353,일반,동결융해,"Logistic 위험순위 상위 90.6% | 주요 증가요인=동결융해 | 동결융해 14일 14회 | 7일 강수 0.0mm | 14일 강수 35.9mm | 하수관 노후비율 43.0% | ESAL 196.4 (도시 중앙값) | 과거 300m 이내 보수이력 없음 | 모델기여도[동결융해=+0.773, 7일 누적강수=-0.264, 14일 누적강수=-0.107, 하수관로 노후도=-0.005, 교통하중=-0.007, 과거 보수이력=-0.061, 보수 후 경과기간=-0.018]",53.42171051821831,주의,"주요원인=동결융해 | 동결융해=100.0점 (14일 14회) | 누적강수=14.4점 (7일 0.0mm, 14일 35.9mm) | 하수관로 노후도=43.0점 (30년 이상 비율 43.0%) | 교통하중=31.2점 (ESAL 196.4, 도시 중앙값 적용) | 300m 이내 확인된 보수이력 없음",0,,,,0.0,0.5256180387325572,0.7727965094476354,-0.2641455745468213,-0.1066002451248875,-0.004965327502672356,-0.007101523989921092,-0.06072288933117835,-0.017788087188867548,9.411764705882353,하위 70%
R00434,35.416974,127.432113,남원 데모도로,남원시,670188.0,287953.6,0.4296609309626552,17.276260308101918,matched,0,,,,,0,433,2411-03,국도24호선,대강면-남원시(2411-03),11529.86144399944,196.3664,2752.0,0.0593161200279134,city_median,31.172459494826025,42.96609309626552,2025-12-31,14.0,100.0,0.0,35.94,14.376,0.0,35.0,3.594,8.593218619253104,6.234491898965206,53.42171051821831,9.411764705882353,일반,동결융해,"Logistic 위험순위 상위 90.6% | 주요 증가요인=동결융해 | 동결융해 14일 14회 | 7일 강수 0.0mm | 14일 강수 35.9mm | 하수관 노후비율 43.0% | ESAL 196.4 (도시 중앙값) | 과거 300m 이내 보수이력 없음 | 모델기여도[동결융해=+0.773, 7일 누적강수=-0.264, 14일 누적강수=-0.107, 하수관로 노후도=-0.005, 교통하중=-0.007, 과거 보수이력=-0.061, 보수 후 경과기간=-0.018]",53.42171051821831,주의,"주요원인=동결융해 | 동결융해=100.0점 (14일 14회) | 누적강수=14.4점 (7일 0.0mm, 14일 35.9mm) | 하수관로 노후도=43.0점 (30년 이상 비율 43.0%) | 교통하중=31.2점 (ESAL 196.4, 도시 중앙값 적용) | 300m 이내 확인된 보수이력 없음",0,,,,0.0,0.5256180387325572,0.7727965094476354,-0.2641455745468213,-0.1066002451248875,-0.004965327502672356,-0.007101523989921092,-0.06072288933117835,-0.017788087188867548,9.411764705882353,하위 70%
R00435,35.414387,127.436407,남원 데모도로,남원시,670188.0,287953.6,0.4296609309626552,17.276260308101918,matched,0,,,,,0,434,2411-03,국도24호선,대강면-남원시(2411-03),11868.004075023491,196.3664,2752.0,0.0593161200279134,city_median,31.172459494826025,42.96609309626552,2025-12-31,14.0,100.0,0.0,35.94,14.376,0.0,35.0,3.594,8.593218619253104,6.234491898965206,53.42171051821831,9.411764705882353,일반,동결융해,"Logistic 위험순위 상위 90.6% | 주요 증가요인=동결융해 | 동결융해 14일 14회 | 7일 강수 0.0mm | 14일 강수 35.9mm | 하수관 노후비율 43.0% | ESAL 196.4 (도시 중앙값) | 과거 300m 이내 보수이력 없음 | 모델기여도[동결융해=+0.773, 7일 누적강수=-0.264, 14일 누적강수=-0.107, 하수관로 노후도=-0.005, 교통하중=-0.007, 과거 보수이력=-0.061, 보수 후 경과기간=-0.018]",53.42171051821831,주의,"주요원인=동결융해 | 동결융해=100.0점 (14일 14회) | 누적강수=14.4점 (7일 0.0mm, 14일 35.9mm) | 하수관로 노후도=43.0점 (30년 이상 비율 43.0%) | 교통하중=31.2점 (ESAL 196.4, 도시 중앙값 적용) | 300m 이내 확인된 보수이력 없음",0,,,,0.0,0.5256180387325572,0.7727965094476354,-0.2641455745468213,-0.1066002451248875,-0.004965327502672356,-0.007101523989921092,-0.06072288933117835,-0.017788087188867548,9.411764705882353,하위 70%
R00433,35.41733,127.426995,남원 데모도로,남원시,670188.0,287953.6,0.4296609309626552,17.276260308101918,matched,0,,,,,0,432,2411-03,국도24호선,대강면-남원시(2411-03),11080.756498391338,196.3664,2752.0,0.0593161200279134,city_median,31.172459494826025,42.96609309626552,2025-12-31,14.0,100.0,0.0,35.94,14.376,0.0,35.0,3.594,8.593218619253104,6.234491898965206,53.42171051821831,9.411764705882353,일반,동결융해,"Logistic 위험순위 상위 90.6% | 주요 증가요인=동결융해 | 동결융해 14일 14회 | 7일 강수 0.0mm | 14일 강수 35.9mm | 하수관 노후비율 43.0% | ESAL 196.4 (도시 중앙값) | 과거 300m 이내 보수이력 없음 | 모델기여도[동결융해=+0.773, 7일 누적강수=-0.264, 14일 누적강수=-0.107, 하수관로 노후도=-0.005, 교통하중=-0.007, 과거 보수이력=-0.061, 보수 후 경과기간=-0.018]",53.42171051821831,주의,"주요원인=동결융해 | 동결융해=100.0점 (14일 14회) | 누적강수=14.4점 (7일 0.0mm, 14일 35.9mm) | 하수관로 노후도=43.0점 (30년 이상 비율 43.0%) | 교통하중=31.2점 (ESAL 196.4, 도시 중앙값 적용) | 300m 이내 확인된 보수이력 없음",0,,,,0.0,0.5256180387325572,0.7727965094476354,-0.2641455745468213,-0.1066002451248875,-0.004965327502672356,-0.007101523989921092,-0.06072288933117835,-0.017788087188867548,9.411764705882353,하위 70%
R00425,35.416254,127.38818,남원 데모도로,남원시,670188.0,287953.6,0.4296609309626552,17.276260308101918,matched,0,,,,,0,424,2411-03,국도24호선,대강면-남원시(2411-03),7620.975385255225,196.3664,2752.0,0.0593161200279134,city_median,31.172459494826025,42.96609309626552,2025-12-31,14.0,100.0,0.0,35.94,14.376,0.0,35.0,3.594,8.593218619253104,6.234491898965206,53.42171051821831,9.411764705882353,일반,동결융해,"Logistic 위험순위 상위 90.6% | 주요 증가요인=동결융해 | 동결융해 14일 14회 | 7일 강수 0.0mm | 14일 강수 35.9mm | 하수관 노후비율 43.0% | ESAL 196.4 (도시 중앙값) | 과거 300m 이내 보수이력 없음 | 모델기여도[동결융해=+0.773, 7일 누적강수=-0.264, 14일 누적강수=-0.107, 하수관로 노후도=-0.005, 교통하중=-0.007, 과거 보수이력=-0.061, 보수 후 경과기간=-0.018]",53.42171051821831,주의,"주요원인=동결융해 | 동결융해=100.0점 (14일 14회) | 누적강수=14.4점 (7일 0.0mm, 14일 35.9mm) | 하수관로 노후도=43.0점 (30년 이상 비율 43.0%) | 교통하중=31.2점 (ESAL 196.4, 도시 중앙값 적용) | 300m 이내 확인된 보수이력 없음",0,,,,0.0,0.5256180387325572,0.7727965094476354,-0.2641455745468213,-0.1066002451248875,-0.004965327502672356,-0.007101523989921092,-0.06072288933117835,-0.017788087188867548,9.411764705882353,하위 70%
R00416,35.415383,127.343861,남원 데모도로,남원시,670188.0,287953.6,0.4296609309626552,17.276260308101918,matched,0,,,,,0,415,2411-03,국도24호선,대강면-남원시(2411-03),3826.402336248607,196.3664,2752.0,0.0593161200279134,city_median,31.172459494826025,42.96609309626552,2025-12-31,14.0,100.0,0.0,35.94,14.376,0.0,35.0,3.594,8.593218619253104,6.234491898965206,53.42171051821831,9.411764705882353,일반,동결융해,"Logistic 위험순위 상위 90.6% | 주요 증가요인=동결융해 | 동결융해 14일 14회 | 7일 강수 0.0mm | 14일 강수 35.9mm | 하수관 노후비율 43.0% | ESAL 196.4 (도시 중앙값) | 과거 300m 이내 보수이력 없음 | 모델기여도[동결융해=+0.773, 7일 누적강수=-0.264, 14일 누적강수=-0.107, 하수관로 노후도=-0.005, 교통하중=-0.007, 과거 보수이력=-0.061, 보수 후 경과기간=-0.018]",53.42171051821831,주의,"주요원인=동결융해 | 동결융해=100.0점 (14일 14회) | 누적강수=14.4점 (7일 0.0mm, 14일 35.9mm) | 하수관로 노후도=43.0점 (30년 이상 비율 43.0%) | 교통하중=31.2점 (ESAL 196.4, 도시 중앙값 적용) | 300m 이내 확인된 보수이력 없음",0,,,,0.0,0.5256180387325572,0.7727965094476354,-0.2641455745468213,-0.1066002451248875,-0.004965327502672356,-0.007101523989921092,-0.06072288933117835,-0.017788087188867548,9.411764705882353,하위 70%
R00431,35.416507,127.4178,남원 데모도로,남원시,670188.0,287953.6,0.4296609309626552,17.276260308101918,matched,0,,,,,0,430,2411-03,국도24호선,대강면-남원시(2411-03),10245.18955566475,196.3664,2752.0,0.0593161200279134,city_median,31.172459494826025,42.96609309626552,2025-12-31,14.0,100.0,0.0,35.94,14.376,0.0,35.0,3.594,8.593218619253104,6.234491898965206,53.42171051821831,9.411764705882353,일반,동결융해,"Logistic 위험순위 상위 90.6% | 주요 증가요인=동결융해 | 동결융해 14일 14회 | 7일 강수 0.0mm | 14일 강수 35.9mm | 하수관 노후비율 43.0% | ESAL 196.4 (도시 중앙값) | 과거 300m 이내 보수이력 없음 | 모델기여도[동결융해=+0.773, 7일 누적강수=-0.264, 14일 누적강수=-0.107, 하수관로 노후도=-0.005, 교통하중=-0.007, 과거 보수이력=-0.061, 보수 후 경과기간=-0.018]",53.42171051821831,주의,"주요원인=동결융해 | 동결융해=100.0점 (14일 14회) | 누적강수=14.4점 (7일 0.0mm, 14일 35.9mm) | 하수관로 노후도=43.0점 (30년 이상 비율 43.0%) | 교통하중=31.2점 (ESAL 196.4, 도시 중앙값 적용) | 300m 이내 확인된 보수이력 없음",0,,,,0.0,0.5256180387325572,0.7727965094476354,-0.2641455745468213,-0.1066002451248875,-0.004965327502672356,-0.007101523989921092,-0.06072288933117835,-0.017788087188867548,9.411764705882353,하위 70%
R00432,35.416519,127.421833,남원 데모도로,남원시,670188.0,287953.6,0.4296609309626552,17.276260308101918,matched,0,,,,,0,431,2411-03,국도24호선,대강면-남원시(2411-03),10604.37196915395,196.3664,2752.0,0.0593161200279134,city_median,31.172459494826025,42.96609309626552,2025-12-31,14.0,100.0,0.0,35.94,14.376,0.0,35.0,3.594,8.593218619253104,6.234491898965206,53.42171051821831,9.411764705882353,일반,동결융해,"Logistic 위험순위 상위 90.6% | 주요 증가요인=동결융해 | 동결융해 14일 14회 | 7일 강수 0.0mm | 14일 강수 35.9mm | 하수관 노후비율 43.0% | ESAL 196.4 (도시 중앙값) | 과거 300m 이내 보수이력 없음 | 모델기여도[동결융해=+0.773, 7일 누적강수=-0.264, 14일 누적강수=-0.107, 하수관로 노후도=-0.005, 교통하중=-0.007, 과거 보수이력=-0.061, 보수 후 경과기간=-0.018]",53.42171051821831,주의,"주요원인=동결융해 | 동결융해=100.0점 (14일 14회) | 누적강수=14.4점 (7일 0.0mm, 14일 35.9mm) | 하수관로 노후도=43.0점 (30년 이상 비율 43.0%) | 교통하중=31.2점 (ESAL 196.4, 도시 중앙값 적용) | 300m 이내 확인된 보수이력 없음",0,,,,0.0,0.5256180387325572,0.7727965094476354,-0.2641455745468213,-0.1066002451248875,-0.004965327502672356,-0.007101523989921092,-0.06072288933117835,-0.017788087188867548,9.411764705882353,하위 70%
R00423,35.416845,127.379385,남원 데모도로,남원시,670188.0,287953.6,0.4296609309626552,17.276260308101918,matched,0,,,,,0,422,2411-03,국도24호선,대강면-남원시(2411-03),6872.007494376213,196.3664,2752.0,0.0593161200279134,city_median,31.172459494826025,42.96609309626552,2025-12-31,14.0,100.0,0.0,35.94,14.376,0.0,35.0,3.594,8.593218619253104,6.234491898965206,53.42171051821831,9.411764705882353,일반,동결융해,"Logistic 위험순위 상위 90.6% | 주요 증가요인=동결융해 | 동결융해 14일 14회 | 7일 강수 0.0mm | 14일 강수 35.9mm | 하수관 노후비율 43.0% | ESAL 196.4 (도시 중앙값) | 과거 300m 이내 보수이력 없음 | 모델기여도[동결융해=+0.773, 7일 누적강수=-0.264, 14일 누적강수=-0.107, 하수관로 노후도=-0.005, 교통하중=-0.007, 과거 보수이력=-0.061, 보수 후 경과기간=-0.018]",53.42171051821831,주의,"주요원인=동결융해 | 동결융해=100.0점 (14일 14회) | 누적강수=14.4점 (7일 0.0mm, 14일 35.9mm) | 하수관로 노후도=43.0점 (30년 이상 비율 43.0%) | 교통하중=31.2점 (ESAL 196.4, 도시 중앙값 적용) | 300m 이내 확인된 보수이력 없음",0,,,,0.0,0.5256180387325572,0.7727965094476354,-0.2641455745468213,-0.1066002451248875,-0.004965327502672356,-0.007101523989921092,-0.06072288933117835,-0.017788087188867548,9.411764705882353,하위 70%
R00424,35.415932,127.382745,남원 데모도로,남원시,670188.0,287953.6,0.4296609309626552,17.276260308101918,matched,0,,,,,0,423,2411-03,국도24호선,대강면-남원시(2411-03),7136.102242307814,196.3664,2752.0,0.0593161200279134,city_median,31.172459494826025,42.96609309626552,2025-12-31,14.0,100.0,0.0,35.94,14.376,0.0,35.0,3.594,8.593218619253104,6.234491898965206,53.42171051821831,9.411764705882353,일반,동결융해,"Logistic 위험순위 상위 90.6% | 주요 증가요인=동결융해 | 동결융해 14일 14회 | 7일 강수 0.0mm | 14일 강수 35.9mm | 하수관 노후비율 43.0% | ESAL 196.4 (도시 중앙값) | 과거 300m 이내 보수이력 없음 | 모델기여도[동결융해=+0.773, 7일 누적강수=-0.264, 14일 누적강수=-0.107, 하수관로 노후도=-0.005, 교통하중=-0.007, 과거 보수이력=-0.061, 보수 후 경과기간=-0.018]",53.42171051821831,주의,"주요원인=동결융해 | 동결융해=100.0점 (14일 14회) | 누적강수=14.4점 (7일 0.0mm, 14일 35.9mm) | 하수관로 노후도=43.0점 (30년 이상 비율 43.0%) | 교통하중=31.2점 (ESAL 196.4, 도시 중앙값 적용) | 300m 이내 확인된 보수이력 없음",0,,,,0.0,0.5256180387325572,0.7727965094476354,-0.2641455745468213,-0.1066002451248875,-0.004965327502672356,-0.007101523989921092,-0.06072288933117835,-0.017788087188867548,9.411764705882353,하위 70%
R00427,35.415612,127.397951,남원 데모도로,남원시,670188.0,287953.6,0.4296609309626552,17.276260308101918,matched,0,,,,,0,426,2411-03,국도24호선,대강면-남원시(2411-03),8464.339141774079,196.3664,2752.0,0.0593161200279134,city_median,31.172459494826025,42.96609309626552,2025-12-31,14.0,100.0,0.0,35.94,14.376,0.0,35.0,3.594,8.593218619253104,6.234491898965206,53.42171051821831,9.411764705882353,일반,동결융해,"Logistic 위험순위 상위 90.6% | 주요 증가요인=동결융해 | 동결융해 14일 14회 | 7일 강수 0.0mm | 14일 강수 35.9mm | 하수관 노후비율 43.0% | ESAL 196.4 (도시 중앙값) | 과거 300m 이내 보수이력 없음 | 모델기여도[동결융해=+0.773, 7일 누적강수=-0.264, 14일 누적강수=-0.107, 하수관로 노후도=-0.005, 교통하중=-0.007, 과거 보수이력=-0.061, 보수 후 경과기간=-0.018]",53.42171051821831,주의,"주요원인=동결융해 | 동결융해=100.0점 (14일 14회) | 누적강수=14.4점 (7일 0.0mm, 14일 35.9mm) | 하수관로 노후도=43.0점 (30년 이상 비율 43.0%) | 교통하중=31.2점 (ESAL 196.4, 도시 중앙값 적용) | 300m 이내 확인된 보수이력 없음",0,,,,0.0,0.5256180387325572,0.7727965094476354,-0.2641455745468213,-0.1066002451248875,-0.004965327502672356,-0.007101523989921092,-0.06072288933117835,-0.017788087188867548,9.411764705882353,하위 70%
R00426,35.416468,127.393247,남원 데모도로,남원시,670188.0,287953.6,0.4296609309626552,17.276260308101918,matched,0,,,,,0,425,2411-03,국도24호선,대강면-남원시(2411-03),8071.664609274499,196.3664,2752.0,0.0593161200279134,city_median,31.172459494826025,42.96609309626552,2025-12-31,14.0,100.0,0.0,35.94,14.376,0.0,35.0,3.594,8.593218619253104,6.234491898965206,53.42171051821831,9.411764705882353,일반,동결융해,"Logistic 위험순위 상위 90.6% | 주요 증가요인=동결융해 | 동결융해 14일 14회 | 7일 강수 0.0mm | 14일 강수 35.9mm | 하수관 노후비율 43.0% | ESAL 196.4 (도시 중앙값) | 과거 300m 이내 보수이력 없음 | 모델기여도[동결융해=+0.773, 7일 누적강수=-0.264, 14일 누적강수=-0.107, 하수관로 노후도=-0.005, 교통하중=-0.007, 과거 보수이력=-0.061, 보수 후 경과기간=-0.018]",53.42171051821831,주의,"주요원인=동결융해 | 동결융해=100.0점 (14일 14회) | 누적강수=14.4점 (7일 0.0mm, 14일 35.9mm) | 하수관로 노후도=43.0점 (30년 이상 비율 43.0%) | 교통하중=31.2점 (ESAL 196.4, 도시 중앙값 적용) | 300m 이내 확인된 보수이력 없음",0,,,,0.0,0.5256180387325572,0.7727965094476354,-0.2641455745468213,-0.1066002451248875,-0.004965327502672356,-0.007101523989921092,-0.06072288933117835,-0.017788087188867548,9.411764705882353,하위 70%
R00421,35.416639,127.368696,남원 데모도로,남원시,670188.0,287953.6,0.4296609309626552,17.276260308101918,matched,0,,,,,0,420,2411-03,국도24호선,대강면-남원시(2411-03),5944.483175875229,196.3664,2752.0,0.0593161200279134,city_median,31.172459494826025,42.96609309626552,2025-12-31,14.0,100.0,0.0,35.94,14.376,0.0,35.0,3.594,8.593218619253104,6.234491898965206,53.42171051821831,9.411764705882353,일반,동결융해,"Logistic 위험순위 상위 90.6% | 주요 증가요인=동결융해 | 동결융해 14일 14회 | 7일 강수 0.0mm | 14일 강수 35.9mm | 하수관 노후비율 43.0% | ESAL 196.4 (도시 중앙값) | 과거 300m 이내 보수이력 없음 | 모델기여도[동결융해=+0.773, 7일 누적강수=-0.264, 14일 누적강수=-0.107, 하수관로 노후도=-0.005, 교통하중=-0.007, 과거 보수이력=-0.061, 보수 후 경과기간=-0.018]",53.42171051821831,주의,"주요원인=동결융해 | 동결융해=100.0점 (14일 14회) | 누적강수=14.4점 (7일 0.0mm, 14일 35.9mm) | 하수관로 노후도=43.0점 (30년 이상 비율 43.0%) | 교통하중=31.2점 (ESAL 196.4, 도시 중앙값 적용) | 300m 이내 확인된 보수이력 없음",0,,,,0.0,0.5256180387325572,0.7727965094476354,-0.2641455745468213,-0.1066002451248875,-0.004965327502672356,-0.007101523989921092,-0.06072288933117835,-0.017788087188867548,9.411764705882353,하위 70%
