grid_id,lanes,road_rank,road_type,road_link_distance_m
22861_7981,1,103,0,0.0
22895_8066,2,103,0,2.7298498316383575e-12
23019_7902,1,103,0,3.696503889863677e-12
23091_7990,1,106,0,6.471030101704104e-12
22872_8006,3,103,0,7.202150438633321e-12
23032_7994,1,103,0,7.878567710396699e-12
23032_7942,1,103,0,1.1681086451435259e-11
22980_7914,1,106,0,1.1735305126356049e-11
22989_7993,1,105,0,1.3477735507354319e-11
22934_8059,1,106,0,1.5705841484987528e-11
22908_7872,1,106,0,1.6344550762920662e-11
22863_7903,2,103,0,1.7566660264348653e-11
22999_7840,1,103,0,1.7836878879727976e-11
23100_7987,1,103,0,1.9926050659925756e-11
22942_7894,1,103,0,2.2884524650123e-11
22958_8044,1,105,0,2.3917357723091848e-11
22949_8062,1,106,0,2.399368086874543e-11
22994_7885,2,101,0,2.4070271123269963e-11
23038_7908,1,106,0,2.4243267160051194e-11
22872_8002,3,103,0,2.7308239870999153e-11
22909_7975,2,103,0,2.763635708205144e-11
22960_7874,1,106,0,2.836654820321513e-11
22907_7914,2,106,0,2.8551109473810365e-11
22879_7980,1,106,0,3.002020775933404e-11
22933_7993,2,103,0,3.200138948660786e-11
22850_7883,1,105,0,3.6251528342611884e-11
22932_7898,1,103,0,3.630978228901173e-11
22978_7912,1,106,0,3.678428127080505e-11
22886_7941,1,106,0,3.760380450511693e-11
22901_8021,1,106,0,4.120609658241342e-11
22939_7920,1,106,0,4.252103667976184e-11
22968_7968,2,103,0,4.33331704657138e-11
23036_7946,1,103,0,4.39568402038128e-11
22985_8067,1,104,0,4.404458046486303e-11
22954_7874,2,101,0,4.4418858784677494e-11
23004_7943,1,106,0,4.6033549284511236e-11
22972_7922,1,103,0,4.8878902080145616e-11
22907_8044,1,103,0,5.2653676668551026e-11
23080_8027,1,105,0,5.3205275385761775e-11
22993_7909,2,103,0,5.455408731494836e-11
22867_7858,1,106,0,5.499423995955448e-11
23098_7940,2,106,0,5.6635027879845673e-11
22988_7906,2,101,0,5.698667643322307e-11
23071_7924,1,103,0,5.793025941442274e-11
22942_7845,1,106,0,5.8162739363195155e-11
23083_7891,1,105,0,5.942445837527506e-11
23098_7963,2,103,0,6.277629066088052e-11
22932_8018,1,106,0,6.459275170369323e-11
22974_8013,2,103,0,6.505644150210733e-11
22981_7923,1,106,0,7.282194137406651e-11
23082_7890,1,105,0,7.324860895865975e-11
23079_8051,2,103,0,7.354409287634713e-11
22900_7852,1,103,0,7.98305212620601e-11
23054_8033,2,103,0,8.055531072298369e-11
22878_8055,2,103,0,8.128279976553227e-11
22835_7846,1,106,0,8.15754543610092e-11
23027_7940,1,103,0,8.211245855371093e-11
23037_7952,2,101,0,8.378364631214135e-11
22841_7905,1,103,0,8.433200714833005e-11
22953_7970,2,106,0,8.543400311466378e-11
22983_7872,1,106,0,8.580728743545782e-11
22906_8000,2,103,0,8.612889836820426e-11
22917_7958,1,106,0,8.636877857394939e-11
23038_7900,1,101,0,8.780864283128054e-11
22990_7922,2,103,0,8.816516849465683e-11
22840_7929,2,103,0,8.956702372954779e-11
22994_7953,1,105,0,9.107380043085827e-11
22876_8017,2,105,0,9.21923686915525e-11
22938_8033,1,106,0,9.238027207375989e-11
22984_7948,1,106,3,9.255420934229623e-11
22994_7951,1,105,0,9.299996920282389e-11
23008_7856,2,103,0,9.307643325115592e-11
22900_8036,1,103,0,9.677735237587325e-11
23094_8004,1,103,0,9.707743684970169e-11
23058_8054,1,106,0,9.745062160327019e-11
22946_7933,2,105,0,9.818059289842904e-11
23079_7972,1,106,0,9.854782898310412e-11
22996_7875,1,106,0,9.876549218401626e-11
22988_7982,2,103,0,9.992936706087397e-11
23065_8019,1,103,0,1.011627870427045e-10
22990_7884,1,106,0,1.0511234497125399e-10
22944_7909,1,106,0,1.0637565194724845e-10
23045_7908,1,105,0,1.1062245240464243e-10
22931_7889,1,103,0,1.1297114446027186e-10
23073_7930,1,103,0,1.152309379329877e-10
23057_7988,1,106,0,1.1536373902372347e-10
23092_8005,1,103,0,1.167733123062008e-10
23078_7838,1,106,0,1.223303912587327e-10
22951_8004,4,101,0,1.2480613327529743e-10
22991_8050,1,105,0,1.2511291641892355e-10
22925_7901,1,103,0,1.287142950126617e-10
23025_8065,1,106,0,1.306653330031457e-10
22953_7883,1,106,0,1.3170473977920052e-10
23037_7996,1,106,0,1.3181078409303215e-10
22865_7966,1,106,0,1.3193994255076693e-10
22966_8052,1,105,0,1.3304474897137413e-10
22936_8024,1,106,0,1.340736484993164e-10
22849_7976,2,103,0,1.3407951312095222e-10
22925_7963,1,106,0,1.367394403330766e-10
23033_7893,1,103,0,1.3760273756230698e-10
23070_7907,2,106,0,1.3965175344354265e-10
22939_7866,2,103,4,1.4023761140541486e-10
23041_7961,1,103,0,1.4323930898950222e-10
22959_7897,2,103,0,1.4697661657256098e-10
22931_7901,1,103,0,1.496346481351885e-10
22978_7879,1,103,0,1.502013280267465e-10
23021_7876,1,105,0,1.510195635377616e-10
23014_7983,1,105,0,1.5677804280718874e-10
22952_8020,1,106,0,1.5915279774419353e-10
23038_8019,2,101,0,1.6098048058636516e-10
23104_7858,2,101,0,1.637312467422075e-10
22851_7922,1,103,0,1.6630779456803294e-10
23074_7930,1,103,0,1.674258536790932e-10
22969_7886,1,103,0,1.67509340162806e-10
22913_7972,3,107,0,1.6835450789631496e-10
22959_7870,2,103,0,1.6976463936339703e-10
22885_7977,1,106,0,1.7859934732662532e-10
22924_7839,1,104,0,1.7887841126332326e-10
22925_7917,1,105,0,1.7918919583335418e-10
22927_7891,1,106,0,1.8008168139996586e-10
23069_7920,2,101,0,1.8060640656103382e-10
22903_7909,2,103,0,1.8313461454244287e-10
22935_8046,2,105,3,1.8450128815366454e-10
22915_7955,1,106,0,1.8505734340347107e-10
22956_7877,2,103,0,1.868338102234192e-10
23005_8050,1,103,0,1.8737811170260285e-10
23050_8036,1,106,0,1.8856820435603092e-10
22969_7966,2,101,0,1.8894666586487752e-10
22893_8028,1,103,0,1.895754559226121e-10
22866_7998,1,103,0,1.8991710153160874e-10
23032_8030,2,101,3,1.904121383262996e-10
23078_7930,2,103,0,1.9305449561702833e-10
22987_7937,2,101,0,1.9364018152499022e-10
22950_7880,1,105,0,1.9463090223254513e-10
22957_7880,1,106,0,1.94985873009748e-10
23029_7941,2,103,4,1.9659692817621225e-10
22974_7929,1,106,0,1.9886139898604842e-10
22917_7986,2,103,0,1.9926409065159694e-10
22906_7925,2,101,0,2.0392991829044036e-10
22884_7849,2,105,0,2.047375118085357e-10
22899_7890,1,103,0,2.0562032214206054e-10
22910_7979,2,101,0,2.0592461972910758e-10
23004_7941,1,106,0,2.0661652257428004e-10
22937_7966,1,106,0,2.1106888546809789e-10
22959_7984,3,103,0,2.1283192966295158e-10
22872_7865,1,106,0,2.1370315346023174e-10
22926_7862,2,103,0,2.1439731606055472e-10
22904_8000,2,103,0,2.144642773824246e-10
22933_8064,1,106,0,2.1722090567414054e-10
22900_7999,2,103,0,2.2461985401210936e-10
22950_7965,1,106,0,2.249551353818765e-10
22982_7928,1,106,0,2.2548898971153745e-10
23099_7855,1,106,0,2.2722198711926027e-10
23048_7974,1,103,0,2.2728092852032802e-10
23052_7991,2,101,0,2.2754431956955975e-10
23071_8005,1,103,0,2.292858606210145e-10
22974_7956,2,101,4,2.3146808841686014e-10
22910_8019,2,106,0,2.3337994234781456e-10
22978_8062,1,106,0,2.3418994535996554e-10
23007_7852,2,103,0,2.3435913048859404e-10
22981_7944,1,107,0,2.3453141897304864e-10
23015_8022,1,105,0,2.350468001730958e-10
22926_8020,1,106,0,2.3552944902847e-10
23061_7909,1,106,0,2.355946911399386e-10
22894_8010,1,106,0,2.370417301189509e-10
22830_7971,1,103,0,2.4048004942479e-10
22926_8038,2,103,0,2.4136582678450587e-10
23013_7841,2,101,4,2.461949433282545e-10
22971_8049,1,106,0,2.4622124508704656e-10
22893_8000,1,107,0,2.4797121326421883e-10
22989_7983,2,103,0,2.5295249019495594e-10
23013_7984,1,106,0,2.5324089349564715e-10
23010_7962,1,103,0,2.5531071226395196e-10
22960_8043,1,106,0,2.5551672546812364e-10
22936_7914,1,107,0,2.5755752000628384e-10
23087_8035,1,105,0,2.576864951422485e-10
22947_8001,3,101,0,2.634532731862657e-10
22915_8049,1,103,0,2.6613296580505334e-10
23099_8071,1,105,0,2.715078451642265e-10
22894_7890,1,105,0,2.7232469891546933e-10
23024_8043,2,101,0,2.7436649513938687e-10
22875_8020,1,106,0,2.7437510738712367e-10
22844_7962,2,103,0,2.7583192239441417e-10
22849_7938,1,106,0,2.7623224482936733e-10
22860_7889,1,106,0,2.8016286018440696e-10
23011_7924,1,103,0,2.8148279786486523e-10
23041_7955,1,101,0,2.826404097290071e-10
23084_7861,1,103,0,2.8268406483241426e-10
22909_7862,1,106,0,2.84878883559868e-10
23024_8036,2,103,0,2.851744720662253e-10
22955_7960,2,101,3,2.8927951060413477e-10
22932_7924,1,105,0,2.8941599857953855e-10
22923_7911,1,105,0,2.902711916263413e-10
22933_8062,1,107,0,2.9106053877882463e-10
22937_7918,1,103,0,2.915706088726632e-10
23074_7892,1,105,0,2.9196030552644587e-10
22870_8008,3,103,0,2.950028365296012e-10
22988_7853,1,106,0,2.980899306677978e-10
22898_7872,1,106,0,2.99710866205858e-10
23061_8054,1,106,0,3.005556901876399e-10
22991_8002,1,105,0,3.0084558971166536e-10
22841_7853,2,103,0,3.0256422547628635e-10
23009_7889,1,103,0,3.0334188395164554e-10
22877_7929,2,101,3,3.0353822112686463e-10
22982_8064,2,101,0,3.066279699994259e-10
22951_7928,1,106,0,3.0676720091116457e-10
23088_8045,1,105,0,3.0954708576009903e-10
22985_8064,1,106,0,3.1117105656363013e-10
22953_7863,1,106,0,3.1324781887222204e-10
22844_7878,1,103,0,3.1345059395129685e-10
23021_8054,2,101,0,3.1722126131602553e-10
22841_7892,1,103,0,3.17486406084619e-10
22891_7944,1,106,0,3.237690035417161e-10
22889_7952,2,101,0,3.2893158310833756e-10
23039_7950,2,101,0,3.334017395218557e-10
22936_8007,3,106,0,3.339770289186827e-10
22925_7939,1,103,0,3.361378640035339e-10
22859_7906,1,103,0,3.369484065485764e-10
23089_7887,1,101,0,3.370992002360682e-10
22898_7911,2,101,0,3.4162141405843096e-10
23005_7897,1,106,0,3.4186853354301996e-10
22963_7980,3,103,0,3.431927857277286e-10
23037_7992,2,103,0,3.484639451059255e-10
23074_7907,2,101,0,3.5341148665835725e-10
22888_7955,2,103,0,3.53933405792947e-10
22878_8030,2,103,0,3.548620274888059e-10
22981_7970,2,101,0,3.5616182794982615e-10
22954_7847,1,103,3,3.5798376132488034e-10
22953_7891,1,103,0,3.586659970263811e-10
23003_7888,2,101,0,3.5905746670223294e-10
22859_7908,1,103,0,3.6306640137246196e-10
22979_7910,1,106,0,3.6312548498265414e-10
23056_7938,2,101,0,3.6380473820561374e-10
22932_7953,1,106,0,3.7439379338146824e-10
22983_8010,1,106,0,3.751352804409472e-10
22863_8048,2,101,0,3.8247914236845193e-10
22939_8066,2,103,0,3.8315774521323846e-10
22872_8028,1,107,0,3.862605407494155e-10
23102_7941,1,103,0,3.864395699792542e-10
23087_7978,1,103,0,3.8818927675605906e-10
22861_8050,2,101,0,3.881999262199195e-10
23010_7858,2,103,0,3.892388923779116e-10
22995_7859,1,105,0,3.8925836717627224e-10
23070_7999,1,103,0,3.8936485484814795e-10
22915_7843,1,104,0,3.904688598413119e-10
23104_7893,1,106,0,3.9144074586702286e-10
22906_8031,1,106,0,3.918871095140668e-10
22953_8016,4,101,0,3.925349756790018e-10
22958_7934,1,106,0,3.937882558498576e-10
22929_8032,1,106,0,3.9412249825382674e-10
23059_8012,1,106,0,3.9531510263337707e-10
22823_7870,1,103,0,3.9856112186789024e-10
22905_7999,2,103,0,3.9881500034809806e-10
22974_7958,2,101,4,3.999363908722534e-10
22955_7927,2,103,4,4.008584026772504e-10
22869_7842,2,103,0,4.0591931411490075e-10
22997_7965,2,103,0,4.066345297486173e-10
22963_8046,1,105,0,4.070632874136759e-10
22948_8022,2,103,0,4.078377228446766e-10
22986_7871,1,106,0,4.0875173269287993e-10
22921_7894,1,105,0,4.102505563685633e-10
22999_8047,1,103,0,4.1161391465770915e-10
22941_7973,2,103,0,4.127860926567002e-10
23100_7896,1,103,0,4.1312675387707845e-10
23053_7943,2,101,0,4.1492845650233755e-10
22906_7980,2,101,0,4.1642002767195323e-10
23005_8045,1,106,0,4.1899257199485145e-10
22978_7908,1,106,0,4.1902847939794693e-10
23026_7951,1,106,0,4.1926795088862675e-10
23057_8053,1,106,0,4.194840889725988e-10
23013_7936,1,106,0,4.199522379101395e-10
23013_7972,2,103,0,4.212154142811419e-10
23046_8061,1,106,0,4.248026209654178e-10
22848_7851,2,101,4,4.2748811858248213e-10
22973_8016,1,106,0,4.2841109698465314e-10
22900_8034,1,103,0,4.295261286637343e-10
22883_8040,1,106,0,4.318327830040894e-10
22842_7923,1,103,0,4.3323085875643726e-10
23043_7979,1,106,0,4.3420696974956485e-10
23058_8047,1,106,0,4.348069921548098e-10
22891_7836,1,104,0,4.39459300501474e-10
23058_8051,1,106,0,4.415534257223497e-10
22915_8009,2,103,0,4.452256634531174e-10
23029_7902,1,106,0,4.479110354157388e-10
23083_7840,1,103,0,4.4957254796259327e-10
22926_7941,2,103,0,4.5777190281595064e-10
22942_7896,1,103,0,4.584103220105793e-10
22975_7887,1,103,0,4.615471411343727e-10
22871_8037,2,103,0,4.6169304345254794e-10
22842_7983,2,103,0,4.639332176524039e-10
22920_7952,1,106,0,4.6397642641036795e-10
23044_7950,2,101,0,4.6473568276290115e-10
23041_7965,1,103,0,4.733988598717401e-10
22910_7929,2,101,0,4.734583251216433e-10
22979_8069,2,103,0,4.761615643955876e-10
22886_7996,1,106,0,4.81898643524324e-10
22886_7943,2,101,0,4.851300920618816e-10
23033_7917,1,106,0,4.881494541819767e-10
23100_7899,1,103,0,4.892249676619183e-10
22880_7943,1,107,0,4.929439045975553e-10
22915_8017,1,106,0,4.938705082971462e-10
23062_7905,1,103,0,4.972503924755211e-10
22949_7963,2,103,0,4.994261438051241e-10
23025_8032,1,103,0,5.008011866311039e-10
23023_7918,2,103,0,5.045166357866388e-10
22945_8054,2,103,0,5.090640208056882e-10
23069_8000,1,103,0,5.113989855269053e-10
22919_7911,1,105,0,5.119069148077071e-10
22984_8006,1,106,0,5.159899478940761e-10
23050_8039,1,106,0,5.170833833785546e-10
23092_8043,1,105,0,5.183203127900917e-10
22878_7932,2,101,0,5.203497265722082e-10
22930_8018,1,106,0,5.204424145644443e-10
22936_8043,1,106,0,5.213549159143061e-10
22914_7842,3,104,0,5.227253147946148e-10
22983_7905,1,103,0,5.274732940377522e-10
22893_7906,1,106,0,5.289635484196745e-10
22964_7886,1,103,0,5.321854023316986e-10
22910_8022,1,106,0,5.334766335624389e-10
22990_7942,1,106,0,5.34555726741063e-10
23065_7846,1,106,0,5.378380385008317e-10
22926_7977,1,106,0,5.381590924654215e-10
22927_8023,1,106,0,5.40814083115051e-10
22892_8025,2,101,0,5.429406540549368e-10
23079_7970,1,106,0,5.429491974539083e-10
22913_8022,2,106,0,5.459652352959958e-10
22835_7856,1,106,0,5.491660077243604e-10
22888_8030,2,101,0,5.493535576148412e-10
23073_7891,1,105,0,5.493955043784963e-10
22972_7936,1,106,0,5.495542767958604e-10
22954_7942,2,103,0,5.517622819408337e-10
22966_8049,1,105,0,5.529203737641343e-10
23073_8010,1,103,0,5.581692651432754e-10
23043_7908,2,101,0,5.58222957830901e-10
22843_7986,2,103,0,5.586259919404436e-10
22925_8023,2,103,0,5.600452106073537e-10
22883_8052,1,106,0,5.606988822215839e-10
22975_7944,1,106,0,5.64616448871099e-10
22926_8030,2,103,0,5.66247035259046e-10
22845_7939,2,103,0,5.676608842988853e-10
22867_7945,1,106,0,5.699667786868663e-10
23024_7969,1,106,0,5.712318743518025e-10
22936_8011,1,106,0,5.717720448812102e-10
22919_8031,1,107,0,5.732822208227814e-10
22958_7858,2,103,0,5.754581123378979e-10
23006_7953,1,103,0,5.760070396461124e-10
22956_8020,1,106,0,5.765531879185658e-10
22815_7842,1,103,0,5.793698992795789e-10
22931_7891,1,103,0,5.801716573124174e-10
23051_7879,1,106,0,5.806901063052347e-10
22981_7946,2,101,0,5.814733677957085e-10
22876_8051,2,103,0,5.851326449255185e-10
23057_8050,1,106,0,5.871920391811556e-10
22892_8039,2,101,0,5.931758162249161e-10
22960_7891,2,103,0,5.99366779739719e-10
22873_7992,1,106,0,5.995565597933245e-10
22940_7888,1,106,0,6.010797506823605e-10
22876_7890,2,105,0,6.092040381311364e-10
22935_7914,1,107,3,6.093799205215531e-10
22876_7923,1,103,0,6.166903731375681e-10
22920_7965,1,106,0,6.175838813169426e-10
22897_7980,2,101,0,6.216470725132347e-10
22960_7937,1,106,0,6.228053093080698e-10
22877_7998,1,106,0,6.267720650049874e-10
22852_7937,1,106,0,6.286250384048641e-10
22959_7869,2,103,0,6.33854949570908e-10
23067_7995,2,105,0,6.351334977178758e-10
22815_7849,1,103,0,6.396388380736487e-10
23021_7858,1,106,0,6.429133652785734e-10
22860_8048,2,103,0,6.446936969932678e-10
22977_7907,1,106,0,6.468873514298636e-10
22910_8066,1,103,0,6.475245545793048e-10
22966_8009,1,106,0,6.481068835919805e-10
23053_7952,1,103,0,6.501693826584226e-10
23089_7974,1,103,0,6.51678685312309e-10
22895_7847,2,101,0,6.536054708739795e-10
22920_8050,1,105,0,6.539658109096922e-10
22983_7850,2,105,0,6.542821922739266e-10
22989_7878,2,101,0,6.569817408839961e-10
22890_7976,1,106,0,6.576631490188408e-10
23057_7882,1,105,0,6.591058040196941e-10
22894_7917,2,103,0,6.615159771177596e-10
22892_7956,2,101,0,6.650911854016771e-10
22978_8032,1,103,0,6.671335472182918e-10
22939_7929,2,105,0,6.703349352326421e-10
23033_8007,1,106,0,6.729323803102402e-10
22860_7872,1,106,0,6.731855543268187e-10
22892_8013,1,106,0,6.747967911076989e-10
23000_7893,1,103,0,6.751893322312776e-10
23028_7935,1,106,0,6.75446750808984e-10
22844_7896,1,103,0,6.762984170200485e-10
22888_7841,1,104,0,6.774519675484981e-10
23034_7982,1,103,0,6.775772883301676e-10
22943_7887,1,105,0,6.810110261934514e-10
22862_7876,2,101,0,6.825743831362031e-10
22919_8026,1,106,0,6.847775039731046e-10
23010_7971,1,106,0,6.886235585711529e-10
22980_8042,1,106,0,6.890102841950455e-10
22971_7862,1,106,0,6.898921284792993e-10
22861_7950,2,103,0,6.917184249400881e-10
22943_7975,1,103,0,6.950069627416898e-10
23080_7978,1,106,0,6.953671551893103e-10
22916_8012,1,106,0,6.97696451489449e-10
22979_8030,1,103,0,6.993007302859482e-10
23007_7922,1,103,0,7.077002641089711e-10
22823_7860,1,103,0,7.105024430559691e-10
22849_7859,2,103,0,7.113349305289421e-10
23078_7893,1,105,0,7.113745594666033e-10
23070_7928,2,101,4,7.125561288856367e-10
23074_7914,2,103,0,7.129754943657731e-10
22871_7907,1,106,0,7.14455726412931e-10
22975_7929,1,106,0,7.15651769354572e-10
22979_7947,2,101,0,7.168044661432741e-10
22912_7839,2,104,0,7.190268703583892e-10
23005_7908,1,106,0,7.203772382977102e-10
22975_7970,1,106,0,7.23120470028527e-10
23060_7897,1,106,0,7.251870727632733e-10
23039_7842,1,106,0,7.255863754250785e-10
22960_7938,1,106,0,7.266657822259943e-10
22940_7846,1,106,0,7.275975091944557e-10
23024_7964,1,106,0,7.281459528370555e-10
22903_7998,2,101,0,7.290848876111936e-10
22897_7864,2,101,0,7.332503251517613e-10
23024_8040,2,101,0,7.347714051101799e-10
22944_7849,2,101,0,7.366161594175798e-10
23040_7988,1,106,0,7.383773489052153e-10
22955_8026,1,106,0,7.394172286411698e-10
22900_8004,1,106,0,7.425414422258128e-10
22879_7903,2,103,0,7.446455093630121e-10
22840_7969,3,103,0,7.45067482319094e-10
22987_7872,1,106,0,7.518009909699022e-10
22909_8067,1,103,0,7.581521411894474e-10
23070_8069,1,106,0,7.590617724367989e-10
22946_7975,3,106,0,7.601051454701818e-10
23099_7961,1,103,0,7.618356044430019e-10
23022_7929,1,103,0,7.70715299173402e-10
23010_8047,1,105,0,7.725640057865021e-10
22903_8024,1,106,0,7.732631262027363e-10
22852_7889,2,105,0,7.741083143663033e-10
23088_7852,1,103,0,7.741158316193145e-10
23049_7985,2,101,3,7.768217028836285e-10
23052_7996,2,101,0,7.870030216775045e-10
22861_8003,3,103,0,7.895939532669106e-10
22896_7846,2,101,0,7.907166700756471e-10
23072_7912,2,101,0,7.914545995472376e-10
22955_7996,2,101,0,7.977672168501175e-10
23059_8051,1,106,0,8.006244302338213e-10
22973_7921,1,103,0,8.071054395577561e-10
23098_8070,1,105,0,8.094652889132559e-10
22930_8071,2,103,0,8.159497997998824e-10
23035_7999,1,106,0,8.15976094961783e-10
22950_8020,2,103,0,8.169319011358251e-10
23015_7966,1,103,0,8.175988157187734e-10
22936_7887,1,106,0,8.192747809989006e-10
23070_7895,1,106,0,8.195395732629261e-10
22995_7974,2,103,0,8.216111750339699e-10
22932_8045,2,103,0,8.22916979840533e-10
22824_7858,1,103,0,8.238973324520197e-10
22895_7995,1,106,0,8.278671011828038e-10
22908_7972,2,103,0,8.306835832980618e-10
22975_7877,1,106,0,8.340493944354937e-10
22866_8003,3,103,0,8.392660873915331e-10
22919_7915,1,105,0,8.407751516264611e-10
22909_7843,3,104,0,8.471847265464909e-10
23051_7984,1,105,0,8.50638211596646e-10
22974_7895,1,106,0,8.509929229900377e-10
22947_7913,1,103,0,8.524540353308653e-10
23088_7922,2,101,0,8.527057136874889e-10
22927_7960,1,106,0,8.542066474594827e-10
23058_8061,2,103,0,8.543039079338114e-10
22937_8067,2,103,0,8.564278854559704e-10
22905_7923,2,106,0,8.579851747097343e-10
22901_7998,2,103,0,8.605206464154448e-10
22893_8006,1,103,0,8.623054427204145e-10
22973_7876,1,106,0,8.666638034289436e-10
22925_7851,1,106,0,8.683381668711032e-10
23046_7838,1,106,0,8.68721914134398e-10
23073_7913,2,103,0,8.700316026112993e-10
23097_7869,1,106,0,8.715973394592912e-10
22890_8015,1,103,0,8.741990229986563e-10
22836_7873,1,103,0,8.745618671329643e-10
22986_7986,1,105,0,8.746863625074963e-10
22935_8068,2,103,0,8.767719255176732e-10
22943_8000,2,103,0,8.776489903304793e-10
22993_7869,1,106,0,8.776757380483173e-10
22972_8017,1,106,0,8.782053110538923e-10
22916_7972,2,106,0,8.788618705735743e-10
23026_7881,1,105,0,8.814385054185627e-10
22900_7964,2,103,0,8.851994290664756e-10
22944_7928,1,106,0,8.865349746603286e-10
23105_7854,1,106,0,8.89311056790841e-10
22911_7928,2,103,0,8.91153299313427e-10
22956_8027,1,106,0,8.962441199193402e-10
22998_7926,1,106,0,9.021449435391327e-10
23036_8023,1,103,0,9.172910281860248e-10
22990_7893,2,101,0,9.236795471220484e-10
22824_7973,1,103,0,9.26352382488727e-10
22874_7895,2,101,0,9.287162476301865e-10
22890_8044,2,101,0,9.333506456526093e-10
23061_8056,1,106,0,9.356188728844938e-10
22924_8016,1,107,0,9.379784650326908e-10
22999_7863,2,101,0,9.3961828625972e-10
23055_7930,1,105,0,9.530581004150189e-10
22995_7964,2,101,3,9.548725370815924e-10
23102_8013,1,106,0,9.610675590924722e-10
23025_7967,1,106,0,9.621200941089725e-10
22844_7838,1,103,0,9.623584186021714e-10
22878_7843,1,106,0,9.636039123822178e-10
23085_7920,1,106,0,9.64444845207079e-10
22994_7902,1,106,0,9.670804045495007e-10
23002_7978,1,105,0,9.691971751174812e-10
22888_7959,2,103,0,9.703391101863176e-10
22877_7928,2,101,0,9.724248852191102e-10
22845_7850,1,103,0,9.740894084074064e-10
22911_7992,2,103,0,9.757705033593932e-10
22985_7881,2,101,0,9.85249347679866e-10
23028_7901,2,101,4,9.890897545589276e-10
22954_8040,2,101,0,9.891630321443071e-10
22882_7951,1,103,0,9.894586278505727e-10
23047_7885,1,105,0,9.90495351461544e-10
22975_7939,2,105,0,9.92507416561291e-10
23097_7879,2,103,0,9.925714829338518e-10
22909_7912,2,103,4,9.954122562076264e-10
23057_8069,1,106,0,9.970830607110112e-10
23008_8051,1,103,0,9.978145618404586e-10
22955_7924,2,103,0,1.0029903025212843e-09
22991_7982,2,103,0,1.0033531955307916e-09
23047_7969,2,101,0,1.0042860135935715e-09
23091_7896,1,106,0,1.0067471978735188e-09
22917_8011,2,103,0,1.0164055418319799e-09
22990_7967,2,101,4,1.0188313554778782e-09
22961_7852,1,103,0,1.024675854264859e-09
22921_7916,1,105,0,1.02792473149319e-09
23095_7950,2,103,0,1.0310240050356579e-09
23005_7914,1,106,0,1.0346673207644557e-09
22957_7862,1,106,0,1.0361503285333602e-09
23018_7898,2,101,0,1.0386584656620227e-09
22872_7892,2,101,0,1.0528314226426676e-09
22908_7870,1,106,0,1.054179299488701e-09
22893_7836,1,104,0,1.0560865652610842e-09
22820_7865,1,103,0,1.0566858043709778e-09
22887_7870,2,101,0,1.0569727079765768e-09
22900_7854,1,103,0,1.0582807596855782e-09
22923_7989,2,103,0,1.0613599649629813e-09
22962_8041,1,106,0,1.0614595665084025e-09
22983_8065,2,101,0,1.0669778793579919e-09
23094_8044,1,105,0,1.0682309375289348e-09
22939_8051,2,103,0,1.0773415340356654e-09
22847_7998,2,103,0,1.0836934310284582e-09
23086_8037,1,105,0,1.0867530545046938e-09
22925_8041,2,103,0,1.0901235913001313e-09
23099_7976,1,103,0,1.0914126442797535e-09
23040_7924,1,106,0,1.0916573804142577e-09
22903_7853,1,103,0,1.105367522174819e-09
22884_8033,2,101,0,1.107097926638726e-09
22978_7861,1,106,0,1.107744273571957e-09
22958_7855,2,103,0,1.110456186245052e-09
22839_7890,2,106,0,1.1137618813982225e-09
23083_7914,2,101,0,1.1150890487818029e-09
22895_7867,2,101,0,1.1204814864332829e-09
22822_7869,1,103,0,1.1261715284822187e-09
22896_8020,2,101,0,1.1265339985388107e-09
22903_7859,2,101,4,1.1287093308413747e-09
22936_8056,1,106,0,1.132973240421625e-09
23046_8052,1,106,0,1.1388553218401898e-09
23050_7953,1,103,0,1.139008929741788e-09
22973_7937,1,106,0,1.1412500991934795e-09
22882_8009,2,103,3,1.1422300723366618e-09
23079_8071,2,103,0,1.1469202716650732e-09
22947_8018,2,103,0,1.1473567595855909e-09
22901_7967,2,101,0,1.1511517213932607e-09
22981_7900,1,103,0,1.1521538317800115e-09
23030_7899,2,101,3,1.154494640687206e-09
22840_7935,2,103,0,1.1556606691324925e-09
23101_7845,1,106,0,1.1558032864751537e-09
22956_7881,1,106,0,1.1576659041504103e-09
22982_7904,1,103,0,1.1622494949967503e-09
22864_8045,2,101,0,1.1649192211249836e-09
22931_7995,2,103,0,1.1743200356825822e-09
22965_7985,2,101,0,1.1898185190845207e-09
22882_8038,1,106,0,1.1953274977602791e-09
23103_8033,1,106,0,1.212243492849267e-09
22876_7947,1,103,0,1.2127713435477267e-09
23033_8008,1,106,0,1.213997826715835e-09
22928_7941,2,103,0,1.2163934709022885e-09
23033_7979,1,103,0,1.2187209756857714e-09
22943_8031,1,106,0,1.2194998481455381e-09
22879_7896,1,106,0,1.223145438917323e-09
23047_7849,1,106,0,1.2273686322638057e-09
23045_7970,1,103,0,1.23820596895144e-09
23091_7890,2,103,0,1.243746594100173e-09
23011_7873,2,103,4,1.2584800519096079e-09
22889_7840,1,104,0,1.2632269505616116e-09
23102_7860,2,101,0,1.2714966538937407e-09
22976_7954,2,101,4,1.2773126695370693e-09
22959_7860,2,103,0,1.2796758544548813e-09
22985_7952,1,106,0,1.2817886680251384e-09
23084_7958,1,105,0,1.291891283211367e-09
23053_8031,2,103,0,1.3129829642153179e-09
22899_8071,1,103,0,1.3395223369896424e-09
23094_7930,2,101,0,1.3572221351815125e-09
23049_8035,1,106,0,1.3647846533570312e-09
22917_7999,2,103,0,1.3795117201078353e-09
23049_7847,1,106,0,1.3874516046644097e-09
22857_7837,2,103,4,1.411932516993358e-09
22897_8071,2,103,0,1.415126505302432e-09
22958_7876,2,103,0,1.427022583547745e-09
22959_8013,1,106,0,1.4289057050985972e-09
22881_8036,1,106,0,1.445210031393965e-09
22911_7859,1,106,0,1.4477582299055674e-09
23082_7892,1,105,0,1.4592964120888826e-09
23001_7863,2,101,0,1.4780188093709752e-09
23100_8060,1,105,0,1.490089807456093e-09
23042_8043,1,105,0,1.533386248792693e-09
22941_8039,1,107,0,1.5443495175344048e-09
23087_7954,1,103,0,1.557551503452462e-09
22890_8029,2,101,0,1.567779299718239e-09
22887_8014,3,103,0,1.5766894947105732e-09
22860_8006,3,103,0,1.577686960350464e-09
22959_8043,2,101,0,1.598175199303831e-09
23043_7955,2,101,0,1.603002422369183e-09
23069_8047,2,103,0,1.6248302218175032e-09
22886_8018,2,103,0,1.6264724444375634e-09
22866_7900,1,106,0,1.6431739164673065e-09
22911_7917,2,103,0,1.6448458762479023e-09
22849_7852,2,101,0,1.651361982973364e-09
22908_7982,2,106,0,1.6809106405262239e-09
23030_7994,1,103,0,1.6815483040745768e-09
23026_8039,2,101,0,1.6838240493586442e-09
22943_7848,2,101,0,1.6853744216852986e-09
23101_7868,2,101,0,1.68974619719419e-09
23048_8040,1,106,0,1.7019308368875815e-09
22885_7922,1,106,3,1.7223286880234465e-09
22844_7989,2,103,0,1.7379678008646381e-09
23094_7920,1,106,0,1.7467181400264436e-09
23049_7971,2,101,0,1.7563317500576113e-09
22979_7897,1,103,0,1.7652285677590333e-09
22868_7855,1,106,0,1.7670188179640203e-09
23088_7975,1,103,0,1.7766986537561027e-09
22972_7971,2,101,4,1.7800333919184135e-09
22909_8017,2,106,0,1.7846393264796253e-09
22913_7847,1,104,3,1.7929968941915799e-09
22886_7921,1,106,3,1.799440203566746e-09
22900_7915,2,101,0,1.8029105022412594e-09
22867_7992,1,106,0,1.8190885484363976e-09
23073_7915,2,103,0,1.825208921284122e-09
22921_7858,2,103,0,1.8257456684573358e-09
23076_7924,2,103,0,1.8425926046368732e-09
22913_7949,1,106,0,1.8549456474533168e-09
23004_7875,1,105,0,1.882822782247301e-09
22920_7994,2,103,3,1.8865138006312367e-09
22925_7853,1,106,0,1.919513705219659e-09
22991_7885,1,106,0,1.938931794379925e-09
23048_7970,2,101,0,1.9543599960720653e-09
23095_7859,1,106,0,1.958672266699494e-09
22838_7976,2,103,0,1.9727112920295783e-09
22956_7863,1,106,0,1.986766307484836e-09
22855_7924,1,103,0,1.9998187560241676e-09
22876_7928,1,106,0,2.021410904717546e-09
22908_7924,2,106,0,2.0411092427594085e-09
23016_8023,1,105,0,2.049389892610848e-09
23026_8000,1,106,0,2.060676303590996e-09
23085_7909,1,106,0,2.112561821460743e-09
22937_7868,1,106,0,2.1413861258022583e-09
23037_7998,1,106,0,2.1702396450089874e-09
23052_8008,2,103,0,2.1727808246426103e-09
22942_8032,1,106,0,2.225291142816236e-09
22898_7970,1,106,0,2.234687722932106e-09
22944_7886,1,105,0,2.240847761452021e-09
22898_7847,2,101,0,2.240953972843486e-09
22978_7981,2,101,0,2.249951708292805e-09
22904_8043,1,106,0,2.279029992848934e-09
23079_7901,2,101,0,2.3139063779891813e-09
22970_7986,2,101,3,2.3149166348941317e-09
22869_7856,1,106,0,2.326167908075735e-09
23093_7845,1,106,0,2.335803345243495e-09
23091_7837,1,106,0,2.344263675121069e-09
22839_7889,1,103,0,2.39172369021515e-09
23100_7898,1,103,0,2.4016204677583278e-09
23098_7984,1,103,0,2.41094250823484e-09
22853_7924,1,103,0,2.4365777803693017e-09
23086_7979,1,103,0,2.4538125582097306e-09
22919_8014,1,106,0,2.489744711362726e-09
23019_8019,1,106,0,2.4951227681858867e-09
22875_7898,2,101,0,2.533330256196832e-09
22893_7947,1,103,0,2.54729661867894e-09
23072_7927,2,101,4,2.599543901287202e-09
22975_8019,1,103,0,2.60126959501749e-09
22972_8013,2,103,0,2.6739337693980575e-09
22949_8003,2,101,0,2.691809654295152e-09
22994_8071,1,104,0,2.708821677073593e-09
22903_7928,2,106,0,2.715082847453667e-09
22943_8045,2,107,0,2.743786350772917e-09
23030_7990,1,103,0,2.7618228167113524e-09
23022_7946,1,106,0,2.7844806058078556e-09
22898_7921,2,103,0,2.791064046949669e-09
22893_7935,2,103,0,2.818954237765244e-09
22850_7952,2,103,0,2.849528818948391e-09
23102_7844,1,106,0,2.8635811069065992e-09
23099_7916,1,103,0,2.874124187999329e-09
22996_7869,2,101,0,2.8817436438743946e-09
22827_7878,1,106,0,2.892184448552005e-09
23027_7865,1,106,0,2.979855005971842e-09
23088_7961,1,103,0,2.9877813102135595e-09
22848_8059,1,106,0,2.9927171496898357e-09
22923_7942,2,101,0,3.052382893869586e-09
23084_8030,1,105,0,3.0610999474724286e-09
22896_8040,1,106,0,3.073249418962423e-09
22859_7983,4,103,3,3.1598136138661386e-09
22925_7879,1,106,0,3.20658908349397e-09
22905_7959,2,103,0,3.220845408916778e-09
23087_7897,2,103,4,3.35774841857707e-09
23056_7949,1,105,0,3.3766941696974897e-09
22942_8045,2,101,0,3.4352298339544806e-09
23070_7916,2,101,0,3.5021702580169387e-09
23026_8016,1,106,0,3.5166137236107434e-09
22859_7936,1,106,0,1.482306918638736e-07
23069_7841,1,106,0,2.6723968981868263e-07
22879_7948,1,103,0,5.451837530529522e-07
23074_7916,2,103,0,6.610051947664777e-07
23047_7957,1,106,0,7.372420050882288e-07
22952_8062,2,103,0,7.710327187123916e-07
23046_7910,2,101,4,8.434506309057426e-07
22911_7947,1,106,0,8.622810908375252e-07
22960_8012,1,106,0,8.911669892721861e-07
22943_7997,2,103,0,1.3016832197812295e-06
23093_7843,1,106,0,1.3172172995242518e-06
23044_7887,1,107,0,1.7179406567716104e-06
23035_8040,1,105,0,1.7494683231910963e-06
22863_7998,1,103,0,1.755499130787352e-06
22926_8003,2,106,0,1.7747172230868537e-06
22896_7836,1,104,0,1.9943091024724893e-06
22900_7891,1,103,0,2.0282472036959775e-06
22854_8003,5,103,0,2.0566725737294767e-06
22937_7857,1,103,0,2.073995393270322e-06
22978_7945,1,106,0,2.090826805575079e-06
22988_7868,1,106,0,2.1074788545626487e-06
23000_7919,1,103,0,2.158987684523047e-06
22883_8012,2,103,0,2.1826578161419248e-06
23000_7880,2,106,0,2.231493122674818e-06
22906_7852,2,101,4,2.3884406488000425e-06
22860_7867,1,107,0,2.4252335798193816e-06
22852_7910,1,103,0,3.7497530403449482e-06
22952_7965,1,106,0,4.5731001676574235e-06
23043_7931,1,106,0,4.7496747623717545e-06
22912_7852,1,107,0,6.106781556848912e-06
22968_7961,1,106,0,1.2850567906263386e-05
22967_7880,2,103,3,3.25672767286651e-05
22988_7857,2,103,0,4.336306855927528e-05
22869_8037,1,106,0,4.65545233668958e-05
23087_8071,3,101,0,4.89463594113376e-05
22857_8005,3,103,0,6.078422771469598e-05
22926_7999,2,103,0,7.025596625045989e-05
23061_7912,1,101,0,7.905585583004946e-05
22967_7916,1,103,0,0.00010816292868017722
23098_7872,2,101,0,0.00031657997903373895
22884_7978,1,106,0,0.0006403003991643112
23004_7887,1,107,0,0.0008893827928933713
23013_7991,1,106,0,0.00260185748304828
22906_7921,2,106,0,0.002785555710972997
22899_7958,1,106,0,0.0035908415658936067
22970_8011,2,103,0,0.003813837435123967
22996_7863,1,105,0,0.004521704983653207
22938_7967,2,103,0,0.0049672076350797964
23092_8004,1,103,0,0.005034531281530533
23054_8022,2,103,0,0.005870938325176912
23078_7909,1,106,0,0.0070052661408926305
23048_7920,1,105,0,0.007925513245633876
23004_7915,1,106,0,0.007955340533180479
22995_7953,1,105,0,0.008820680805698864
22856_8003,2,107,0,0.009654344252748824
22935_7906,1,105,0,0.010652199212413773
22926_7889,1,106,0,0.01069194414567029
22957_7986,3,103,0,0.010873633351496013
22907_7875,2,103,0,0.012370099586797415
23025_7958,1,103,0,0.01413510784327758
22879_7943,1,106,0,0.014145094216621574
23030_7933,1,106,0,0.016273789509468756
22844_7894,1,103,0,0.016525084040283494
22950_7867,1,106,0,0.018270447838160193
23102_8055,1,106,0,0.01890232752685302
23029_7988,1,103,0,0.01903388746708624
22907_7877,2,103,0,0.019334642584026774
22905_7961,2,103,3,0.020018314805020695
22969_7931,1,106,0,0.020629346721463424
22885_8058,2,103,0,0.02077478958492766
23080_7969,1,106,0,0.021174646063834474
23025_7891,1,103,0,0.023363014370164564
22962_7851,1,103,0,0.026324127937897398
22977_7879,1,103,0,0.02702236989622198
23076_8061,1,107,0,0.027285360629915746
22953_7910,1,103,0,0.028012624378353952
22887_7935,1,107,0,0.02967389348068313
22952_7970,1,106,0,0.029745891058095632
22992_7899,1,106,0,0.03032408286761296
22870_7889,2,105,0,0.031056767085019192
23064_7932,1,103,0,0.031436221151240694
23095_7958,1,106,0,0.032338144181471226
23086_7952,1,103,0,0.033051479031918324
22839_7891,2,106,0,0.0333746186779724
22921_8031,1,106,0,0.03404491776184911
22919_7858,2,103,0,0.034082144707548494
22983_8070,2,101,0,0.038504563411214256
22900_7888,2,103,0,0.03921300031678768
22888_8007,1,107,0,0.03968001762931913
22924_8031,1,106,0,0.040358785455341877
22999_8038,1,106,0,0.04143586140426325
22851_8049,1,106,0,0.041856421931471446
22928_8003,2,106,0,0.0419041003173406
23073_7840,1,106,0,0.04261770292866519
22926_7988,2,103,0,0.04291198950977871
22874_7858,1,106,0,0.04308555155977777
22883_7980,1,106,0,0.04393289632899097
22996_8050,1,105,0,0.045028100886973635
23097_7939,1,106,0,0.045323191438400266
22968_7869,1,106,0,0.04626968530345657
22940_7975,2,106,0,0.0466481549419371
22947_8070,1,106,0,0.046811280661632704
22945_7905,1,106,0,0.04716632815354705
23104_7919,1,103,0,0.04743293726320606
22906_7839,3,104,0,0.04772429016570252
22966_7904,1,106,0,0.051460063686127364
22851_7860,2,103,0,0.052423250133063135
23050_7882,1,105,0,0.05317300624467456
22932_7955,1,107,0,0.053296915862389986
22865_8046,2,101,0,0.05388004405113573
23004_7886,3,103,0,0.05420923016420608
23077_7900,1,106,0,0.05507955622160058
23024_7892,2,103,0,0.055891216576421675
23085_7955,1,105,0,0.056499455185944784
23104_7937,1,103,0,0.057316745621170985
22847_7973,2,103,0,0.05774771659338451
23007_8066,1,104,0,0.05840829069425054
23078_7965,1,105,0,0.05931305563920146
23084_7865,1,103,0,0.059630891249081226
22940_8039,1,106,0,0.06004447015473751
22969_7887,1,103,0,0.061038978248840255
22997_7901,2,103,0,0.0619014596551088
23024_7968,1,106,0,0.06441674032171502
22992_8050,1,105,0,0.06512601521702452
22914_7953,1,106,0,0.06595845553358909
22919_7927,1,106,0,0.06794531614655916
22922_7942,2,101,0,0.06896130810000431
23025_8041,2,101,0,0.07075717433601246
22942_7888,1,103,0,0.07149712133088629
22868_7996,1,106,0,0.07167749008234219
22994_7877,2,103,0,0.071785448561951
23044_7932,1,106,0,0.07334956982641302
22874_8048,1,103,0,0.07572501818371397
22959_7875,2,103,0,0.07677409468144095
22922_8002,1,107,0,0.07701395011460173
22855_7894,1,106,0,0.07764059434117997
22865_8045,2,101,0,0.07821509201050841
23025_8042,2,101,0,0.07875686575380259
22967_8063,1,106,0,0.07896172401803081
22948_7891,1,103,0,0.0799737727612876
22887_8013,3,103,0,0.08005252293684567
22860_7869,1,106,0,0.0805158688658734
22913_7944,2,106,0,0.08076679740035272
23053_7898,1,103,0,0.08151036338649353
22850_8070,1,106,0,0.08229649661128073
22855_7838,2,103,0,0.08279536651152582
22935_7967,2,101,0,0.08302097745954022
22898_7877,2,101,0,0.08700927274026288
23070_7897,1,106,0,0.08742144430040051
22897_7865,1,101,0,0.08783476263384332
22925_8059,1,106,0,0.08883576186518331
23018_7878,1,105,0,0.08891637139642702
23026_7947,1,103,0,0.08940940652811845
22882_7929,1,106,0,0.09041759836925008
22980_8041,1,106,0,0.09069499087170538
22943_7986,5,103,0,0.0910707309890023
23010_8069,1,104,0,0.0912004716866487
23089_7894,2,103,0,0.09190643128326728
22911_8069,2,103,0,0.09214019960338966
23058_7935,1,105,0,0.09309036056000541
22975_7878,2,101,3,0.09337620088681146
22913_8052,1,103,0,0.0937968608918973
23077_8051,2,103,0,0.09422160834946976
22845_7932,1,106,0,0.0965194031478313
23022_7998,1,106,0,0.09847282537907953
23057_7996,2,105,0,0.10020953077813367
23028_7955,1,103,0,0.1003312841157161
22922_7981,1,106,0,0.10048999616653091
22899_7870,1,106,0,0.10100885301638163
22866_7916,1,106,0,0.10267138157468376
22875_8045,2,103,0,0.10364520500929372
22882_8012,2,103,0,0.10688321924351026
22876_7855,1,107,0,0.10741194663293595
22926_8002,1,107,0,0.10784641454583506
22937_8010,1,106,0,0.10962700589031955
23062_7884,1,105,0,0.11039586747612444
22962_7876,1,103,0,0.11078274876230697
22950_7892,1,103,0,0.11122833090111561
23012_7891,2,101,0,0.11126853639946394
22928_7879,1,106,0,0.11144423087761084
23087_7955,1,103,3,0.11175051758378457
23031_7912,1,106,0,0.11247720884238031
23030_7902,1,106,0,0.1129194665476525
22837_7848,1,106,0,0.11331394289371728
22925_8020,1,106,0,0.11344569784047026
23100_8062,1,105,0,0.11359016442202267
23007_7889,2,107,0,0.11406897314009296
23008_7855,2,103,0,0.11534723336114779
22954_7992,2,103,0,0.11587174532722957
22969_7858,1,106,0,0.11637595791710113
22958_8005,3,106,0,0.1174006522630709
22869_7915,1,106,0,0.11790282256091343
22846_7927,1,106,0,0.11824398899060211
22859_7924,1,103,0,0.11928801666890197
23013_7916,1,106,0,0.11930450318322566
22903_7986,2,103,0,0.12191849519533539
23078_8051,2,103,0,0.12200705834919191
22828_7854,1,106,0,0.12242816126266248
22913_7840,1,104,0,0.12263718992076322
23029_8047,1,106,0,0.12386084409325039
23012_7873,2,103,4,0.12402600800194008
23086_7955,1,105,0,0.1250497428738748
22947_7999,3,101,0,0.12548381247132795
22991_7929,2,103,0,0.12708802958627474
22891_7869,1,106,0,0.127228166758527
22946_8028,1,103,0,0.1286654134338588
23047_7984,1,105,0,0.12895485251533184
22976_7892,1,103,0,0.1291406851802959
22937_7845,1,105,0,0.1323995012231327
22929_7954,2,101,0,0.1329519286224524
22920_7939,2,101,0,0.1349160823207168
22891_8064,2,103,0,0.135026307479868
22989_8069,1,104,0,0.13618690148741572
22867_7952,2,103,0,0.1362999220192513
23024_8042,2,101,0,0.13693883955603783
23019_7965,1,103,0,0.13821893563309318
22928_7929,1,103,0,0.13851855915544956
22888_7909,1,106,0,0.1391277769224582
23069_8026,1,106,0,0.1397662788999514
22918_7972,2,106,0,0.14009066263173273
22881_8037,1,106,0,0.14104812312774206
22991_7941,1,106,0,0.1413886271102173
23049_7980,2,101,0,0.1428526755314405
22964_7884,1,103,0,0.14491323694804564
22889_7931,2,103,0,0.1453141294800197
22852_7922,1,103,0,0.14564167366831124
23029_7969,1,106,0,0.14722233958202116
23023_8022,1,103,0,0.1474441096929601
23081_7849,1,103,0,0.14773089470240747
22953_7930,1,106,0,0.1491793247188693
22893_8044,1,106,0,0.15160270614245222
22997_7917,1,103,0,0.15378571052749002
22917_8030,1,106,0,0.15492672027903792
23020_8067,2,103,4,0.15885331761381932
22900_8010,1,106,0,0.16039343442760487
22926_7968,2,106,0,0.16148367411852457
22916_7937,2,101,0,0.16154386210448224
22937_7970,2,101,0,0.1633209236687182
22928_7858,2,103,0,0.1638890619566013
23006_7853,2,101,4,0.1652947984268698
23021_7891,1,103,0,0.1663860968983809
22923_7928,1,106,0,0.16718689984690174
22852_7888,2,105,0,0.1671939620544377
23078_7964,1,105,0,0.16902014628066794
23039_7844,1,106,0,0.17228850274203175
22913_7977,1,107,0,0.17298158171427985
22889_7909,1,106,0,0.17572075074017066
22912_7983,1,106,0,0.1766717646438567
22941_8038,1,106,0,0.1767673905036899
22983_8068,2,101,0,0.1788462256240431
23008_7959,1,103,0,0.17971376415951312
22993_7916,1,103,0,0.180077738176191
23035_7959,1,103,0,0.18078338889970694
22870_8001,2,103,0,0.18078734291720053
22891_7856,1,106,0,0.18164988762180226
22961_8048,2,101,0,0.18247861654648165
22890_8013,1,107,0,0.1825207928896556
22968_7966,2,103,0,0.18447457061492795
23001_7954,1,103,0,0.18548994466771995
22947_8000,3,101,0,0.18609899710106217
22897_8018,1,106,0,0.18756561123084756
22896_7980,2,101,0,0.1918619452870719
22952_7969,1,106,0,0.193592917958159
23004_7944,1,103,0,0.1937090266786561
22960_7884,1,103,0,0.19595979134599523
22985_7983,1,105,0,0.19598073058945517
22912_7980,2,106,0,0.19745980102622954
22994_7859,1,105,0,0.19909210951584597
22918_8012,2,103,0,0.20042044266615958
23099_7943,2,103,0,0.20076761282464523
23033_8011,1,106,0,0.20085494922049701
22951_7918,1,106,0,0.20124537579373286
22994_7892,1,106,0,0.2029444463448141
22891_7955,2,103,0,0.20299083973585805
22943_7907,1,106,0,0.20380737213831857
22927_7973,2,106,0,0.20458014762293975
22960_7852,1,103,0,0.2049729214072679
22920_7989,1,107,0,0.20839250757986003
22916_8016,1,106,0,0.2089819307376647
22912_7945,1,107,0,0.20960933281455568
23070_7839,1,106,0,0.20963965104849513
22895_8065,2,103,0,0.21012551937535986
22951_8013,1,106,0,0.21081162436230055
22944_7922,1,106,0,0.212109728149414
23059_7895,1,106,0,0.21329922810364044
23020_8036,2,103,0,0.21334063126550354
23082_7837,1,103,0,0.21337658201509643
22874_7955,2,103,3,0.2135866526402724
23080_7967,1,106,0,0.2147374332719747
23044_7996,2,103,0,0.21552589173989298
22908_7979,2,101,0,0.21714084627729452
23018_8052,2,103,0,0.2209400064483675
22971_7867,1,103,0,0.22127444683181746
23035_7908,1,106,0,0.22136521261799402
22965_7907,1,106,0,0.2224495108401217
22851_7872,1,106,0,0.22269004064787104
22937_7917,1,105,0,0.22303652779179592
22951_7892,1,103,0,0.22414781355029065
23008_7847,1,101,0,0.22467403050850537
23005_7856,2,101,4,0.22507717008865763
22917_7937,2,101,0,0.2258468166343861
22834_7860,1,106,0,0.22642632150899125
22904_7951,2,103,0,0.22656307858348507
22913_7951,1,106,0,0.22672907474680087
22919_7916,1,105,0,0.22690202370309415
23054_8038,1,106,0,0.22885948767015532
23002_7922,1,106,0,0.22919197995351961
22902_7990,1,106,0,0.22926795573919176
23098_8068,1,105,0,0.2295691822990295
22949_7881,1,105,0,0.23097554273382656
22877_8012,2,103,0,0.2310584580547953
22944_7986,3,107,0,0.23149106610243372
22844_7845,1,101,0,0.23235049515544612
22906_7872,2,103,0,0.2328596825724398
22930_7837,1,106,0,0.23302394911138566
22895_7859,2,103,0,0.23486984342756198
22918_7968,2,106,0,0.235161567554406
23041_7906,1,106,0,0.23605319425682642
23002_7979,1,105,0,0.23736536619248405
22852_7858,2,101,0,0.24009995690419167
22848_7856,1,107,0,0.24129722346184557
22931_7967,2,106,0,0.2418324481434383
23091_7981,1,106,0,0.24495732225081207
22965_7959,1,106,0,0.24569189476846395
22891_7937,1,106,0,0.24573652565462983
23075_7993,1,103,0,0.24626480556595212
22947_7998,1,101,0,0.24627618418572395
22973_7959,2,101,0,0.2477647682365137
22962_7948,1,106,0,0.2479945582991976
22900_8063,1,106,0,0.24817507460300384
23019_7992,1,106,0,0.24822657432919656
22887_7960,1,103,0,0.2484380863496937
23101_7882,1,105,0,0.24888860962293047
22914_8070,1,106,0,0.25004518680639976
22989_7922,2,103,0,0.2501297781813735
22868_7915,1,106,0,0.2504105476608437
23102_8035,1,106,0,0.2518070450357397
22835_7855,1,106,0,0.253381440257822
22972_8050,1,101,0,0.25345367153259196
22903_7905,2,106,0,0.25363003201554873
23035_7946,1,103,0,0.25387277271544373
22854_7946,2,103,3,0.25587454251289055
22925_8002,2,106,0,0.2573056469578204
22923_7943,2,101,0,0.2574977311932534
23059_8040,2,103,0,0.25809942472136704
22925_8055,1,106,0,0.2589870983427315
22994_7876,2,103,3,0.26038952599076864
22960_7894,2,103,0,0.2604876078896045
22986_8036,1,103,0,0.261945096647026
23055_7997,2,103,0,0.26201549551587755
22910_7913,2,103,0,0.2622668245494451
22931_7876,1,103,0,0.26262573798178734
22985_8058,1,105,0,0.26286491488666647
22890_7960,2,103,0,0.2633281939018021
22924_7962,1,106,0,0.2651656706178599
22969_8054,1,106,0,0.26532695359193625
23024_8041,2,101,0,0.2676022935689168
22910_7916,1,107,0,0.26821780465869005
23008_7886,2,103,3,0.26850058748304073
23028_8030,1,103,0,0.270171235746585
22945_7922,1,106,0,0.2709396314507119
22931_7866,2,103,0,0.2715035648095968
22970_8057,1,106,0,0.27292268205445647
22975_7843,1,103,0,0.2757467112820069
23045_7895,1,103,0,0.27578856772898985
22909_7842,3,104,0,0.2763512872275364
22884_7842,2,105,0,0.27809698983361786
23040_7990,1,106,0,0.2786457563901467
23036_7836,1,103,0,0.27884410636601115
23014_8021,1,106,0,0.2788734222427989
23092_7967,1,106,0,0.27995763936860596
22941_7970,1,106,0,0.281942081543968
22875_8037,2,101,0,0.28322599913240604
22874_8058,1,106,0,0.28350151299241205
23029_7997,1,103,0,0.28372684672927573
22918_7870,2,105,0,0.28659233580162946
22898_7855,1,103,0,0.28680257050385083
22953_8059,2,106,0,0.2868468148052196
22933_7957,2,103,0,0.28708052981859356
22853_7894,1,106,0,0.28805805515305133
22951_7934,1,107,0,0.28877258372969905
22920_7845,1,104,0,0.2924487344595286
23036_7957,1,103,0,0.29262099792454666
22952_7895,1,106,0,0.2932788139663617
22912_8038,1,106,0,0.2962171316825122
23024_8002,1,106,0,0.2976573646663084
22884_7949,1,106,0,0.29800366982473764
22964_8001,1,103,0,0.30036780228821947
22817_7851,1,103,0,0.30058091634257283
22944_7855,1,103,0,0.30233082890923807
22847_7903,1,103,0,0.3026435725483454
22958_7867,1,107,0,0.30375662506685197
22959_7892,2,103,0,0.30669554249133063
22841_7979,2,103,0,0.3085439717611664
22972_7897,1,106,0,0.3092914837670138
23062_8003,1,106,0,0.31093678278309744
23036_7998,1,106,0,0.31147349561995086
22925_7854,1,106,0,0.31571620566246783
23020_7979,1,103,0,0.31628811561123515
22913_7974,2,103,0,0.317818318439968
22897_7901,2,103,0,0.32023329991577376
22922_7868,2,105,0,0.3246499597741944
22976_7843,2,105,0,0.32583807490283495
22931_7982,1,106,0,0.3260575479674908
22946_7853,1,103,0,0.32711541516050213
22912_7849,1,101,0,0.32736429039253434
23103_7990,2,103,0,0.3276937976142206
22910_7928,2,101,0,0.32852962482342896
22854_8067,2,101,0,0.3302466976401092
22954_7931,1,106,0,0.33091763659990764
23067_8025,1,106,0,0.3315985540398607
23008_7980,1,107,0,0.3351712243987376
22995_8065,1,104,0,0.3362236868922497
22898_8000,1,103,0,0.3390060303110862
23017_7842,2,103,0,0.3396480923403144
22991_7857,1,105,0,0.3401377694451229
22935_7887,1,106,0,0.3406607347990791
22890_8054,1,106,0,0.3415386289282509
23010_7890,2,101,0,0.34214417921878887
22928_7943,2,103,0,0.34288520660174665
22951_8047,1,107,0,0.34334231167361906
22911_8062,1,103,0,0.3439025138276213
23070_7996,1,103,0,0.34443537447049943
22888_7929,2,106,0,0.3451307496820402
22986_7951,1,106,0,0.34519545565783066
22910_7927,2,101,0,0.3475276337314499
23035_7974,1,103,0,0.3483063710808544
22853_7911,1,103,0,0.34892635697078606
22883_8011,2,103,0,0.35133824382776613
23029_7955,1,103,0,0.35228273864146914
22903_8020,1,106,0,0.35255410092636713
22994_7911,2,103,0,0.3557265934177976
22979_8057,1,105,0,0.3563055939862333
22875_7890,2,105,0,0.35745716912837927
22965_8068,1,106,0,0.3578694168113415
22925_7852,1,107,0,0.35897224277463496
22926_8028,2,103,0,0.35990936008645996
23051_7911,1,106,0,0.36003272071922005
23056_8041,1,105,0,0.3608540605726573
22876_7838,1,104,0,0.3615559526167695
22884_7850,2,105,0,0.3653283003941349
22985_7985,1,105,0,0.36552149429935665
23041_7988,1,106,0,0.3657398390886941
22924_7928,1,106,0,0.3667566879446971
22846_7898,1,103,0,0.3681299987931157
22903_7869,1,106,0,0.36911363592702146
23022_7848,1,103,0,0.370427223313914
23035_7967,1,106,0,0.37150305971587455
22991_7942,1,106,0,0.3722146613396699
23056_8037,1,106,0,0.3731171497884882
23025_7880,1,105,0,0.37321085100797696
22948_7882,1,105,0,0.3746100339865459
22981_7849,2,105,0,0.3747748636783533
22910_7976,2,103,0,0.37504201125829595
23049_7924,1,105,0,0.37507596082686234
22939_7919,1,106,0,0.37673169387572764
22966_8066,1,106,0,0.37765339107474344
22878_7892,2,103,0,0.3778649719339148
23016_7932,1,106,3,0.3787504581435099
23018_8025,1,105,0,0.3791061506620596
22918_7915,1,105,0,0.3796173541350649
22924_7937,2,103,4,0.3801638101474262
22833_7870,1,106,0,0.3820093761618542
22905_7924,2,101,0,0.382431907858951
22892_7890,1,105,0,0.38390469625672485
23041_8043,1,105,0,0.3861287847808292
22897_7874,1,106,0,0.3872021433558595
22900_7890,2,103,0,0.3874987284045021
22951_8044,2,105,0,0.3895036885200861
22932_7879,1,103,0,0.3900132952847375
22905_7983,1,103,0,0.3938604867599293
22977_7844,2,105,0,0.39637656116738784
22961_8045,1,105,0,0.39670203077816113
23006_7921,1,106,0,0.39796921039511246
22877_7932,1,107,0,0.39808530706958006
22874_8062,1,106,0,0.3988947903433353
22942_7985,2,101,0,0.3990999575717437
23098_8040,1,106,0,0.40204002434930486
23057_7935,1,105,0,0.40205949182597706
22871_7864,1,106,0,0.4034618758195704
22908_7915,2,106,0,0.4048281931612988
23030_8042,1,106,0,0.4055919987768777
22940_8010,3,106,0,0.4061671421047094
23080_8012,1,103,0,0.4083444467815369
22913_7836,2,104,0,0.408749467405829
22976_7902,1,106,3,0.4088766607383893
23010_7966,1,107,0,0.40926917226811854
22912_7850,2,103,3,0.40971286379803495
22898_7850,2,103,0,0.4105525029947249
22922_8038,2,106,0,0.4135102048094734
23001_8057,1,106,0,0.4152248685614192
22947_8059,2,103,1,0.41527260030489044
22856_7924,1,103,0,0.41688235101648075
22928_7848,1,101,0,0.41808898353682206
23007_7883,2,106,0,0.4209001809527694
23085_8034,1,105,0,0.4211203548544254
23016_8057,1,107,0,0.42112042169940717
22864_7903,2,103,4,0.4272314686688422
23007_8028,1,106,0,0.42922351823165134
22926_7855,1,106,0,0.43029849078918564
23020_7899,2,101,0,0.43258344326248804
23012_7872,2,103,4,0.4342030708850485
22854_7938,1,106,0,0.43439755310658856
22909_8014,1,106,0,0.43457666806001793
23025_7937,2,103,0,0.4430319208346853
22988_7884,1,107,0,0.4439223735899282
23090_7922,1,106,0,0.44440863009432435
23022_7858,1,106,0,0.44737133689441194
22989_7921,2,103,0,0.44786337956750216
22898_7946,1,106,0,0.4488274817534012
23013_7981,1,106,0,0.44955435449898284
23075_7929,1,103,0,0.4510114869145113
22951_7944,1,106,0,0.45291287303404754
23037_8018,1,103,0,0.4552010299538874
23092_7927,2,101,0,0.45580493953491114
22821_7854,1,103,0,0.45889669377442555
23039_7899,2,101,0,0.45944918320042816
23002_7924,1,106,0,0.4599631946688425
22921_7994,2,103,0,0.46009823852306425
22938_8008,3,106,0,0.46279694831930734
23008_7852,2,103,0,0.463081237705505
22817_7841,1,103,0,0.46598195650010105
22895_7901,1,106,0,0.4686142469419345
23055_7881,1,105,0,0.46913400656883075
22989_7911,1,103,0,0.470935315350235
22985_7861,1,107,0,0.4739503865555969
23000_7939,1,103,0,0.47395121659884115
23052_7911,1,106,0,0.47395765061728407
22883_7982,1,107,0,0.47865806827476604
22984_8033,1,103,0,0.4788343845712799
22859_7874,2,101,0,0.479192886568559
22898_7890,2,101,0,0.47976148306891686
23018_8070,2,101,3,0.48004361791476896
22995_8001,1,105,0,0.4810175032770989
23089_8007,1,106,0,0.4811101908655077
22908_7838,1,104,0,0.4817965909977935
23026_8064,1,106,0,0.4820668920178004
22851_7890,2,105,0,0.48207859196270425
22873_7849,1,106,0,0.4828917700486731
22867_7890,2,105,0,0.4839243536032372
22912_8022,2,106,0,0.4840689555117239
23003_8010,1,105,0,0.4860856869258312
23082_7838,1,103,0,0.4875957253403337
22864_8004,3,103,0,0.4881654575858159
22911_7985,1,106,0,0.4886667056794017
22892_7839,1,104,0,0.4904257249596326
22968_8022,1,106,0,0.4905276303877295
23086_7874,1,103,0,0.492147835516241
22912_8069,1,103,0,0.4935341361085891
22861_8051,2,101,0,0.4947369405388837
23062_8060,2,103,0,0.5000725539763125
22991_7948,1,105,0,0.5021062275107421
22854_7884,1,105,0,0.5031310782757613
22954_7950,2,103,0,0.5032816213229195
23051_7982,2,103,0,0.5040291349245751
22928_7875,1,106,0,0.5041550466491272
23002_8057,1,106,0,0.5049161443457406
23077_7915,2,101,0,0.5053972109724015
22873_7880,2,103,0,0.5057289577943195
23096_7860,1,106,0,0.5057896514246637
23050_7980,2,101,0,0.5079758881223192
22918_7848,2,101,0,0.5089629492882422
22896_8001,1,106,0,0.5100741700190131
23061_8021,1,103,0,0.5105201047906021
22910_7839,2,104,0,0.5109566415615147
22995_8064,1,104,0,0.5115651114613379
23050_7872,1,106,0,0.5118184900977131
22963_7911,1,103,0,0.5118203456415951
22863_8051,1,103,0,0.5126210827638068
22935_7916,1,107,0,0.5171278572776647
23027_7951,1,103,0,0.518326374097078
22904_8062,1,106,0,0.5203243032241227
22921_8069,1,106,0,0.5223630047160304
22848_8051,1,106,0,0.524030775631308
22887_7913,2,103,0,0.5264639358634634
23041_8042,1,105,0,0.5269845976299776
22965_8069,1,106,0,0.5309412328769232
23074_7908,2,106,3,0.5314055657826448
22947_7902,1,106,0,0.5323154324526593
22878_7903,2,103,0,0.5338914980675533
22882_7944,1,106,0,0.5345713590277947
22870_7845,2,103,0,0.5367851606162481
23014_7896,2,101,0,0.5370655867484537
23087_7976,1,103,0,0.5394274960754211
22873_8022,2,107,0,0.5402187783765863
22943_7989,2,103,3,0.5405289171365474
22896_7902,2,101,0,0.5408312589159892
22914_7999,2,103,0,0.5419095228496165
22986_8057,1,105,0,0.5420506024047769
23023_7914,1,103,0,0.5449055551576074
22922_8031,1,106,0,0.5485043864250523
22960_7897,2,103,0,0.5489341564868117
22960_7855,1,103,0,0.5513156271320692
22930_7951,2,103,0,0.551804941667341
22960_7904,2,103,4,0.5523888455805793
23058_8019,1,103,0,0.5531491909833427
23084_7857,1,103,0,0.553600898469612
22926_8027,2,103,0,0.5542740592166243
22877_7853,1,107,0,0.5544318431289353
22883_7854,1,103,0,0.5555520282170989
23052_8068,2,103,0,0.556690175464018
22866_8040,2,103,0,0.5567002199901894
22958_7860,2,103,0,0.5573587210326082
22999_7956,1,103,0,0.5574599665030698
23094_7944,2,103,0,0.5603915926137526
23096_8045,1,106,0,0.5606334642459695
22958_7850,2,101,0,0.561532268360545
22987_7857,1,107,0,0.5624532070130364
22919_8063,1,106,0,0.5632666297663733
22902_7868,1,106,0,0.5634396249614089
23024_7963,1,103,0,0.5637780627954737
22823_7859,1,103,0,0.5638474589441991
23060_7986,1,106,0,0.5690105349781206
22874_8066,1,106,0,0.5695423564531322
22975_8053,1,105,0,0.5697831242179663
22864_7926,1,103,0,0.5734822922059836
22931_7899,1,103,0,0.5736502740530832
22893_8043,1,106,0,0.5754489076905382
23009_7858,2,103,0,0.5764422905955677
23021_7900,2,101,0,0.5773888549639435
22929_7854,1,101,0,0.5783299735266553
22889_7914,2,103,0,0.581584565651911
23057_7883,1,105,0,0.5816030498899503
22942_7841,1,106,0,0.5830374549633053
23046_7973,1,106,0,0.583196903790476
22907_7883,1,105,0,0.5834711811764185
23016_7966,1,103,0,0.5839920391772149
22992_7888,1,106,0,0.585626519611925
23028_8036,2,101,0,0.5860493887771171
23027_7912,1,103,0,0.5866781081381087
22942_7869,2,103,0,0.5869288045777279
23025_8046,2,101,0,0.5893486242800522
22988_7851,1,106,0,0.5893790870901344
22933_8031,1,106,0,0.589657140941161
22966_8024,1,106,0,0.5898105615699001
22909_7982,2,106,0,0.5910191776257739
22902_7988,2,103,0,0.5911378460366734
23103_7847,1,106,0,0.59132517215248
23028_7912,1,103,0,0.5954053764519229
22956_8006,3,106,0,0.5954883113188003
23019_7985,1,103,0,0.5977056621441025
22930_7923,1,105,0,0.5980738350862633
22890_8048,1,106,0,0.599078353852753
22943_7980,2,106,0,0.5991511634693683
23050_7854,1,106,0,0.6002048453655527
22942_8031,1,106,0,0.6003345005497382
23089_7966,1,103,0,0.6010653807403645
23097_7873,1,106,0,0.6016043880123746
22922_7969,1,106,0,0.6026585604643296
22901_7837,3,104,0,0.6033565679337147
22997_7966,2,103,0,0.6046906718875893
22920_8025,1,106,0,0.6060069737569254
23010_8009,1,105,0,0.6096296043456776
22979_7895,1,103,0,0.6101588685723301
23042_8016,1,103,0,0.6112575511018982
22882_8010,2,103,0,0.6117059139830682
23037_8020,1,103,0,0.6139710327931189
22885_7941,1,106,0,0.6142032676736301
23015_7987,1,106,0,0.6144050541952448
22928_7856,2,103,0,0.615473512528482
22917_8032,1,106,0,0.6159168252630176
22975_7952,2,103,0,0.6162123896066903
22958_7863,2,103,0,0.6172270882635885
22898_7878,2,101,0,0.6180873308601045
23013_7980,1,106,0,0.6194243992286169
23098_7904,1,106,0,0.6195212978842056
23099_8070,1,105,0,0.6198687647495006
22844_7877,1,103,0,0.6215182698995306
23017_7850,1,106,0,0.622009265965355
22986_7861,1,107,0,0.6277052533901728
22974_8047,1,106,0,0.6294955624638515
22935_7846,2,101,0,0.6324456020159132
22960_7893,2,103,0,0.6329103571425438
22925_7979,2,101,0,0.6351388818481589
23089_8005,1,103,0,0.6355286327298963
22857_7893,1,106,0,0.6375991549049872
22916_7986,2,103,0,0.6376678678372386
22834_7889,2,106,0,0.6378113658618606
23086_7887,1,105,0,0.6380688551912763
22868_7945,1,106,0,0.638771615819314
22835_7870,2,106,0,0.6390029079621116
22884_7946,1,106,0,0.6397223296483093
22881_7897,1,106,0,0.6398278878893097
23098_7985,1,103,0,0.639937583036798
23029_7891,1,106,0,0.640145378076185
22894_7957,2,101,0,0.6414941473579401
22984_7872,1,106,0,0.643415388785246
22970_7919,1,103,0,0.6434424712981345
22984_7843,1,106,0,0.6437685497715593
22913_7844,1,104,0,0.6445346279154012
23018_7982,1,105,0,0.6450134633647174
22922_7884,1,106,0,0.645398757553066
23103_7853,1,106,0,0.6460773047135107
22908_8027,1,106,0,0.6466803907967958
22847_8053,1,106,0,0.6495634633329656
22984_8009,1,106,0,0.6506784496654676
23097_7983,1,103,0,0.651506765616188
22912_7927,1,106,0,0.6546765559535017
22929_7951,1,106,0,0.6550958779156534
22863_7938,1,106,0,0.6568185516255182
23056_7958,1,105,0,0.6568802225196787
22924_7953,1,106,0,0.6569988066171353
22897_7851,1,107,0,0.6573130238742562
22935_7910,1,105,0,0.657847827247999
22881_8052,1,106,0,0.6604581718326471
22932_7959,2,101,0,0.6617698936026514
22964_7998,2,103,0,0.6624845297169001
22929_7973,2,106,0,0.6626711815553348
22962_8036,1,106,0,0.6631405751185229
23080_7931,1,107,0,0.6632721669340276
22916_7992,2,103,0,0.665509814584266
22993_8062,1,104,0,0.6660614222775187
22869_7890,2,105,0,0.6676286118614732
22839_7927,2,103,0,0.6680214857580608
22836_7867,2,103,0,0.6680363290570958
23001_7978,1,105,0,0.6684225000335196
22851_8048,1,106,0,0.6719907356836092
22921_7973,1,106,0,0.6747880479855217
22905_7922,2,106,0,0.6753968148594618
22927_7848,1,101,0,0.6755538743247033
22941_7977,2,106,0,0.6758814281898302
22865_7836,2,103,0,0.6758891657998943
22834_7975,1,103,0,0.6760109061503402
22882_7928,2,106,0,0.678559093384097
22969_7889,1,103,0,0.6789324636668744
22856_7859,1,106,0,0.6810894231861082
22874_7923,1,106,0,0.6814038713673719
22961_8010,1,106,0,0.6815689466391307
23086_8036,1,105,0,0.6821867983208009
22880_7910,1,107,0,0.6826898055323491
22890_7998,1,106,0,0.6841845516108161
22953_7864,1,106,0,0.6845607828598967
22988_7882,2,101,0,0.6879676231694744
23060_8069,1,106,0,0.6885664570287466
23095_7960,1,106,0,0.6895674720568873
23025_7926,1,103,0,0.6898072752189591
23072_7855,1,103,0,0.6921296210315891
22930_7987,1,107,0,0.6923874504897132
22999_7962,2,101,0,0.6932104930741123
22922_7974,2,106,0,0.6938105494761887
22860_8068,1,103,0,0.694144649249931
23027_7871,1,106,0,0.694487727620971
22862_7951,2,103,0,0.6950179894631061
22935_7863,2,101,4,0.6968569977965825
23022_7930,1,103,0,0.6973986424561555
22981_7926,1,103,0,0.6991080880700428
22914_7945,2,106,0,0.6991433185615921
22935_7901,1,103,0,0.6993408486696304
23055_7995,1,103,0,0.6998035394966836
23099_8010,1,106,0,0.7011974402946688
23097_7959,1,106,0,0.7018830535563035
22921_7972,1,106,0,0.7033855057563304
22913_8053,1,103,0,0.708275572653006
23010_7970,1,106,0,0.7088687810549156
22908_7925,1,106,0,0.7117938534381468
22846_7899,1,103,0,0.7153331123664627
23085_7996,1,106,0,0.7153396895486642
22954_7887,1,103,0,0.7164736718330861
23070_7856,1,103,0,0.7184416655845062
22869_8035,1,106,0,0.7189825555826524
22842_7882,1,103,0,0.7209624633695351
23071_8069,1,106,0,0.7230572437461111
23019_7936,1,106,0,0.7233386795780931
22989_8066,1,104,0,0.7238637990309849
23026_8062,1,106,0,0.7261541371896209
23006_7952,1,103,0,0.7262453019215227
23065_8027,1,106,0,0.7275254417842075
22878_7844,1,106,0,0.7295467657774042
23040_7836,1,106,0,0.7296305964354893
22926_8035,2,103,0,0.7298678283093194
22911_8015,1,106,0,0.7299785747095139
22932_7961,2,101,0,0.730677672172942
22970_7865,1,103,0,0.7306784544407492
23008_7966,2,103,0,0.7309266946750963
23057_7982,1,106,0,0.7310715971406764
22834_7974,1,103,0,0.7330624201626105
22879_8030,2,103,0,0.735736113557421
22958_8042,1,105,0,0.7374419175258741
22953_7957,2,103,0,0.7378713227904522
22995_8000,1,105,0,0.739502665522865
22932_7874,1,103,0,0.7396437755142616
23068_8001,1,103,0,0.7402534973914638
22867_7944,1,106,0,0.741399023285071
22870_8037,1,106,3,0.7423536405985443
23024_7924,1,103,0,0.7435429075401845
22892_7858,2,106,0,0.7450110783055277
22849_7872,1,106,0,0.7453799714154783
23057_7886,1,106,0,0.7464372055158192
23014_7982,1,105,4,0.747434460211778
22914_7838,2,104,0,0.7474609461269408
22827_7842,1,106,0,0.7488872087498256
23004_7883,2,106,0,0.7492707667047372
22914_7836,1,104,0,0.7522897387205039
22850_7891,2,105,0,0.7550435616369857
22912_7883,2,105,0,0.7557893801010475
22989_7917,2,103,3,0.756354524417014
22893_7857,2,103,0,0.7574976320825197
22870_8045,1,106,0,0.7579450772108571
22914_8017,1,106,0,0.7592905488753938
23070_7908,2,106,0,0.7593076072220911
22890_8063,1,106,0,0.7612465213813573
23098_8047,1,105,0,0.7615450940521753
22870_7876,2,103,0,0.7635842668460021
22880_7998,1,106,0,0.7645316531000388
23076_7993,1,103,0,0.7647571675018672
22988_7880,1,103,0,0.7649580533779216
23059_8011,1,106,0,0.7696295862803948
23009_8025,1,106,0,0.769698124998304
22982_7881,1,103,0,0.7712719979465942
23057_8018,1,103,0,0.7727497767902562
22911_7983,1,106,0,0.7727581763878391
22918_8013,2,103,0,0.7732735325162613
22880_7853,2,103,0,0.7734835874812683
22893_8046,1,106,0,0.7755197178561782
22895_7836,1,104,0,0.7769895954627904
22904_7956,1,107,0,0.7778387354603896
22900_8014,1,106,0,0.778339480201849
23087_7914,1,106,0,0.778494229552718
22907_8000,1,107,0,0.7787060753067763
23035_7975,1,103,0,0.7796415349153968
23091_7978,1,106,3,0.7812832320168502
23019_8070,2,103,0,0.7819338955027124
23084_7997,1,106,0,0.7825123275037469
23103_7893,1,106,0,0.7829964190025808
22899_7983,1,106,0,0.7835167337923958
22896_8037,1,106,0,0.7838183198410935
22954_8026,1,106,0,0.7839801959253276
22961_8000,3,107,0,0.7843460047687474
22934_7987,2,103,0,0.785653988489818
22930_8032,1,106,0,0.7859101923522307
22981_8037,1,106,0,0.787883705053256
23023_8045,2,103,0,0.7883589395778219
22924_7983,1,106,0,0.7888907006302732
22909_8028,1,106,0,0.7892670872217796
22873_8001,3,103,0,0.7895670304546902
22972_7898,1,106,0,0.7901193407213098
23026_7976,1,105,0,0.7933654920839526
22970_7963,2,103,0,0.7934693806472713
22976_7945,1,106,0,0.7939092952302853
22824_7857,1,103,0,0.7949022284767426
22947_7869,1,106,0,0.7953241087435187
22871_8028,1,106,0,0.7954429452540811
23017_7892,2,103,0,0.7962203423856902
23099_7935,2,101,0,0.7964449504201315
22972_7869,1,106,0,0.7979557958192506
22896_8004,2,103,0,0.7984466290900083
22962_8048,2,101,0,0.8001265769260257
22892_7996,1,106,0,0.8004678670266455
22927_7850,2,101,0,0.8006014606359445
22941_7916,1,103,0,0.8012735740545431
22874_7945,1,106,0,0.8014933292849875
23087_8040,1,105,0,0.8043322394631156
22894_7858,2,101,0,0.8050132814164189
22860_7911,1,106,0,0.8057417641116769
23095_7944,2,103,0,0.8071077232247302
23013_7976,1,106,0,0.8075948373604943
22949_7943,1,106,0,0.8091758810499429
23058_7913,2,101,0,0.8095833077434327
22885_7842,1,106,0,0.8117305178065642
23044_7952,1,103,0,0.813038276962168
23039_7847,1,106,0,0.814871936883302
23067_8020,1,103,0,0.8150029785849632
22986_7881,1,103,0,0.815268498500379
22997_8048,1,105,0,0.8153771050642498
22884_7847,2,105,0,0.8157580714075111
23052_7877,1,106,0,0.8178313670499416
22958_7885,2,103,0,0.818885716677329
23039_7952,1,101,0,0.8194318130184738
22945_7996,2,101,0,0.8199919949275251
22870_8044,1,106,0,0.8202582601233088
22932_7887,1,103,0,0.8204933378418998
22896_7901,1,106,0,0.8213833457498954
22877_8016,2,105,0,0.8214627303022745
22902_8058,1,106,4,0.8221363019330885
22957_7864,1,106,0,0.8234192608431585
22877_7921,1,103,0,0.8250605964358192
23017_7849,1,107,0,0.8266498372500702
23021_7916,2,103,0,0.827073784214003
22999_7941,1,106,0,0.8283217411078858
22989_7933,2,101,0,0.8291726410776744
23025_7860,1,106,0,0.830034567958481
23011_7997,1,106,0,0.8308310333955443
22933_8021,1,106,0,0.8322873321846451
22872_8024,1,106,0,0.8325149878378518
22918_7844,2,104,0,0.8327720513677339
22975_7874,1,103,0,0.833409514709307
22879_7910,1,103,0,0.8339546514937116
22990_7948,1,105,0,0.8349972107260731
22883_7886,1,107,0,0.8355433016573499
23030_7916,1,106,0,0.835598200735788
23055_8018,2,103,0,0.8356730194801586
23030_7910,1,103,0,0.8381185710921691
22978_8057,1,105,0,0.8402545632813155
22921_8015,1,106,0,0.8407146766630994
22976_8052,2,101,0,0.8408913127670739
23061_7910,1,106,0,0.8421802803141984
23014_8059,1,104,0,0.8433124435768525
22975_7883,2,103,0,0.8433996856113517
22836_7850,1,106,0,0.8435181530523733
23064_7998,2,105,0,0.8437279385714517
22842_7980,2,103,0,0.8440548973313063
23022_8045,1,107,0,0.8442080652657206
23095_7961,1,106,0,0.8454376508691448
23055_7957,1,105,0,0.847572328276419
22996_7931,1,106,0,0.847882383004988
22933_7960,2,103,0,0.848382047197112
22889_7890,1,105,0,0.8498572799411642
22894_7981,2,101,0,0.8501410072621074
22903_7933,2,106,0,0.8505039600483073
22916_7934,2,101,0,0.8509659971735082
22976_7884,1,103,0,0.8519092473838747
23075_7964,1,105,0,0.8529442623281606
22930_7862,2,107,0,0.8550473215364788
23040_7954,1,103,0,0.8561187038174676
23001_8010,1,105,0,0.8562957842384529
22884_7951,1,106,0,0.8563072986304994
22932_7858,1,107,0,0.8566971876219601
23029_7939,2,103,0,0.8587185473353962
22888_8067,1,106,0,0.8593304788227752
22867_7901,1,106,0,0.8601361669719432
23057_7980,1,106,0,0.8606119169299847
22942_7931,1,107,0,0.8629106241829215
23051_8015,1,103,0,0.8680848227538355
23096_7865,1,106,0,0.8687001998267255
23085_7882,1,103,0,0.8688683820710837
23012_7970,2,103,0,0.870935457681462
22973_7891,1,103,0,0.8723271430418409
22887_7992,1,106,0,0.8730431091622818
22948_8018,2,103,0,0.8753792345142517
22850_7882,1,105,0,0.8758056082722739
23045_7944,1,106,0,0.8759748669328546
22959_7884,1,103,0,0.8787059752380124
23043_7891,1,105,0,0.8789512806772045
22898_7874,1,106,0,0.8796094347958759
23077_7930,1,103,0,0.8797784359016868
23025_8011,1,103,0,0.8798998456507867
22921_7868,2,105,0,0.8801542250994696
23043_7940,1,106,0,0.8808483278134068
22931_7837,1,106,0,0.8829626557746548
22963_8047,1,105,0,0.8829893939158591
22903_7941,1,106,0,0.8844759434200428
22916_7935,2,101,0,0.8850145109705672
22991_7887,1,106,0,0.8854006249771633
23023_7920,2,103,0,0.8856922177566199
23005_7920,1,106,0,0.8859119414851411
23069_8004,1,103,0,0.8861702673948945
22901_7922,2,103,0,0.8869656750004662
22992_7857,1,105,0,0.8877389658109437
22951_7942,1,106,0,0.8882575762428983
23011_7996,1,106,0,0.8928662319507294
23014_7987,1,106,0,0.8935240461262136
22846_7901,1,103,0,0.895198999673083
22991_8070,1,104,0,0.8962310370998324
22976_7877,1,103,0,0.8963710273023036
22914_7844,3,104,0,0.896483312960265
22995_7977,1,103,0,0.8967138242417079
23056_7886,1,106,0,0.8982191083072202
22981_7943,1,106,0,0.8982314507280681
22982_8065,2,101,0,0.900789040294464
23068_7899,1,106,0,0.9035112144890924
22934_8007,3,106,0,0.9039227476259403
22972_7960,2,103,0,0.9045432320943756
23026_7971,1,106,0,0.9056116789827952
22881_8015,1,107,0,0.906196611405871
22951_7930,1,107,0,0.9114169929288096
22893_7866,1,106,0,0.9126555705064658
22892_8064,2,103,0,0.9134588636871532
22910_7915,2,103,0,0.9136263140256526
23065_7931,2,101,0,0.9137136954650066
23047_7850,1,107,0,0.9138288616823461
23000_8070,1,106,0,0.9144756727661041
22929_8031,1,106,0,0.9152479430296087
22944_7982,2,106,0,0.9159079160013655
22929_7989,1,103,0,0.9159097621665623
23104_7865,2,103,0,0.9184705713665504
23095_7881,1,103,0,0.9187735727634613
22936_8025,1,106,0,0.9193068359469145
23015_7894,1,103,0,0.9202185480194978
22990_7943,1,106,0,0.9208250665839469
22909_8004,1,106,0,0.9208789905618302
22927_8030,2,103,0,0.9235100872466617
22901_7915,2,101,0,0.9236305274328113
23023_7891,1,103,0,0.923979754194265
22903_8000,2,103,3,0.9246965807602222
22918_7892,1,105,0,0.9257054909318899
23004_8046,1,106,0,0.9263915213147865
22859_7877,1,106,0,0.9264938617554986
22833_7858,1,106,0,0.92731855982783
22994_7872,2,101,0,0.927702781462318
22970_7860,1,106,0,0.9286667446124802
22961_7938,1,106,0,0.9298104346168387
23098_8064,3,101,0,0.9303073650281426
22926_8051,1,106,0,0.931929017365715
23011_8013,1,105,0,0.9320116060089828
22994_8051,1,105,0,0.9323122719888246
23033_8029,1,106,0,0.9335410679981337
23058_7899,1,106,0,0.934182149315108
23103_8063,2,103,0,0.9346274230238716
23102_8054,1,106,0,0.9352116332697572
23044_7885,1,106,0,0.9353204125068346
23083_7916,1,106,0,0.9369936436879229
22894_7902,1,106,0,0.9376984689190416
23095_7863,1,106,0,0.9377922978848765
23025_8040,2,101,0,0.9400128159167075
22991_8036,1,103,0,0.9411574629224765
22961_7941,1,106,0,0.9417004413791181
22926_8063,1,106,0,0.942230349409103
23014_7964,2,101,0,0.9455880323687513
22934_7926,1,105,3,0.9472938264429867
23097_7856,1,107,0,0.9475884042872822
22960_7990,2,103,0,0.9515497999164839
23089_7920,1,106,0,0.9533698597908233
22945_7962,1,106,0,0.9537927367442603
23045_7885,1,106,0,0.9551090098978632
22919_7967,1,106,0,0.9566389282755607
23027_8016,1,106,0,0.9579208878221167
22928_7976,1,106,0,0.9593053924775315
22929_7982,1,106,0,0.960897696337172
22937_7886,1,106,0,0.9616975539849015
23029_7996,1,103,0,0.9618842414408504
22844_7935,1,106,0,0.963236188618722
23099_7872,2,103,0,0.9641012863129489
22914_8050,1,103,0,0.9642639669956165
22895_7863,1,101,0,0.9642680945524237
22889_8049,1,106,0,0.9644526541351943
22958_7879,2,103,0,0.964639600012117
22893_7973,1,106,0,0.9647843751677012
22874_7991,1,106,0,0.9654454977815611
22860_7936,1,106,0,0.965821504520522
23027_8054,1,106,0,0.9669926218849703
22931_7924,1,105,0,0.9674430186302908
22968_8053,1,105,0,0.9675655318478648
23097_7957,2,103,0,0.9680742044074699
22997_8050,1,105,0,0.9685012101987427
22926_7952,1,106,0,0.9690309196623642
23102_7852,2,103,0,0.9691239581641148
22993_8038,1,103,0,0.969937145101574
23030_7892,1,106,0,0.9728536401422148
22856_7947,2,103,0,0.9728956097316313
22921_8025,1,106,0,0.973504523681501
23048_7985,1,107,0,0.9735073398288555
22930_7861,1,103,0,0.9735382069906939
22904_7991,1,107,0,0.9754279457106398
22889_8022,1,103,0,0.9767554876233864
23094_7948,2,103,0,0.9769105645072046
22958_7999,2,106,0,0.9772776005109745
22964_7960,2,103,0,0.9778202557886786
22996_7879,2,103,0,0.9780497577851105
22908_7949,2,103,0,0.9788729064109153
23053_7880,1,105,0,0.9791371421949362
22838_7855,1,106,0,0.9802017531594744
22959_7874,2,103,0,0.9822645864260653
22904_7851,1,103,0,0.9823031111160541
23049_8012,2,103,4,0.9835696160447635
22842_7844,1,103,0,0.9835795037452025
22918_7958,1,106,3,0.9842105633395843
23087_8037,1,105,0,0.984792791741567
22922_7951,1,106,0,0.9858447533020003
22957_7866,1,106,0,0.9869201460646582
22931_7957,2,101,0,0.9889570546588093
22935_7904,1,105,0,0.9911379953211781
23003_7923,1,106,0,0.9919479778700048
22842_7853,1,107,0,0.9945440126480463
22919_7874,2,105,0,0.9946150868631715
23040_7952,2,101,0,0.995345787925987
22893_7865,1,106,0,0.995417833492022
22961_7990,2,103,0,0.997674353827696
22917_8050,1,105,0,0.9978880135532299
23004_8045,1,106,0,0.999724155407588
23075_7839,1,106,0,1.0003770387792146
23010_7846,2,101,0,1.0028569089690778
23098_7892,1,103,0,1.0044164642811249
23020_7944,1,106,0,1.004801425386173
22927_7865,2,105,0,1.0053014276750327
22961_7983,3,103,0,1.005774231385566
22918_7984,1,106,0,1.0089191508255693
23000_8068,1,106,0,1.0099407708576473
23050_7883,1,105,0,1.0109493916733865
23019_8040,1,105,0,1.0114932341074725
23006_7889,1,107,0,1.0115475700292034
22943_7914,1,103,0,1.0128052985103368
23010_7860,2,103,0,1.0135573406301055
23074_7918,2,103,0,1.0144972357777253
22967_7873,1,106,0,1.0175989108214565
23074_7912,2,103,0,1.0196610221135325
22943_7990,2,101,0,1.0202503004479755
22913_7855,1,106,0,1.0211908880944285
22903_8003,1,101,0,1.0214927653767198
23033_7992,2,103,0,1.0216905995143528
23022_7857,1,106,0,1.024325982093998
22907_7968,1,107,0,1.0246461040292458
22900_8020,1,106,0,1.02478760384673
22873_8017,2,105,0,1.0251971451453
22949_7924,1,106,0,1.0263690873107716
23012_7864,2,103,0,1.026446644007439
22997_7882,1,103,0,1.02694872551724
22849_8048,1,106,0,1.0285224957184798
22950_7973,2,106,0,1.0294300324870969
23100_7955,1,106,0,1.0304845509860046
22883_7849,2,105,0,1.0315919413933818
23082_8029,1,105,0,1.0324060158459911
22931_7894,1,103,0,1.0336400622088708
23026_7912,1,103,0,1.03380971898799
22974_7885,1,103,0,1.0373130473159988
22864_7968,3,103,0,1.0373156703361721
23015_7896,2,101,0,1.0379159523698565
22933_8045,2,103,0,1.0383327589176738
23019_8018,1,106,0,1.0399387534177447
22840_7890,1,103,0,1.0404146330044
23069_7890,1,105,0,1.0408214044190898
22962_7856,2,103,0,1.0414322147125297
22839_7907,1,103,0,1.041901631211623
22963_8033,1,106,0,1.045484780258072
22953_7968,3,107,0,1.0457669153488205
22840_7858,2,103,0,1.046499509652198
22880_8022,2,103,3,1.046509894781757
22924_7842,1,107,3,1.0488206711971524
23026_7883,1,105,0,1.0531181009666546
22926_7852,2,103,0,1.0537003718751903
22938_7929,2,105,0,1.0556530608124293
22927_7843,1,106,0,1.0557689815038402
23043_8044,1,105,0,1.0566325557369225
22999_7843,1,103,0,1.0566846950528168
22941_7955,1,106,0,1.057001948262141
22959_7891,2,103,0,1.0578123301717985
22995_7850,1,103,0,1.0618156084809922
23072_7852,1,106,0,1.063598955016356
22958_7916,2,103,0,1.0660704915615042
22933_7864,2,103,0,1.0661733160782332
22915_7839,3,104,0,1.0662367615145814
23005_7876,1,105,0,1.0674895122112231
22895_7943,2,103,0,1.0688466336686278
22873_7909,1,106,0,1.0692550922636523
22887_7849,1,106,0,1.0697264170116372
22943_7992,2,101,3,1.071222091465133
23002_8055,1,106,0,1.0713279203935155
22998_7864,2,101,0,1.0728316880426236
22874_7859,1,106,0,1.0735901523690208
23021_7902,1,103,0,1.0752506076444024
22931_8018,1,106,0,1.0759254258141513
22959_7950,1,106,0,1.0776668610693447
23012_7847,2,103,0,1.078705648571
23027_7974,1,105,0,1.0803948192990607
23061_7837,1,106,0,1.0818144248660078
23102_7937,1,106,0,1.0820399981944768
22902_8021,1,106,0,1.0824001274413226
22901_7978,2,101,0,1.0849442338448771
22864_7998,1,103,0,1.08517677273393
23097_7942,1,106,0,1.0855910982555754
23034_8004,1,106,0,1.0857736842082728
22885_8017,2,105,0,1.0866670523729522
22926_7867,2,105,0,1.0867593868986878
23006_7980,1,105,0,1.0887502105818674
22901_7917,2,101,0,1.0888726234580088
23085_7883,1,103,0,1.089957668013317
22938_8031,1,106,0,1.0905979387463334
22944_7858,1,106,0,1.0908830506059894
23089_8066,3,101,0,1.0925261477335704
23092_7930,1,106,0,1.0932807646302483
23011_7969,1,103,0,1.0941579892861024
23028_7871,1,106,0,1.0956452454706618
22951_8052,2,103,0,1.0972992339676515
23100_7956,1,106,0,1.098180146832544
22870_7846,2,103,0,1.0982766947695977
22871_7949,1,106,0,1.0984879301285049
23026_7948,1,103,0,1.0995194214298223
22982_8005,1,107,0,1.1024763172431362
23087_7948,1,103,0,1.1027243420228583
22980_8024,1,103,0,1.1042845580368388
23042_7902,1,105,0,1.1058857255935584
22931_7973,2,106,0,1.1069421800402977
23103_7938,1,103,0,1.1086788934444562
23011_7922,1,103,0,1.1090875403782794
23054_7950,1,103,0,1.1091309191417213
23017_7902,1,103,0,1.1096841968372961
22870_7907,1,106,0,1.109861861669845
23000_7868,1,105,0,1.1099729335590773
22932_8020,1,106,0,1.1100831858832492
22866_7966,1,106,0,1.1108262662160528
22922_7994,2,103,0,1.1120510011951898
22883_7900,1,106,0,1.1125614696280277
22903_7922,2,101,0,1.1164255163319574
22940_8047,2,105,0,1.1166509677837624
22992_7869,1,106,0,1.117595330105234
22852_8070,1,106,0,1.119629076316165
22899_7922,2,103,0,1.120256103331539
23007_7892,1,106,0,1.120631077445669
23092_7852,1,103,0,1.121644744609349
22826_7881,1,106,0,1.121671908678051
23061_7883,1,105,0,1.1240105236113325
22882_8015,2,105,0,1.127146307068955
22932_7843,1,107,0,1.127294406811499
23012_7868,2,103,0,1.1283290139009856
22958_7985,3,103,0,1.1287838935731627
23095_8067,1,106,0,1.128794749889849
22875_8053,1,106,0,1.1293322110956825
22871_7877,2,103,0,1.1307012517925765
22921_7940,2,101,0,1.1319650453252579
22884_7958,2,103,0,1.1342041517236943
22944_7995,2,101,0,1.135727371763297
22938_7887,1,106,0,1.1387562229006902
22932_7964,2,101,0,1.1409827010321552
23073_7893,1,105,0,1.1410522848214968
22889_7881,1,106,0,1.1414049266513693
22937_7848,1,107,0,1.1424327477005425
23062_7885,1,105,0,1.1438431443017856
22864_7867,2,103,0,1.1453522881769402
22901_7988,1,106,0,1.145939241136863
22954_7943,2,103,0,1.149357486714765
23012_7995,1,106,0,1.1509886565004737
23024_8035,1,103,0,1.1511378055396626
22927_7900,1,103,0,1.1524419608070935
23070_7930,1,103,0,1.1530538483716417
22890_8060,1,106,3,1.1540671488355458
22929_7865,1,103,0,1.1547955479210719
23083_8030,1,105,0,1.1571561075894823
22979_7912,1,106,0,1.1585665143989965
22994_8070,1,104,0,1.1601070787214227
23044_7968,1,103,0,1.1602449057149395
23104_7906,1,106,0,1.16132321557298
22889_7905,1,106,0,1.1614452066416843
23006_7940,1,106,0,1.1618943381365985
22872_7862,1,106,0,1.1626203531448682
22958_7940,1,105,0,1.1630338180354474
22977_7843,2,105,0,1.1650918496992144
22963_7909,1,106,0,1.1662559462522435
22997_7964,2,101,0,1.168779223859857
22851_8064,1,106,0,1.1692128390100662
22960_7987,2,103,0,1.1692768569148342
23098_7894,1,103,0,1.1693202480860134
22934_8048,1,105,0,1.1710889343305566
22944_7996,2,101,0,1.1712521163440912
23104_7892,1,106,0,1.1714882491605438
22997_8045,1,103,0,1.171856945044423
22934_8046,2,105,0,1.1745384011598101
22862_8052,1,103,0,1.1749461549764992
22967_8026,1,106,0,1.1754335277237946
22892_7997,1,106,0,1.176354113893529
23001_8064,1,106,0,1.177674219565816
22912_8020,1,106,0,1.1838842435102273
22930_8003,3,106,0,1.1868566136310985
22971_7935,1,106,0,1.1903504929236148
22917_7972,2,106,0,1.1911016141386195
22925_7953,1,106,0,1.1931816111009759
22952_7997,2,101,3,1.1938129197176688
22869_7951,1,106,0,1.1956417924807041
23023_8065,2,103,0,1.1987075199880097
22942_8037,1,106,0,1.201997519545419
22896_7900,1,106,0,1.202728022091475
22943_7991,2,101,3,1.2039058036547743
22905_7968,2,103,0,1.2053380137681102
22868_7916,1,106,0,1.2059416834869805
23055_7999,2,103,0,1.2060012660578485
22943_7913,1,103,0,1.2061472734703762
22929_7948,2,103,0,1.2064478009534647
22931_7843,1,105,0,1.2079884369405696
22969_7929,1,106,0,1.2085010016132454
23039_8037,1,106,0,1.2092184300534048
23100_7895,1,107,0,1.2094287121066394
22949_7872,2,103,0,1.2099231087903835
23043_7982,1,106,0,1.2105352769448616
22875_7924,1,106,0,1.2120109559745105
22840_7859,2,103,0,1.2138435459488968
23094_8046,1,105,0,1.2148601846586338
22858_7873,2,101,0,1.215125783999815
22921_7888,1,106,0,1.2182079352456685
22904_7928,2,106,0,1.2192397779676025
22889_8002,3,103,0,1.219321518490348
22880_8028,2,103,0,1.219772990986392
22874_8010,2,107,0,1.220688777650431
22864_7952,1,106,0,1.2209683567584482
22929_7988,2,103,0,1.2234203195663493
22875_7992,1,106,0,1.2234807152953928
22942_7844,1,106,0,1.2261065431602072
23012_7865,2,103,0,1.2268101186823448
22926_8053,1,106,0,1.2284607245613104
22869_8043,1,106,0,1.2292475559693317
23048_7956,1,106,0,1.229809917906177
23047_8046,1,106,0,1.2338394691229666
23088_7917,1,106,0,1.2342883020558495
23083_8053,2,103,4,1.234712782927749
22880_8030,2,103,0,1.2370503785203082
23096_7871,1,106,0,1.2380525970482499
22924_8026,1,106,0,1.238411608426532
22860_8047,1,106,0,1.2401245051984682
22966_7869,1,106,3,1.2405637069811009
22922_7978,2,101,0,1.242056540724795
22904_8031,1,106,0,1.2424754970280847
23042_7892,1,105,0,1.2429784955872807
23035_8004,1,106,0,1.2432201273491699
22899_7869,1,106,0,1.2440110159315385
22911_8063,1,103,0,1.244275792454926
22988_7995,1,105,0,1.2448738203655925
22914_8062,1,106,0,1.2472896168994245
23086_7875,1,103,4,1.2475138950869111
22952_8035,2,101,0,1.2479382855856727
22900_8000,2,103,0,1.248495179057008
22897_8010,2,103,0,1.2487922988747322
22926_8026,2,103,0,1.2491881954611046
23012_7968,1,103,0,1.24937493699124
22852_8068,1,106,0,1.2518639108926366
22954_7889,1,103,0,1.2540457079912315
22840_7850,1,106,0,1.2561493802396222
23095_7954,2,103,0,1.256162640396369
22869_7870,1,106,0,1.2565303317259555
23097_7958,1,106,0,1.2578896934176893
22909_8027,1,106,0,1.2580645562049038
23079_7894,1,105,0,1.2588501850142277
22884_7929,2,106,0,1.2598003030660638
23018_8024,1,105,0,1.2615190731483084
22894_7925,2,103,4,1.2621227931203403
22989_7919,2,103,0,1.2677527357871623
22924_7938,2,103,0,1.2685784050617803
22959_8004,3,106,0,1.268766429531505
22957_7863,1,106,0,1.271071958101703
22926_7982,1,106,0,1.2712985968556416
22924_7947,2,101,0,1.272549455098253
22885_8041,1,106,0,1.2736921377680337
22862_8042,2,103,0,1.273735855894388
22912_7926,1,106,0,1.2743373746268805
23008_8069,1,104,0,1.274502266844104
22903_7982,1,106,0,1.2772554345750493
22845_7897,1,103,0,1.2774996934497747
23083_7851,2,103,0,1.2782878623175091
23103_8019,1,106,0,1.2793135452235345
22920_7957,1,106,0,1.2795334578806599
22888_8029,2,101,3,1.2803312112921772
22935_7845,1,107,0,1.2803817876739945
22994_8058,1,104,0,1.2806316307359558
22953_7955,2,103,0,1.2829857722799891
22866_7943,1,106,0,1.2832800945636702
22909_7911,2,103,4,1.2837705105645933
22872_7861,1,106,0,1.2842894041174573
22899_7939,1,106,0,1.2848557235549358
22831_7863,1,106,0,1.285169329562006
22981_8034,1,103,0,1.2852380564023118
23086_7954,1,103,0,1.2862709291092878
22878_7981,1,106,0,1.2866793676844368
22912_7840,1,104,0,1.287879549276586
23000_7962,2,101,0,1.2882780313295927
22860_7870,1,106,0,1.2892255361038576
23032_7985,1,103,0,1.2903738609754787
23055_7956,1,105,0,1.2912517319254933
23101_8058,1,105,0,1.291858566658314
22886_8030,2,101,0,1.293704240941776
22911_7878,2,103,4,1.2941436533266064
22933_8069,2,103,0,1.2956041125137325
22980_7878,2,101,4,1.2958922885290531
22948_8002,3,101,0,1.2961929196888462
23064_7886,1,105,0,1.2975056603172705
22948_7990,2,103,0,1.2995747843200314
22983_8069,2,101,0,1.300007571795935
23053_7911,1,106,0,1.3017934834235447
22941_7983,2,103,0,1.3031556273826093
22904_7941,1,106,0,1.3036286597868472
22973_8062,2,103,0,1.3049960536191223
22957_7992,2,103,0,1.3066728402036314
22890_7955,2,103,0,1.30765263340881
22889_8050,1,106,0,1.3092205232276726
23010_7968,1,103,0,1.3117671932403572
22989_7992,1,105,0,1.3134422572845628
22892_7906,1,106,0,1.314631946522995
22908_7987,1,106,0,1.3163500781116586
22980_8070,2,103,0,1.3179150032638316
22992_7889,1,106,0,1.321808039952856
22845_7875,1,106,0,1.3219521193362005
22982_8011,1,106,0,1.3224484461837733
22974_8052,1,105,0,1.3243695229486558
23021_8002,1,106,0,1.3251631025202952
22840_7855,2,103,3,1.3265410794081745
22942_8066,1,103,0,1.326913179476174
22982_7905,1,103,0,1.3269942684673273
22949_8023,1,106,0,1.3272731934851798
23020_7846,1,107,0,1.3284846896840175
22920_7847,2,101,0,1.3286850474899625
22965_7859,1,103,0,1.329150607136986
22838_7883,1,103,0,1.332599369327604
22951_7935,2,103,0,1.333136064639581
22992_7872,1,106,0,1.335441210407618
23065_7911,2,101,0,1.3356940579686094
23101_8014,1,106,0,1.3360147896030052
22859_7883,1,105,0,1.3361971762038178
22887_7904,1,106,0,1.3370747536441319
22917_7891,2,105,0,1.337230978490596
23067_7854,1,106,0,1.3385459459822147
23028_7900,2,101,4,1.338598313761321
22940_7866,2,101,0,1.344455612642911
22987_7955,1,106,0,1.3456680527529714
22973_7922,1,103,0,1.3468811421408131
22955_8040,2,101,0,1.3472976275931414
23088_7962,1,103,0,1.3474788227316574
22873_7933,1,103,0,1.3477261759090378
23013_7986,1,106,0,1.3478190871736992
22936_7916,1,107,0,1.3479574250745825
22876_8037,1,103,0,1.3480403200177724
22959_7872,1,107,0,1.3493815177668262
22895_7917,2,103,0,1.3493972968639378
23016_7837,1,106,0,1.3507570268105316
22894_7859,2,101,0,1.3515167377352968
22931_7987,2,103,0,1.3517150864235625
22912_7981,2,106,0,1.3520341631859583
23004_8044,1,106,0,1.352239951617436
23034_7980,1,103,0,1.3540006677930692
22941_7972,1,106,0,1.355311798384476
22889_7951,2,101,0,1.3566345255901067
23079_7934,2,103,0,1.357142056073831
23080_7913,1,106,0,1.3573074520160318
22946_7869,2,101,0,1.3589231189641615
23014_7843,1,106,0,1.3592538496882887
22901_8011,2,103,0,1.3593792595792935
23002_8011,1,105,0,1.3598139060309369
22920_8003,2,103,0,1.3603063887215563
22936_7844,1,105,0,1.3604279915605804
22991_7940,1,106,0,1.3625859359023336
22888_7956,2,103,0,1.3645045390138317
22912_7856,1,106,0,1.3651854003753077
22964_7942,1,105,0,1.3679728700508167
22987_7910,1,103,0,1.3683924272288082
22955_8055,1,106,0,1.3700862923280197
22891_8017,1,106,0,1.3702391080077265
23008_7889,1,103,0,1.3702646367514841
22982_8058,1,107,0,1.371166372406843
22973_8064,2,107,0,1.3714909024727013
22910_7986,1,106,0,1.3730752196436038
23039_7876,1,106,0,1.373794955930864
22944_8000,2,103,0,1.3745203667722607
23095_7890,1,103,0,1.3746049386177763
22925_7974,2,106,0,1.3751195947429637
22996_7873,1,106,0,1.3754322798350906
22904_7938,1,106,0,1.376103598201704
22874_8055,1,106,0,1.3772341412904225
22937_8011,1,106,0,1.3785778679284981
23082_7962,1,105,0,1.3787953679528357
22948_8027,1,106,0,1.3793044818252935
22908_8014,1,106,0,1.379784836675507
22840_7853,2,103,0,1.3822830660729586
23052_7925,1,105,0,1.3828061997653835
22965_7858,1,103,0,1.3835711648782907
22961_8042,1,106,0,1.3840193333866764
22951_7931,2,103,0,1.3842812164157265
23101_7981,1,106,0,1.3846068821214974
22882_7979,1,106,0,1.3863930100064321
23016_7974,2,103,0,1.3866138390345677
22915_8016,1,106,0,1.3867367366945185
23093_7946,2,103,0,1.3888838169446427
22950_7999,2,101,0,1.3889884621743025
22923_8043,1,106,0,1.3890082091878184
23087_7956,1,103,0,1.3892402571424787
23027_7942,1,103,0,1.3893965380694817
23097_7982,1,103,0,1.3913400548113992
22917_7915,1,105,0,1.3919605479902593
23017_8042,1,105,0,1.3920791051546657
23038_7922,1,106,0,1.3931962126623856
22906_7851,1,103,0,1.3942656845009755
22925_7846,1,106,0,1.3944803605583365
22927_7959,1,106,0,1.3960372625819366
23072_7918,1,103,0,1.3962678797430106
23083_7855,1,103,0,1.39626950501657
23064_7997,2,105,0,1.3967058181917769
22935_8053,1,106,0,1.400037152603533
22935_8069,2,103,0,1.4009878139594643
22943_7996,2,103,0,1.4017176815528498
22844_7895,1,103,0,1.4026346741227749
23024_7879,1,105,0,1.4030761113917816
23063_7908,1,106,0,1.4032572941823078
22862_8064,1,103,0,1.405079313828905
22978_7984,2,101,0,1.4052841111456138
23050_8070,2,103,0,1.405572898963884
22989_7930,2,103,0,1.405768058803148
22877_8025,1,107,0,1.406202362413929
23080_8013,1,103,0,1.4068439914379811
23027_7939,1,103,0,1.4084351250379523
23076_7923,2,103,0,1.4088677607158249
22980_7848,2,105,0,1.4110171455821139
22874_7883,2,103,0,1.415198891152497
22936_7848,2,101,0,1.4154362330679537
22958_7866,2,103,3,1.416446122827541
23046_7909,2,101,0,1.4196127706677675
22884_7911,2,103,0,1.4198215043456954
23047_7974,1,103,0,1.4219697218147307
22902_8063,1,106,0,1.4229705866275735
23029_7907,1,103,0,1.4281640910363844
23034_7871,1,106,0,1.4281995984487943
22997_7879,2,103,2,1.4285643288705105
23010_7892,1,103,0,1.4286913819997897
22920_7967,1,106,0,1.4296067491824604
23031_7911,1,106,3,1.4300854869544775
22917_7984,1,106,0,1.4307626587701427
23091_7886,2,103,0,1.431444938939304
23088_7993,1,106,0,1.432453212191819
22906_7984,2,106,0,1.4337335021716102
22987_7869,1,106,0,1.4340794422727443
22876_7854,1,106,0,1.4342487330949043
22930_7957,1,106,0,1.434894277284941
22993_8041,1,107,0,1.4379142585619176
23025_8064,1,106,0,1.4409210270298898
23062_7999,1,106,0,1.444306560793604
22943_7858,1,106,0,1.4446640196479477
22892_7868,1,106,0,1.4448876634121153
23022_7891,1,103,0,1.4475214576786326
22927_7978,2,101,0,1.44772950744227
23005_7912,1,106,0,1.4491535982612156
22968_7901,1,106,0,1.4494463792598486
22951_7893,1,106,0,1.4497315400603539
22899_7892,2,103,0,1.451373209585361
22933_7987,2,103,0,1.4514586979702242
23035_7921,1,106,0,1.4520455348968646
22930_7967,2,106,0,1.4529616820465092
22984_7840,1,106,0,1.4538125336387917
22959_7858,2,103,0,1.4550117660066086
23038_7993,2,103,0,1.4550338274701144
22863_7939,1,106,0,1.456077596683362
22820_7853,1,103,0,1.4583472075994484
22973_7895,1,106,0,1.4606525688086562
22927_7950,2,101,0,1.4615201143699796
23057_7909,1,106,0,1.4617782324134834
22935_7843,1,105,0,1.4618316216581548
23053_7995,2,101,0,1.4620175137072529
22972_7965,1,106,0,1.462643295724674
23027_8056,1,106,0,1.4632865283208665
22991_7950,1,105,0,1.4633841837842205
23035_7971,1,103,0,1.464732106352097
23082_7902,2,103,0,1.4662849219320093
22906_8026,1,106,0,1.4678810559728177
22898_7905,2,101,0,1.4699460576607037
22911_8031,1,106,0,1.4703034844762477
22956_8017,1,106,0,1.4712302066917493
23029_7968,1,106,0,1.4723694125446305
22886_7926,1,106,0,1.476991858102293
22905_7966,2,103,0,1.480867683476754
22982_7940,1,105,0,1.482758122098144
23000_8039,1,106,0,1.4839513773851531
23038_7923,1,106,0,1.4845728479834315
22954_7883,1,106,0,1.484786579734226
23097_7934,2,101,0,1.4850398132114895
22891_7945,1,106,0,1.4867641865721846
22941_7957,1,106,0,1.4869746213708448
23013_7918,1,106,0,1.4872104973040203
22887_7912,2,103,0,1.487376635730384
22902_7951,2,103,0,1.4876924627673538
22917_8028,2,106,0,1.4879024643811012
22982_8010,1,106,0,1.490706325678448
22895_7889,1,105,0,1.4935053648895675
23005_7875,1,105,0,1.495542030877247
22978_7878,2,101,0,1.4959266496654888
23060_7845,1,106,0,1.4971169578821535
22906_7968,2,103,0,1.4973995145626466
22945_7869,2,103,0,1.4979910726275507
23078_8064,1,103,0,1.498193706036286
22894_8060,1,106,0,1.4988444933986371
22867_7874,2,103,0,1.49915821051161
22990_7882,1,106,0,1.4994920574409494
22952_8059,1,106,0,1.4997205732025332
22880_8024,2,103,0,1.5001668813571494
22855_7859,1,106,0,1.5009292282587454
23012_7922,1,103,0,1.5014559619076762
22887_7911,1,106,0,1.5018438434135795
23087_7960,1,103,0,1.5019287675070057
22949_8012,1,107,0,1.5030051842954135
23052_8044,1,105,0,1.5032345743946989
22853_7947,1,103,0,1.5036141304693973
22976_7949,2,103,0,1.5037005617291799
22867_7900,1,106,0,1.5038157787792283
22995_8068,1,104,0,1.5048901102378223
22873_7937,1,103,0,1.5056963615786891
22924_7840,2,103,0,1.5076016325166948
22874_7947,1,106,0,1.508869023551223
23050_7851,1,106,0,1.5096865776913158
22964_7907,1,106,0,1.5123680859170898
22947_7851,2,101,0,1.513870575392302
22942_7848,2,101,4,1.513949119444932
23051_7979,1,106,0,1.520915086153589
22964_7959,1,106,0,1.5218671837349205
23081_7892,1,105,0,1.5285321692105824
22929_7947,2,103,0,1.528965847234591
22891_7932,2,103,0,1.528999147663116
22978_8031,1,103,0,1.5301570587673479
22998_7887,2,101,0,1.5330711966696677
22976_8044,1,106,0,1.535144611726537
22930_7982,1,106,0,1.53550624969595
22937_7847,1,105,0,1.5373476880644539
22845_7930,1,106,0,1.537843969248725
22930_7890,1,106,0,1.5385049867782212
22956_8042,2,101,0,1.539435315038641
23015_7878,1,105,0,1.5402987982021563
23000_7964,1,103,0,1.540591654381928
23101_8010,1,106,0,1.5427787803819004
22891_8023,1,103,0,1.5437452106655107
22970_7918,1,103,0,1.5441686866139641
23034_7872,1,106,0,1.5460372249638261
22899_8002,2,103,0,1.5475400608176364
23094_7884,2,103,0,1.548208438375812
23025_7936,2,103,0,1.5486645015635205
22910_7883,2,103,0,1.5487133799329267
23024_8020,1,103,0,1.549304596885718
22960_7911,2,103,0,1.5502197041138408
22988_7856,2,103,0,1.5516523726753757
22861_7892,1,106,0,1.5537601554400222
23102_7949,1,106,0,1.554701161729774
22988_8036,1,103,0,1.5556653087626375
22973_7865,1,106,0,1.5562260740170464
23006_7883,2,106,0,1.5568427823419553
22865_7889,1,106,0,1.5625152277182832
22974_7968,1,106,0,1.5636704761110043
23015_8018,1,105,0,1.564249205679249
22975_7866,1,106,0,1.5669133804186606
22989_7990,1,105,0,1.5677089599953602
22933_7975,2,101,0,1.5678874352076193
22939_7993,2,103,0,1.568767643782492
23012_8025,1,106,0,1.5711103122217742
23011_8007,1,106,0,1.5711248694078954
22951_7896,1,106,0,1.572106823233177
22986_8058,1,105,0,1.5728888320799344
22921_7956,1,106,0,1.5731690255684074
22883_7942,1,106,0,1.5745142716696685
22945_7924,1,106,0,1.5749946288448333
23023_8037,2,103,0,1.5767699443332812
22977_7948,2,103,0,1.5771631817524647
23069_7913,1,103,0,1.5798633669272435
22952_7926,1,106,0,1.580168240931816
22957_7867,1,106,0,1.5805433835182274
22891_7839,2,101,0,1.5818789966259474
22980_7922,1,106,0,1.5825921294021326
22911_7880,2,103,0,1.582978141725688
22911_7846,1,104,0,1.583030052039834
23099_7973,1,103,0,1.5862910758227087
23073_8017,1,103,0,1.586739760913557
22905_7979,2,101,0,1.5868908938320505
23099_8064,1,107,0,1.5871726392947005
22930_7842,1,105,0,1.5872389502888233
22917_7959,1,106,0,1.5886752975695126
23103_7852,3,103,0,1.589020051817517
22958_7874,2,107,0,1.5897344199203793
22851_7892,2,105,0,1.589903787942844
22962_7947,1,106,0,1.5953347595010172
22944_8013,2,103,0,1.5955502893770226
22996_7976,2,103,0,1.5963618749910027
22937_8031,1,106,0,1.597536994778471
23042_7838,1,106,0,1.5980332187098762
22876_7922,1,103,0,1.5988796316577132
22914_7887,1,105,0,1.5991402153201877
22939_7857,1,103,0,1.5992028107017293
22975_8023,1,106,0,1.5995692777078512
22917_7879,2,105,0,1.6005447610469727
22978_8020,1,103,0,1.600917485516721
22925_7842,2,101,0,1.6009305160149652
22951_7874,2,103,0,1.6014064879778098
23034_8024,2,101,0,1.6032760899320453
22831_7860,1,106,0,1.6041554483239946
22937_7898,1,103,0,1.6057333924326007
23087_7952,1,103,0,1.6079129284299047
23103_8053,1,107,0,1.6091550490947686
22947_8016,2,103,0,1.6096848514976465
23024_7903,1,103,0,1.6100045163378718
22914_8051,1,103,0,1.6120097946705203
22982_8067,2,101,0,1.6148681270116343
23003_7870,1,105,0,1.6164956113442603
23005_7907,1,107,0,1.6169526295056507
22941_7862,1,106,0,1.6171012432188208
23012_7869,2,103,0,1.6175350555951291
22914_8037,1,106,0,1.6178039815719851
22880_7927,2,106,0,1.618498307165644
22886_7960,1,106,0,1.6185583666720917
22911_7930,2,101,0,1.6198533702448734
22850_7893,2,105,0,1.6210543064513265
23044_7908,1,105,0,1.6216736408316836
22983_7852,2,105,0,1.6221621101753474
22922_7963,1,106,0,1.6229242049176267
23085_7907,1,106,0,1.6241114142815232
22905_7986,1,106,0,1.6253541961947142
22993_8070,1,104,0,1.6254869178270297
22877_7852,1,103,0,1.6282020828558124
22955_7849,2,101,0,1.6287259847142188
22954_7873,2,101,0,1.6298921780470088
22911_7978,2,101,3,1.6299550759380266
22961_7948,1,106,0,1.6310755709441893
22993_8039,1,103,0,1.6320891585531947
23038_8031,1,106,0,1.6321598140063343
22942_7986,2,101,0,1.6322569966178744
23046_8054,1,106,0,1.6344231035657184
22911_7915,1,103,0,1.6346129097302882
22924_7952,1,106,0,1.634727712580805
23090_7972,1,103,0,1.6357890150784418
23087_7885,1,103,0,1.6364598088195377
22940_7993,2,103,0,1.638324310248989
23062_8058,1,106,0,1.6389060239969682
22878_8036,2,101,0,1.6399916512308106
23049_7856,1,106,0,1.6406334872748065
22998_7927,1,106,0,1.641062019562958
22950_7873,2,103,0,1.6414987787636393
22860_8070,1,106,0,1.6419965429083336
22878_7898,2,103,0,1.6420004534749078
22912_7846,2,104,0,1.6431975497799072
22911_8025,1,106,0,1.643780488945839
22867_7928,1,103,0,1.6439457128128296
22973_7869,1,106,0,1.645655206281939
23102_8010,1,106,0,1.6459696756637978
22856_8064,2,101,0,1.6474381276776888
23039_7951,1,101,0,1.6483869852424315
22901_8037,1,103,0,1.6484239194671073
23086_7978,1,103,0,1.6499456534732373
22940_7977,2,106,0,1.649995908788868
23010_7951,1,106,0,1.6518179842524885
22874_8059,1,106,0,1.6534738190542626
22885_8050,1,106,0,1.6536925451020836
22859_8003,3,103,0,1.654044479703528
22986_7931,2,107,0,1.6541829356280395
22936_7920,1,103,0,1.655577524617963
22919_8015,1,106,0,1.65583962641024
22859_7861,1,106,0,1.6572203504013812
22937_7969,2,101,0,1.6572751861170194
22835_7889,2,106,0,1.6588361534789455
23015_7917,1,106,0,1.6589228660451567
22982_7998,1,106,0,1.6593189604485
22990_7924,2,103,0,1.6617288974816287
22931_8003,1,107,0,1.6635814451502045
23046_7837,1,106,0,1.664227801735144
22951_7877,1,105,0,1.6655789729361736
22945_7889,1,103,0,1.6670303889472395
22950_8023,1,106,0,1.6678898250070402
23005_7965,2,103,0,1.6687883842683384
22829_7854,1,106,0,1.6703351425949644
23041_7995,2,103,4,1.6715264782093169
22857_7864,1,103,0,1.6719267116814516
22960_8004,3,106,0,1.6719913177968444
22921_8064,1,106,0,1.6730810928130977
22881_8020,2,103,0,1.6785772765772806
22886_8006,3,103,0,1.6801074000564804
22880_7940,1,107,0,1.6804472721535235
22923_7945,2,101,0,1.6818895127204982
22876_8043,2,103,0,1.6850829029120808
22905_7989,1,107,0,1.685998004950047
22839_7861,2,103,0,1.6865582611048209
23039_8030,1,106,0,1.6889445734045467
22858_8003,5,103,0,1.6897947873747106
22945_7903,1,106,0,1.6908401105336976
22911_7839,1,104,0,1.6913798355597058
22874_8022,1,106,0,1.6946520132354705
23088_8070,1,106,0,1.6948315177910531
23102_8053,1,106,0,1.6967725000619505
23104_7854,2,103,0,1.7004920636557153
22917_8010,2,103,0,1.7005020931001582
22913_7838,1,104,0,1.7008639830151537
22902_8056,1,106,0,1.7022543698862396
23046_7972,1,103,0,1.7039546442722255
23020_7980,1,103,0,1.7041530857841887
22968_8021,1,106,0,1.70516620152478
23008_7891,1,106,0,1.7063845191959386
22964_7857,1,103,0,1.7080766865741959
23021_7914,1,106,0,1.7090559109209167
22928_7990,1,107,0,1.7093475735138188
23088_7913,1,106,0,1.711569618912412
22880_8012,1,107,0,1.7118506061430616
23000_7838,1,103,0,1.7124345411744801
23048_8041,1,106,0,1.71306977514251
22950_8059,1,106,0,1.7143245460722218
22963_8026,1,106,0,1.7170609531393217
22922_8023,2,103,0,1.7174589339781914
22918_7847,1,104,0,1.7214173191193434
22957_7922,2,103,0,1.7223918933647042
22912_7971,2,106,0,1.7236489078766601
22919_8050,1,105,0,1.7249354458412363
22913_7882,2,105,0,1.7257240556600921
23028_8053,1,106,0,1.7260633800255614
22878_8012,2,103,0,1.7316116072565968
22998_7929,1,106,0,1.732512584827163
22937_7975,2,106,0,1.7325700400717505
22849_7881,1,105,0,1.7329316471344083
22892_7935,2,103,0,1.7333747802209423
23100_7882,1,105,0,1.7344896603449105
23046_8069,1,106,0,1.7354300615019633
22856_7890,2,105,0,1.7355167454274325
23018_8071,2,101,0,1.7358662816817836
22855_8065,2,101,0,1.7377614184367047
23000_7863,2,101,0,1.7401096565119303
23030_7959,1,103,0,1.7402341209734762
22915_7978,2,103,0,1.7415294744351923
23004_8043,1,106,0,1.7415394671334548
22865_7927,1,103,0,1.7425761104576316
23077_8063,1,103,0,1.7435859708864636
22990_8003,1,105,0,1.7437991187590078
22936_8012,1,106,0,1.744089967735147
23027_7873,1,106,0,1.7455321050264552
22900_8019,1,106,0,1.7457072813523014
22870_7885,2,101,0,1.747265427584384
23062_7997,1,106,0,1.747293166545536
22885_7848,1,104,0,1.749585904101639
22888_7910,1,106,0,1.7497812083967896
22945_8014,2,103,0,1.7502207044235978
22953_7956,2,103,0,1.7503778067324667
23095_7962,1,106,0,1.7524826731346514
22965_8008,1,106,0,1.7538881480788338
22998_7885,2,103,0,1.7543344702763424
22838_7884,1,103,0,1.7548157383225167
22997_7933,1,103,0,1.7553031318128787
22897_8003,2,103,0,1.756311649669778
23070_8019,1,105,0,1.7588982368639852
23041_7953,2,101,0,1.7595555788062536
22932_7958,2,101,0,1.7603273143505755
22940_7955,1,106,0,1.7611105342787636
22898_7848,2,101,0,1.7618178298648965
22947_7944,1,106,0,1.7621383027704414
23101_8035,1,106,0,1.7627441126502055
22913_7979,2,101,0,1.7633859312253275
23094_7851,1,103,0,1.763490316952326
22923_7861,2,103,0,1.7640581995785745
22877_7890,2,103,0,1.764128326163633
22945_7912,1,103,0,1.7645458627597501
22872_7850,2,103,0,1.764675091841663
22909_7974,2,103,0,1.7681704966572656
22962_7990,2,101,0,1.769147559993678
22861_7911,1,106,0,1.7692066707968355
23010_8053,1,107,0,1.7699905181704008
22942_7919,1,106,0,1.770003115611461
22942_7992,2,103,0,1.770508468442077
22955_7850,2,101,0,1.772053107423376
22927_7977,1,106,0,1.7726052249800193
22979_7911,1,106,0,1.774348180343088
23092_8007,1,106,0,1.7746414785954898
23001_8055,1,106,0,1.774977462026868
23078_7925,1,107,0,1.775020297062485
22884_7901,1,106,0,1.7757744452107629
22906_7978,2,103,0,1.7771421749210592
23093_8007,1,107,0,1.7778858164274913
22919_7968,2,106,0,1.7780960749257846
22836_7851,1,106,0,1.7787001139375818
22991_7852,2,103,0,1.7812555473475755
22923_8023,2,103,3,1.781691888688346
22874_7908,1,106,0,1.7823217442912958
22832_7859,1,106,0,1.783930215606952
22904_7980,3,101,0,1.7843864945471128
22898_7962,1,106,0,1.7848743144954304
22957_7958,2,103,0,1.7857497027079943
23028_7975,1,105,0,1.7867372665593215
22839_7848,1,107,0,1.787707063981403
22918_7871,2,105,0,1.7884043453785843
22936_7969,2,101,0,1.7886399397842723
22917_7998,2,103,0,1.7894497760024197
22986_7952,1,106,0,1.7912584740573476
22845_7856,1,107,0,1.795092179646833
23074_8011,1,103,0,1.797197019189836
22908_7926,2,101,0,1.7976497728121894
23017_7982,1,105,0,1.799268682455583
22841_7852,2,103,0,1.799489405680574
23030_7893,1,106,0,1.7995299325293646
23043_7983,1,105,0,1.7999042106385328
22978_7947,2,103,0,1.8010812605584252
22990_7856,1,105,0,1.8036422689204699
22972_7862,1,106,0,1.804219138800979
22908_7944,1,106,0,1.8055616475421932
23057_8068,1,106,0,1.8055914815837846
22895_7958,2,101,0,1.8062884829599868
22915_7842,3,104,0,1.8094503120984429
23033_7983,1,103,0,1.8103474863602282
22904_8041,1,103,0,1.815340471820274
23060_8009,1,106,0,1.8155280205250475
23084_7956,1,105,0,1.815681209698969
23033_8010,1,106,0,1.8159917614538776
22903_8016,1,106,0,1.8166708688941777
23084_7904,1,106,0,1.8175884906811697
22901_7996,1,103,0,1.8189015066834335
23013_7879,2,105,0,1.8217121341316105
23033_7944,1,103,0,1.8226680281619732
22913_8060,1,103,0,1.8242654206329367
22844_7934,1,106,0,1.8245334025189959
23026_7885,1,105,0,1.8253323238902512
22906_7843,3,103,0,1.8265725437897142
22853_8049,1,106,0,1.8269978126598785
22938_8030,1,106,0,1.8297489220021248
23047_8070,2,103,0,1.8301585407582175
23021_7845,1,103,0,1.831228927321214
22910_7877,2,103,0,1.8327526352486287
23037_7951,2,101,0,1.8347236672454994
22884_7941,2,101,0,1.8359091606510938
23011_8045,1,105,0,1.8406924537444267
22948_7925,1,106,0,1.841044488019613
22895_8032,1,103,0,1.8428284675666782
22886_7995,1,106,0,1.8437918301618925
23101_7979,1,106,0,1.8445827499561491
22966_7988,2,101,0,1.8453678541321163
22946_7886,1,107,0,1.846051687127438
22907_7980,2,101,0,1.846367735546935
22888_8045,1,106,0,1.8464061832720795
22942_7970,2,101,0,1.8471440190382111
22982_8068,2,101,0,1.8484908629920305
22938_7974,2,101,0,1.8525031516481716
23061_8018,1,103,0,1.855507025566976
22943_7932,2,105,0,1.856768470897232
22988_7883,2,101,0,1.8574410731750244
22886_8011,3,103,0,1.857898131824837
22862_7975,3,103,0,1.8584539722653597
22900_7889,2,103,0,1.858836175989446
23086_8008,1,106,0,1.8631865409200652
22873_8036,1,107,0,1.8632255439369287
22903_7967,3,103,0,1.8632979938097323
22991_7949,1,105,0,1.8667775916050957
22943_7850,1,105,0,1.8682692328863257
23030_7917,1,106,0,1.872134208016449
22914_7969,1,107,0,1.8722509947036095
22849_7943,2,103,3,1.8724571802456238
23054_8000,2,103,0,1.8749529906185505
22869_7993,1,106,0,1.8757239164680481
23053_8001,2,103,0,1.877122744300504
22987_8006,1,105,0,1.8785239072081696
22945_7854,1,103,0,1.8792901940703894
22931_7896,1,103,0,1.8801031817864333
22864_8042,1,107,0,1.8805931212891807
22937_7967,2,103,0,1.8813906660260629
22923_7841,2,104,0,1.8818170798647875
22913_8062,1,106,0,1.882284316507979
23079_7846,1,103,0,1.8832961396426164
22915_8007,2,103,0,1.8850561496563756
22865_7957,1,106,0,1.8871905355134853
22864_7969,3,103,0,1.8884287374548598
22919_8002,2,103,0,1.8888851098851005
22930_7924,1,105,0,1.8900040384971102
23092_7843,1,106,0,1.890847825034003
23038_7909,1,106,0,1.8908658903789428
23078_7933,1,103,0,1.8910147791659622
23020_8060,2,103,0,1.89106894087754
23042_7905,2,101,0,1.8915209360292025
23068_7999,1,103,0,1.8915579809094305
23015_7964,2,101,0,1.8919012070398158
22981_7904,1,103,0,1.8921162978678197
23030_8043,1,106,0,1.8924100957060566
22931_7975,2,101,0,1.8941139630955532
22963_8002,2,106,0,1.8942595187905982
22967_8025,1,106,0,1.8944448949369905
22940_7920,1,106,0,1.89582414978443
22950_8065,2,103,0,1.8977390146415851
22925_7849,2,103,0,1.8981336226937293
23047_8048,1,106,0,1.8996063159028849
22860_8045,2,103,0,1.9002807945957445
22962_7885,1,103,0,1.900589646882779
23074_8056,2,103,0,1.9028857525212
23104_7882,1,105,0,1.90445076124177
23011_8016,1,105,0,1.9054860897102885
22911_8068,1,103,0,1.9057664899457936
22924_8019,1,106,0,1.9071212207512704
22882_7953,2,103,0,1.9090616201972133
22965_8002,2,103,0,1.9090786271250286
22893_7936,2,103,0,1.9096139559806542
23071_8020,1,106,0,1.9102919836614414
23003_7978,1,105,0,1.9109433522306565
22841_7885,1,103,0,1.9124562098673012
22950_8036,2,103,0,1.9146465024873673
22882_7943,1,107,0,1.9149236499203017
22990_7929,2,103,0,1.9153112622590274
23013_7897,1,103,0,1.9159496990916745
22862_7976,3,103,0,1.9174820625033424
23084_7945,2,103,0,1.9179829918551292
23023_8064,2,103,0,1.9183464101907608
23056_7883,1,106,0,1.9202435536027431
23056_8034,2,103,3,1.923504998627747
23076_7846,1,103,0,1.924161598876698
22989_7879,2,101,0,1.9248110877029438
22899_8069,2,103,0,1.9258234892766446
23086_7900,2,103,0,1.926601664546014
22892_7982,2,101,0,1.9274804846938922
22998_7899,2,103,0,1.9283042684514666
23059_7896,1,106,0,1.9290105119788565
22898_8068,2,103,0,1.9292619583647443
22996_7974,2,103,0,1.9299232334967513
22912_7912,2,107,0,1.9299693894843621
22880_8035,1,106,0,1.9300945836042402
22829_7844,1,106,0,1.93046308467283
22934_8017,1,106,0,1.9308284673700842
22949_7867,1,106,0,1.9309378442974208
22952_7928,1,106,0,1.931217921809014
23083_7958,1,105,0,1.9330136903544204
22869_7914,1,106,0,1.9331962754903622
23101_7939,2,106,0,1.9340897041863565
23077_7838,1,106,0,1.9341931321572667
22876_7911,2,101,0,1.9347551485005217
23094_7949,2,103,0,1.9371280611896595
23024_8034,1,103,0,1.9371824711377534
23030_7934,1,106,0,1.9398381459766585
22868_7890,2,105,3,1.9421517778086022
22882_8052,1,106,0,1.9427967590279387
23038_7957,1,103,0,1.9436674725617031
23071_7914,1,103,0,1.9438385335492738
22887_8001,2,106,0,1.9468405909270958
22907_7976,2,103,0,1.9475751444181855
22866_7898,1,106,0,1.9484295071443603
23048_7845,1,106,0,1.9502559110846314
22922_8015,1,106,3,1.9511005981543144
22889_8065,1,106,0,1.9524398402004033
22920_7916,1,105,0,1.9528978486269937
22874_7889,1,105,0,1.953123272394613
23057_8036,2,103,0,1.9540082650235338
22875_8068,1,106,0,1.956494825438898
22934_7984,1,106,0,1.9565366443473637
23097_8043,1,106,0,1.9574462542299318
22904_7911,2,103,0,1.9580812020066791
22914_7968,2,106,0,1.9601566101956966
23011_8015,1,105,0,1.961077624886073
22918_7979,1,101,0,1.961984988195818
22971_7861,1,106,0,1.9642630738685944
22985_8065,1,104,0,1.9646225761335194
22942_8046,2,105,0,1.9649665031752275
23074_7911,2,103,0,1.965887753614242
22926_7949,2,101,0,1.967293412559235
22916_7963,1,106,0,1.9686286244590543
22939_7867,2,103,0,1.9696455517665918
23002_8048,1,103,0,1.9699896971808633
22935_8017,1,107,0,1.9700953305326014
23025_8000,1,106,0,1.9705575317375414
22835_7874,2,105,0,1.971320436087036
22982_7939,2,105,3,1.973009691311641
22983_8005,1,106,0,1.9737781959326313
22950_7996,2,106,0,1.9760800140909247
22947_7871,2,103,0,1.9763462107435674
22905_7909,1,106,0,1.9764828065194593
22923_8041,1,106,0,1.9765276881252087
22876_7997,2,106,0,1.9774964910562836
23101_7899,1,103,0,1.977807500882895
23021_7966,1,103,0,1.9779427473588125
22833_7872,2,106,0,1.979391099043708
22928_7942,2,103,0,1.980629548276125
22983_7843,1,106,0,1.9811675772635584
22911_7929,2,101,0,1.9815717757983258
23014_8056,1,103,0,1.9850068545261912
22874_8056,1,106,0,1.9851273840803094
22872_7883,2,101,0,1.9858891030515
23011_8054,1,103,0,1.9863558625857074
22967_8005,2,103,0,1.9867153133352444
22831_7971,1,103,0,1.9869459889244918
23024_8001,1,106,0,1.989659148074701
22865_7837,2,103,0,1.991114886076083
22990_7867,1,106,0,1.9943411082750726
22837_7890,2,106,0,1.9962689413182724
23074_7836,1,106,0,1.9968464440664901
22857_7860,1,106,0,1.9974581665582194
22959_7901,2,103,4,1.9980746105000264
23072_7931,1,103,0,1.9980958622769305
22905_7956,1,103,0,1.9994056880947988
23038_7952,1,103,0,2.000562050313337
22993_7873,2,101,0,2.000938302629108
22926_8062,1,106,0,2.001852428681332
22892_8007,2,103,0,2.0020992623624654
23029_7898,1,106,0,2.0025056534440195
22947_7936,2,105,0,2.002617412910842
22925_7940,2,103,3,2.0041952655449427
22879_8012,2,103,1,2.004921211061213
23009_8051,1,103,0,2.005011479948723
23083_7983,1,103,0,2.0053221351733628
22904_7927,2,106,0,2.0055392617574817
22904_7935,1,106,0,2.0065679684196382
22872_8025,1,106,0,2.0076264857456696
23008_7939,1,106,0,2.0082143178114835
22947_8027,2,103,0,2.008322171061265
22855_8003,1,107,0,2.00848863169308
22982_8006,1,106,0,2.0088874404684307
22922_7941,2,101,0,2.009012223218122
22929_7839,1,106,0,2.0094005621604283
23099_7968,1,103,0,2.0113206531532626
22951_8016,1,106,0,2.0117234419016827
22906_7986,1,106,0,2.0117983388105065
22999_8006,1,105,0,2.012230130992028
22955_7843,1,103,0,2.0131573865734027
22923_7939,1,103,0,2.0132761782996376
23042_7983,1,105,0,2.013581208511137
23098_7944,1,107,0,2.014754501155494
23062_7998,1,106,0,2.014828709297944
22873_8037,2,101,0,2.0156244717283975
23047_7998,1,107,0,2.0156513713088366
23005_7923,1,103,0,2.0163061936331887
22888_7960,2,103,0,2.0164443703893298
23071_8017,1,107,0,2.0176510207802876
23040_7837,1,103,0,2.0181698292116677
23091_7979,1,106,3,2.0189230785609253
22871_7954,2,103,0,2.021780574671365
22954_7845,1,103,0,2.0228465300312557
22913_7839,1,104,0,2.0231048333904713
22872_8036,2,103,0,2.0257607770972976
22910_7933,1,106,0,2.0275453549378146
23098_7949,1,106,0,2.0275957596877574
22863_8042,2,103,0,2.029132643056817
22864_7954,1,106,0,2.029919029701511
22905_8014,2,103,0,2.030160385144164
23001_7964,1,107,0,2.0315553905760537
22887_7951,1,106,0,2.0317968703523666
22866_7941,1,106,0,2.033509857404688
22908_7877,1,107,0,2.0348584462147072
23064_7906,1,107,0,2.036347036484395
22979_8028,1,103,0,2.0370150101378277
22955_7887,1,103,0,2.042330835703137
22943_8048,2,101,0,2.0454791063304536
22921_7927,1,107,0,2.0456672996943834
23071_8054,2,103,0,2.0462304161792995
22940_7987,2,103,0,2.04915712888083
23084_8054,2,103,4,2.050561835123715
22939_7864,1,106,0,2.051667523455276
22971_7939,1,105,0,2.052246142295208
22849_7894,1,105,0,2.0560791113191934
22945_7850,2,101,0,2.0576414111425123
22933_7858,1,103,0,2.059033453655836
22839_7926,1,107,0,2.059249287749489
23047_8050,1,106,0,2.06159208983058
22962_8037,1,106,0,2.061614922855676
23090_8059,2,103,0,2.0643434067295576
22882_7910,2,103,0,2.0643585849440242
22921_7902,2,105,0,2.0655009344557054
22865_7962,3,103,0,2.0663895548630564
23031_7868,1,106,0,2.06658399608095
22956_8021,1,106,0,2.0690289318385275
22856_8062,2,101,0,2.069503068318832
22950_8017,1,106,0,2.0699375000704014
23079_7936,1,107,0,2.0709202364838664
22917_7938,2,101,0,2.071248596638678
23022_8037,2,105,0,2.071342991830897
22887_8018,2,103,0,2.071438952389842
23078_7935,2,103,0,2.071720000930614
23100_7911,1,103,0,2.0719542141727003
22906_8012,2,106,0,2.07252473513235
23063_7998,2,105,0,2.0727942531048025
22883_7851,2,105,0,2.0728227953878893
22920_7926,1,106,3,2.073856314468502
23058_8038,2,103,0,2.0741014141395286
23102_7938,2,106,0,2.074684269933675
23059_7911,1,106,0,2.0757530759535254
23098_8051,1,105,0,2.07743245181822
23042_7982,1,106,0,2.0774493745090004
23086_7876,1,103,4,2.0775877212999383
22980_7923,1,106,0,2.081455956093083
23088_7894,1,107,0,2.0832563383053753
22950_8027,1,106,0,2.0839469277184985
23043_7928,1,106,0,2.0865307520020546
23043_7996,2,103,0,2.0882179384463906
22950_7924,1,106,0,2.088900678524963
23085_7979,1,103,0,2.0891021598848454
22857_8048,1,106,0,2.0907918468740707
23009_7981,1,105,0,2.091084093535722
23046_8059,1,106,0,2.0930517390090904
23054_8068,1,106,0,2.0957592746142337
23012_7984,1,106,0,2.096715624948316
23093_8068,1,106,0,2.097050806061429
22883_7910,2,103,0,2.098474050170063
22961_7943,1,106,0,2.0985341265906134
23059_7899,1,106,0,2.0992387877326193
23029_7869,1,106,0,2.101457182902256
23103_7906,1,106,0,2.1016426469814538
22910_7935,1,106,0,2.1020345514022267
22982_7943,1,106,0,2.102105417469104
22987_7881,1,103,0,2.1031610300789483
22927_8031,1,106,0,2.1033096908392017
23022_8040,2,103,0,2.1048636627898265
22990_8065,1,104,0,2.1051256133052507
23066_7903,1,106,0,2.1056545543546106
22944_8046,2,101,0,2.105748574687159
22956_7876,2,103,0,2.1070089703010306
23059_7936,1,103,0,2.107448544633049
22997_8049,1,105,0,2.108260413272343
22918_7943,2,103,0,2.1100174142250006
23056_7989,1,103,0,2.111455709224113
23069_7840,1,106,0,2.11161979166387
22933_7958,2,103,0,2.11174510409914
22919_7950,1,106,0,2.112592651177704
22937_8032,1,106,0,2.1132996150576053
22920_7927,1,106,0,2.1143826670999757
22912_7940,1,106,0,2.117169259981416
22885_7916,1,106,0,2.1181733061334276
22910_7936,1,106,0,2.1192375620407424
22909_8015,1,107,0,2.119616811299388
22893_8013,1,106,0,2.1203411408203614
22944_7887,1,105,0,2.1213412533962908
23102_8063,2,103,0,2.122419489896333
23087_8039,1,105,0,2.1235535826976317
23055_7954,1,105,0,2.124232579901009
22899_7967,1,106,0,2.127641280570332
23093_7901,1,106,0,2.1289897246375085
22951_8048,2,103,0,2.1299900420377806
22891_8027,1,101,0,2.1302218487482802
22931_7870,1,103,0,2.1315977254274485
22917_7848,2,101,0,2.132611835556198
22942_7859,1,106,0,2.133289760693866
22988_7934,2,101,0,2.1337382410407058
22957_7920,2,103,0,2.1343529519731472
22953_8026,1,106,0,2.135564677827178
22839_7973,2,103,0,2.1360096772242514
22910_8029,1,106,0,2.137234065572135
22910_8024,1,106,0,2.1383713347026463
22864_8056,1,103,0,2.1394435698730736
23014_7973,1,107,0,2.1395406413952327
23038_7849,1,106,0,2.1410665428341162
22993_7926,2,101,0,2.141950956514453
22855_8064,2,101,0,2.1420121419105578
22974_7894,1,106,0,2.1433417015101943
22990_7915,2,101,0,2.1454782080739396
22984_7863,1,106,0,2.1459644190760065
22933_7959,2,103,0,2.146941081652007
22923_7994,2,103,0,2.151287989579098
22967_8004,2,103,0,2.152321495165233
23018_7935,1,106,0,2.152552444888347
22880_8017,1,103,0,2.152656568982194
22960_7890,2,103,0,2.153497083735742
23024_7876,1,106,0,2.1535353331277225
23035_8024,1,103,0,2.153598647903624
22873_7851,2,103,0,2.1543579907249937
22934_8006,3,106,0,2.155053543492261
22868_7871,1,106,0,2.1551988587698636
22980_7981,2,103,0,2.1558081988195092
22904_7850,1,103,0,2.1559348197928174
22852_7938,1,106,0,2.155952685731889
22909_8005,1,107,0,2.156410605916823
22922_7976,1,106,0,2.157431738034096
22875_7955,1,107,0,2.1581679501195974
23043_7937,1,106,0,2.158978168456645
22982_7941,2,103,0,2.160327719631171
22877_7917,2,101,0,2.1608164822898828
22859_7868,1,106,0,2.161475951870557
23060_8049,1,106,0,2.1616510930298927
22972_7942,1,106,0,2.164366148254099
22970_8051,1,105,0,2.164887933686164
23101_7909,1,103,0,2.165279385002405
22972_8061,1,106,0,2.165405554498339
22895_8042,1,106,0,2.1681494374702757
23024_7931,1,103,0,2.1686524940171723
22932_7982,1,106,0,2.1725406769463014
22993_7892,1,106,0,2.172674165664237
22861_8043,2,103,0,2.1727333452505686
22921_7955,1,106,0,2.173174853311097
23069_8048,2,103,0,2.173209206883939
22877_7885,2,103,0,2.175961397876821
23041_7956,2,101,0,2.1763945081691314
22913_7927,1,106,0,2.1776809249148483
22864_7881,1,105,0,2.1783021947563572
22908_7883,2,103,3,2.1789297686091076
22974_7840,2,101,0,2.1791113936677515
23007_7923,1,103,0,2.1804914683035053
23020_8038,1,105,0,2.1806472281399754
22878_7928,2,101,0,2.1810179430133614
22826_7972,1,103,0,2.184000756769221
22863_7957,3,103,0,2.1851787502303712
22939_8040,1,106,0,2.1859632343213438
23054_7898,1,103,0,2.187052393680069
22969_7918,1,103,0,2.187378001124573
22874_8037,2,101,0,2.1899963346728533
22893_7945,1,103,0,2.1902503301503584
22962_7850,1,103,0,2.191374351662317
23011_7998,1,106,0,2.1917570739111265
22986_8053,1,105,0,2.19197620013799
22942_7945,1,106,0,2.193132727824712
22877_7854,1,107,0,2.193994599253445
22985_7986,1,105,0,2.194499531551744
22937_8008,3,106,0,2.195729379727643
22837_7975,1,103,3,2.197413405282883
23005_7919,1,106,0,2.1980384620949303
22942_7973,2,103,0,2.2005322097383764
22887_8011,3,103,0,2.201358499626826
22885_8018,2,105,0,2.201858730902624
22854_8069,1,106,0,2.2034527466714677
22937_7919,1,103,0,2.2036666017689153
22893_7940,1,107,0,2.2037717494822475
23019_7892,1,103,0,2.206036202257151
22946_7976,3,106,0,2.206247388277365
22879_7993,1,106,0,2.206357636366187
23079_8014,1,103,0,2.2087347931260246
23077_7837,1,106,0,2.20898775716474
23077_8062,1,103,0,2.209466982920175
22913_7852,1,107,0,2.209747215704746
22994_7878,2,103,0,2.210294158938329
23029_7911,1,103,0,2.2104962703095588
22960_7850,2,101,0,2.2105255829495185
22963_7998,2,103,0,2.2106235352726724
22960_7983,3,103,0,2.2118496594651904
22914_7837,1,104,0,2.212336617642767
22843_7904,1,103,0,2.212614210035645
22892_7930,1,106,0,2.212727199843393
23042_7839,1,106,0,2.214909859892952
22859_8005,3,103,0,2.2155459375939675
23002_7964,2,103,0,2.2156083960959716
22892_8054,1,106,0,2.2162554412164037
22985_8002,1,105,0,2.2170374280649296
22976_7878,1,103,0,2.2184914451772544
22998_7847,1,103,0,2.220054261577197
22986_8052,1,105,0,2.220881255663172
22972_8062,1,106,0,2.2226257058166263
22870_7904,2,103,0,2.2235650269714617
22936_8017,1,106,0,2.2237907513052377
23002_8030,1,106,0,2.224481830793401
23019_8069,2,103,0,2.2246254451707737
22984_7936,2,103,3,2.224927235451769
22937_8034,1,106,0,2.2266511713539727
23060_7884,1,105,0,2.227880119534735
22973_7844,1,103,0,2.2290682336325323
22836_7868,2,103,0,2.229689368501593
23074_7963,1,105,0,2.230991315943252
22986_8001,1,105,0,2.2310675230752066
22840_7934,2,103,0,2.2315056835807994
23016_7925,1,107,0,2.2321904435409183
22876_7837,1,104,0,2.232871986177247
22879_8052,1,106,0,2.234479555182579
22894_8042,1,106,0,2.234798161676784
23044_8044,1,105,0,2.235958960758237
22974_7869,1,106,0,2.236998923734314
22938_8032,1,106,0,2.238919226096846
22957_7853,2,103,0,2.239504108629993
22962_7995,2,103,0,2.2396665905128916
22954_7849,2,101,0,2.2397450345703276
22947_7868,1,106,0,2.2403588729888693
22908_8026,1,106,0,2.24254123854454
23062_8041,1,106,0,2.243018925912395
23030_7894,1,106,0,2.243343375418992
23081_7988,1,103,0,2.2435805321854394
22884_8050,1,106,0,2.2458916338269534
23073_7914,2,103,0,2.2462159061886453
22860_7910,1,106,0,2.246686584271396
22967_8051,2,101,0,2.2481807531732434
23012_7987,1,106,0,2.2483606964584646
22911_7884,1,105,0,2.2492106238318836
22991_7880,1,103,0,2.249496620120977
23057_8052,1,106,0,2.24974547877725
22897_7909,2,101,0,2.251797303834302
23018_8054,1,107,0,2.2521258644675513
22963_7848,2,101,0,2.253171112253177
22880_7942,1,106,0,2.2538497496583836
23024_7913,1,103,0,2.254121530157955
22898_7885,1,106,0,2.2556184191645006
23084_7902,1,106,0,2.2559392459331926
22979_7847,2,105,0,2.2561263902841455
22959_7971,2,103,0,2.256924987022878
23005_7946,1,103,0,2.2585461989427342
22967_8006,2,103,0,2.2590693235829638
22976_8054,1,105,0,2.2592067791289665
22870_7869,1,106,0,2.2608244246350515
22924_8003,1,107,0,2.2623069289260993
22928_7850,2,101,0,2.2631780074379813
23057_7899,1,103,0,2.266800404156121
22928_7851,2,101,0,2.2674245819568553
23087_7923,1,106,0,2.2683100083578696
22884_8040,1,106,0,2.2739287720394015
22903_8002,2,101,0,2.2751899669753963
23029_7908,1,103,0,2.276813379718593
23064_8066,1,106,0,2.277954890750318
23083_7859,1,103,0,2.2808639244011286
23048_7846,1,106,0,2.282620787639061
23032_7912,1,106,0,2.282803836946716
23087_7886,1,107,0,2.28288505578516
22923_7978,1,106,0,2.282911198204024
23091_7984,1,106,0,2.2841709262135104
22840_7874,1,103,0,2.2847339650344702
22991_7871,2,103,0,2.2864535184510304
22965_7974,2,103,0,2.2881111046476827
23042_7889,1,105,0,2.288729753918205
23101_7844,1,106,0,2.28963195844553
23103_7848,1,106,0,2.2897687516506298
22884_7948,1,106,0,2.2898960922326563
23030_7909,1,103,0,2.2926741268717747
22980_7901,1,106,0,2.2929126090241714
22911_7927,2,103,0,2.296434071939708
22888_7951,1,106,0,2.2981141320316425
23057_8042,1,105,0,2.2992578538884376
22938_7919,1,106,0,2.299376502775606
22887_7856,2,103,0,2.3005051194915374
22867_7968,1,106,0,2.3009845517856222
22890_8055,1,106,0,2.3021621131708825
22878_8032,2,106,0,2.3042071861930724
22918_7969,2,106,0,2.305446034472166
22864_7914,1,106,0,2.3075698506146094
22953_8038,2,101,0,2.3079155649426
22983_7947,1,106,0,2.309490668628691
23048_7921,1,105,0,2.311034711272378
22887_7984,1,106,0,2.3125596200696585
23079_8070,2,103,0,2.313130774842044
22977_8011,1,106,0,2.315339192560452
23004_7916,1,106,0,2.3170228464344462
22816_7841,1,103,0,2.3170347189733262
23091_7887,2,103,0,2.317055527406074
22926_7928,1,106,0,2.319340649793278
23049_7972,2,101,0,2.3216333064299723
23053_8066,2,103,0,2.322917466736313
22955_7851,2,103,0,2.32338228341534
23088_7947,2,103,3,2.3260734653753623
22910_8018,2,106,0,2.3267109172662375
22903_8031,1,106,0,2.3276743498915695
23081_7847,1,103,0,2.32963806604184
22922_7847,2,101,0,2.329841449012527
22959_7850,2,101,0,2.3306642842000342
23101_7838,1,106,0,2.332508002569606
22851_7908,1,103,0,2.3336541177695893
23082_7850,2,103,0,2.333891566297815
22865_7941,1,106,0,2.3343438425276766
22913_8055,2,103,0,2.335706557279499
22940_7972,1,106,0,2.337137532034493
22875_8010,1,107,0,2.337557128258408
22999_8007,1,105,0,2.337765564096965
22893_8005,2,103,0,2.33824129395059
22857_7948,2,103,3,2.339400595477925
22974_7884,1,103,0,2.341531457905492
23006_8068,1,104,3,2.342839298746994
23012_7875,2,103,0,2.3458035139955755
22920_8002,4,103,0,2.3467073677744708
22947_7996,1,107,0,2.3468836620492266
22905_7992,2,101,0,2.3469416301308788
23072_7890,1,105,0,2.347328061395114
22926_7940,2,103,0,2.3474751054694174
22981_8062,2,101,0,2.3477138712489434
22985_7951,1,106,3,2.3499909116087774
22905_7988,1,106,0,2.350777764841754
23018_7837,2,103,0,2.351742220954391
23052_8027,2,103,0,2.3518858606742286
22865_7951,1,103,0,2.354361863298008
22965_8004,1,106,0,2.3559352078845053
22949_7850,2,101,0,2.357866395332893
22852_7861,1,103,0,2.3579726751864074
22930_8070,2,103,0,2.357994869119942
22970_8018,1,106,0,2.3586406895614838
22850_7946,2,103,0,2.3590818269322282
23076_8014,1,103,0,2.361011308149118
23012_7950,1,106,0,2.362165938474662
22987_7862,2,103,0,2.3622185585212034
22990_7944,1,106,0,2.3629480851805584
23025_8016,1,103,0,2.3629809880222656
23029_7915,1,106,0,2.3632789508861562
22863_8053,2,103,0,2.363467735430454
22867_7840,2,103,0,2.3658452166392903
22952_7918,1,106,0,2.3664077441135363
22914_7955,1,106,0,2.368310577026483
22994_7916,1,103,0,2.3687305457131296
22921_8043,1,106,0,2.3688284023191657
22993_7928,2,101,0,2.3692433958497734
22890_7838,1,104,0,2.3711018607184875
22877_7993,1,106,0,2.3716206958069335
22949_7964,1,103,0,2.372313095356879
22994_8050,1,105,0,2.3730928317154625
22948_8068,1,106,0,2.375506479035384
22959_8069,1,106,0,2.3774713646111167
22871_7851,2,106,0,2.377822908672931
23098_7971,1,103,0,2.37969177263586
22935_8007,3,106,0,2.3803181952353576
22961_7994,2,103,0,2.3814222101573774
22867_7966,1,106,0,2.3814306178259477
22977_7928,1,106,0,2.3817877863165093
22885_8006,3,103,0,2.382135466195187
23061_8019,1,103,0,2.3826727838310675
22988_8071,1,104,0,2.3835809382626794
23080_8011,1,103,0,2.3896442397411564
22977_7970,1,106,0,2.3897761467652243
22866_7999,2,103,0,2.3903270920294952
22841_7883,1,103,0,2.3905935843825965
22948_7987,3,103,0,2.391895977666243
22883_7991,1,106,0,2.3927041479295057
22977_7921,1,103,0,2.393148919240607
23035_7992,2,103,0,2.3934919761432667
22946_7926,1,106,0,2.393810086700841
23018_7897,2,101,0,2.394337151411484
22946_7997,2,101,0,2.3958397416608075
22922_7859,2,103,0,2.3993574543265965
23033_7968,1,103,0,2.3993623614041564
22925_7960,1,106,0,2.399466741048054
22885_8011,3,103,0,2.399853390497387
22964_7976,2,103,0,2.3999864336261605
23073_7916,2,103,0,2.4000025836761063
22865_7958,1,107,0,2.4002129180041427
23042_7894,1,105,0,2.4012198316001006
23083_7858,1,103,3,2.401715113397542
22866_7858,1,106,0,2.403537444241728
22860_7950,2,103,0,2.406061760826823
23018_8051,2,103,0,2.410443826503679
22944_8064,2,103,0,2.4151596824302346
23078_7976,1,106,0,2.4159702051008654
23099_8050,1,105,0,2.4165460714175193
23048_8044,1,106,0,2.4166859172633677
22924_7985,1,106,0,2.417901488582876
22947_8060,1,107,0,2.4187677617953467
23048_7975,1,103,0,2.421415508111761
23036_7948,1,103,0,2.4217253507020047
22946_7902,1,106,0,2.4269089166153828
23017_7926,1,103,0,2.4278636255592274
22950_8040,2,103,0,2.429216101461248
22922_7927,1,106,0,2.4301429928395173
22926_8059,1,106,0,2.4320856937871405
23056_7952,1,105,0,2.432108935531019
22996_7917,1,103,0,2.4329802304343353
22928_7853,2,103,0,2.4332080114923396
23101_7852,2,103,3,2.4355367563196118
22964_8033,1,106,0,2.4362467310087332
23089_7965,1,103,0,2.4402315914167
23097_8047,1,105,0,2.4414380976482755
23084_7862,1,103,0,2.4432066719521224
22929_7922,1,105,0,2.44390196754137
23099_8049,1,105,0,2.4453829220478833
22957_7985,3,103,0,2.4460517304749843
22960_7849,2,101,0,2.4464229340557884
22945_7870,2,103,0,2.4496892178915703
23001_7884,1,107,0,2.450353514730631
22971_7919,1,103,0,2.4549833574398194
22999_7965,2,103,0,2.4562661112065696
23090_7970,1,103,0,2.4591065944029955
23094_8045,1,105,0,2.459238156806029
22880_8025,2,103,0,2.4608810083464903
22829_7877,1,103,0,2.4625981225973415
22883_8057,2,103,0,2.463088110306962
22916_7958,1,106,3,2.4644291518223658
23049_7844,1,106,0,2.464500488106865
23086_7877,1,103,4,2.464979619128095
22971_7868,1,106,0,2.4656240936286045
22972_7943,1,106,0,2.467861478072517
22931_7884,1,103,0,2.4681028497753754
23027_7889,2,103,0,2.4689360591633616
22894_7871,1,106,0,2.469263822770555
22922_7979,1,106,0,2.4698649552738727
23024_7932,1,103,0,2.47115408015711
22888_8044,1,106,0,2.4712705142313265
22901_7907,2,103,0,2.4716994067152886
22979_7945,2,103,0,2.4731626274652414
22929_7838,1,106,0,2.4735253010625926
22998_8007,1,105,0,2.474023607792908
23076_8058,1,103,0,2.4743417547624786
22926_8065,1,106,0,2.4748304001399353
22886_7953,1,106,0,2.4755734852494884
22883_7945,1,106,0,2.476185748988538
22999_7926,1,106,0,2.4768423394862507
23104_7864,2,103,0,2.476967131717102
22850_7892,2,105,0,2.477057695326736
22923_7847,2,101,0,2.477954234339996
23022_7949,1,106,3,2.4782745696935153
22984_8063,1,106,0,2.4797488461747585
22915_8062,1,106,0,2.4813450810862667
22996_7864,1,105,0,2.482014648251998
23097_8067,1,107,0,2.4823030017236394
22951_8051,2,103,0,2.4834364611645188
22961_7849,2,101,0,2.4846625164255522
22952_8021,1,106,0,2.4855044233159176
23055_7949,1,103,0,2.4856364441995296
22959_8049,1,106,0,2.4863652578252853
23022_7841,2,103,0,2.4875692233648197
22897_7898,2,103,0,2.487984679951507
22892_8048,1,106,0,2.4882920230989685
22901_8015,1,106,0,2.4883397308867696
22948_8046,2,105,0,2.4901101609459166
22921_7915,1,105,0,2.4912617174645844
22925_7962,1,106,0,2.492714272533479
22834_7856,1,106,0,2.493545514141309
22994_7981,2,103,0,2.4960644728674795
22938_7975,2,101,0,2.4962221419877046
23104_8062,2,103,0,2.4981728358317166
22958_7882,2,103,0,2.4984035831895643
22929_7875,1,106,0,2.5006864250533227
22956_7865,1,106,0,2.5018847758378007
23069_7857,1,103,0,2.501966132782099
22966_7905,1,106,0,2.5021488280137634
23004_8053,1,106,0,2.5031537845354705
23003_7882,1,106,0,2.5033934971886156
22903_8009,2,101,3,2.5081564662055857
22928_7852,2,101,0,2.5082896773354872
22853_7871,1,106,0,2.5084859098482304
22892_8001,3,103,0,2.5095517398986753
23099_7964,2,103,0,2.5104553661117364
23100_7871,1,103,0,2.5110782731150554
23056_7990,1,103,0,2.5128307953958715
22892_7878,1,106,0,2.5128410795454625
22951_8022,4,101,0,2.5130846165316973
22905_7967,2,103,0,2.5156649001940847
22966_8023,1,106,0,2.5156812092835477
22906_7840,1,104,0,2.516578911825141
22951_7917,1,106,0,2.5169360992372822
22916_7840,3,104,0,2.5181292275015026
23011_7874,2,103,0,2.5187304639340775
22875_7858,1,106,0,2.5196156627608097
22901_8003,1,106,0,2.520827235812246
22889_8029,2,101,0,2.5209934756731256
22989_8067,1,104,3,2.521004643922132
22970_7933,1,106,0,2.5215597981583615
22971_7866,1,107,0,2.5219007119356354
22983_7851,1,105,0,2.522264888458898
22952_7888,1,106,0,2.524065985073325
23097_7981,1,103,0,2.524451888882355
23042_7954,2,101,0,2.5259480033530837
22916_8050,1,105,0,2.5280113903749637
22977_7946,1,106,0,2.5280177098233167
22947_8017,1,103,0,2.5288724317307296
22897_7919,2,103,0,2.52905916348227
23017_7851,1,106,0,2.5294164791227445
22982_8063,2,101,0,2.5306319855664374
22923_7967,1,106,0,2.5325838992166645
22990_7932,2,101,0,2.533513930858061
23040_7842,1,106,0,2.534340774951087
22913_8038,1,106,0,2.534900123527681
22879_7837,1,104,0,2.5359112461997033
22944_7981,2,106,3,2.5359703318322997
22919_8069,1,106,0,2.536639268446188
22969_7869,1,106,0,2.536679643677561
23083_8000,1,106,0,2.5371586595824764
23021_7844,2,103,0,2.537170082273584
22928_7953,2,101,0,2.5375649142681023
22924_7846,1,106,0,2.54004776757948
22893_8007,2,103,0,2.5406223815489732
22908_8039,1,106,0,2.5415972380517484
22942_8035,1,106,0,2.5418683253775924
23075_8057,2,103,0,2.5425762860637313
23019_7935,1,106,0,2.5430735819914916
22881_7991,1,106,0,2.5436551214697882
23008_7887,2,103,0,2.5436827144330127
23038_7992,2,103,0,2.5437042144377404
23069_8068,1,106,0,2.543810207531852
23005_7905,1,106,0,2.5449225844439844
23100_7912,1,103,0,2.545328347445381
22983_8062,1,106,0,2.545416771893737
23010_7893,1,103,0,2.546744092005224
23001_7920,1,103,0,2.547033625851534
22867_7871,1,107,0,2.5472941771413717
23059_8043,1,105,0,2.547870060623922
22868_7883,1,107,3,2.5479772114508648
23086_7921,1,106,0,2.5481548419931936
23033_7919,1,106,0,2.5487780171969
23053_7951,1,103,0,2.550101962121972
22984_7908,1,103,0,2.5508709639814477
22925_7867,2,105,0,2.5511437604446185
23060_7912,1,106,0,2.552457369229195
23046_7964,1,106,0,2.552715701230285
22889_8016,1,103,0,2.554282515710012
22994_7912,2,103,0,2.5555759706569052
22888_7947,2,101,0,2.5561229938500865
22922_8026,1,107,0,2.5563504715585936
22904_7988,2,101,0,2.5566056490947826
22865_8061,1,103,0,2.556978507107204
22958_8062,2,103,0,2.5576366169078986
23015_8020,1,106,0,2.5588912667670543
23088_7994,1,106,0,2.5603101395257686
23097_7944,1,106,0,2.5608572381768617
22926_7979,1,106,0,2.5608675984805074
22999_7877,2,106,0,2.5611760950084754
23024_7925,1,103,0,2.5615029689201045
22911_8036,1,106,0,2.562313126604025
23088_7918,1,106,0,2.5624474405744713
22953_7914,1,106,0,2.5632543003518937
22969_7861,1,103,0,2.563385461361333
22972_7940,1,106,0,2.564145965895414
22842_7879,1,107,0,2.5642324202928366
23067_8046,2,103,0,2.564429000589612
23015_7843,1,106,0,2.5662174268339566
22974_7841,2,101,0,2.5668356849530016
23085_7877,1,107,0,2.5673970738016165
23022_7920,1,103,0,2.5678346762010507
22893_7939,2,103,0,2.568893009654683
23067_7909,2,106,0,2.5697388439514155
22911_7881,2,103,0,2.5723204154301547
22957_7878,1,106,0,2.573135508715064
23005_7958,1,103,0,2.5735168593200624
22945_8029,1,107,0,2.5745090944011157
22955_8019,1,106,0,2.575693462942626
22863_7867,2,103,0,2.576435508324744
22880_7992,1,106,3,2.5766813198407763
22900_8015,1,106,0,2.577150284047437
22935_7902,1,103,0,2.577833540852801
22969_8050,2,101,0,2.5779326202913335
22908_7969,2,103,0,2.5806274586229665
22904_7922,2,106,0,2.5809215552465936
22952_7940,1,106,0,2.581154877419247
23055_7953,1,105,3,2.581779992509616
23056_7992,1,103,0,2.5836080322519157
23070_8058,2,103,0,2.5876137800530423
23035_7873,1,106,0,2.587772227618135
23003_7887,2,101,0,2.5878349959692066
23040_8030,1,106,0,2.5881042631967337
22965_8031,1,106,0,2.5882176192804827
23097_7984,1,103,0,2.5901983327599316
22840_7925,1,103,0,2.5906873024895
23048_7954,1,103,0,2.591761840058755
22973_8063,2,103,0,2.5920442931684713
22931_7868,2,107,0,2.5929916828038637
22972_7843,2,101,0,2.59462255616884
22904_7886,1,105,0,2.596167805874468
22942_7978,2,103,0,2.5962446698379877
22897_8033,2,103,0,2.596687013442737
22966_7872,1,106,0,2.596909868658149
22880_8027,2,103,0,2.597649177846231
23088_7896,2,103,0,2.5987843787728973
22959_7934,1,106,0,2.599046459432121
22880_7896,1,106,0,2.599281249360811
23022_7965,1,103,0,2.6011218357825703
22926_7953,1,106,0,2.601607403515041
23008_8064,1,104,0,2.6023764703068917
22914_7886,1,105,0,2.6029569574541114
23048_7917,1,105,0,2.6035239786728144
22848_7844,2,103,0,2.604996961911368
23079_7973,1,106,0,2.6053264477211875
23013_7924,1,103,0,2.6066812412793214
22928_7921,1,105,3,2.608224185203013
22909_7986,1,106,0,2.608790967832159
22908_7964,1,103,0,2.6099406371275724
22961_8029,1,106,0,2.6101362895600815
22960_7984,3,103,0,2.612279596533788
23052_7878,1,106,0,2.612312579508683
22973_8050,2,101,0,2.612696426223592
22914_8049,1,103,0,2.6133509301938527
22910_7914,2,103,0,2.614573792556404
23057_7887,1,106,0,2.616775590687433
22961_7855,1,103,0,2.6169210703939583
22834_7846,1,106,0,2.6178281573003934
23036_7893,1,103,0,2.6197798648325215
23012_8003,1,106,0,2.6201028828015063
23045_7946,1,106,3,2.620310593671952
22917_7880,2,105,0,2.6214950161416013
22893_8024,2,101,0,2.623402615790479
22869_7906,1,106,0,2.6258062221733436
23042_7926,1,106,0,2.626515198616579
22869_7871,1,106,0,2.626612464546038
23046_7950,1,106,0,2.629605775156536
23047_7909,1,105,0,2.630425215248413
23066_8060,2,103,0,2.6312089999286594
22939_7953,1,106,0,2.6314690967956387
23044_7895,1,103,0,2.6324910002935296
22970_7843,2,101,0,2.6338108242664955
22878_7982,2,101,0,2.6349470785495757
22922_7912,1,105,0,2.6352385937137672
22910_8008,1,106,0,2.6362641886495144
23023_7837,1,103,0,2.639910381680859
22888_8014,3,103,0,2.641897473719867
22942_7982,2,101,0,2.645562387031569
23079_7974,1,106,0,2.6463059201062635
23056_8051,1,106,0,2.647084885302401
22941_8011,3,106,0,2.6486833393879574
23085_7879,1,103,4,2.648779407769683
23085_7878,1,103,4,2.65050747913559
22921_8021,2,103,0,2.650550455754038
22904_7981,1,101,0,2.6521399778324715
22982_7870,1,106,0,2.6522252185393693
22903_7931,2,106,0,2.652276313440877
23054_8016,1,106,0,2.6544899160598567
22940_7953,1,106,0,2.655626454863634
23001_7962,2,101,0,2.6561562307786213
22912_7939,1,106,0,2.6564329861179723
22944_7910,1,106,0,2.6577424215828134
23001_7888,2,101,3,2.6579499202939822
22944_8030,1,106,0,2.6581816627408337
22966_7914,1,103,0,2.658700886235093
22908_7869,1,106,0,2.6592816643406376
22965_8070,1,106,0,2.6598418356348095
23047_7997,2,103,0,2.6602244191332223
22910_7882,2,103,0,2.660983415356119
22930_7976,2,101,0,2.661277068618952
23070_8018,1,105,0,2.661325049020926
23070_8017,1,103,0,2.664337520689755
22928_7930,1,103,0,2.6662022042296663
22881_8057,2,103,0,2.6675581190376993
22942_7915,1,103,0,2.668377658021129
22920_8004,2,106,0,2.6695763641596177
22922_7896,2,105,0,2.6713013357821365
22946_8057,2,103,0,2.6714291715603142
22897_7973,1,106,0,2.6753864987881193
23033_8028,1,103,0,2.6759004125143178
23031_7913,1,106,0,2.677752394524415
22916_8027,2,106,0,2.6804772914001385
23051_7981,2,103,0,2.680598896530546
23080_7971,1,106,0,2.680813267909641
22915_7914,1,105,0,2.6809502357263213
22933_8006,3,106,0,2.6818612538327526
22874_8063,1,106,0,2.6832147578404055
23005_7888,2,101,0,2.6838542567775634
22903_8041,1,103,0,2.6839578542981375
22838_7865,2,103,3,2.684589447067167
22906_8043,1,103,0,2.6865843473318236
22998_7846,1,103,0,2.686886531708326
23051_7912,2,101,0,2.688361894108567
22841_7855,1,106,0,2.688453072001138
23008_7981,1,105,0,2.6888378567930467
22966_7981,2,103,0,2.6907025902835535
22998_7978,1,105,3,2.692427533221506
22964_8032,1,106,0,2.693061337307943
23021_7843,2,103,3,2.6942293865412332
22998_8006,1,105,0,2.694814005852555
23101_7906,1,103,0,2.6955410888900215
23026_8007,1,103,0,2.696227459456512
22952_8012,1,101,0,2.698973466907205
22944_7912,1,103,0,2.6993393816824094
22834_7861,1,106,0,2.699519976490459
22912_8037,1,106,0,2.701915028428268
23096_8047,1,105,0,2.704885552632494
22925_7988,2,103,0,2.7053671318183667
23062_8002,1,106,0,2.707367871547524
23059_7883,1,105,0,2.708595352538682
22941_7987,2,103,0,2.7088107320158485
23101_8059,1,105,0,2.7102306240258147
22916_7989,1,103,0,2.7133080904104885
23014_7917,1,106,0,2.714085895603333
22951_7929,1,106,0,2.714659937086154
22912_7929,2,106,0,2.7149470525384403
22847_8056,1,106,0,2.714949670064968
22940_7916,1,103,0,2.7151255830313046
23022_8049,2,101,0,2.7175619715794115
22961_7876,1,103,0,2.7181100234176387
23013_8024,1,106,0,2.7197632360645216
22925_8057,1,106,0,2.7203095006810747
22996_7956,1,105,0,2.7212866256999475
23099_8053,1,105,0,2.7234220089259202
22898_7894,2,103,0,2.7276596291627864
22942_7984,2,101,0,2.7282538329510575
22944_7969,2,103,0,2.7288824749747738
22923_8039,2,106,0,2.7291109985921533
22942_7983,2,101,0,2.7292116498676626
22963_7979,2,103,2,2.7301030204758305
22822_7860,1,103,0,2.7312907999767146
22926_7919,1,105,0,2.7319270239447
22846_7900,1,103,3,2.7331136883819327
22920_8015,1,106,0,2.7338856590067686
22958_7862,2,103,0,2.734353565755078
22964_7978,1,107,0,2.736519906198852
22934_7845,2,101,0,2.736608117544808
23011_8070,1,104,0,2.7369921927918472
22867_7903,2,103,0,2.737573854563966
22960_8000,1,107,0,2.7454378520615603
22954_7948,2,103,0,2.7486787322051036
22863_8061,1,103,0,2.748854262297416
22889_7883,1,106,0,2.750702919468092
22970_7880,2,103,0,2.75129124749852
22989_7931,2,103,0,2.7522459075291814
23001_8041,1,106,0,2.7537149167283657
23066_7900,1,106,0,2.753724383636427
23095_7880,2,103,3,2.7546065065783996
22865_7991,1,106,0,2.756693857164784
23009_7847,2,101,0,2.7577193854293425
22913_8016,1,106,0,2.7583580507978036
22966_7848,1,103,0,2.7583737084384934
23004_7913,1,106,0,2.760137458547322
22956_7940,1,105,4,2.760261870197397
23030_7989,1,103,0,2.7618726962318
22932_8044,2,103,0,2.7623665155463795
22904_7839,1,104,0,2.762558581830968
23078_7977,1,106,0,2.7628951916009594
22860_8053,2,101,0,2.7640258584376958
22942_7889,1,103,0,2.76462153900402
22933_8046,2,103,0,2.767460039014423
23088_7963,1,103,0,2.7693732201243932
22951_8031,4,101,0,2.7708789924035044
23065_7910,1,103,0,2.7708920428235397
23019_7839,1,103,0,2.772695134884362
22843_7853,2,103,0,2.772834607022188
23021_8035,1,107,0,2.7799900157292234
22925_8019,1,106,0,2.7814659507061794
22940_8015,1,106,0,2.782482465109534
23047_7838,1,106,0,2.782890016585213
22941_7887,1,106,0,2.7838091706041617
23088_7924,1,106,0,2.7858724267295707
23029_7916,1,106,0,2.7865529897610775
22933_7844,2,101,0,2.7867827215874628
22854_7894,1,106,0,2.787611217184203
22958_7861,2,103,0,2.7890271918218907
23085_7880,1,103,4,2.7892601985847127
22962_7946,1,106,0,2.7898246369403394
22911_7993,2,103,0,2.7910072055685493
23061_7903,1,103,0,2.791082216195438
22903_7943,1,106,0,2.791088131496649
22948_7890,1,103,0,2.792411451328195
22906_7845,1,104,0,2.7926346977650836
23012_8054,1,103,0,2.792662030479204
22948_8062,1,106,0,2.7926853335995614
22926_7858,1,106,0,2.7928538562822087
22918_8028,1,106,0,2.7938819023098396
22923_7944,2,101,0,2.7952512957908193
23031_7987,1,103,0,2.7961728003279376
22925_7850,2,103,0,2.796804212134935
22907_7983,2,106,0,2.7974682730263867
22871_7883,2,101,0,2.7981234301534665
23021_8031,1,103,0,2.7982328578337015
22906_7977,2,103,0,2.7986641224258073
22906_7924,2,101,0,2.799198913109768
23093_8063,3,101,0,2.8013008449704353
23085_8032,1,105,0,2.8013062082832025
22886_7963,1,106,0,2.801896451001132
22946_7985,3,106,0,2.80324616988805
22913_8037,1,106,0,2.8035164127347243
23002_7869,1,105,0,2.80402556468097
22941_7894,1,103,0,2.8063582347946783
22920_8035,2,106,0,2.80653950202169
22883_7850,2,105,0,2.807640401206694
22998_8035,1,106,0,2.8079663759283315
23058_8045,1,105,0,2.808379920228206
23063_7885,1,105,0,2.8084339785461023
22893_7949,1,106,0,2.8088088426614894
23052_7944,2,101,0,2.810399610739228
23011_7938,1,106,0,2.812046262291565
23080_7893,1,105,0,2.81272010734566
23104_7891,1,106,0,2.813771484311507
23093_7966,1,106,0,2.81400281862431
23012_7879,1,105,0,2.814644507273673
22951_8027,1,106,0,2.8152385606299735
22873_7848,1,106,0,2.815250640424269
22974_7887,1,103,0,2.815622173648241
23079_7993,1,103,0,2.8166303685648217
23025_7862,1,106,0,2.816763064694668
22831_7868,1,106,0,2.8174362272561373
22960_7907,1,107,0,2.818088688708079
22848_7873,1,106,0,2.819054416714061
23100_8054,1,105,0,2.8197318361896606
22915_7977,2,103,0,2.820298763989136
23067_7899,1,106,0,2.8203168264078253
23048_7849,1,106,0,2.821209731327404
22858_7949,2,103,0,2.826161192801512
23087_8057,2,103,0,2.82667593148343
23096_7955,2,103,0,2.8268386907702996
23015_7845,1,106,0,2.828935968645808
22984_7980,2,103,0,2.830114835183456
22841_7924,1,103,0,2.8311264549956716
23020_7986,1,103,0,2.831236345921072
23027_7887,1,105,0,2.8322391500762443
23017_8069,1,104,0,2.8338647296189703
22950_8038,2,103,0,2.834371645156868
22951_8053,2,103,0,2.83471802127375
23006_7876,1,105,0,2.8356751780364426
22832_7846,1,106,0,2.83614603807853
22895_7841,2,101,0,2.8362387683769503
22877_8028,1,107,0,2.8372486914067716
23029_8046,1,106,0,2.8378780320058983
22952_7893,1,106,0,2.8403947682866715
23004_7910,1,106,0,2.8427343559099603
22970_8062,1,106,0,2.8437997660943575
22873_7947,1,106,0,2.844082228422374
22900_7913,2,101,0,2.8451791211084174
22955_8041,2,101,0,2.8458302657100747
22912_8015,1,106,0,2.846079661332492
23004_7873,1,105,0,2.84687987264371
23023_7901,2,101,0,2.8470251428860047
22907_7969,2,103,0,2.8489060332503486
23024_7923,1,103,0,2.849047576296142
23084_7946,2,103,0,2.849077190783057
22869_7843,2,103,3,2.8492944945620535
22922_7972,1,106,0,2.8526492201632396
23058_8068,1,106,0,2.852843403648149
22999_8005,1,105,0,2.855774844949925
22936_8013,1,106,0,2.8595331577775367
22938_7987,2,103,0,2.8601903436183815
22961_7910,1,106,0,2.8613361583871697
22928_7890,1,106,0,2.861454582145603
23020_8019,1,106,0,2.863181101836004
23102_7893,1,106,0,2.8632712150300974
22979_7883,1,103,0,2.864130766017529
23025_7881,1,105,0,2.8654587871303434
23017_8023,1,105,0,2.865961382799117
22844_7932,1,106,0,2.866136154807003
22950_8066,2,103,0,2.8668596189400812
22886_8031,2,101,3,2.8675970413020737
22985_8010,1,106,3,2.868776631822523
22936_7846,2,101,0,2.8697054122550556
22913_7973,3,103,0,2.8709644575021134
22932_8017,1,106,0,2.8710683526247585
22878_7914,1,103,0,2.8711663318311644
23000_7879,2,106,0,2.872158588388989
22917_8070,1,106,0,2.872580608569978
22972_8048,1,106,0,2.873064867511078
23086_7912,1,106,0,2.873466280622578
22999_8009,1,105,0,2.874073615406757
22964_8003,1,106,0,2.874686507095332
22955_8054,1,106,0,2.8747260363350353
22994_7851,1,103,0,2.8748257718903107
22938_7918,1,106,0,2.874985279482339
22952_7936,2,103,0,2.875504123321646
23040_7957,2,101,0,2.8772213195875618
22960_8011,1,106,0,2.8772602954689073
22976_8017,1,103,0,2.8779662064778666
22964_7999,2,103,0,2.8783502366262783
23000_8009,1,105,0,2.878796775015171
23095_8002,1,103,0,2.879079772256289
22948_8029,2,103,0,2.8798475530431618
22825_7972,1,103,0,2.8802357324274825
22864_7880,1,105,0,2.8804556670942674
23081_7913,1,106,0,2.8807435214097215
22946_7850,2,101,0,2.881444071683009
23068_7909,2,106,0,2.8828405931983654
22912_8041,1,106,0,2.88325902237191
22910_7918,2,103,0,2.8889139732212312
23059_7890,1,106,0,2.8889397794169787
22910_8046,1,103,0,2.892326831925876
23045_8043,1,105,0,2.8940489513863223
22973_7943,1,106,0,2.8950364760068252
22896_8017,2,101,0,2.895080548436245
22867_8003,3,103,0,2.89671870819455
22913_7941,1,106,0,2.896792748682388
22975_8065,2,103,0,2.8984371483498896
22959_8045,2,101,0,2.9008106649378105
22859_7878,1,106,0,2.901291506106627
22934_7986,1,106,0,2.9014861016976425
23079_7969,1,106,0,2.902103970594529
22886_8012,2,107,0,2.902206469194637
22937_7993,2,103,0,2.9029437712511164
23012_8011,1,105,0,2.9051307856197
23054_8042,1,105,0,2.9098217908532136
23101_7841,1,106,0,2.9107671120293954
22925_8052,1,105,0,2.910834963945822
23075_7908,1,106,0,2.9128734611664413
23071_8019,1,105,0,2.9133761191573377
22920_7964,1,106,0,2.913499374569999
22896_8068,1,107,0,2.914560607446899
22969_8020,1,106,0,2.9153643977080645
22889_7841,1,104,0,2.915440757001544
22995_8067,1,104,0,2.9169403731670442
22982_8062,2,101,0,2.9179493188429113
23014_7975,1,106,0,2.918863442488085
22950_7851,1,103,0,2.9192281671674922
22824_7856,1,103,0,2.9193936743485636
23047_8062,1,106,0,2.9202109512215952
23037_8019,1,103,0,2.9209808136474615
23032_7993,1,103,0,2.9217934252891924
22986_7909,1,103,0,2.923353478303304
22827_7873,1,103,0,2.9251072905562707
23082_8008,1,103,0,2.927699595260722
22929_7848,2,101,0,2.9297356729014123
22851_8058,1,106,0,2.930178933786578
22946_7967,2,103,0,2.930427783780608
22902_7954,2,103,0,2.931162854768171
22852_8049,1,106,0,2.9327824880025783
23095_7850,1,106,0,2.932825316270862
22941_7979,2,101,0,2.9334828474803336
23029_7905,1,103,0,2.9343397652051704
22910_7982,2,106,0,2.9363252504262665
23041_7895,1,105,0,2.9365972121122996
22885_8049,1,106,0,2.936749716878414
22968_8008,2,103,0,2.93739867728273
22854_8068,2,101,0,2.938345475939112
23050_8044,1,105,0,2.9396181681256652
22958_8051,1,106,0,2.939623145940456
22990_7880,1,103,0,2.940864068955217
22846_7928,1,106,0,2.940991958728145
22916_7915,1,105,0,2.9412240934176905
22895_7983,1,106,0,2.9417039752036875
23103_7940,1,103,0,2.945387967246036
22883_8039,1,106,0,2.9461031275710763
22876_8049,1,106,0,2.9466430395164056
23061_8008,1,106,0,2.947253103209765
22846_7940,1,106,0,2.9475984048564623
22821_7853,1,103,0,2.949602719648376
22955_7845,1,103,0,2.9499434470741845
22875_7946,1,103,0,2.9513639881562823
22898_7978,1,106,0,2.951595448388196
22892_7998,1,106,0,2.9519408331225625
22902_8010,2,101,0,2.952622892312716
23096_7873,1,106,0,2.952849882686399
22925_7847,2,103,0,2.9533826247965673
23025_7873,1,106,0,2.9537915861676964
23046_8053,1,106,0,2.955321633244093
23053_7881,1,105,0,2.956637863189695
23018_8055,2,103,0,2.9576166703773077
23055_8034,2,103,0,2.957885582361142
23062_8068,1,106,0,2.959419047608738
23010_7881,2,103,0,2.9606512115382286
22985_7873,1,106,0,2.9607462060700933
22985_7854,2,105,0,2.96076963946178
23056_7881,1,105,0,2.96169649227889
23045_7951,1,106,0,2.9621845837677983
22948_7913,1,103,0,2.962247961203871
22907_7974,2,103,0,2.9638522371131235
22836_7975,1,103,0,2.963963544274573
22847_7846,2,103,0,2.964558488503637
23020_7902,1,103,0,2.964753560071846
22924_7948,2,101,0,2.965341818462295
23099_7919,1,106,0,2.96636707405722
22912_8057,2,103,0,2.9664320262541013
22861_8049,2,103,0,2.9665416510943197
22938_7973,2,101,0,2.9679707590738444
22940_7979,2,101,0,2.969333995001748
22967_7988,2,101,0,2.97021499537956
22902_8022,1,106,0,2.9707420567617766
22984_7879,2,101,0,2.9710010616223426
22933_7881,1,103,0,2.973025502264504
22942_7843,1,106,0,2.973034714116579
22896_7850,1,101,0,2.9730578280987743
23007_8065,1,104,0,2.9741380683681977
22918_7950,1,106,0,2.9741966876441355
22923_7975,1,106,0,2.9742625673845207
22985_7945,1,106,0,2.975328106166346
22950_7879,1,105,0,2.9770050816729587
22986_7985,1,105,0,2.9771772130139715
23016_7973,2,103,0,2.977316224140919
22832_7873,2,106,0,2.977870684148055
23056_7993,1,103,0,2.978413729560661
22914_7845,1,104,0,2.978603468908566
22886_7954,1,106,0,2.9788583092838596
22872_8009,3,103,0,2.9789001726246043
22940_7896,1,103,0,2.980157307876964
23096_7861,1,106,0,2.9808175277932496
22901_7844,2,103,0,2.9816286966576167
22878_8016,2,105,0,2.981742909662771
22906_7961,1,103,3,2.982777802307471
23098_8049,1,105,0,2.98347220116949
22927_7919,1,105,0,2.9853421919541137
23055_7958,1,105,0,2.985527345356572
22914_7909,1,103,0,2.9867767898283275
22978_8044,1,106,0,2.9872747226848575
23048_7842,1,106,0,2.990700989712833
22894_8029,1,103,0,2.991329296174919
22900_8005,1,106,0,2.991843683210294
23087_7994,1,106,0,2.9927346492207425
22849_7945,2,103,0,2.99275255576519
22889_7929,2,103,0,2.9928788096262227
22924_7974,2,106,0,2.993180419335941
23016_7845,1,106,0,2.9934712151666125
23045_7945,1,106,0,2.9935381033860495
23032_7959,1,103,0,2.994737737061244
22907_8013,2,103,0,2.9948646557417242
23045_8058,1,106,0,2.9954883706519873
23015_8019,1,105,0,2.997435500099855
22998_7918,1,103,0,2.9986331736107306
22942_7932,2,105,0,2.9987282602356653
22903_7920,2,101,0,2.9989097821760695
23009_8052,1,103,0,2.998921643259913
22893_7952,1,106,0,2.9989419192572373
22874_8008,3,103,0,2.9992937856349364
22908_7847,1,104,0,2.99934415161247
23028_8039,1,101,0,2.9995105025881634
22849_7905,1,103,0,2.999517554372142
22900_7951,2,103,3,2.9995970052527543
22899_8062,1,106,0,2.9996032288413392
22893_7867,1,106,0,2.9997678569232886
22880_7890,2,105,0,2.9999294610732603
22907_7943,1,106,0,2.999955205462659
22972_8009,1,107,0,2.999982050112026
23055_8015,1,103,0,2.999987155080009
23032_7991,1,103,0,2.999991048605835
22970_7985,2,101,0,3.0002097993528696
22921_7885,1,106,0,3.0002474571726423
23045_7896,1,103,0,3.00028458974883
23099_7952,1,106,0,3.000549312528695
22875_7845,1,106,0,3.0013119271516966
22834_7871,1,106,0,3.003738392644204
22974_7982,2,103,0,3.0049218582405457
22980_7926,1,103,0,3.0054579775251327
23038_7953,1,103,0,3.0057050772225935
22943_7909,1,106,0,3.005943327077063
23078_8022,1,105,0,3.0060599447564895
22969_7982,2,103,0,3.0072450773312633
23056_8016,1,106,0,3.008440482509495
22929_7949,2,103,0,3.0103781062228188
23001_7882,2,103,0,3.010706219854764
22994_8064,1,104,0,3.010773387666308
22912_8019,1,106,0,3.010996132308431
22922_7910,1,105,0,3.01102138835961
23033_7898,2,101,0,3.0112340181118067
22956_8053,1,106,0,3.0124356444177756
23048_7958,1,106,0,3.0133818694075605
22854_7839,2,103,0,3.0135100910839183
23054_7899,1,103,0,3.0137082976392016
22890_7915,2,103,0,3.0145412919584142
23095_7883,2,103,0,3.0148522256991246
23011_7862,2,103,0,3.0148694985920117
22956_7995,2,101,0,3.014941325928091
22908_8015,2,106,0,3.0175577297232814
22989_7957,1,106,0,3.017682949343855
23078_8067,1,103,0,3.019346398884184
23075_7909,2,103,0,3.023712475901999
22966_8031,1,106,0,3.0258949515229143
22861_7882,1,107,0,3.026472610775408
23018_7840,2,103,0,3.026674278929584
23007_7894,1,106,0,3.0267559799536734
23102_7978,1,103,0,3.0272740475746236
22865_7860,1,106,0,3.028870288727247
22878_7929,2,101,0,3.0291476731302014
22914_7971,2,106,0,3.0295729089771872
22967_8053,1,105,0,3.0308789530985463
23056_7947,1,103,0,3.0324111865799304
23018_8053,2,103,0,3.0329866958924345
22910_8065,1,103,0,3.033063638379845
22924_7999,3,103,0,3.0330808078480387
22977_7892,1,103,0,3.033098006359598
23043_7895,1,107,0,3.033282071996693
22899_7847,1,107,0,3.035090364072146
22914_7990,2,103,0,3.0373193147553645
22946_8058,2,103,0,3.038226874653078
23101_7837,1,106,0,3.0397215691873742
22991_7928,2,103,0,3.040485603305927
23100_7948,1,106,0,3.043805211809639
23004_8050,1,103,3,3.044128902958041
23012_7866,2,103,0,3.0444190951176116
22970_8061,2,103,0,3.0456738279265085
22916_7936,2,101,0,3.046170813015346
23004_7912,1,106,0,3.0467887997108334
22928_8002,1,107,0,3.0470459739127564
22956_8018,1,106,0,3.0475422689644516
22954_7971,1,106,0,3.047862872794096
22912_7948,1,106,0,3.0487417663805645
23060_8021,1,103,0,3.049031111263143
22929_7928,1,106,0,3.0491532038794418
22988_7854,1,107,0,3.0492766573990386
22974_7877,1,106,0,3.0494974109903716
22894_7972,1,106,0,3.050187376264074
23050_8038,1,107,0,3.0507694102894494
23007_8047,1,105,0,3.0517722151748767
22936_8032,1,106,0,3.0528817881881976
22889_8001,1,106,0,3.053109641680027
23002_8010,1,105,0,3.0531695845425997
22995_7972,2,103,0,3.055080790808068
22896_7903,2,101,0,3.055279485709185
22911_8024,1,106,0,3.0555530560759836
23026_8061,1,106,0,3.056655788360479
23103_7986,1,107,0,3.058064863239625
23097_7904,1,106,0,3.059112706326354
22954_7928,2,103,0,3.0594554073203137
23062_7996,1,106,0,3.061246449665897
22847_7927,1,106,0,3.063824467562336
22897_7905,1,101,0,3.065072700864855
22928_7876,1,106,0,3.0654243206012137
22959_8065,1,106,0,3.066717620458256
23035_7945,1,103,0,3.0675893067084496
23096_7919,1,106,0,3.0686098779662494
22938_8028,1,106,0,3.069209666283878
22905_7950,2,103,0,3.0694684478137204
22984_7929,1,103,0,3.069599770996201
22830_7878,1,103,0,3.0699441733141137
22894_7947,1,103,0,3.070140569044772
23075_7928,1,103,0,3.070925318318809
23076_7897,1,106,0,3.0714050348667463
22985_8056,1,105,0,3.073513433318604
22920_8034,2,106,0,3.074847005850237
22999_7841,1,103,0,3.0759199677008273
22935_7915,1,107,0,3.0771666531959854
22912_8011,1,106,0,3.077808485473164
22941_7866,2,101,3,3.078632876486677
22979_7971,3,101,0,3.0787902530670186
22828_7874,1,103,3,3.078921971125901
23042_7964,1,106,0,3.0789823272248404
22943_8034,1,106,0,3.079512816814743
22990_7914,2,101,0,3.079589872460082
23007_7940,1,106,0,3.0796011917290933
23077_7847,1,103,0,3.0800824062605106
22985_7929,1,103,0,3.080344642581603
22971_7982,2,103,0,3.080634894843869
22897_8067,2,103,0,3.0828250956952497
23080_8023,1,105,0,3.082938754298274
22983_8071,1,101,0,3.0863282363342606
22926_7918,1,105,0,3.0865990981078038
23000_7836,1,103,0,3.087110660379704
23096_7904,1,106,0,3.087508525185703
22957_8014,1,106,0,3.088868996349623
22914_8012,1,107,0,3.088971979837644
22842_7851,2,103,3,3.0897123698452065
22934_8022,1,106,0,3.0907764669031867
23079_7937,2,103,0,3.093247065215502
23087_8041,1,105,0,3.094090227742397
22958_8050,1,106,0,3.0947348869283196
22971_7934,1,106,0,3.0951943468258016
22978_8068,2,103,0,3.095488844562818
22993_7913,2,103,3,3.0954946706734385
22915_7971,2,106,0,3.0956807980418386
22928_7901,1,103,0,3.0970083299211177
22892_8009,1,106,0,3.0976131680580012
23058_7983,1,106,0,3.097948983291433
22918_8069,1,106,0,3.098044211740204
22986_7849,1,106,0,3.0985535636429793
23065_7906,1,107,0,3.1006034652156313
22870_7867,1,106,0,3.1006293495095156
22869_7875,2,103,0,3.101994881851258
22936_8068,2,103,0,3.102598252692926
22928_8031,1,106,0,3.1048924368547803
22929_7955,2,101,0,3.1062935444138904
23070_7910,2,101,0,3.1070803311269706
22978_7884,1,103,0,3.1082317881573114
22955_7873,2,101,0,3.108998217001501
22911_7913,2,103,0,3.109194460508125
23079_8052,2,103,0,3.109558700760479
22878_7993,1,106,0,3.1098028031249267
23025_7861,1,106,0,3.1104487503945877
23065_7843,1,106,0,3.111379114667721
22925_8025,1,106,0,3.1125877076603867
22849_7939,1,106,0,3.1131657180080197
22871_8036,2,103,0,3.1132680542203457
22833_7880,1,103,0,3.114779948859692
22946_8014,2,103,0,3.115588410695692
22821_7837,1,103,0,3.115652534749033
22933_8017,2,106,0,3.115921635465985
22952_8009,4,101,0,3.1166512535621966
22862_7913,1,106,0,3.1170265019580157
22964_8068,1,106,0,3.1190980135412185
23006_7896,1,106,0,3.1192614832281214
23012_7937,1,106,0,3.1213431210669693
22876_7925,2,106,0,3.1222177048771385
22956_8054,1,106,0,3.1224111489766697
22894_8061,1,106,0,3.1229989369910314
22848_7905,1,103,0,3.124770707570232
22895_8021,2,101,4,3.126349792926214
23021_7838,1,103,0,3.1281095279614837
22853_8068,1,101,0,3.128398019880745
22989_7944,1,106,0,3.128717536528645
22930_7857,2,101,3,3.1294294766546438
22928_7928,1,106,0,3.12962569660773
22850_7924,1,103,0,3.131141981602772
23080_7977,1,106,0,3.1316404509541753
22894_7973,1,106,0,3.131915404962041
22961_7884,1,103,0,3.132389959219271
23087_7975,1,103,0,3.135655395586616
22961_7945,1,106,0,3.136039362549151
22986_8054,1,105,0,3.1362304560304666
22998_7876,2,106,0,3.1366646483597194
23016_7841,1,106,0,3.138748600860232
23003_7886,3,103,0,3.139071236602575
22912_8071,1,103,0,3.1393990931408173
22965_7878,1,103,0,3.140351331958754
22948_8060,2,106,0,3.1410314752998914
23061_7846,1,107,0,3.1411853854226837
22848_7878,1,105,0,3.1422335304051003
23010_8046,1,105,0,3.143475501611527
22916_7848,2,101,0,3.143881543839656
22859_7879,1,106,0,3.1438880302958365
22953_7952,2,103,0,3.143990026330782
22890_8043,2,101,0,3.1444533294626975
22961_8047,2,101,0,3.145588388272022
23019_7838,2,103,0,3.1465240030531207
23105_7949,2,101,0,3.1501933006357206
22965_7941,1,105,0,3.150817017906918
22900_7839,3,103,0,3.1513067540533206
22949_8019,2,103,0,3.153410162394568
22979_8068,2,103,0,3.1544886122828295
23011_8011,1,105,0,3.1564957553943858
22982_7878,2,101,0,3.1565564496190386
22895_8040,1,106,0,3.1574639197454295
22951_8049,2,103,0,3.1582930752729794
22974_8065,2,103,3,3.158532916175119
23029_7867,1,106,0,3.1590228583009363
22837_7855,1,106,0,3.162496593571637
23057_7981,1,106,0,3.1633750506223803
22881_8011,1,103,0,3.16375233731338
22922_7860,2,103,0,3.1641010427474203
22918_7935,1,107,0,3.1646618193054947
22996_7850,1,103,0,3.16546453278507
23049_7897,1,103,0,3.1676272581898868
23066_7842,1,106,0,3.1680429940599137
22967_8027,1,106,0,3.168376681689346
22879_7933,2,101,0,3.1703338934941327
22910_7934,1,106,0,3.1713234228268488
23070_8005,1,103,0,3.171520695749386
22979_7901,1,106,0,3.1719927628393663
22820_7841,1,103,0,3.1732258874502883
23015_7841,1,106,0,3.1733282687530546
23079_7904,2,101,0,3.176621875179661
22862_7952,2,107,0,3.1768816360845156
23031_7917,1,106,0,3.177964259746135
22843_7852,1,103,0,3.1818994896307338
22972_7958,2,103,0,3.1851299271431923
22907_7870,1,106,0,3.1854779611540063
23030_8029,1,103,0,3.1864289388479974
22967_7884,1,103,0,3.186813010663898
23011_7881,2,106,0,3.1870587205294054
22981_7996,1,106,0,3.1876478213652444
22924_8040,1,106,0,3.1877865760111144
22883_7887,2,105,0,3.1879032894463735
23031_7896,1,106,0,3.1905582265134225
22912_7949,1,106,0,3.1912029618358226
22871_7848,2,103,0,3.193933820994017
22997_7880,2,103,0,3.194287675605179
22935_7908,1,105,0,3.195455052646234
22897_7877,1,106,0,3.195634468676517
22849_8002,5,103,0,3.1963940664964183
22832_7872,2,106,0,3.198346567400785
22881_8035,2,101,0,3.198469405593776
23083_7839,1,103,0,3.199064418016123
23051_7882,1,105,0,3.1995688184710795
23066_7889,1,105,0,3.200196264775204
23042_7840,1,106,0,3.200499910224807
23103_8011,1,106,0,3.2010429392195134
22876_7880,2,101,0,3.2023859753954884
22990_7931,1,103,0,3.2024570129695773
23084_7867,1,103,0,3.202854308266627
23103_7997,1,103,0,3.203310159875811
23027_8055,1,106,0,3.203845578719101
22919_8033,2,106,0,3.2061218460012824
22977_8044,1,106,0,3.207655437422367
22887_8041,1,106,0,3.2079721273539024
22978_7946,1,106,0,3.2079869137902244
22841_7837,2,101,0,3.2088990987962087
23094_7852,1,103,0,3.210763837587332
22861_7954,3,103,0,3.210924396692637
22944_7997,2,103,0,3.2120605401322195
22860_7906,1,103,0,3.212404130542291
22959_7909,1,106,0,3.212679161296811
23062_8019,1,103,0,3.213857814233222
23073_8020,1,105,0,3.215177697030374
22979_8012,1,106,0,3.215199844301936
22919_7973,2,106,3,3.2155271325567285
22999_8046,1,107,0,3.2158295994711126
22975_7982,2,103,0,3.2158587871888717
22964_7989,2,101,0,3.2160134235103373
23086_7873,1,103,0,3.219697884356187
22921_8003,2,106,0,3.22045110301117
22890_7995,1,106,0,3.2228677914710637
22977_7884,1,103,0,3.223266317834003
22874_7907,1,106,0,3.2236087997891825
22923_7903,1,103,0,3.2238473348874974
23065_7908,1,103,0,3.225126354264262
22851_7889,2,105,0,3.2271646448919875
22939_7917,1,103,0,3.227977851157576
22972_7881,2,103,0,3.2299508589751023
22851_7871,1,106,0,3.2305179384571816
23102_7869,2,103,0,3.2328740097445583
23099_7953,1,106,0,3.235036919645929
22924_8065,1,106,0,3.2371129925285715
22894_7949,1,106,0,3.2392209145863635
22997_7955,1,105,0,3.2394054892268076
22904_7968,2,103,0,3.240202975491028
22841_7884,1,103,0,3.241085855578862
22923_8017,1,106,0,3.2416548363442046
22894_8031,1,103,0,3.2431048323905083
23085_7881,1,103,0,3.243130613708788
22991_7926,2,103,0,3.244080463632891
22969_7885,1,103,0,3.2450676123387705
22822_7867,1,103,0,3.246368084119209
23103_8018,1,106,0,3.2486767400784093
22957_7993,2,101,0,3.2487309812164775
23043_7933,1,106,0,3.2491899678153264
23087_7957,1,103,0,3.2492125333165656
22923_8064,1,106,0,3.2493247361786444
22911_7842,2,104,0,3.2500134104476186
23002_8049,1,103,0,3.250118303293257
23011_7893,1,103,0,3.2504979163569523
22966_7885,1,103,0,3.2523585417319216
23036_7908,1,106,0,3.2523746357735357
22958_7865,2,103,0,3.252518540725841
22895_7860,2,103,0,3.253406950327024
23072_8055,2,103,0,3.254757503760394
22860_7981,3,103,3,3.254821834617583
22978_7983,2,103,0,3.2555714579692383
22912_8039,1,106,0,3.2558965982118484
22933_7952,2,106,0,3.257226992935273
22897_7882,2,101,0,3.261399744138875
22932_7993,2,103,0,3.2618588836976627
22879_7992,1,106,0,3.2633351288323635
22947_7965,1,101,0,3.265941289367197
23028_8004,1,103,0,3.2660266636893205
23023_7987,1,103,0,3.2667298972627328
22907_8012,1,106,0,3.267678521423991
22940_8016,1,106,0,3.268050017045601
23027_7886,1,107,0,3.2682222194597914
22921_7837,2,104,0,3.268754010667381
22905_7907,2,106,0,3.2695637860350293
22918_8019,2,103,0,3.2707866966938144
23082_7981,1,106,0,3.272189888306848
22982_7999,1,106,0,3.2726114009023455
22950_7974,3,106,0,3.273864218487973
22914_8055,2,103,0,3.2761120237954717
22968_8063,1,106,0,3.2774113753916607
22948_7867,1,106,0,3.278220903867711
22907_7950,2,103,0,3.2787394660292226
22844_7893,1,107,0,3.279129281035714
22969_7930,1,106,0,3.2807347602427157
22853_7870,1,106,0,3.2822504366514327
22944_7961,1,106,0,3.2828775438422766
22880_8036,1,106,0,3.283859094613685
22954_7998,2,106,0,3.2850156368009267
22988_7885,2,101,0,3.2856670560374983
22909_7883,2,103,0,3.286297091227145
22965_7975,2,103,0,3.2865000155167476
22987_7882,2,101,0,3.2880525522151522
22900_7868,1,106,0,3.2897775746728803
22942_8010,1,107,0,3.2904743621189056
22996_7903,2,103,0,3.291296510026579
23078_8065,2,103,3,3.2931173829116975
23023_8001,1,106,3,3.2943276363890264
23101_7977,1,103,0,3.294925568231382
22912_8036,1,106,0,3.2979661107706395
22885_8031,2,101,3,3.299227230895926
22994_7906,2,103,0,3.3029391256212626
23001_8033,1,106,0,3.304808118637582
22931_7860,1,103,0,3.3060294645490513
23039_7878,1,106,0,3.3063874495523606
22968_7861,1,103,0,3.308923038179766
22851_7883,1,105,0,3.310479406938506
22972_7920,1,103,3,3.3110608973211875
23046_8062,1,106,0,3.3141279690159333
22924_7979,2,101,0,3.314167849446002
23019_7854,1,106,0,3.314505356380094
22925_8039,2,103,0,3.314546461860865
23085_7918,2,101,0,3.314672661682153
22923_8015,1,106,0,3.31482130560977
23006_7966,2,103,0,3.315566902860966
22905_8011,1,106,0,3.317186463141228
23005_7883,2,106,0,3.3173779714852576
22831_7862,1,106,0,3.3175581413370114
23046_7896,1,103,0,3.3189844515866396
22843_7846,1,103,0,3.3207795778935525
23068_7858,1,103,0,3.3222877776322877
23003_7979,1,105,0,3.3229342177838443
23025_7969,1,106,0,3.3271906474555233
23062_7845,1,106,0,3.327785753350971
22866_7869,2,103,0,3.3287174785957356
22905_7906,2,106,0,3.328847989424959
22930_7848,2,101,0,3.329041477310444
22985_7953,1,106,0,3.3307810784176444
22954_7996,2,101,0,3.3311677810543334
22902_8055,2,106,0,3.3318840066560225
23064_7887,1,105,0,3.3322931078922453
22837_7865,2,103,0,3.3337520653447816
22959_8063,1,106,0,3.3342095294786365
22948_8067,1,106,0,3.3354207964771034
23053_8024,2,103,0,3.3377353363197444
22917_7964,1,106,0,3.3378398428018765
22952_7930,2,103,0,3.338646534485421
22981_7921,1,106,0,3.3392968843725757
23030_7898,1,107,0,3.3403935037601227
22961_7934,1,106,0,3.340434478534166
23101_7842,1,106,0,3.340745583746886
22898_7891,2,101,0,3.3412254113662043
22996_7848,1,103,0,3.3424917672368477
22899_7836,2,104,0,3.34518313980992
23042_7893,1,105,0,3.345441995189348
22951_8006,4,101,0,3.3457859546948328
23031_7931,1,106,0,3.346045324471739
23091_7920,1,106,0,3.3474064955515592
22923_7976,1,106,0,3.347762879743365
22886_7903,1,106,0,3.3481553729606293
22860_8069,1,106,0,3.349153379803073
22952_7890,1,103,0,3.349796821241192
22821_7839,1,106,0,3.350807785303517
22911_8027,1,106,0,3.3535764395395162
22972_7982,2,103,0,3.3536247018878274
22987_8036,1,103,4,3.3536931216132553
22999_7846,1,103,0,3.353986217897018
22958_7993,2,101,0,3.354197275185587
22853_7886,2,105,0,3.3549735766156945
23090_8008,1,106,0,3.355449308774982
22914_7946,1,106,0,3.3558068631319755
23025_8002,1,106,0,3.3564466799821644
22880_8018,2,103,0,3.3603157817705425
22892_7838,2,104,0,3.361264383503178
22932_7960,2,101,0,3.3613421879104144
23093_8044,1,105,0,3.361522856901717
23088_8058,2,103,0,3.3628629706625315
22890_7944,1,106,0,3.364520302191428
22947_7883,1,105,0,3.3647123599181
23055_7898,1,103,0,3.364726512318604
23038_7956,1,103,0,3.3655069532837296
23055_8063,2,103,0,3.3660178060683457
23058_8043,1,105,0,3.3665604199398818
22858_7889,1,106,0,3.367048950790041
22896_7863,2,103,0,3.367206838439742
22922_8003,2,106,0,3.3704180014065765
22880_8023,2,103,0,3.3721071607941706
22853_8067,1,101,0,3.372702644430576
22913_7991,2,103,0,3.3735157659001125
22857_7859,1,106,0,3.373642158187656
22923_7980,1,106,0,3.373642290132804
22983_7844,1,106,0,3.3739250506443055
23067_8067,1,106,0,3.374766904530946
22956_8041,2,101,0,3.374909873174591
23040_7897,1,105,0,3.3762808445606627
22986_7862,1,106,0,3.376706115167628
23087_7950,1,103,0,3.3768703493974477
22913_7883,2,105,0,3.3776344013114254
22946_7852,1,105,0,3.3778698992916034
22925_7968,2,106,0,3.3784758637395336
22986_7943,1,105,0,3.378823561073595
22922_8069,1,106,0,3.379020645237542
22984_8008,1,106,0,3.381285288990918
22962_7981,3,103,0,3.381422008192514
22971_7936,1,106,0,3.381483567103368
22858_7924,1,103,0,3.3817237818858437
22910_8006,1,106,0,3.382207323360702
23073_7896,1,106,0,3.382209559789279
22877_8052,1,107,0,3.383733998391227
22849_7878,1,105,0,3.3850217741018445
22953_8036,2,101,0,3.385140101550591
22900_7846,2,101,3,3.385412232722557
22991_7983,2,103,0,3.3864494815227846
22924_7903,1,103,0,3.3877694327649484
22979_7976,2,101,0,3.387781517591409
22931_7954,1,106,0,3.3885694741106507
23004_7918,1,106,0,3.389190750071179
23027_8005,1,103,0,3.3892490649079217
23054_8032,2,103,0,3.390087628987932
22877_7911,2,101,0,3.3903345127981037
23026_8063,1,106,0,3.390464240153259
22955_8009,3,106,0,3.391662298223364
23058_7900,1,106,0,3.391691748763565
22995_7862,1,105,0,3.3921213007397166
22868_7901,1,106,0,3.392655547581335
22965_7980,1,103,0,3.3947207435306876
22979_7896,1,103,0,3.3947346097583773
22872_8027,1,106,0,3.395237458639558
22885_7845,1,106,3,3.3969756876811683
22904_8008,1,106,0,3.3974483772236588
22924_7993,2,103,0,3.3993669692113477
23100_8037,1,106,0,3.3993839722840713
22886_7912,1,107,0,3.399827703428076
22877_7912,2,101,0,3.4002124795254094
22865_8060,1,103,0,3.401446744432585
22860_8003,3,103,0,3.402091866602168
22916_7849,2,101,0,3.4043004315743812
22960_7905,2,103,0,3.4045165706414413
22869_7905,1,106,0,3.4045293480177437
22949_7997,1,107,0,3.4049247486750165
23095_7934,1,106,0,3.4066584531215964
22908_7868,1,106,0,3.407254447612611
23011_8046,1,105,0,3.40843917410352
22862_8006,3,103,0,3.409965625116427
22931_7872,1,103,0,3.4109197463017886
22869_7884,2,101,0,3.4112938878335126
22900_7939,1,106,0,3.4116270979480694
22906_7836,1,104,0,3.4120611573106947
23025_7927,1,103,0,3.4133233434144215
22868_8043,1,106,0,3.4141459431964907
23034_7919,1,106,0,3.418102775679928
22934_8047,2,103,0,3.4184936025949164
22984_7861,1,106,0,3.4204046150214356
23024_7935,1,106,0,3.420871291499988
22903_7842,1,104,0,3.421413343987985
23011_7863,2,103,0,3.421572586602558
22985_7984,1,105,0,3.422080680901475
23088_8067,3,101,0,3.422127935478688
22831_7861,1,106,0,3.423174839746152
22869_7878,1,105,0,3.4233892352148367
23018_7892,2,103,0,3.4241109689577454
22907_7874,2,103,0,3.4244715503348937
22996_8051,1,105,0,3.4280267281107943
22964_8047,1,105,0,3.4283393189046514
22948_8069,1,106,0,3.428793752384823
22953_7953,2,103,0,3.4289340180244103
22901_7964,2,103,0,3.4295411673126255
22942_7890,1,103,0,3.4310768661307454
22887_7966,1,106,0,3.433529898593388
23084_7907,1,106,0,3.4356576382355843
23003_7956,1,103,0,3.4356959731190044
22877_8051,1,106,0,3.43828959554173
22925_7948,2,101,0,3.438496917976264
22968_7965,2,103,0,3.4401468388487615
22933_7879,1,103,0,3.4417200611320795
22952_7873,2,101,0,3.442547380160529
22868_7999,2,103,0,3.442918831761714
22898_7889,2,101,0,3.4441404972707073
22896_7938,1,106,0,3.445873290434554
23012_7991,1,106,0,3.4483010820251865
22932_7848,2,101,0,3.4499025903646716
22895_8020,2,101,4,3.450034068231718
23013_8023,1,106,0,3.45084976285319
22932_7886,1,103,0,3.451157070148917
22941_7846,1,106,0,3.4511901743027384
23082_7901,2,103,3,3.4512720556151564
22998_7898,2,103,0,3.4516653696233606
22894_7878,1,106,0,3.4536150082321453
22933_7966,2,106,0,3.4543226391031285
22964_8069,1,106,0,3.455443058836318
22944_8014,1,106,0,3.457459121027661
22971_7875,2,101,0,3.458768865172762
22868_7856,1,107,0,3.460717855261977
22934_7965,2,103,0,3.46415957111691
23062_8006,1,106,0,3.4642124769017197
22841_7922,1,103,0,3.4663841342537847
22861_7863,1,106,0,3.467787193662022
22885_7959,1,106,0,3.4678900511934625
22991_7886,1,106,0,3.4688984455778065
22917_8016,1,106,0,3.4699859934812145
22912_7992,2,103,0,3.4701336622720595
23080_7914,2,101,0,3.470427370166776
23025_7874,1,106,0,3.470745222972606
22923_7860,2,103,3,3.4707974250933806
22919_7890,1,106,0,3.471122436650532
22983_7870,1,106,0,3.4713341626217566
22843_7841,1,103,0,3.4714015184581513
23083_7854,1,103,0,3.4728837916177455
22888_7836,1,104,0,3.4754729321043016
23100_7941,2,101,0,3.475654709010974
23093_8043,1,105,0,3.47674999605596
22980_7975,1,106,0,3.4770343574929323
22934_7975,2,101,3,3.4779681749211955
22993_7929,2,101,0,3.479107251642373
22890_7930,2,106,0,3.4791498105211875
22949_8027,1,106,0,3.4830670513475037
22992_7900,1,106,0,3.4834709782834192
22938_7917,1,103,3,3.48471105671963
22918_7939,2,101,0,3.484729254102757
23053_8043,1,105,0,3.484773531091338
22916_7961,1,106,0,3.4848659223105143
22951_8014,1,106,0,3.485637261799912
23060_7998,2,105,0,3.485954661338971
22997_7848,1,103,0,3.4876596810834943
23018_8026,1,105,0,3.489018866996309
23018_7983,1,105,0,3.4905111713016437
23059_7884,1,105,0,3.490794500313758
22985_8057,1,105,0,3.492265292648967
22937_8028,1,106,0,3.4932036386615075
22926_8041,2,103,0,3.4945417817586173
22857_8061,2,101,0,3.494819733762647
22878_7933,1,106,0,3.4954585752808627
22975_7842,1,103,3,3.4974913746019034
22933_7843,2,101,3,3.4977965863254257
22944_7988,1,101,0,3.498616723386684
22902_7996,2,103,0,3.500096829502002
22902_7922,2,103,0,3.501462688406741
22913_7992,2,103,0,3.502121634423587
23070_7890,1,105,0,3.503302896670695
23058_7883,1,105,0,3.504011074583869
22831_7865,1,106,0,3.5052936896657534
22973_7956,2,103,0,3.505702111064989
23021_8027,1,103,0,3.505902103708504
23070_7855,1,103,0,3.5064133538992244
22926_7863,2,103,0,3.5080997796561877
22897_7887,1,101,0,3.5082933323818204
22982_7945,2,101,0,3.5097309698300774
22870_7912,1,106,0,3.5104057983000456
23021_7965,1,103,0,3.5118660333889222
23034_7981,1,103,0,3.5122385021932603
23038_8030,1,106,0,3.5130555150557914
23027_7936,1,106,0,3.5136037015658643
22985_7862,1,106,0,3.5141919000575785
22945_7966,2,101,0,3.5145718925020795
23023_7921,2,103,0,3.5146816631094517
22995_7851,1,103,0,3.514828943214062
23017_8057,2,103,0,3.515199160011343
22873_7929,1,103,0,3.517758779195081
22927_8024,1,106,0,3.5189268625884074
23042_7896,2,105,0,3.519856905745773
22901_7839,3,104,0,3.5211751192041847
23102_7985,2,103,0,3.5227161475660513
22992_7925,2,101,0,3.5229735835420706
22881_7908,1,103,0,3.5238274143547326
22931_8068,1,106,0,3.5244330733040075
22936_8026,1,106,0,3.5254505196517187
22962_7909,1,106,0,3.5263316387313517
23018_7839,2,103,3,3.526350925147307
22985_7981,2,103,0,3.526570426056939
23013_7893,2,101,0,3.530350708485191
23030_7895,1,106,0,3.53331683770988
22943_8014,1,106,0,3.5347761996780767
22929_7953,2,101,0,3.534994114579401
22903_7929,2,106,0,3.5351906766948993
22856_8063,2,101,0,3.536385270705153
22949_7986,2,103,0,3.537175635174007
22914_7928,2,106,0,3.5392224214784833
23101_7940,2,106,0,3.5394019716393514
22884_7999,1,107,0,3.539668761356935
22832_7878,1,106,0,3.5397767292861273
22928_7864,2,103,0,3.5400130863522086
23056_7994,1,103,0,3.542022940705033
23068_7962,1,105,0,3.544301408549959
22999_7896,2,103,0,3.544697252926246
23013_8018,1,105,0,3.545548866670369
22959_7853,3,103,0,3.5485709355115596
22964_8008,1,106,0,3.5495927198966837
22871_7889,2,101,0,3.5521054470416975
23091_7976,1,106,0,3.554349747478504
22887_8021,1,103,0,3.555510230991432
22963_8049,2,101,0,3.556362647174647
22887_7850,1,106,0,3.557492832375617
22895_8024,2,101,0,3.557761546208328
22856_7912,1,103,0,3.5580979777996498
23031_7985,1,103,0,3.5581072680110557
22870_7847,2,103,0,3.5604044248215008
22926_8042,2,103,0,3.5647268946778214
23022_7878,1,105,0,3.5651336245134684
23101_7897,1,103,0,3.5676989001292503
23081_7914,2,101,4,3.568121641806413
22965_7847,2,101,0,3.56866416249961
22984_7941,1,105,0,3.5694605535380206
23004_7978,1,105,0,3.571669013545593
22991_8068,2,104,0,3.5717639827142
23076_7900,1,106,0,3.572271360895354
22999_7888,1,107,0,3.572350210385776
22874_8049,1,106,0,3.5739407248473034
22956_7884,1,103,0,3.574540467775065
23072_8051,2,103,0,3.576092161484094
22960_7949,1,106,0,3.5765021017879346
22959_8048,1,106,0,3.5767285003207046
23001_8048,1,103,0,3.577222572738328
22901_7952,2,103,0,3.5774566665990877
22954_8027,1,106,0,3.579568997195008
22960_7914,2,103,0,3.5812512218567427
22834_7857,1,106,0,3.581431109907287
22889_7976,1,106,0,3.5828737557490515
22897_7902,2,103,0,3.5830610497430597
22896_7904,2,101,0,3.583073477920301
22897_7850,2,101,0,3.583324052830744
22936_8040,1,106,0,3.5840753268774836
22892_7929,1,106,0,3.586210341178268
22978_7846,2,105,0,3.586533386427194
22924_7853,1,106,0,3.588084570467164
22865_7895,2,106,0,3.5891209319518045
22854_7912,1,103,0,3.5917258493399036
22870_7951,1,106,0,3.5918674600267737
22915_7976,2,103,0,3.5919812653444763
23003_7963,2,101,0,3.593690673850991
22994_7952,1,105,0,3.5939311209341387
22838_7881,1,103,0,3.5940333361675623
22944_7889,1,103,0,3.5952892543007797
22879_8013,2,103,0,3.5961085925766474
23032_7984,1,103,0,3.5961832125822815
23065_8060,2,103,0,3.5971508184268925
22904_8009,1,106,0,3.5978502630890365
23003_7916,1,106,0,3.598357886768406
22988_7994,1,105,0,3.598451870335885
22912_7972,1,107,0,3.6018791885754005
23099_8038,1,106,0,3.603513183504225
22955_7965,2,103,0,3.6035724601625514
22880_7934,2,101,3,3.603878903617468
22970_7886,1,103,0,3.604115438629122
22860_7907,1,103,0,3.6047194973542274
22950_8058,2,103,0,3.6055144762985196
22958_8030,1,106,0,3.6064106426892337
22883_8009,3,103,0,3.606730657916106
22962_8049,2,101,0,3.6074785635235123
22843_7892,1,103,0,3.608061934990262
23054_8020,2,103,0,3.6080957673143748
22896_7897,2,101,0,3.609093388905184
22875_7851,2,103,0,3.610826549348221
22996_7960,1,105,0,3.6111861054420773
22960_7940,1,106,0,3.611748784292062
22887_7936,1,106,0,3.6124691869277714
23005_7948,1,103,0,3.6129400495971846
22947_7890,1,103,0,3.6134440408012143
22856_7868,2,101,0,3.614563084179721
23029_8030,1,103,0,3.6150115908435727
22972_7941,1,106,0,3.615400166392711
22822_7840,1,103,3,3.615692820709644
22947_7882,1,105,0,3.6159608198158795
22984_7933,2,103,0,3.6163419154920806
22968_7982,2,103,0,3.6173368904812304
22886_8049,1,106,0,3.621231016855527
22982_7872,1,106,0,3.6217578275229756
23061_7884,1,105,0,3.62215361918119
23031_7986,1,103,0,3.6234098553639273
22984_7846,1,106,0,3.6244607454619806
23043_7985,1,106,0,3.6248977395000326
22914_7840,3,104,0,3.6259651577706307
23041_7983,1,106,0,3.627297996888058
22850_7843,2,103,0,3.627944295881768
23059_8050,1,106,0,3.628654498276289
23081_8028,1,105,0,3.628856078964078
22903_8022,1,106,0,3.6290711929126545
23082_8009,1,103,0,3.630133797250787
23006_7887,2,103,0,3.6309465829425527
23026_8060,1,106,0,3.6334551528683265
23075_7913,2,101,0,3.633456530486913
22816_7840,1,103,0,3.634147348195151
23054_7912,2,101,4,3.635041717582835
23005_7949,1,103,0,3.6351571173086654
22954_7910,1,106,0,3.635741191238178
22929_7977,2,101,0,3.6360794688960167
22964_7878,1,103,0,3.636208227343151
22909_7933,1,106,0,3.6374069297849707
23007_8062,1,104,0,3.638314137930949
23032_7967,1,103,0,3.6385713240270268
22841_7851,1,106,0,3.639585357219519
23039_7894,1,103,0,3.6403557898759225
22902_8052,1,106,0,3.641062322175378
22942_8007,2,103,0,3.641129244913621
22947_7901,1,106,0,3.6415388597169613
22900_8001,1,106,0,3.6419280748569003
23084_7906,1,106,0,3.642045297059113
22967_7902,1,106,0,3.642098374851366
22915_7849,2,101,0,3.6438578261298433
22880_7936,1,106,0,3.6446619554499993
22886_7836,2,105,0,3.645665366637566
22946_7968,2,103,0,3.646059169946451
23091_8042,1,105,0,3.64704770586031
23060_8022,1,103,0,3.647327989504843
23069_7897,1,106,0,3.6475399041204515
22971_7843,2,101,3,3.6479068910105967
22894_8013,2,106,0,3.6490747399691372
22900_7886,1,105,0,3.6493507552262447
23091_7977,1,106,0,3.6499928300880273
23028_7953,1,103,0,3.6500468110921203
22905_8042,1,103,0,3.650119507987444
23034_7920,1,106,0,3.6505175809429935
23029_7899,2,101,3,3.6509755233593886
22915_7836,1,104,0,3.651165845458585
22977_8054,2,101,0,3.653540401608873
22911_7969,2,106,0,3.653845904857078
22885_7996,1,106,0,3.6571346498969337
22990_8002,1,105,0,3.6575096602526886
22879_8001,3,103,0,3.6587699517609757
22902_8015,1,106,0,3.659274132759616
23077_8021,1,105,0,3.6599375610184106
23100_8061,1,105,0,3.659944926055459
22943_8046,2,105,0,3.6605657521013906
23043_7882,1,106,0,3.6605707283432576
22929_7958,1,106,0,3.6609126056215877
23073_8009,1,103,0,3.6623461868744562
22988_7907,2,101,0,3.6637677077475583
22944_7854,1,103,0,3.6656740893769992
22886_7940,1,106,0,3.6660232317981167
22953_8037,2,101,0,3.6661084592567503
22893_7941,1,103,0,3.667534501641606
23045_7975,1,106,0,3.6677520972831275
22842_7936,2,103,0,3.6682182122632914
22871_7865,1,106,0,3.6685624947225626
22926_8037,2,103,0,3.6697251346606223
22905_7990,2,101,0,3.6719444616667287
22988_7908,2,101,0,3.6723124444139073
23047_8053,1,106,0,3.673087076355618
22879_7911,1,103,0,3.673511930221919
23099_7915,1,103,0,3.673951699778
23082_7940,1,107,0,3.6746191117393145
22842_7892,1,103,0,3.6748729263074376
22930_7872,1,103,0,3.6763951247099014
22835_7879,1,103,0,3.6769147298743383
22951_8063,2,103,0,3.6788350407568395
23095_7864,1,106,0,3.6801425215348456
23062_8062,1,106,0,3.680973042044831
22881_7942,1,106,0,3.6813147994445496
23077_7902,1,106,0,3.6817557964937264
23010_7859,2,103,0,3.6821095946894475
22881_7936,1,107,0,3.682257759209316
22910_7923,2,103,0,3.6822777852388997
22934_7843,1,105,0,3.68259365671573
22928_7900,1,103,0,3.6832301645045007
22872_7996,1,106,0,3.6876752340483234
22874_7926,1,106,0,3.688190232604996
22876_8018,2,106,0,3.6908191009310896
22945_7867,2,101,0,3.6939585199235005
23099_7963,2,103,0,3.693971264190634
23101_8060,1,105,0,3.694172896374101
22879_8036,2,101,0,3.6945497756593926
22942_8034,1,106,0,3.69531679862024
23043_7981,1,106,0,3.696469616139124
22837_7881,1,103,0,3.698118374879709
23044_7906,1,105,0,3.699791593864855
22967_7981,2,101,0,3.6998105625049607
22914_7882,2,105,0,3.699992183575929
22991_7868,1,106,0,3.700720531339121
23028_8000,1,103,0,3.7010830719617496
22961_8043,1,106,0,3.7027153193839317
22864_7957,3,103,0,3.703925234820108
22959_7903,2,103,0,3.705157430051478
23071_7896,1,106,0,3.7067659302178404
22898_8067,2,103,0,3.7068825720822605
23044_7943,1,106,0,3.7071492527122056
22889_7854,1,106,0,3.707911658490949
23098_7852,1,103,0,3.7079668360639326
22854_7860,1,106,0,3.7082211437046837
22918_7877,1,105,0,3.7090488231569863
22987_7858,1,103,0,3.7107457654072578
22876_8044,2,103,0,3.7110784380202135
22902_7944,1,106,0,3.711603038715489
22939_7865,2,101,0,3.7117040791168554
22952_7896,1,106,0,3.7136539196386003
22969_8062,1,106,0,3.715070428349357
22903_7977,2,101,0,3.715510910150508
22917_7948,1,106,0,3.7160592485568444
22906_8062,1,106,0,3.718485867425158
22854_7888,2,105,0,3.718618163091405
22839_7855,1,106,0,3.7194482793840233
22958_7868,2,103,0,3.722768497734645
22969_7939,1,105,0,3.7228898562716934
23026_7862,1,106,0,3.723287898883896
22993_8043,1,103,0,3.723521327800803
23023_8043,1,107,0,3.7241970431858045
22975_7922,1,103,0,3.7249343131816937
22876_8035,2,103,0,3.726188663904423
22902_7920,2,101,0,3.7271074919218172
23063_7905,1,103,0,3.7274964755028224
22944_7888,1,103,0,3.7283037810312503
22852_8069,1,106,0,3.728591046387073
23095_7889,1,103,0,3.7288749244647033
23061_7845,1,106,0,3.729363465552771
23071_7915,1,103,0,3.730189011901236
23098_7977,1,103,0,3.7307931737692006
23060_7960,1,105,0,3.7314438241999808
23049_8040,1,106,0,3.7319639501755177
23095_7862,1,106,0,3.7329330115102697
23043_7967,1,103,0,3.7337594234284066
22914_8042,1,106,0,3.734508235475284
22936_7968,2,101,0,3.7355367399240795
23080_7991,1,103,0,3.735593795803516
22835_7847,1,106,0,3.737761973333803
22982_7871,1,106,0,3.738882672718164
22892_8047,1,106,0,3.738990684832129
22952_7913,1,106,0,3.739068022260942
22893_7926,2,103,4,3.739143239937062
22969_7844,2,101,0,3.739557496785475
22838_7931,2,103,0,3.7402257045504443
22962_8027,1,106,3,3.7402965747393995
22864_7915,1,106,0,3.7405217589800634
23025_8012,1,103,0,3.7409232013843607
22976_8015,1,107,0,3.741401612793883
22945_8044,2,101,0,3.7431810270960764
22993_7890,1,106,0,3.7437000041774
23046_7997,2,103,0,3.7439477295848844
22936_7864,2,101,3,3.745603256186205
22918_7983,1,106,0,3.747509954221014
23069_7896,1,106,0,3.748984348985161
22924_7845,2,103,0,3.7511735954090923
22913_8041,1,106,0,3.751618967931975
22875_8032,1,103,0,3.751755487270525
22989_7867,2,103,0,3.751917481848847
22923_7947,2,101,0,3.7523529280585755
22874_8050,2,103,0,3.7524611420433933
22991_7912,1,103,0,3.752620876412686
22865_7880,1,107,0,3.7529884054059925
22872_7864,1,106,0,3.7566443950961164
22921_8030,1,106,0,3.7566659490592813
23068_7913,1,103,0,3.758855688921527
23060_8054,1,106,0,3.7589301713278873
22893_7956,2,101,3,3.7591304598013164
22964_8007,1,106,0,3.7606435851457336
22834_7973,1,103,0,3.760710787788852
22911_7914,2,103,0,3.7620057287919897
22896_8019,2,101,0,3.7629750651678227
23014_7844,2,103,0,3.763281588879902
22896_8070,1,103,0,3.7633613132541193
22942_8005,2,103,0,3.7640195466997826
22981_7861,1,106,0,3.768464259156102
22908_7846,1,104,0,3.7693859391872797
23021_7841,2,103,0,3.7697132419074806
22874_8057,1,106,0,3.7702572879915435
23097_8068,1,105,0,3.771573498903454
22826_7880,1,106,0,3.772700231331575
22844_7852,1,103,0,3.772769935142061
22908_7916,2,106,3,3.772825763952733
22902_8046,1,106,0,3.7729383340756453
23091_7883,1,106,0,3.773570207007043
22891_7938,1,106,0,3.774320148364978
22840_7854,2,103,0,3.7756585834797267
22969_7901,1,106,0,3.7758128097704096
22920_7942,2,103,0,3.776347787044894
22883_7955,2,103,0,3.777780324911752
22868_7875,2,103,0,3.7777890787184467
22919_7876,2,105,0,3.778724923206851
22989_7948,1,105,0,3.778887207974971
22879_7940,1,106,0,3.780286609533497
23002_7891,1,107,0,3.780560297596769
23041_7907,1,106,0,3.7812350315482974
22897_8017,1,101,0,3.781423877159902
23021_7842,2,103,0,3.7815969294243112
23037_7979,1,105,0,3.7826170228801788
23031_7988,1,103,0,3.783101545828665
22986_8000,1,105,0,3.783375167946383
23059_7900,1,103,0,3.784293711993083
22960_7873,2,101,0,3.7844381407169023
22902_7839,2,104,0,3.784615340499103
22922_7939,2,103,0,3.7847716264631903
22927_7849,2,101,0,3.786190353384485
23026_8037,2,105,0,3.788227707371218
22929_7950,2,103,0,3.790266593874992
22910_8068,1,103,0,3.791237772361946
23048_7841,1,106,0,3.7916400800600045
23067_7851,1,106,0,3.792908316891953
22974_7944,1,106,0,3.7964229928422246
23012_7972,1,106,0,3.7967296363220027
23017_7897,2,101,0,3.799069414631728
22903_7952,1,103,0,3.7993668384597243
22917_7980,2,103,1,3.8007631890155977
22937_7987,2,103,0,3.8024021886796024
22975_7938,1,105,0,3.8026852398300037
22993_7957,1,106,3,3.80422854435324
22884_7902,1,106,0,3.8061992931167716
23087_8067,3,101,0,3.8069471825864745
23037_7851,1,106,0,3.806965817824279
23071_7963,1,105,0,3.8083240485430463
23024_7891,2,103,0,3.8123890718541182
22946_7995,2,106,0,3.8132542785604313
23062_7934,1,103,0,3.8149616475594135
22935_7973,2,101,0,3.816622316857373
22878_7891,2,105,3,3.817611872166745
22835_7873,3,105,0,3.820535268758095
22951_7961,2,101,0,3.821963356377598
23032_8039,1,105,0,3.824081156956521
23103_7946,2,101,0,3.8242436169904477
22900_7978,2,101,3,3.8249095165620335
22950_8045,2,105,0,3.8255089307539136
23006_8051,1,103,0,3.826012319163199
22926_8029,2,103,0,3.826200163189055
22873_7905,2,103,0,3.827358777307584
22996_7962,1,105,0,3.828416840923657
22960_7991,2,101,0,3.8287776078442337
22913_8070,1,106,0,3.829999062178603
22833_7864,1,106,0,3.8305603974015736
23018_7966,1,103,0,3.8310645456979415
23066_7932,1,103,0,3.8316290610708554
22864_8057,1,103,0,3.832629007605938
22920_8014,1,106,0,3.8328792806223535
22945_7989,2,103,0,3.8331348116853485
23091_7980,1,106,0,3.833471980948861
23078_7905,1,106,0,3.835859190756956
22929_8020,1,106,0,3.838535480588937
23077_7925,1,103,0,3.838690356794432
22914_7982,2,106,0,3.8406062445027747
22957_7969,3,103,0,3.8411825002680473
23019_8047,2,103,0,3.842156536730011
22923_8069,1,106,0,3.8428994535855567
22959_7991,2,103,0,3.8432623619696087
22869_7876,2,103,0,3.8432661422223466
23040_7898,1,105,0,3.8434259556512425
22857_7872,1,107,0,3.8434571052286097
22837_7849,1,106,0,3.8439756286014237
23064_8033,1,106,0,3.844082573758077
23015_7900,1,103,0,3.845157227055563
23056_7933,1,105,0,3.8453753636474466
23047_8052,1,106,0,3.8455269008124655
23006_7851,2,101,3,3.845664310216574
23079_7910,1,106,0,3.846251479162486
22946_7934,2,105,0,3.846356915651882
22885_8040,1,106,0,3.8470713279341266
23022_7914,1,103,0,3.8489332151219395
23049_7986,1,105,0,3.8502704973493156
22970_7928,1,106,0,3.8521236695187455
22889_7930,2,103,0,3.8532629917849186
22875_7903,2,101,0,3.853419547033927
23028_7890,1,103,0,3.853957601209503
22942_7893,1,103,0,3.855603362708751
22945_7904,1,106,0,3.855914851403477
22911_8030,1,106,0,3.8559831657930648
22911_7858,1,106,0,3.856230074120832
22965_8049,1,105,0,3.85711921643336
22862_8063,1,103,0,3.8574436858473495
23089_7992,1,106,0,3.8577552623580122
22917_7910,1,103,0,3.859201797032536
23004_8010,1,105,0,3.8598902819010164
22934_7974,2,101,0,3.8601718765573505
22870_7928,1,103,0,3.8604316755157617
22916_8051,1,105,0,3.861213998846723
22906_7837,1,104,0,3.861321064044345
22862_7905,2,103,0,3.8618707083415
22941_7855,1,103,0,3.863519707842864
23071_7851,1,106,0,3.8639248080922366
23044_7937,1,106,0,3.8651599012518
22884_7947,1,106,0,3.865780044136452
22983_7948,1,106,0,3.8667385132287415
22925_7862,2,103,0,3.869405545556544
23011_8008,1,106,0,3.8697436697881367
23021_7846,1,103,0,3.8702055693498556
22943_8011,2,103,0,3.870510544343241
22886_7855,1,107,0,3.8719639125651453
23090_7968,1,103,0,3.872028506573715
23031_7968,1,106,0,3.8745340524454903
22915_7882,2,105,0,3.875047614044361
22886_7847,1,106,0,3.8757269382212676
22917_8031,1,106,0,3.876536140534378
22895_8011,2,103,0,3.877782329012654
22874_8067,1,106,0,3.877933423559454
22856_7866,2,101,0,3.879008033370767
23004_7874,1,105,0,3.8793371946543136
23096_7869,1,106,0,3.8802149759798015
22913_7911,2,103,0,3.88038717069802
22989_7914,1,107,0,3.881537215732251
22828_7875,1,103,0,3.8815756124368974
22930_7973,2,106,0,3.881664791961064
22942_8036,1,106,0,3.8821775270337158
22970_7859,1,106,0,3.8829703391495367
22835_7975,1,103,0,3.884052574182969
22960_7935,1,106,0,3.885113836162816
22978_8021,1,103,0,3.8853675338854137
22961_7907,2,103,0,3.886080683877509
22912_8034,1,106,0,3.886448631999375
23047_7837,1,106,0,3.8866770203294103
22913_7942,1,106,0,3.8875637351892696
22861_7862,1,106,0,3.8887205707962513
23084_8007,1,103,0,3.8888559973207357
22942_8050,2,101,0,3.889486101526055
22839_7977,2,103,0,3.8909885803687936
23077_7896,1,106,0,3.8911457428917466
22851_8069,1,106,0,3.8913686248638593
23066_8044,2,103,0,3.891451911588231
23019_7943,1,106,0,3.892963000349378
23077_8061,1,103,0,3.893196636575584
23096_7859,1,106,0,3.893594556063535
22941_7893,1,103,0,3.894279090455747
22887_8030,2,101,0,3.8944988381005676
22858_8058,2,101,0,3.8945486416072757
22925_7928,1,106,0,3.894572756578594
23008_7883,2,103,0,3.896176748532063
22951_7986,2,103,0,3.8973885837567734
23060_8056,1,106,0,3.8983750151326735
22983_7939,2,103,0,3.899591109252499
22922_7989,2,103,3,3.9009004320281404
22965_7906,1,106,0,3.901392376045998
22996_7959,1,105,0,3.901487767113228
22923_7905,1,103,0,3.9024006276554872
22866_7839,2,103,0,3.904227620165696
23007_8051,1,103,0,3.9050437227560626
22951_8026,1,106,3,3.90538261658147
23094_8062,2,103,0,3.905701446971327
23012_7989,1,106,0,3.9075715887836635
22897_7900,2,103,0,3.90798796180364
22869_7844,2,103,0,3.9080076805729664
22881_7909,2,103,0,3.9101496305562744
23034_8005,1,106,0,3.9113832496855623
22961_8046,1,105,0,3.9120971753413394
22949_7975,3,106,0,3.91222258873335
22902_8049,1,106,0,3.912403731743585
22979_8027,1,103,0,3.912694623790071
22974_7872,1,103,0,3.9139790011991513
22945_7976,3,106,0,3.915366818100361
22948_8024,2,103,0,3.915465146652954
23064_8020,1,103,0,3.9170935986792985
22925_8053,1,106,0,3.9188778016355523
22967_8065,1,106,0,3.919201891051541
23098_8050,1,105,0,3.919339094057208
22876_7856,1,106,0,3.920529266438076
22973_7967,1,106,0,3.921471215449906
23023_8002,1,106,0,3.921849676430223
22971_7891,1,103,0,3.9224802332168
22873_7991,1,106,0,3.925066925008745
23030_7911,1,103,0,3.925082289086444
22968_7987,2,101,0,3.9256154191766375
23063_8065,1,106,0,3.9267949051144746
22880_8026,2,103,0,3.9273589640780395
22932_7954,2,103,0,3.9275873861117456
22967_7962,2,103,0,3.928193471096868
22939_7975,1,106,0,3.928261424545126
22903_8005,2,101,0,3.9287473337192007
22850_7907,1,103,0,3.928768364001279
22989_7913,2,101,0,3.9309204994754525
23054_7985,2,103,0,3.9315020757160526
23015_7893,1,103,0,3.9322249221794294
23066_8021,1,103,0,3.9325086785103682
23066_7890,1,105,0,3.933384824644678
22856_7867,2,101,0,3.9356739452151728
23056_8015,1,106,0,3.9379595111839225
22919_7983,1,107,0,3.9386081832270854
22965_7914,1,103,0,3.93865040681352
23069_8018,1,103,0,3.938771309633725
22968_7939,1,105,0,3.9388429246253835
22956_7958,2,103,0,3.9400590331079743
23027_7885,1,105,0,3.9400870310239116
22920_7887,1,106,0,3.9409321055017426
22915_8006,1,107,0,3.9411697701447164
23090_7887,2,103,0,3.94120239081527
23046_8042,1,105,0,3.9422945003058256
22988_7909,2,101,0,3.9425539680956594
23013_7983,1,105,0,3.9427903408495184
22979_7928,1,106,0,3.9441723290406867
23046_8066,1,106,0,3.9458785702440156
22969_8052,1,105,0,3.9461523620538332
23091_7882,1,106,0,3.946306267166254
22937_7844,1,105,0,3.94710719836152
22895_8038,1,106,0,3.9479460319361035
22952_7887,1,106,0,3.9483585249274364
22956_7969,3,103,0,3.9484574839057425
22941_8046,2,105,0,3.9486502010398956
22937_7899,1,103,0,3.9490326921549768
22871_7878,2,103,0,3.949692125883528
22969_7969,2,101,3,3.950700826575117
22988_7956,1,106,0,3.950943366942234
23019_7944,1,106,3,3.952928833643748
22955_7995,2,101,0,3.953073743792437
22924_7934,2,103,0,3.9530904067996575
23005_7979,1,105,0,3.9539320905355093
23023_7934,1,106,0,3.955333681569927
22928_8042,2,103,3,3.9566926162395557
22870_8009,3,103,0,3.9575845912185756
22877_7944,1,106,0,3.957848679158267
23087_8038,1,105,0,3.9589575100075676
23098_7943,1,107,0,3.959008267460032
22872_7948,1,106,0,3.9600448117105156
23095_8009,1,106,0,3.96015179296223
22883_7944,1,106,0,3.962748685513635
23095_7847,1,106,0,3.9631765553558065
22892_7927,2,103,0,3.963734844571916
23080_7912,1,106,0,3.9652221683131783
22983_7979,2,103,0,3.966095456752122
22878_7911,1,103,0,3.967258588084335
23033_7978,1,103,0,3.9685733194852246
22840_7836,2,101,0,3.969293388355568
22876_7910,2,101,0,3.969333367483278
22969_7986,2,101,0,3.969592936744904
22873_8023,1,106,0,3.969724948309682
22907_7844,2,104,0,3.9700086009672995
22955_8062,2,103,0,3.971614504113528
22833_7865,1,106,0,3.9726333419923474
22890_8022,1,103,0,3.972750000522595
22915_7946,2,103,0,3.973914330945558
23059_7913,2,101,0,3.9740805523404776
22898_7886,1,106,0,3.9741725689508147
22865_7999,1,107,0,3.9743011419515053
22925_7999,2,103,0,3.974468749286137
22909_7931,1,106,0,3.9748948183671002
22962_8009,1,106,0,3.976533344328548
22889_7941,1,107,0,3.9769936558055656
22960_7971,2,103,0,3.9794127406821214
22951_7915,1,106,0,3.979533921991475
22961_8002,3,106,3,3.980040793150096
22882_7983,1,106,0,3.980660022460522
22925_8040,2,103,0,3.981419503109719
22926_7998,2,103,0,3.9823640452803146
23076_7847,1,103,0,3.982504174456084
22851_8065,1,106,0,3.982622623589063
22907_8039,1,106,0,3.9843503783210408
23084_7901,1,107,0,3.984665935509056
23093_8067,1,106,0,3.984887654888057
23095_7943,2,103,0,3.9859789896003273
22921_7836,3,103,0,3.9860135137610193
23025_8015,1,103,0,3.98797555495526
23000_8071,1,106,0,3.9902558353527646
22920_7848,2,104,0,3.990954502211749
22926_7841,2,105,0,3.9911087791870603
23020_7975,1,105,0,3.991366934628483
22883_8008,3,103,0,3.9918252028818064
22908_8004,1,107,0,3.991927171543141
22903_8044,1,106,0,3.9920764957991604
22874_7940,1,103,0,3.992363821888525
22925_8056,1,106,0,3.992447546450584
22956_8043,2,105,0,3.9925936788931886
22880_7937,1,106,0,3.9926746897337257
22865_7961,3,103,0,3.992698649416811
23077_7931,2,103,0,3.9931387422226736
22947_8071,1,106,0,3.9932786366593844
22913_7952,1,106,0,3.9934371941146134
22916_7945,2,103,0,3.9937766399625723
22954_8038,2,101,0,3.994179694659759
23007_8048,1,105,0,3.994552460863386
22952_8036,2,101,0,3.9946364537785986
22948_8061,1,106,0,3.994861265701903
22918_8018,2,103,0,3.9956052030483717
23027_8031,1,103,0,3.9957124571989433
23007_7850,2,101,3,3.9966029556412757
22909_7932,1,106,0,3.9966375066810653
23101_7986,1,103,0,3.9968248208718533
22878_7899,2,103,0,3.9970668593146645
22998_7875,2,106,0,3.9974317962952184
22952_7898,1,106,0,3.997584262905467
22960_8062,2,103,0,3.997623059050139
23043_7941,1,106,0,3.9980639623693017
23000_7890,2,103,0,3.998244756151216
23051_7986,1,105,0,3.9982528456688833
22876_7992,1,106,0,3.9984011639616077
22946_7991,2,103,3,3.998575764096663
22851_7909,1,103,0,3.999134972736588
23080_8071,2,103,0,3.9992267308830503
22834_7879,1,103,0,3.999263188140771
22993_7858,1,105,0,3.9993069301506305
22916_8071,1,106,0,3.999344987014306
22877_7844,1,106,0,3.9995687058666385
22996_7878,2,103,0,3.9995996168403143
22872_8023,1,106,0,3.99963099551073
22960_8010,1,106,0,3.999649621891671
22901_8064,1,106,0,3.9996722809629333
22931_8051,1,105,0,3.999743640845307
23063_8064,1,106,0,3.999793725252434
23040_7896,1,105,0,3.9998426639965095
23059_8039,2,103,0,3.9998837161177976
23059_8068,1,106,0,3.999916660049485
23060_8048,1,106,0,3.9999224469437036
22861_8066,1,103,0,3.999929017752335
22934_7902,1,103,0,3.9999322250770226
23100_7936,2,101,3,3.9999503496671895
23080_7903,2,103,0,3.9999600105931106
22903_7954,2,103,3,3.999963337613596
23105_8062,2,103,0,3.999963976509918
23090_7837,1,106,3,3.9999734931428508
23093_7944,2,103,2,3.9999774793557465
22857_7885,1,106,0,3.9999791798523856
22910_7847,1,104,0,3.9999999676788214
23054_7987,1,105,0,4.00000000829174
22847_7954,2,103,0,4.000017807752676
22919_7843,2,104,0,4.0000232150296755
22932_7876,1,103,0,4.000042467620378
22898_7841,1,104,0,4.000058590433569
22912_7836,2,104,0,4.000074199935599
22961_8009,1,106,0,4.000125096429839
22996_7862,1,105,0,4.000134068065346
23062_8064,1,106,0,4.000172545267248
22875_7926,1,106,0,4.00018978691891
22908_8012,2,103,0,4.000219403381223
23032_8040,1,106,0,4.000303066346212
23102_7849,1,106,0,4.000369403483216
23031_7892,1,103,0,4.000418365434242
23085_8008,1,107,0,4.000462009594728
23002_7953,1,103,0,4.00057818620471
22899_7944,1,106,0,4.000688294386318
23093_7889,1,103,0,4.000814496622178
23073_7854,1,103,0,4.0009125741807
23100_8038,1,106,0,4.001051415764006
23098_7952,1,106,0,4.001297639222075
22926_7974,2,106,0,4.001314599359684
22980_8060,1,106,0,4.001371781375536
22904_7844,3,104,0,4.001673134413999
22891_7880,1,106,0,4.001992269908802
22897_7971,1,106,0,4.003002523518969
22943_7971,2,103,0,4.003158445376702
22902_8060,1,106,0,4.005432753310154
22892_8032,2,101,0,4.0054437185238765
22861_7890,2,105,0,4.005723546290216
22954_7875,2,103,0,4.0072115157327985
23040_7995,2,103,0,4.007573550408509
22989_7989,1,105,0,4.008400607490665
22895_8061,1,106,0,4.008520348089502
22895_7871,1,106,0,4.008701088777048
22886_7846,1,106,0,4.009114747155645
22983_7846,1,106,0,4.009302476919072
23012_7896,1,103,0,4.009394827469359
22921_7967,1,106,0,4.009619937277916
22848_7941,2,103,0,4.010661343269178
22905_8001,1,106,0,4.010911229567072
22870_7911,1,106,0,4.0111397450782675
23049_8037,1,106,0,4.011263124317579
23095_7959,1,106,0,4.013021357625128
22861_8071,1,106,0,4.013466039355901
22949_8035,2,101,0,4.014415375559098
22899_7891,2,103,0,4.014909717121089
22987_7945,1,105,0,4.015674185748886
22907_7840,4,104,3,4.016394616879131
22888_7950,1,106,0,4.016654979123286
22963_7978,2,103,2,4.017123135597247
22898_7939,1,106,0,4.020890210433199
22978_7937,1,105,0,4.021284180918584
22872_7879,2,103,0,4.022826967956944
23066_7910,1,103,0,4.023516819817631
22984_7852,2,105,0,4.024241986468415
22956_7968,3,103,0,4.026027680433618
22985_7880,2,101,0,4.0263656769087826
22937_8017,2,106,0,4.026932291896347
23049_8013,2,103,0,4.027636082277511
23011_7848,2,103,0,4.028105263705687
22899_7945,1,106,0,4.028329316100825
22899_8019,1,106,0,4.029104761416134
22901_8020,1,106,0,4.029954347624193
22841_7840,2,101,0,4.031828338779879
22858_7988,4,103,3,4.034865553346814
22966_7903,1,106,0,4.035022770097254
22971_8048,1,106,0,4.03638097290875
23092_7842,1,106,0,4.039946164699605
22923_7946,2,101,0,4.040190041554579
22962_7877,1,103,0,4.040790153888117
22941_8015,1,106,0,4.0413722124178335
22964_7988,2,101,0,4.0416551758357935
23099_7853,1,106,0,4.043234886981765
22866_8004,3,103,0,4.043360731220733
22916_8070,1,106,0,4.043700889802961
22929_8021,1,106,0,4.045031058135249
22905_7991,2,101,0,4.046182177184348
23089_7895,1,106,0,4.048699185317742
23036_7999,1,106,0,4.049212930654797
22902_7853,1,103,0,4.04957170116337
22964_7858,1,103,0,4.051217416266
22901_8012,2,101,0,4.0529070815140535
23019_7853,1,106,0,4.056298458093778
22960_7986,2,103,0,4.056634145604952
23056_7932,1,105,0,4.05669838121302
23090_7889,2,103,0,4.057635770449953
22917_7982,2,103,0,4.057737962393489
22877_7919,2,101,0,4.058217280548059
22904_7983,1,106,0,4.0584179421314746
22891_8019,1,106,0,4.059400672390198
22927_8032,3,103,0,4.0598631051176115
23050_7856,1,106,0,4.060652051503623
22918_7949,1,106,0,4.060777817673824
22899_8018,1,106,0,4.061477521524969
22897_7995,1,106,0,4.061631587787543
22836_7872,1,103,0,4.06195158505743
23103_7989,2,103,0,4.062267249524604
22981_8070,2,103,0,4.062559589243267
22849_7844,2,103,3,4.06491231746377
22981_7999,1,106,0,4.065164994980146
22865_7916,1,106,0,4.066565285926342
22912_8061,1,103,0,4.06710836439597
22879_7925,2,101,0,4.06772297222767
22926_7857,1,106,0,4.069283908086152
22940_7868,2,103,0,4.069759101284937
23024_8070,2,103,0,4.070121464506893
22888_7891,1,105,3,4.070336356066745
22936_8034,1,106,0,4.071181264909853
22935_7949,2,106,3,4.071417077003089
23102_7847,1,106,0,4.073537401758693
23078_7915,2,101,0,4.073958607181103
22956_7992,2,103,0,4.076009019885934
22993_7940,1,106,0,4.076440411902351
22927_8033,3,103,0,4.077890317465512
22926_7890,1,106,0,4.078041053726966
22824_7872,1,103,0,4.078279832197827
23019_8042,1,105,0,4.078501556415323
22952_7967,1,106,0,4.0791414583119865
23000_7837,1,103,0,4.080841346747402
22958_7880,2,103,3,4.08147032618765
22958_7886,2,103,0,4.082747741451058
22897_7977,1,106,0,4.083023759879269
22909_7928,1,106,0,4.083134064676926
22967_7915,1,103,0,4.083482744081061
23041_7843,1,106,0,4.084963253645775
22915_7927,2,106,0,4.085360978647998
23009_7882,2,106,0,4.0854355258003086
22868_7902,1,106,0,4.085914166327071
23022_8043,1,107,0,4.086975661174082
23026_7904,1,103,0,4.087101717371057
23071_8056,2,103,0,4.088581916405614
22876_8011,2,103,0,4.088948613137898
22923_7881,1,106,0,4.0896579136606945
23085_8005,1,106,0,4.090078970659517
22960_7973,1,107,0,4.090773494587989
22888_7984,1,106,0,4.091479409825685
22879_7938,1,106,0,4.092733376036307
22866_7899,1,106,0,4.093702712460198
22875_8048,2,103,0,4.094548806501351
22955_7881,1,106,0,4.094611973141134
23021_8063,2,103,0,4.095085574138297
22928_7975,1,106,0,4.0951477082533625
22874_8001,3,103,0,4.09583045481054
22997_7918,1,103,0,4.0978606183229935
23020_7978,1,103,0,4.098794690027592
22878_7853,2,103,0,4.099246200206261
23104_7853,2,103,0,4.099341622683677
23077_8064,1,103,0,4.099407656812369
23085_7871,1,103,0,4.100180545853492
22929_8022,3,107,0,4.10029847695814
22903_7992,1,106,0,4.100342146107057
23074_7849,1,103,0,4.100593632722357
22935_7900,1,103,0,4.103749624669496
22896_7853,2,103,4,4.104486353440914
22895_7878,1,106,0,4.104504653026923
22980_7925,1,103,0,4.10498450673221
23035_7972,1,103,0,4.106434799187699
22952_8047,2,103,0,4.108338705464084
22886_7958,2,103,0,4.111816555144446
23090_8007,1,106,0,4.112168655976148
22918_7938,2,101,0,4.112184875715255
22896_8061,1,106,0,4.113003528561912
22937_8068,2,103,0,4.113983447494949
22931_7886,1,103,0,4.114064496986819
23064_7907,1,106,0,4.114130811430281
22925_8024,2,103,0,4.114729189933356
23018_8042,1,105,0,4.115609430087945
22918_8000,2,103,0,4.11603649771931
23082_7941,2,103,0,4.116252811146414
23038_7836,1,106,0,4.1183007571521495
22927_7844,1,106,0,4.11985744955624
22834_7859,1,106,0,4.120529285910235
22903_7940,1,106,0,4.12056682938077
23060_7896,1,106,0,4.121317820117658
23036_7979,1,105,3,4.121501577884766
23049_7884,1,105,0,4.124246971144735
22963_7997,2,103,0,4.124290089124299
22984_7909,1,103,0,4.12482130287038
23042_7966,1,103,0,4.126453114476411
22843_7879,1,103,0,4.128528328890901
22861_7891,1,106,0,4.128825740967018
22916_7962,1,106,0,4.129489468435775
22961_7950,1,106,3,4.130495265941743
22989_7918,2,103,3,4.130530056563474
22913_7850,2,101,0,4.13118625372515
22988_7871,1,106,0,4.131260391359719
22965_8051,2,101,0,4.131519699503877
22947_8038,2,101,0,4.131888400299748
23099_8063,2,103,3,4.132519329346567
22901_7918,2,101,0,4.133684439369157
22932_8070,1,106,0,4.134156665763729
22904_7976,2,101,0,4.134386722702538
23013_7971,2,103,0,4.135847788938967
22959_8030,1,106,0,4.136077164878255
22897_7923,2,103,0,4.137220650229979
22938_8041,1,106,0,4.138654460839039
22950_8060,1,106,0,4.1393145205217055
22877_7918,2,101,0,4.139417222504685
22890_7905,1,106,0,4.140682729526946
22873_8069,1,106,0,4.140719834891303
22924_8025,1,106,0,4.140939610739542
22964_8050,2,101,0,4.142202461074176
23102_7998,1,103,0,4.142311069937687
22949_7880,1,105,0,4.144711660384539
22889_7880,1,106,0,4.145682604518205
22966_8061,2,103,0,4.145686556669975
22920_7968,2,106,0,4.145871059653163
22929_7983,1,106,0,4.1463577320006
22937_7914,1,105,0,4.148462465644998
23026_7942,1,103,0,4.148869286541499
22975_7867,1,106,0,4.149448107847401
23024_8037,2,105,0,4.1499205758331055
22912_7853,1,103,0,4.152389769050867
22936_7975,2,106,0,4.152924450916229
23066_8045,2,103,0,4.153191348933304
23013_7896,1,103,0,4.15412697914508
22861_7883,1,105,0,4.1545907964733155
22869_7948,1,106,0,4.1546172377465345
22911_7851,2,101,0,4.1557830792407255
22936_7950,2,106,0,4.155932174594113
23093_7902,1,106,0,4.155937646087736
23083_7943,2,103,0,4.156135608948825
22881_7950,1,107,0,4.156448597735068
22877_7914,2,101,0,4.1566860431215575
23101_7840,1,106,3,4.156815924522428
22843_7837,1,103,0,4.15690675194593
22887_8004,2,106,0,4.157461013819379
23005_8049,1,106,0,4.159335409678262
22928_7967,2,106,0,4.159994890517636
23097_7937,1,106,0,4.161275661449107
22895_7946,2,103,0,4.161351607075367
22956_7866,1,106,0,4.161458187729279
22896_7946,1,106,0,4.161496191716773
23102_7986,1,103,0,4.161659605669335
22966_7974,2,103,3,4.162790001059221
23031_8042,1,106,0,4.163725148630152
22870_8047,1,106,0,4.165453606746695
22943_7946,1,106,0,4.166629494669723
22942_8008,2,103,0,4.166972953747683
22886_7944,2,101,0,4.167358910941526
23062_7904,1,103,0,4.167365653654041
22948_8064,1,106,0,4.167790628790392
22944_7980,2,107,0,4.167811840619112
22924_7838,1,104,0,4.167819558869334
23087_7951,1,103,0,4.168105346315587
22870_7993,1,106,0,4.168325171127728
22875_8009,3,103,0,4.16833540534946
22861_8006,3,103,0,4.168924134725873
23056_7884,1,106,0,4.170096713614321
23034_7893,1,103,0,4.170319950588269
22980_7929,1,106,0,4.170756970378219
22882_7980,1,106,0,4.1715000663120305
22886_7840,1,104,0,4.17172868848719
23042_7842,1,106,0,4.172158086043844
23022_7919,1,103,0,4.174153731048002
22874_7946,1,106,0,4.1745008372983605
23011_8053,1,103,0,4.1747875136696
22923_7954,1,106,0,4.174842020187532
23022_7903,1,103,0,4.175383956410447
23019_7840,2,103,0,4.1754041413462435
22894_7857,2,103,0,4.175523040234834
22933_8063,1,106,0,4.176480655030202
23010_8010,1,105,0,4.176733535632065
23011_8025,1,106,0,4.176736723032822
22931_8032,1,106,0,4.1768095770591325
22874_7942,1,103,0,4.177990516032987
22875_7945,1,106,0,4.178147478514675
22891_8011,2,103,0,4.178322445096174
23073_7839,1,106,0,4.180355430956782
22854_7937,1,106,4,4.180379411247098
23098_7958,1,103,0,4.181872893616924
23012_7973,1,107,0,4.182172248130698
22864_8047,2,101,0,4.1830401905584385
23081_7939,2,103,0,4.183146878661333
22908_7844,1,104,0,4.18384353609054
22942_8003,2,103,0,4.185424271319088
23024_7859,1,106,0,4.186015724712916
23091_7885,1,107,0,4.186148774277368
22914_8054,2,103,0,4.186533753106579
23052_8026,2,103,0,4.186691636287318
22839_7849,1,106,0,4.187115831885628
22955_7963,2,103,0,4.187867845568348
22945_7983,3,106,0,4.188907557495468
23096_7851,1,103,0,4.189089010836047
23091_7985,1,106,0,4.19130751452209
22910_7966,1,107,0,4.191828999423141
23026_7874,1,106,0,4.192962907458551
22907_7925,2,101,0,4.194832837626288
23099_7948,1,106,0,4.194978628797987
22847_8052,1,106,0,4.198139694610773
22857_8062,2,101,0,4.198344747428233
22880_8002,3,103,0,4.200605791176405
22900_7996,1,106,0,4.2007909639395455
22904_7905,2,106,0,4.201856382893916
23040_8040,1,105,0,4.2023111842657235
22871_7879,2,103,0,4.203194715544676
22975_7890,1,103,0,4.2044435417972
22936_7949,2,106,3,4.204622971392671
23005_7947,1,103,0,4.206922322898852
22874_7898,2,101,0,4.209546329211295
22888_7911,1,106,0,4.209695873570583
23080_7892,1,105,0,4.210948392588535
22909_7863,1,106,0,4.212298147599887
23057_8014,1,106,0,4.212494276219024
22962_7991,2,101,0,4.213316278695232
22933_7925,1,103,3,4.213435812262922
22937_8027,1,106,0,4.213554144765681
23053_7912,2,101,0,4.213579018541457
22995_7873,1,106,0,4.214030339875827
22897_7854,1,103,0,4.214488818713593
22978_7918,1,106,0,4.214492675623885
22886_7935,1,106,0,4.214619773715136
23034_7899,2,101,0,4.215155110661058
22895_7898,2,101,0,4.215563495226626
22888_7948,2,101,0,4.215830080119949
22935_7922,1,103,0,4.216513145339577
22916_8062,1,106,0,4.216926480184621
22931_8004,3,106,0,4.2171728011688066
22892_7916,2,103,0,4.218816807673593
22877_8055,2,103,0,4.219728039005465
22933_8020,1,106,0,4.2202371118493645
22952_7886,1,106,0,4.2221452407598905
22921_8004,2,106,0,4.223191357572932
22914_8018,1,106,0,4.22411740618851
23076_7838,1,106,0,4.22426489497352
22934_7865,2,103,0,4.224719813864783
22993_7851,1,103,0,4.224887295808571
22864_8041,2,103,0,4.22574844470766
22978_7894,1,103,0,4.227358076825962
22939_7971,2,101,0,4.228341119566485
22857_7888,1,106,0,4.228609752061675
22843_7878,1,103,0,4.228889467089433
23029_8029,1,103,0,4.229092273885467
22972_7963,2,101,0,4.229182326263608
23019_7901,1,103,0,4.22944125896162
22980_8023,1,103,0,4.230430955519684
22984_8005,1,106,0,4.232249511246209
22889_7915,2,103,0,4.233371937981209
22965_8050,2,101,0,4.233792285743248
22956_7873,1,101,0,4.234130864430337
22931_8069,1,106,0,4.234729665657076
23047_8049,1,106,0,4.23526013555351
22885_7886,2,105,0,4.235886347263576
22874_7997,1,106,0,4.235972894745088
23099_7946,1,107,0,4.23628477764135
23100_7986,1,103,0,4.2379745301574
22991_7876,2,101,0,4.239442827627868
22948_8065,1,106,0,4.239766326909282
22919_7996,2,103,0,4.24053974002543
22897_8062,1,106,0,4.241186915909764
22864_8054,1,103,0,4.241550895783577
22929_7967,2,106,0,4.2419927240059065
23093_7884,2,103,0,4.242602730291975
23091_7852,1,103,0,4.2427782584597065
23067_8026,1,106,0,4.244461217995616
22878_7922,2,101,0,4.244487806180944
22932_8050,1,105,0,4.244489427030716
22872_7849,2,106,0,4.245803149624136
23053_8067,2,103,0,4.24614887836922
23085_7956,1,105,0,4.246186726065884
22941_8053,2,103,0,4.246249482039062
22908_7911,2,103,4,4.246324160342848
22920_7910,1,103,0,4.247175730742149
23048_8070,2,103,0,4.247473165737401
22950_7912,1,103,0,4.248298195774007
22935_7857,1,103,0,4.249442452844892
22873_7894,2,101,0,4.249542737956567
23019_7986,1,103,0,4.249624827319896
22858_8070,1,103,0,4.24994076306811
22945_7968,2,103,0,4.251400118802667
22943_8002,2,103,0,4.251409673170328
22923_7962,1,106,0,4.252807294449972
22964_7887,1,103,0,4.253590147408252
22951_8033,2,101,0,4.254263521680794
23044_7939,1,106,0,4.255812463914055
22908_7918,2,103,0,4.25706360128989
23008_7882,2,106,0,4.257201047174283
22872_7906,1,106,0,4.25732521105746
22942_7866,2,101,0,4.257498333703949
22891_7879,1,106,0,4.258394100071142
23057_8013,1,106,0,4.258478474146254
23091_7841,1,106,0,4.258885512022291
22948_8028,1,106,0,4.258890293045202
22959_7941,1,105,0,4.259118634420396
22905_7870,2,103,0,4.260233246318119
23033_7982,1,103,0,4.26128570344595
22854_8066,2,101,0,4.265627605915431
22903_7930,2,106,0,4.266145800761548
23077_7846,1,103,0,4.266500344066586
22902_8020,1,106,0,4.267032813344894
23057_7945,2,103,0,4.268080819958383
22952_8027,4,101,0,4.270329451980213
22968_7875,1,106,0,4.27040754579212
22859_7986,4,103,3,4.270699804293329
23053_8023,2,103,4,4.271790417870829
23068_8068,1,106,0,4.272142756858416
22886_7856,2,103,0,4.272537455768348
23093_7929,2,101,0,4.272572531297001
22958_7958,2,103,0,4.272605065078123
23002_7884,2,103,0,4.273481008698166
22944_7857,1,106,0,4.2743674972870025
22960_7876,2,103,0,4.274699079412128
23012_7999,1,106,0,4.274904712464774
22982_7850,2,105,0,4.274976030107471
22996_7882,1,103,0,4.275032735217417
23027_7946,1,103,0,4.276014412237385
22885_7955,2,106,0,4.276808798925284
22899_7996,1,106,0,4.276926206448728
22877_7915,2,101,0,4.277473911485094
22890_8011,3,103,0,4.279337875603257
23038_7876,1,106,0,4.281594711916329
22890_8064,1,106,0,4.282706852979971
23052_7983,2,103,0,4.282770511757899
22951_7966,1,106,0,4.283556913273185
23025_7892,2,103,0,4.284422584402013
22958_7869,2,103,0,4.284630280215482
23072_7930,1,103,0,4.284924328358209
22943_7945,1,106,0,4.285394369295686
22855_7912,1,103,0,4.286254607430283
22964_7913,1,103,0,4.286364420887042
23046_7952,1,103,0,4.286614486953247
22951_7999,2,101,0,4.286859964981248
22939_8031,1,106,0,4.287018692686185
23006_7878,1,105,0,4.287184816589559
22929_7921,1,105,0,4.2883164680471575
22945_7993,2,103,0,4.288778045103769
22935_7975,2,106,0,4.289370229370183
23102_8031,1,106,0,4.290489642749303
22894_7855,2,101,0,4.29214249992939
22896_7888,1,105,0,4.293177288320516
22993_7901,1,106,0,4.293716205080637
23021_8064,2,103,0,4.2945711637597475
22893_7998,1,106,0,4.29766856596799
22863_7923,1,103,0,4.2977982602727085
22840_7888,1,103,0,4.2981767198391845
23051_7874,1,106,0,4.2984031177762345
23090_7888,2,103,0,4.299058438253293
22882_7853,2,103,0,4.300384308949816
23069_8049,2,103,0,4.301271539688933
22899_8033,1,106,0,4.30130360522712
23035_8001,1,106,0,4.30349394816646
22830_7845,1,106,0,4.305016452208799
22924_8041,1,106,0,4.305102650336955
22826_7855,1,106,0,4.306296973047973
22890_7929,2,103,0,4.306747915551236
22946_7992,2,103,3,4.308074747601318
22991_8069,2,104,0,4.3083296560486035
23053_8016,1,106,0,4.309187967958491
23052_8015,2,103,0,4.309400964090889
23028_7939,2,103,0,4.309536852741761
23051_8014,2,103,1,4.3101125375457325
22860_8066,1,103,0,4.310815363949674
22950_8034,2,101,3,4.3110180042863
23041_7986,1,106,0,4.311773654806458
22869_8031,1,106,0,4.311874896189439
22943_8033,1,106,0,4.311927855977969
22998_8045,1,103,0,4.314279831303421
23077_8059,1,103,0,4.314450957108077
23003_8029,1,106,0,4.315063251014476
23059_8048,1,106,0,4.316245352282711
22821_7841,1,103,0,4.3172641994967975
23091_7884,1,105,0,4.318309195213184
22984_7949,1,106,0,4.319478154082909
23019_7990,1,106,0,4.319616427520801
22932_7903,1,103,0,4.319750874792933
22921_7942,2,103,0,4.322114326522226
23001_7953,1,103,0,4.322948526471882
22888_7904,1,106,0,4.324468440936275
22900_8066,1,106,0,4.325057497284282
22859_8058,2,101,0,4.3254477632378086
23000_7955,1,103,0,4.325667329980219
22877_7916,2,101,0,4.328520035063993
22898_7977,1,106,0,4.32907732357322
23033_7870,1,106,0,4.330645114935283
22956_7851,2,103,0,4.330956141903001
22963_7958,1,106,0,4.334528622676198
23060_8050,1,106,0,4.334890617052106
22903_8019,1,106,0,4.335094380115406
22826_7842,1,106,0,4.336669393192504
22996_7975,2,103,0,4.3370200304748
22858_7912,1,103,0,4.339785715918071
22858_7886,1,106,0,4.340379847349175
23101_8063,3,101,0,4.340387748037279
22887_7956,2,103,0,4.3428996861343405
22925_7855,1,106,0,4.343040661406739
22987_7999,1,105,0,4.3432102505863375
22996_7941,1,106,0,4.3438942796664275
22953_7913,1,106,0,4.3446375986955506
22922_8052,1,105,0,4.344883713167145
22970_8052,1,105,0,4.34494165547661
22906_7983,2,106,0,4.346264375916619
22859_7912,1,103,0,4.347249740973391
23081_7848,1,103,0,4.347382091283511
23072_7896,1,106,0,4.34755248658137
22876_7907,2,101,0,4.347686961580483
22889_8047,1,106,0,4.347704084944308
22886_7837,2,105,0,4.347947576250408
23011_7970,2,103,0,4.3500352944616205
23079_7933,1,103,0,4.35019462422324
23016_7982,1,105,4,4.35033289008459
22881_7935,2,101,0,4.350809550184993
22865_8007,3,103,0,4.350934289654427
22996_7964,2,101,0,4.352052955148104
22942_8038,1,106,0,4.352190259614888
22854_7870,1,106,0,4.354519326058121
22987_8066,1,104,3,4.354796155146603
23025_8013,1,103,0,4.3549702391290435
23021_7847,1,103,0,4.356687924478236
22927_7866,2,105,0,4.356893176179399
22874_8060,1,106,0,4.358320910061425
22996_7932,1,103,0,4.358647499521581
23016_7842,2,103,0,4.3587826045222755
22938_8029,1,106,0,4.359904572972997
22898_8017,1,101,0,4.361068421544219
22992_7940,1,106,0,4.3613175726778195
23040_7991,1,106,0,4.361476350056764
22867_7991,1,106,0,4.36187614462937
22861_7866,1,106,0,4.361926998362529
22847_7895,1,106,0,4.362100953217445
22869_8001,2,103,0,4.362767864241689
22860_7874,1,106,0,4.363557950439437
22895_8000,1,106,0,4.3639813570734
22981_7938,2,105,0,4.364108262371776
22988_7886,2,101,0,4.364264159181665
23086_7885,1,103,0,4.364573528401626
23096_7890,1,103,0,4.364806255557519
22926_7877,1,106,0,4.365770643407166
23006_8067,1,104,0,4.36587538529533
22878_7921,2,101,3,4.366874147072931
23061_7934,1,103,0,4.369644295713157
22945_7946,1,106,4,4.370059703955796
23063_7838,1,106,0,4.371618930389805
23079_7914,2,101,0,4.371769765820371
22903_8013,2,103,0,4.373135518214209
23078_8066,1,103,0,4.373494458170559
23050_7912,2,101,3,4.373663981285081
22852_7883,1,105,0,4.373688070316941
23087_7977,1,103,0,4.374799227858054
23101_7836,1,106,0,4.374967602940152
23095_7952,2,103,0,4.375472284285519
22882_7899,1,106,0,4.376588797251054
22915_7982,2,106,0,4.376593033107738
23065_8026,1,106,0,4.37722173409089
23082_7978,1,106,0,4.378816393926034
23004_7857,2,101,4,4.379952706495716
22942_7849,1,105,0,4.380770604795894
23080_7992,1,103,0,4.383174276594007
23096_8066,1,106,0,4.383303264694935
22996_7958,1,105,0,4.383764623869121
22968_7916,1,103,0,4.383824008581683
22877_8020,1,106,3,4.385351657717769
23028_8048,1,106,0,4.386056769912298
22888_8011,3,103,0,4.388718882250152
22877_8054,2,103,0,4.389469883701146
22900_7967,2,101,0,4.389481073606141
22902_8037,1,103,0,4.391078000326742
23044_7931,1,106,0,4.39117149598707
22918_7997,2,103,0,4.3913765906908395
22871_7950,1,107,0,4.392233451392811
22904_7869,2,103,0,4.392328725121355
22983_7928,1,103,0,4.3928101044833845
22875_8021,1,106,0,4.3935120632720395
22876_7921,1,103,0,4.394869344504032
22916_7933,2,103,0,4.395917751833261
22849_7906,1,103,0,4.398058981196849
23011_7876,1,107,0,4.398809902363403
22956_8007,3,106,0,4.399980726232083
22892_7993,1,106,0,4.403349191086883
23089_8006,1,103,0,4.403432097681184
22993_7884,2,101,0,4.40462591251075
22911_7879,2,103,4,4.406577981184121
23084_7905,1,106,0,4.406902811254121
22848_7846,2,103,0,4.407099840107625
23023_7948,1,106,0,4.407152488131651
23099_7998,1,103,0,4.4072857115169
22913_8019,1,106,0,4.408089383640739
22927_8034,2,103,0,4.408461041946595
22914_8043,1,106,0,4.410525726092157
22885_7958,1,103,0,4.4107108314939065
22821_7836,1,103,0,4.411868762927091
22882_7937,2,101,3,4.411896071218604
23070_7896,1,106,0,4.412647964823843
22977_8056,1,105,0,4.413422694881923
22926_7851,2,103,0,4.414123273900647
22938_8042,1,106,0,4.414476668854158
23020_7838,2,103,0,4.416592963731818
22887_8059,2,103,0,4.416773778072659
23050_7923,1,105,0,4.418812254124999
23024_7987,1,103,0,4.421095145074962
22949_8033,2,103,0,4.421156631050825
22890_8023,1,103,0,4.4220941912778
22829_7878,1,103,0,4.422347108308067
22822_7854,1,103,0,4.423001493920373
22877_7926,2,106,0,4.42365638092069
23074_7896,1,106,0,4.42371869736527
23069_8005,1,103,0,4.423774462885068
22971_8012,2,103,3,4.423957500173506
22940_7969,2,103,0,4.425426170612205
22983_7927,1,103,0,4.42543488598494
22877_7913,2,101,0,4.425560801146964
23062_8005,1,106,0,4.426157046796465
23101_7870,2,103,0,4.426161776811481
22896_7851,2,101,0,4.427575886229339
23032_7992,1,103,0,4.427873768490074
22916_7932,2,103,0,4.429179936240485
22914_7975,2,103,0,4.429390102707742
22923_8065,1,106,0,4.4299392008088825
22999_7876,2,106,0,4.430175441573743
22987_8051,1,105,0,4.43090730898735
22892_7947,1,106,0,4.430951758827403
22934_8016,1,106,0,4.433140479579742
22975_7984,1,101,0,4.433497222461254
23063_8033,1,106,0,4.434922247137657
22916_7959,1,106,0,4.434980807286402
22939_7863,1,106,0,4.435627870337763
23023_7967,1,106,0,4.4369184601456775
22945_8057,2,103,0,4.437119932235205
22945_7981,2,106,0,4.437200399965576
22930_7858,2,101,0,4.437433120117385
22885_7912,2,103,0,4.437446714533706
23027_7941,1,103,0,4.437630201028722
23026_8014,1,103,0,4.43901168475508
22946_7965,2,101,0,4.4391348497165115
22954_7945,2,103,3,4.439460676799972
23046_7962,1,106,0,4.439635178093768
22964_8048,1,105,0,4.441611456423562
23101_7942,2,103,0,4.441727445716212
22913_8032,1,106,0,4.444060802177984
22927_8003,2,106,0,4.445666096925456
22890_7854,1,106,0,4.445976312134825
22907_7961,1,107,0,4.4464632354361155
22902_8059,1,106,4,4.446813647261032
23054_8065,2,103,0,4.44690826171341
22972_8016,1,106,0,4.447057855548501
22918_8015,1,106,0,4.448018145740927
22899_7855,1,103,0,4.448064912845014
23029_7940,2,103,0,4.448158097447243
23005_7901,1,106,0,4.448694213529619
22860_8054,2,101,0,4.449149735460922
22942_7842,1,106,0,4.450001343351485
22895_7877,1,106,0,4.450337379530194
22916_7944,2,103,3,4.450937897386124
22994_7965,2,101,0,4.452557905865642
22897_7951,2,103,0,4.453502489500314
22968_7873,1,106,0,4.454722084862166
23068_8069,1,106,0,4.454735542754517
22980_7861,1,106,0,4.454850408956426
23044_8043,1,105,0,4.455458426906864
22951_7933,2,103,0,4.455721063924711
23001_7921,1,103,0,4.456312350501859
22890_8012,2,103,0,4.456470089707032
23104_7936,1,106,0,4.4573515920464715
22866_7942,1,106,0,4.458122696835012
22849_7843,2,103,0,4.45907772801513
22865_7903,2,103,3,4.459339959702096
22830_7866,1,107,0,4.460526963993512
22874_8017,1,107,0,4.46073467397844
22958_7856,2,103,3,4.46084135263115
22891_8006,3,103,0,4.461056191765201
23102_7845,1,106,0,4.461081088091934
22871_7884,2,101,0,4.462842686746
22920_7996,2,103,3,4.4630216247688415
22929_7944,2,103,0,4.463614450267796
22945_7982,2,106,0,4.463711650151003
22979_7937,2,105,0,4.464466587098077
23007_7895,1,106,0,4.464892361666821
22932_8032,1,106,0,4.465421147763278
23034_8030,1,106,0,4.465877569885207
22879_8032,2,106,0,4.466427013462879
22974_7867,1,106,0,4.466710850768668
23043_7995,2,103,0,4.466713058887921
22945_8030,1,106,0,4.467989280931096
22915_7837,1,104,0,4.468353929593902
22885_7915,1,106,0,4.468684316790763
23081_8052,2,103,0,4.469000763352414
22847_7856,2,103,0,4.469590170306662
22961_8003,3,106,0,4.471689689263002
23003_8044,1,106,0,4.472886770204333
22946_7989,2,103,3,4.473695372048067
23044_8012,1,103,3,4.475081918055319
22981_7878,2,101,4,4.475640228471036
22947_7935,2,105,0,4.476294305144189
22939_8016,1,106,0,4.479142605681674
23041_7836,1,103,0,4.479465474724129
23075_7848,1,103,0,4.479764685817332
22971_8058,1,106,0,4.479774850364098
23001_8059,1,106,3,4.4816868660305795
22992_8036,1,103,0,4.4825247222451905
22941_7958,1,106,0,4.482613554989963
23095_8062,2,107,0,4.483214799683385
23003_7858,2,101,4,4.483241619920448
22892_8017,1,106,0,4.483963310376574
22896_7877,1,106,0,4.484222331682563
23018_7990,1,106,0,4.48445851809106
22873_7850,2,103,0,4.484996371889612
22923_7965,1,106,0,4.485468375668403
22874_7890,1,105,0,4.485558969593441
22935_7974,2,101,0,4.485609311593771
22863_7956,3,103,0,4.489188349604493
22863_7913,1,106,0,4.489425716792368
23039_7981,1,105,0,4.4897761354050365
22937_8050,1,103,0,4.490179662111848
22936_7987,2,103,0,4.4904815244508995
22909_7969,3,103,0,4.490497472968732
22882_7936,2,101,0,4.49112878123086
22859_7890,2,105,0,4.4912255316882606
22911_7883,1,105,0,4.491567213582389
23097_7980,1,103,0,4.492823623763995
23084_8002,1,106,0,4.493652131831502
23021_8029,1,103,0,4.494096511708813
22992_7885,1,106,0,4.494838134053549
23023_7922,1,103,0,4.498658394801731
22904_7925,2,106,0,4.498804996880279
22927_7991,2,103,0,4.499589126409458
22898_7996,1,106,0,4.499920437291431
22929_7945,2,103,4,4.500104494860225
23056_7940,1,105,0,4.500340411002433
22955_7934,1,106,0,4.501094870880577
22927_7863,2,103,0,4.5025718105260735
22868_8000,1,107,0,4.502580317037473
23078_7931,2,103,0,4.502977430953321
22910_8025,1,106,0,4.503139748341676
23071_8022,1,106,0,4.50342290145046
23048_7843,1,106,0,4.503423665153046
22919_7982,1,106,0,4.503594013326069
22979_8058,1,105,0,4.503597216236822
23053_7979,1,106,3,4.507740618907227
22891_7930,1,106,0,4.508749348315194
22999_7897,2,103,0,4.510186184077962
23000_8064,1,106,0,4.510375663527594
22954_7909,1,106,0,4.510656198620698
22847_7898,2,105,0,4.5116210889026815
23074_7917,2,103,0,4.512644862772424
23056_7912,2,101,4,4.512746860897431
22982_7861,1,106,0,4.513302185664087
22921_7845,2,104,0,4.513651962271031
22918_7891,1,106,0,4.5138599140722615
22960_8066,1,106,3,4.514188092310848
22832_7858,1,106,0,4.51458812820458
22861_7924,1,103,0,4.515016934320587
22906_8002,1,106,0,4.515982168993227
23002_7882,1,106,0,4.516065150021797
22987_8052,1,107,0,4.516997979991978
22942_8004,2,103,0,4.517100461498976
22920_7858,2,103,3,4.518017956055341
22862_7956,3,103,0,4.518300535758892
23019_7977,1,103,0,4.518855675599164
23065_7907,1,103,0,4.51912501398836
22878_7917,1,103,0,4.519274450465383
23022_8039,2,103,0,4.51987898309633
22859_8056,2,101,0,4.519907368993772
22919_8001,2,103,0,4.520563532575473
22837_7880,1,103,0,4.5215030360230175
22966_8028,1,106,0,4.521837908993747
23102_7980,1,103,3,4.524262925645296
23040_7959,2,101,0,4.5247402312231655
22889_7882,1,106,0,4.528798669095821
22871_8006,3,103,0,4.529735998043721
22977_8012,1,106,0,4.5297432685868735
22953_7942,2,103,0,4.530835666205386
22943_7906,1,106,0,4.531341461892302
22926_8031,2,106,0,4.5314402323714
23022_7987,1,103,3,4.531861005714989
22927_7920,1,105,0,4.532986190477871
22873_7882,2,101,0,4.535171065121671
23011_7983,1,105,0,4.535745154038446
23070_7995,2,103,0,4.536105994753884
22852_7871,1,106,0,4.536516318218172
22863_7914,1,106,0,4.537814504015283
22863_8007,3,103,0,4.537881579375331
22888_7905,1,106,0,4.538086051773617
22868_7998,2,106,0,4.5384383524603775
22979_8044,1,106,0,4.538841882081452
22906_8030,1,106,0,4.5390828476581815
22978_8056,1,105,0,4.540433130277739
23055_7910,1,106,0,4.540894117511563
22855_7886,1,106,0,4.542433919179253
22939_7974,1,106,0,4.5452224511618295
23041_7900,1,105,0,4.545848276391865
22956_8019,1,106,0,4.546468716321171
22935_7965,1,106,0,4.546539546212487
22944_7999,2,103,0,4.546618207983473
22853_7923,1,103,0,4.547247951556238
23065_8031,1,106,0,4.5475067919210295
23020_8052,2,101,0,4.547733014126401
22896_7918,2,103,0,4.548270603815901
23009_7969,1,106,0,4.548411501819335
22960_7903,2,103,0,4.548472073719659
23087_7915,1,106,0,4.551246847295292
23072_7854,1,103,0,4.55238861823889
23064_8060,2,103,0,4.553412718544746
23054_8064,2,103,0,4.5540760769777675
22888_7852,1,106,0,4.554835300625305
22994_7913,2,103,0,4.554912836312648
22917_7927,1,106,0,4.555137551483095
23028_7889,1,107,0,4.555510289118988
23016_7901,1,103,0,4.556297295370951
22864_8046,2,101,0,4.558129195050937
22890_8059,1,106,0,4.55888892358168
22902_7843,2,104,0,4.559122188996026
23032_7869,1,106,0,4.559350948149412
22901_7841,1,104,0,4.559686723142509
23049_8036,1,106,0,4.559913436442747
23026_7884,1,105,0,4.560482179802857
22822_7837,1,103,0,4.560983068530878
23076_8015,1,103,0,4.562140541433686
22930_8043,2,103,0,4.5624539656248935
22872_7863,1,106,0,4.564650827028404
23039_8040,1,105,0,4.564699654397278
23014_7895,2,101,0,4.565938621707508
23062_7964,1,105,0,4.56611204273118
22992_7932,1,103,0,4.566776931113504
22921_8022,2,103,0,4.567025724257291
22971_7876,2,101,0,4.5684929055787
22944_8054,2,103,0,4.568916406295121
23095_8008,1,106,0,4.569191071312469
22888_8001,1,106,0,4.569271741009095
22981_7980,2,103,0,4.569965902336038
22901_7989,1,106,0,4.571748067406492
23022_8063,2,103,0,4.572285078858299
22857_7871,2,101,0,4.572331249610931
22936_7919,1,103,0,4.5730287239724605
22888_8061,2,103,3,4.573815735262847
22899_7912,2,101,0,4.573959367960991
22931_7966,2,106,0,4.574178713904578
22923_7883,1,106,0,4.5752137337663745
23011_7917,1,106,0,4.576456785412633
22865_7998,1,103,0,4.576711294248742
22970_7875,1,106,0,4.576975998647168
23017_8056,2,103,0,4.577225684981374
22971_8063,1,106,0,4.578147169497841
23071_8071,1,106,0,4.5789890355073375
22966_7886,1,103,0,4.579711351657183
22992_7915,2,103,0,4.580594035781512
22966_7878,1,103,0,4.581760867068019
22912_7979,2,106,0,4.582862823771354
22915_7988,2,103,0,4.583189194869115
22967_7961,1,106,0,4.5834143938493375
22887_8058,2,103,0,4.584509855776871
23014_7894,2,101,3,4.585278813043347
22843_7839,1,103,0,4.586318099109797
23067_7853,1,106,0,4.586394337777961
22818_7852,1,103,0,4.587647415351399
22948_8066,1,106,0,4.587703355186485
23023_8036,2,103,0,4.588273331263816
23035_7899,2,101,0,4.589891921585841
22870_7848,2,103,0,4.590592214696261
23084_7980,1,103,0,4.592327200662129
22905_7835,2,101,0,4.593618464015446
22955_7940,1,105,0,4.594370835477001
22903_7852,1,103,0,4.595030733393518
23044_7941,1,106,0,4.5953691319796395
23043_7889,1,105,0,4.595373454580457
23087_7959,1,103,0,4.5966284978980845
23010_8024,1,106,0,4.596942202057381
22885_7929,2,106,0,4.597779069354729
22859_8055,2,101,0,4.597868913606996
22930_7952,2,103,0,4.598045564898417
22891_7950,1,106,0,4.599975829095685
23026_7901,2,101,0,4.600414662229103
22888_7837,1,104,0,4.600757662964247
22911_7856,1,106,0,4.601206031616928
23094_7883,2,103,0,4.601717008430967
22993_7881,1,103,0,4.602242346658284
23009_8024,1,107,0,4.603044676713291
22941_7988,2,103,0,4.603542015270079
22936_8044,1,106,0,4.603951691928374
22917_8029,2,106,0,4.605150163240749
23098_7972,1,107,0,4.605328979295073
22842_7979,2,103,0,4.605624498106775
22843_7856,2,103,0,4.6074634115232485
22906_7919,2,103,0,4.607933028278678
22916_7927,2,106,0,4.608942728084606
22876_7857,1,106,0,4.609050377584145
23081_7987,1,103,0,4.609583565342972
22964_7908,1,106,0,4.611045233353533
22955_7986,3,103,0,4.611410271859446
22874_7847,1,106,0,4.612606672333052
22955_7885,1,103,0,4.613061809931452
22952_8017,4,101,0,4.6138393075053905
22886_7978,1,106,0,4.6149516625448515
22969_7987,2,101,0,4.616196859902968
23084_7996,1,106,0,4.617682495405372
22976_7938,1,105,0,4.617801556179179
22874_7896,2,101,0,4.619722881102061
23078_7927,2,103,0,4.619999705359505
23031_7991,1,103,0,4.620182605060115
22895_7852,2,101,4,4.620307942172271
23012_7892,2,101,0,4.621082675041112
22928_7997,2,103,0,4.62125191039587
22896_8036,1,106,0,4.622464876867461
22996_7874,1,106,0,4.623144261741356
22943_7837,1,106,0,4.624369560112637
22926_7948,2,101,0,4.624573434357393
22898_8062,1,106,0,4.624746663116894
22896_7924,2,103,0,4.62477241816218
22974_7985,2,101,0,4.624834963663061
22975_7951,2,103,0,4.624846119491291
22953_8057,1,106,0,4.62616298128353
22960_7898,2,103,0,4.627219197612627
22928_7973,2,106,0,4.627469873850653
22957_7879,1,106,0,4.627515037362244
22905_8010,1,106,0,4.627682562701771
22849_7941,2,103,0,4.628414980507065
22839_7886,1,103,0,4.628849495500177
22873_7927,1,103,0,4.629042601540508
23008_7922,1,103,0,4.629140215752553
22966_7915,1,103,0,4.629209370893642
22973_7955,2,103,0,4.6306274879579865
22891_8062,1,106,0,4.6309057100964175
23104_7920,1,103,0,4.6309948198894535
22994_7910,2,103,0,4.631033567957772
22947_8029,2,103,0,4.631934161431762
22886_7992,1,106,0,4.632223300631273
22976_7922,1,103,0,4.632400986838045
22969_7862,1,103,3,4.634154255941568
23098_8069,1,105,0,4.634842674298367
22845_7895,1,106,0,4.63507233610297
22973_8048,1,106,0,4.6357242012332325
22989_7920,2,103,0,4.63805640100659
23066_8030,1,106,0,4.640265250140387
22981_7976,1,106,0,4.640850071326895
23060_8042,2,103,0,4.641246988600766
23005_7900,1,106,0,4.642085888428419
23011_7845,2,101,0,4.642281404107937
23051_8000,2,103,0,4.64288269161489
22995_7916,1,103,0,4.642883147104549
23014_8023,1,106,0,4.643419202659631
22924_7933,2,103,0,4.644262417090414
23101_7900,1,103,0,4.645758872431435
22849_8070,1,106,0,4.6457714842388595
23027_7976,1,105,0,4.6457901431019355
22860_8055,2,101,3,4.646137810400991
23089_7852,1,103,0,4.6467498699067065
23012_8006,1,106,0,4.6476594224267584
22912_7973,3,103,0,4.64791934557795
22984_7867,1,106,0,4.647934690360012
22900_8009,1,106,0,4.648053125583354
23095_7953,2,103,0,4.648712501466608
22839_7874,1,103,0,4.64910039523773
22888_8006,3,103,0,4.649132469607037
23104_7938,1,103,0,4.650021198138336
22973_7870,1,103,0,4.650241564055225
22992_7930,2,101,3,4.650789636248857
23045_7949,1,106,0,4.652987045591469
22952_7889,1,106,0,4.654669330495355
22965_7976,2,103,0,4.6550052507937565
22951_7941,1,106,0,4.65568590434573
23040_7965,1,106,0,4.656791647804548
23031_7942,1,103,0,4.657192029415621
23086_7909,1,106,0,4.658364919256804
22924_7901,1,103,0,4.658566687119254
23052_7912,2,101,3,4.660501874711098
23034_7977,1,103,0,4.660654679505615
22907_7918,2,103,0,4.661099376434015
23011_7891,2,101,0,4.661187080017212
22937_7950,2,106,0,4.662978565281896
23034_8029,1,106,0,4.664086995413644
22934_8057,1,106,0,4.664181543032153
22956_7922,2,103,0,4.6646315078135805
22918_7878,2,105,0,4.665339851011335
23061_7960,1,105,0,4.665372501569639
22924_7936,2,103,0,4.666146177721089
22959_7876,1,107,0,4.66620315170662
22925_7993,2,103,0,4.666339739641716
22858_7885,1,106,0,4.667691464668315
23024_7960,1,103,0,4.667859494590302
22952_8034,2,101,0,4.670191643759989
22959_7887,2,103,0,4.671298220750195
22961_7908,2,103,3,4.6714182938654245
22897_7849,2,101,0,4.671863078163956
22878_7916,1,103,0,4.6735094984307235
23076_7909,2,103,1,4.673864505584089
22929_7976,2,101,0,4.676095226041358
22880_8019,2,103,0,4.676804261797979
23083_8008,1,103,0,4.677795948096521
22880_7957,2,103,0,4.679069571655502
22946_7912,1,103,0,4.679285826969675
23006_7852,2,101,0,4.680304471614052
22885_7956,2,106,0,4.680377173173811
22936_7973,2,101,0,4.681200373046443
22855_7893,1,106,0,4.681676978373008
23100_7917,1,103,0,4.683197780981482
23007_7893,1,106,0,4.683596908058709
22968_7845,2,101,3,4.684013118332813
23067_8068,1,106,0,4.684681406457621
22989_7987,1,105,0,4.684811473908312
22887_7857,2,103,0,4.685986485464068
23009_7877,1,105,0,4.686411340986914
22918_7999,2,103,0,4.686642940508196
22985_7853,2,105,0,4.6894005482135395
23069_7859,1,103,0,4.689957496547071
22957_8016,1,106,0,4.690299764079549
22914_7854,2,103,0,4.691882593384867
23003_7952,1,103,0,4.69265234848673
22921_8050,1,105,0,4.69310926063747
22986_7930,1,103,0,4.693116545143208
23056_8063,2,103,0,4.693357140696895
22909_7995,2,103,3,4.694067157886789
22903_7937,1,106,0,4.694571578030639
22924_7843,1,103,0,4.694649290810483
23073_7927,1,103,0,4.695349022503874
22934_7858,1,103,0,4.697054261878743
22858_7872,2,101,0,4.697991632331816
23004_7858,2,101,4,4.698083850224124
22997_8068,1,104,0,4.698613008237701
22956_7862,1,106,0,4.698676676771219
22902_7908,2,103,0,4.698690161964871
22821_7867,1,103,0,4.699990787129232
22850_7841,1,107,0,4.702126253924036
23047_7955,1,106,0,4.704543616124841
22895_7980,2,101,0,4.7052623523307355
23027_7949,1,103,0,4.705647854298166
22902_7869,1,106,0,4.70601977015569
22949_8045,2,105,0,4.708042640519342
22987_7944,1,105,0,4.708163788217491
22908_8062,1,106,0,4.708187601296149
22981_8071,2,103,0,4.708585044419779
22925_7952,1,106,0,4.708839540290913
22980_8069,2,103,0,4.7095351618832355
23101_7902,1,103,0,4.710838104535721
23030_8039,1,105,0,4.7110143999036005
22984_7870,1,106,0,4.711193904126386
22908_7974,1,107,0,4.711235175575267
22852_8059,1,106,0,4.712979106366068
22896_8038,1,106,0,4.714564350829652
23022_8021,1,106,0,4.7154280959435
23072_7994,1,103,0,4.716769121272789
22983_7946,1,106,0,4.71872464455408
22904_7986,2,101,0,4.71882131577187
22947_8061,1,106,0,4.718839933356166
22865_7963,3,103,0,4.719431494007425
23086_7884,1,103,0,4.719910198289519
22951_7991,2,103,2,4.720794740318651
23012_7992,1,106,0,4.722353823869312
22878_7918,1,103,0,4.722801231239053
22908_7917,2,103,0,4.722944599459444
22833_7846,1,106,3,4.72349844449131
22905_7972,2,103,0,4.724031229349648
22920_7956,1,106,0,4.724153505788269
22953_7890,1,103,0,4.724366320629892
22857_8060,2,101,0,4.7243851421958185
22873_7948,1,106,0,4.724804687112645
22993_7895,1,106,0,4.724817905444658
22883_7940,2,101,0,4.724842048130528
23008_7892,1,106,0,4.725611368306079
22904_7953,1,103,0,4.727356153756034
22933_7903,1,103,0,4.7287656136294025
22925_7900,1,103,0,4.729082670360959
23026_7891,1,103,0,4.729481966190196
23039_8028,1,106,0,4.729563566692675
22977_7908,1,106,0,4.729593182926661
22956_7986,3,103,0,4.730015232162553
23010_7960,1,103,0,4.731870274469382
22917_7969,2,106,0,4.732048493644724
22918_7869,2,105,0,4.73273554409357
22877_7925,2,106,0,4.733291398748176
22889_7949,2,101,0,4.733295599544512
22921_7978,2,101,3,4.733500093805196
22921_7979,2,101,3,4.73462423789767
22921_7903,2,105,0,4.734844475206743
22876_7998,1,106,0,4.734987428499067
23024_7967,1,106,0,4.735212050955213
22973_7944,1,106,0,4.736162027431346
22919_7966,1,106,0,4.73695420240099
23022_8020,1,106,0,4.737683095740982
23067_7908,2,106,0,4.738353095719017
22954_8057,1,106,0,4.738461256689698
22950_7916,1,106,0,4.738772610244679
23070_8057,2,103,0,4.739140989034997
22954_7962,2,101,0,4.740504839033883
22861_7952,3,103,3,4.740606285580684
23032_7892,1,103,0,4.742619611908598
22823_7869,1,103,0,4.744250585401564
22927_8002,2,106,0,4.745548656763645
22987_7865,2,103,0,4.745638921290649
22897_7949,2,103,0,4.7465221217226485
22942_7855,1,103,0,4.747095627003856
22932_8005,3,106,0,4.747656243181857
22900_8067,1,106,0,4.748208752710024
22903_8032,1,106,0,4.748653440845482
22913_7885,1,105,0,4.749407923302368
22905_8031,1,106,0,4.750551362171964
22864_7955,1,106,0,4.750684459770207
22892_8005,2,103,3,4.750832863862572
22928_8020,1,106,0,4.751472427940783
22882_8002,3,103,0,4.752006092239503
22871_7849,1,106,0,4.752848243188431
23052_7998,2,101,0,4.753125819941218
22894_8043,1,106,0,4.7533278571823105
22863_7904,2,103,3,4.7539082170484255
22911_8010,1,106,0,4.753988210799304
22952_8029,4,101,0,4.7557264599471765
23030_7978,1,105,3,4.757228390839847
22850_8058,1,106,0,4.7577329582754295
23011_7999,1,106,0,4.758145231920877
22957_7851,2,103,0,4.758958135695217
22991_7925,2,103,0,4.7598262597521535
22873_7997,1,106,0,4.760250332540747
22894_8001,3,103,0,4.761001371503384
22847_7940,1,106,0,4.761795227597383
22932_8067,1,106,0,4.764232901969934
23080_7905,2,103,0,4.766146746783019
22918_7843,2,104,0,4.7675118548908255
22900_7982,1,107,0,4.768220465758413
22960_7906,2,103,0,4.768426833635359
22948_8023,2,103,0,4.768818909922055
23046_7951,1,106,3,4.769163587810539
23089_8058,2,103,0,4.771746165713889
23080_7846,1,103,0,4.772994976958344
23103_8021,1,106,0,4.773412876670379
22942_7928,1,106,0,4.774065978495615
22909_7929,1,106,0,4.774691163992423
23080_7976,1,106,0,4.77728724304037
22884_7998,1,106,0,4.77748843507223
22878_7913,1,103,0,4.77795410531105
23003_7859,2,101,4,4.778779184488821
22994_7875,1,106,0,4.778845184572302
23018_8050,2,103,0,4.779057004189483
22959_7985,3,103,0,4.779173082148268
23075_7920,2,103,0,4.779330955418049
22958_7878,1,106,0,4.7796429138746275
22966_7961,2,103,4,4.779830140785578
23000_8038,1,106,0,4.7806113168825135
23059_8054,1,106,0,4.780716247426368
22946_8027,2,103,0,4.780734691590945
22928_7865,2,103,0,4.781746038444982
23030_8044,1,106,0,4.781790586564663
22912_7885,1,105,0,4.782284033674285
23083_7960,1,105,0,4.782289634774827
22910_8028,1,106,0,4.783105291985981
22983_7908,1,103,0,4.783268814420006
23058_8012,1,106,0,4.785684163994404
23032_8012,1,106,0,4.785841907147008
23006_8028,1,106,0,4.787752116828669
23018_8057,2,103,0,4.788181991846046
22950_8004,4,101,0,4.790155175767801
22869_7992,1,106,0,4.790329032164858
22881_7981,2,101,0,4.790830077137231
23076_7965,1,105,0,4.791067449043981
22950_8041,2,103,0,4.791517177588562
22967_7874,2,101,0,4.791902077635007
23004_7963,2,101,0,4.792391037636105
22928_7998,2,103,0,4.79263324690204
22921_7909,1,103,4,4.79268164024848
23080_7966,1,106,0,4.79287716533072
23054_7910,1,106,0,4.792888440775438
23087_7851,2,103,0,4.79293045042569
22893_7860,1,106,0,4.79361399495321
22939_8052,2,103,0,4.794324547596986
22916_7996,2,103,0,4.7950855404074195
23053_8042,1,105,0,4.796175060112133
22988_7912,2,101,0,4.796234736564588
22902_7953,2,103,0,4.796512017772537
23033_8039,1,105,0,4.7965262510296975
23007_7965,2,101,4,4.797259495123826
23012_7996,1,106,0,4.797499505500907
22858_8060,2,101,0,4.797617150940513
22852_7886,2,105,0,4.797808365386641
22864_7924,1,103,0,4.798408620342971
22842_7982,2,103,0,4.7985599190859425
22858_7881,1,106,0,4.79864890370057
22923_7884,1,106,0,4.798811099001144
22902_7966,2,103,0,4.798820243807982
22848_8057,1,106,0,4.799137568151183
22879_7927,2,106,0,4.799364000924503
22989_8003,1,105,0,4.7993787405817585
23086_7888,1,105,0,4.79941212021785
22897_8061,1,106,0,4.799446278120533
22931_7883,1,103,0,4.79948425838282
22920_7889,1,106,0,4.799512412731504
22871_7905,2,103,4,4.799574717545511
22928_7840,1,106,0,4.799636765575681
22876_7955,2,103,0,4.799704874828729
22925_8031,2,106,0,4.79978464446262
22903_7985,2,103,0,4.799812816312899
22941_7984,2,103,0,4.799883176262908
23084_7944,2,103,0,4.799961805010021
22993_7897,1,106,0,4.799967172616573
22939_7856,1,103,0,4.799984996635183
22885_7913,1,106,0,4.79999106385411
23060_7846,1,106,0,4.799991541957421
23075_7914,2,101,0,4.799996885954669
22890_7932,2,103,0,4.7999978141853745
22904_7885,2,103,4,4.7999997680754065
22948_7944,1,106,0,4.800006165146816
22920_7943,2,103,0,4.80001077861091
22825_7873,1,103,0,4.800012392620637
22896_7896,2,101,4,4.8000169668596
22902_8064,1,106,0,4.80002316325554
22846_7846,2,103,0,4.800026259452328
22850_7950,2,103,0,4.800063731211023
22922_7904,2,105,0,4.800065791691802
23034_7911,1,106,0,4.800065802770676
22853_7888,2,105,0,4.800153788429788
23068_8059,2,103,0,4.800212002596103
23056_7954,1,105,0,4.800354597921379
22941_7896,1,103,0,4.800387722931058
22954_7951,2,103,0,4.800415215244131
22991_8000,1,105,0,4.8004317495130095
23013_7845,2,103,0,4.800441069986807
23081_7965,1,105,0,4.8005297878357105
23097_7955,2,103,4,4.8005991577484055
23000_7869,1,105,0,4.8006889970859845
23028_8054,1,106,0,4.800816567961083
23099_7873,1,103,0,4.800845268077273
23026_7836,1,103,0,4.800950371124896
23066_7913,1,103,0,4.800954856685826
23097_8042,1,106,0,4.801038534229043
22887_7937,1,106,0,4.801116836018104
23035_7872,1,106,0,4.801177407444224
23045_7977,1,106,0,4.801191797852859
23066_8068,1,106,0,4.801504976676469
22894_7983,1,106,0,4.801558106496881
22956_7967,3,103,0,4.80227846036149
22954_7946,2,103,0,4.802512416199699
22919_7842,2,104,0,4.8032072650192825
22868_7904,2,103,0,4.8040072458520315
22971_7898,1,106,0,4.804557012469835
22899_7921,2,103,0,4.804975284101133
22910_8067,1,103,0,4.805186692970599
23034_7967,1,106,0,4.805274516529036
23056_7946,1,105,0,4.8056882323413825
22921_7886,1,106,0,4.806035303925391
23037_8039,1,105,0,4.807233959057938
22873_7938,1,103,0,4.807338100813355
23031_7869,1,106,0,4.807663521010829
22880_8034,1,106,0,4.807718830508245
22905_7998,2,103,0,4.807974463006191
23014_7842,1,106,0,4.809863274545998
22959_7886,2,103,0,4.810162970649083
23079_8013,1,103,0,4.810275219638985
23010_7959,1,103,0,4.810638224377306
23032_7927,1,106,0,4.811195006261613
23028_7952,1,103,0,4.812199365743473
22900_7983,1,106,0,4.812530633692806
22947_8069,1,106,0,4.812857676740502
22891_8007,1,106,0,4.812899102504118
22900_7914,2,101,0,4.812989458918198
22897_7852,2,103,4,4.813973668863804
22960_8003,3,106,0,4.814095781325464
23066_7912,1,103,0,4.814378948795756
22862_7904,2,103,3,4.815067321503828
23016_7917,1,106,0,4.816483851886583
23009_8009,1,105,0,4.816510643673573
22886_7966,1,106,0,4.816745250696151
22996_7967,2,103,3,4.8167566588235005
23102_8064,2,103,0,4.816959508598808
22863_8062,1,103,0,4.817160959553569
22992_7873,1,106,0,4.817291765293867
23095_8046,1,105,0,4.817866883504897
22960_7972,2,103,0,4.817940987434621
22987_7866,2,103,0,4.818652418994192
22897_7962,2,103,0,4.819058625586449
23031_7927,1,106,0,4.819061294259428
22921_7847,2,101,0,4.819124438852885
22933_7974,2,106,0,4.819708181266108
22934_7848,2,101,0,4.81984128900966
23004_8049,1,103,0,4.820220790613095
22966_7985,2,101,0,4.820980532071268
22842_7981,2,103,0,4.821076798071556
22843_7875,1,103,0,4.821284132268859
22828_7876,1,103,0,4.822227484568876
22929_7975,1,106,0,4.822640296424722
22927_7974,2,106,0,4.82267592803694
22859_8057,2,101,0,4.822948152399789
22876_7930,1,106,0,4.8239977037890664
23097_7938,1,106,0,4.824136675853368
22861_7905,2,103,0,4.826228601805037
22969_7874,2,101,0,4.826838580630623
23086_7895,2,101,0,4.826846723085497
23094_7947,2,103,0,4.8269447324176555
22996_7940,1,106,0,4.827839857759803
22930_7901,1,103,0,4.828979845299913
22929_7996,2,103,0,4.8307003104847865
22841_7842,2,101,0,4.833992011423059
22963_7887,1,103,0,4.835186846911041
23026_7950,1,106,0,4.83534456846655
23083_7997,1,106,0,4.835519887595
22902_7921,2,101,0,4.835887701380326
23103_7944,2,101,0,4.836334370505877
23098_7856,1,106,0,4.836619777922836
22950_8057,2,103,0,4.836982728861257
22897_8016,1,101,0,4.837266289546686
23049_7846,1,106,0,4.837699578510653
23025_7837,1,103,0,4.8378492673443505
22875_7882,2,101,0,4.838313043280435
22827_7971,1,103,0,4.838810444761033
22905_7836,2,101,0,4.839605088055082
22877_8037,1,101,0,4.839621578004684
22867_7916,1,106,0,4.840144958199904
23051_8070,2,103,0,4.841330823859035
23026_8008,1,103,0,4.842600825491097
23048_7919,1,105,0,4.842612531825923
22929_7943,2,103,0,4.8439390238955955
22848_8000,2,103,0,4.844178240208231
22958_7864,2,103,0,4.844923605028628
22893_7890,1,105,0,4.846919864796903
22939_7896,1,103,0,4.847793976899113
22902_8016,1,106,0,4.848897207473343
22875_8031,2,103,0,4.849138784438118
22892_7905,1,106,0,4.849627144901748
23046_8060,1,106,0,4.849920472169371
22873_7932,1,103,0,4.850336899539093
22901_7965,2,103,0,4.850370971346878
23098_7874,2,101,0,4.852609760249548
22900_7953,1,106,0,4.853714581952134
22895_7994,1,106,0,4.853719113349116
22906_7877,2,103,0,4.854614470967425
22932_7889,1,103,0,4.854804358892928
22941_7992,2,103,0,4.85521940612506
22879_7932,2,101,0,4.855810968843713
23079_7838,1,106,0,4.857030515774166
23053_8032,2,103,0,4.859315716391246
22952_8060,2,103,0,4.859976185090226
23025_8033,1,103,0,4.860201818927159
23023_7838,1,103,0,4.860461809553246
22926_7960,1,106,0,4.860768830419682
22939_8010,3,106,0,4.861485715522551
22858_8048,1,106,0,4.862278797290613
22953_7848,1,103,0,4.863164479831211
23029_7963,1,103,0,4.863331615600526
22869_7996,1,106,0,4.863640875459338
23055_7927,1,105,3,4.863700705183851
22948_7963,1,106,0,4.864055865953522
23079_8023,1,105,0,4.864445463853291
22895_7845,2,101,0,4.866291450025888
22976_8061,1,106,0,4.866749354331106
22965_8006,1,106,0,4.866778814758261
23039_7907,1,106,0,4.866872563937809
22898_7849,2,103,0,4.867621181279589
22853_7840,2,103,0,4.868036633804795
23010_7967,2,103,0,4.868197483755455
22987_7998,1,105,0,4.868608818519741
22941_8052,2,103,0,4.868900131290779
22889_8017,3,107,0,4.8692996089504055
22999_7866,1,105,0,4.872016696039846
23101_8056,1,106,0,4.872088255177144
22916_7880,2,105,0,4.872449737565036
22970_7939,1,105,0,4.872716818361517
22854_7840,2,103,0,4.87293101032221
22997_7886,2,101,0,4.873362462490884
22955_8043,2,105,0,4.873499933778334
23066_7995,2,105,0,4.874442093986201
22935_7866,2,103,0,4.874672303826598
22894_7889,1,105,0,4.8748545123327025
22923_7977,1,106,0,4.8749184756971005
22879_7901,2,103,0,4.8749884924630384
22881_7889,2,105,0,4.87543391201684
22840_7970,3,103,0,4.877257705362227
22935_7987,2,103,0,4.877781684198698
22917_8063,1,106,0,4.8794347412016545
22895_7945,2,103,0,4.881113378804565
22883_8033,2,101,0,4.8821747615911955
22898_7851,1,107,0,4.882975823920679
22940_8011,3,106,0,4.885008940614591
22973_7982,2,103,3,4.885229848860441
22944_7867,2,101,0,4.886794305992717
22960_7912,1,107,0,4.888353098761657
22923_7906,1,103,0,4.888495944332016
22904_7937,1,106,0,4.889329190739813
22848_7924,1,103,0,4.889792916797941
23047_8011,1,103,0,4.890588284146841
22877_7886,2,103,0,4.891122298261378
22986_8002,1,105,0,4.891218848232397
23006_7895,1,106,0,4.892450021559972
22912_7848,2,103,0,4.892556058450296
22859_7864,2,103,0,4.893560673721152
22900_7887,2,103,0,4.893969590768613
22998_7882,2,103,0,4.895054497089998
23040_7992,1,106,0,4.895965516616081
23089_7993,1,106,0,4.898248552815241
22945_8046,2,105,0,4.898915953762408
22861_7876,2,101,0,4.900520121579679
22922_7917,1,105,0,4.900613705135769
22936_8038,1,106,0,4.900832650807898
22883_7911,2,103,0,4.900874876994134
22845_7991,2,103,0,4.901077965649731
23043_8014,1,103,0,4.901105555514297
22924_8002,2,106,0,4.902759849006731
23049_8039,1,106,0,4.903795190515284
23038_7894,1,103,0,4.903904804189325
22870_7949,1,106,0,4.903916892735231
23021_8030,1,103,0,4.904477122327037
22856_8048,1,106,0,4.905602849730703
22896_7898,2,101,0,4.907392987457203
22959_7935,1,106,0,4.909001790583235
22878_8056,2,103,0,4.910013414032499
22931_7863,2,103,0,4.910141351332349
22919_7951,1,106,0,4.9104653735096315
22910_7917,2,103,0,4.912636392528457
23000_7978,1,105,0,4.912721086032126
23103_7936,1,106,0,4.913237817556268
22935_8056,1,106,0,4.913624930554081
22972_7921,1,103,0,4.914423072826697
22866_7890,2,105,0,4.91484259042418
22984_7935,2,103,0,4.915070748000166
22912_7855,1,106,0,4.915356498127205
22844_7851,1,103,0,4.915437820646003
22904_7870,2,103,0,4.916050010574086
23082_7851,1,103,0,4.916663062803262
22868_8041,1,106,0,4.917594594137548
22968_8061,2,103,0,4.917734478853409
22870_7852,2,106,0,4.91807410270764
22849_8068,1,106,0,4.918989410628051
22840_7856,2,103,0,4.91901677978715
22952_8008,4,101,0,4.9191059463220075
22979_7979,2,101,4,4.920251089744802
22826_7879,1,106,0,4.920684547689355
23002_8061,1,106,0,4.921129212507989
22894_8067,2,101,3,4.92206677132358
23068_8058,2,103,0,4.924512486228897
22894_7961,2,103,0,4.925339772678274
22879_8031,1,106,0,4.925417116473542
23098_7951,1,106,0,4.926547913201131
23007_8009,1,105,0,4.926553047498138
22911_8033,1,106,0,4.927720148323124
22891_7983,1,106,0,4.928200450053113
22970_8022,1,106,0,4.928640907968295
22982_8035,1,106,0,4.929414197150819
22899_7913,2,101,0,4.929769511131987
23017_7989,1,106,0,4.930250146137553
22860_7980,2,103,0,4.93031264959817
22830_7867,1,106,3,4.9304712205729135
22965_7870,1,106,0,4.931293091309674
22927_7852,2,103,0,4.9326420600117205
23008_7885,2,103,0,4.934828564758645
22971_8018,1,106,0,4.935773726500579
23009_7850,1,103,0,4.936207322433747
23031_7891,1,103,0,4.937052132081357
22932_8004,3,106,0,4.9372426223581956
23091_7986,1,106,0,4.9375252126985325
22946_8063,2,103,3,4.937722886370473
22965_7871,1,106,0,4.940000360387722
22865_7869,2,103,0,4.941314778240328
22974_7868,1,106,0,4.941630001234575
22907_7923,2,106,0,4.941664335815944
22873_7859,1,106,0,4.942071613237658
22945_8012,3,106,0,4.9435535109650335
23079_7903,2,101,0,4.943603972366179
23022_8024,1,103,0,4.9449479545658654
22995_7969,2,103,0,4.945138497971391
23034_8008,1,106,0,4.945608811818725
23011_8010,1,105,0,4.947532882195972
22928_7977,2,101,0,4.947582100755342
22958_7917,2,103,0,4.947934000024664
22995_7980,2,103,0,4.9494415049428975
23079_7929,2,103,0,4.950321685972286
22887_7996,1,106,0,4.95125523890526
23000_7956,1,103,0,4.951494810098914
22882_8034,2,101,0,4.952397837690189
22952_8045,2,103,0,4.952558742105431
23101_7901,1,103,0,4.952963659609058
22958_7969,1,107,0,4.953044940719578
22992_7913,1,103,0,4.953637104163141
22829_7971,1,103,0,4.95421602954788
22917_7970,2,106,0,4.954680840647109
22977_7901,1,106,3,4.954747410117309
22984_7956,1,106,0,4.954955895817722
23020_7945,1,106,0,4.9554396605086115
22860_7877,1,106,0,4.955541065254356
22901_7920,2,103,3,4.955684536023764
23004_7907,1,106,0,4.956962665551846
22926_7859,1,106,0,4.958453273886989
22890_8028,2,101,0,4.958852218820455
22859_7872,1,106,0,4.959362892959692
22890_7982,2,101,0,4.961365621231911
22856_7888,1,106,0,4.961713299453753
22887_7841,1,104,0,4.96183367894553
22885_7931,1,106,0,4.96517282512551
22920_8064,1,106,0,4.96518281395004
23010_7849,2,103,0,4.965622162829992
22842_7856,2,103,2,4.965643771865473
22863_7890,2,105,0,4.965707655041204
22961_7995,2,103,0,4.965772512654445
23055_7912,2,101,0,4.966085492112076
23068_8000,1,103,0,4.966226417467912
22869_7869,1,106,0,4.966326052721993
22946_8015,2,103,0,4.967884709933244
22949_7852,1,103,0,4.968905476572408
23062_8042,1,106,0,4.969326398502715
22952_7937,2,103,0,4.969630666134963
23022_8025,1,103,0,4.970566870157559
23016_7987,1,106,3,4.9705824855679746
22988_8067,1,104,0,4.970862607484322
22997_7866,2,101,0,4.9709442353207836
22899_7981,2,106,0,4.971443044985675
22876_7909,2,101,0,4.9714803685932285
23057_7913,2,101,0,4.9717747906902865
22896_7959,2,101,3,4.973142404139821
22851_7841,2,103,0,4.973201818471595
22942_7989,2,103,0,4.973505079710575
23002_7921,1,103,0,4.974098016748799
22875_8054,1,106,0,4.974450125586931
22940_7931,2,105,0,4.974480417246964
23064_7908,1,106,0,4.9755259421411
22915_8051,1,105,0,4.975548468118004
22988_8066,1,104,0,4.976016917964757
23026_8032,1,103,0,4.976773668601976
22903_7839,1,104,0,4.977352594702481
22917_8013,1,106,0,4.977435923372523
23010_7862,2,103,0,4.978437833027831
23099_7956,1,106,0,4.978642873460624
23103_7867,2,103,0,4.978863176035187
22844_7987,2,103,0,4.9802946616550425
22815_7850,1,103,0,4.9806365037821365
22910_7924,2,103,0,4.9814892361750935
22993_7927,2,101,0,4.982131572299195
22952_7914,1,106,0,4.9826490248744415
23046_8064,1,106,0,4.9831857123647705
23062_8039,1,106,0,4.9834106977609816
22854_7947,2,103,0,4.9837908170904335
22948_7943,1,106,0,4.983976669188514
22959_7958,2,103,0,4.984217226723443
22950_8019,1,106,0,4.984407378796414
22929_7946,2,103,4,4.984491878651668
22962_7855,1,103,0,4.985774388162284
22925_7992,2,103,0,4.985983569139964
23078_7896,1,106,0,4.987150511855071
22857_7937,1,106,0,4.988294842617239
22848_8050,1,106,0,4.988989553156197
23075_7838,1,106,0,4.989296298667825
22875_7837,1,104,0,4.989341627909608
22929_7929,1,103,0,4.989535127546695
22890_8061,1,106,0,4.993385400061628
22923_7974,2,106,0,4.993771969984649
22985_7930,1,103,0,4.993867389074808
22886_8002,3,103,0,4.99435806730804
22913_7851,2,103,0,4.995136537859635
22996_7968,2,103,0,4.99625234506398
22951_8034,2,101,0,4.996708352770385
23027_7968,1,106,0,4.996992180542635
22956_7924,2,103,0,4.997440982438977
22966_7870,1,106,0,4.997570721504441
22937_8026,1,106,0,4.998375429150838
23011_7950,1,106,0,4.998596906549541
22906_8042,1,103,0,4.999341544481726
23071_7994,1,103,0,4.999659998120219
22944_7913,1,103,0,4.999959310426534
22951_7997,2,106,0,5.001705176973208
22947_8046,2,105,0,5.001931893651039
22878_8052,1,106,0,5.002061299802993
23087_7898,2,103,0,5.00235208467993
22937_7846,1,105,3,5.002749956123723
23021_7997,1,106,3,5.004921476981316
22985_7943,1,105,0,5.005229391644842
22904_8063,1,106,0,5.006139573873303
23013_7894,1,103,0,5.006460002744018
22959_7871,2,103,0,5.007802196349751
22867_7857,1,106,0,5.008208194278648
23025_8018,1,103,0,5.008520159399164
23002_7860,2,101,4,5.008708606774412
22983_7938,2,103,0,5.00878853407767
22919_8049,1,105,0,5.009281031026759
23014_8022,1,106,0,5.009965965286203
22991_7874,2,103,3,5.01065152238854
22848_8068,1,106,0,5.010821859200127
23101_7839,1,106,0,5.01136625336019
22888_7995,1,106,0,5.0115608021698685
22946_8060,2,103,0,5.013261403825844
23100_7978,1,106,0,5.013420901362075
23055_7929,1,105,0,5.0135245674359386
22890_7931,2,103,0,5.014923042784052
23009_7856,2,103,0,5.01502011597184
23038_7958,1,103,0,5.0153100301652
23025_7932,1,103,0,5.0156297390760365
22924_7961,1,106,0,5.015674918719299
22818_7841,1,103,0,5.016082692737714
22861_8052,1,101,0,5.016148767421905
22967_8061,2,103,0,5.017452452784126
22978_7881,1,103,0,5.018017367508442
22928_7855,2,103,0,5.018428117277393
23022_8046,2,103,0,5.0185776139391
22877_7956,2,103,0,5.019462256289717
22986_8059,1,105,0,5.019711804226734
22949_8032,2,103,0,5.0201901804665185
22869_8008,3,103,0,5.0204615365791465
22845_7896,1,103,0,5.020607400248102
22874_7943,1,103,0,5.020823254561023
22980_8038,1,106,0,5.022167187762953
22941_7919,1,106,0,5.022212268277537
22890_8002,3,103,0,5.022900210038518
23046_7836,1,106,0,5.023128519432023
22884_8032,2,101,0,5.02324311807097
22910_7945,1,106,0,5.024752288349078
22903_7953,1,103,0,5.025579025726023
22929_7840,1,106,0,5.025615014800192
23102_7944,2,101,3,5.026499829841622
22936_7994,2,103,0,5.0269605042339975
23025_8017,1,103,0,5.027240702017638
22982_8061,1,106,0,5.027895918817236
22958_7915,2,103,0,5.028761125857703
22855_7865,2,101,0,5.029060839680937
22917_7934,2,103,0,5.029692523667553
22911_8020,2,106,0,5.029884502808803
22871_8027,2,106,0,5.029975257826266
22877_8022,1,106,0,5.031262333799806
23008_8027,1,106,0,5.031661344412574
22875_7884,2,103,0,5.031749403261456
23091_7988,1,106,0,5.032040121302056
22934_7862,2,101,0,5.032123821111717
22876_8016,2,105,0,5.032928291232228
22952_7960,2,103,0,5.034961977725871
22931_7895,1,103,0,5.035555986494108
23100_7940,2,101,0,5.037210474444677
22904_7993,1,106,0,5.037310061762028
22848_7904,1,103,0,5.037609214776981
22922_7971,1,106,0,5.0385927662941405
22978_8011,1,106,0,5.039094574342317
22992_7898,1,106,0,5.039384679344461
23029_7889,1,105,0,5.0395490113460255
22972_8012,2,103,0,5.039825760124367
23013_7967,1,103,0,5.040615791643158
22838_7930,2,103,0,5.04065122912869
22831_7972,1,103,0,5.041110000475324
23087_7917,1,106,0,5.042411480715115
22868_7874,2,103,3,5.042592927816666
22945_7985,3,106,0,5.042738277468169
22889_8061,2,103,0,5.043912006893965
22923_7927,1,106,0,5.043937162583644
22967_7940,1,105,0,5.044148623676141
23062_7903,1,103,0,5.044372489541486
23088_8068,1,106,0,5.044781618682506
23101_7898,1,103,0,5.04514099033309
22888_7923,1,106,0,5.045463183281661
22902_8062,1,106,0,5.046117460729924
22913_7982,2,106,0,5.046350542768985
22903_7851,1,103,0,5.047246032882422
23056_7987,2,103,0,5.047765700644375
22969_7888,1,103,0,5.048489852156744
23017_7836,2,103,0,5.049547080693019
22974_8046,1,106,0,5.049679948894435
22965_8005,1,106,0,5.049759022881808
22892_7879,1,106,0,5.0510607884606795
22845_7931,1,106,0,5.051491174746674
23075_7847,1,103,0,5.0518515651461104
22873_7930,1,103,0,5.052601649154077
22956_7841,1,103,0,5.052924204013485
22962_8038,1,106,0,5.053378639499935
23076_8013,1,103,0,5.053484904651501
22914_7888,1,105,0,5.054030170101679
22891_8047,2,101,0,5.055366106960483
22966_7973,2,103,0,5.056041645838424
22902_7907,2,103,0,5.0562106912194755
22915_7933,2,101,0,5.056310157586972
22938_7898,1,103,0,5.057377350715986
22912_7854,1,103,0,5.057387491909627
22850_7842,2,103,0,5.057724645123433
22989_7854,2,103,3,5.057808870122231
22847_7904,1,103,0,5.058078342143274
22931_7848,2,101,3,5.058316016653967
22970_7888,1,103,0,5.059385959956529
22874_7944,1,103,0,5.060191152904727
23072_7929,1,103,0,5.061047155832393
22914_8008,2,103,0,5.061559043962421
22924_7847,2,103,0,5.061705824533959
22880_7837,1,104,0,5.062191197410213
23099_7936,2,101,0,5.0625745289414334
22884_7841,2,105,0,5.062802942013258
22870_8048,1,106,3,5.064295176005402
23025_7903,1,103,0,5.065071716193296
23104_8061,3,101,0,5.065327681021415
22950_7866,1,106,0,5.0653561683539845
23056_8068,1,106,0,5.065425790341986
23018_7964,2,101,0,5.065487844042723
22847_7923,1,103,0,5.067337604051678
22954_7961,2,101,0,5.067607451759946
22980_7971,2,101,0,5.068019498912078
22913_8059,1,103,0,5.06803681321364
22999_7894,2,103,4,5.068589093904586
23029_7999,1,103,0,5.0687789443769615
22840_7978,2,103,0,5.069246436097762
22881_7890,2,107,0,5.070377504001345
22895_8010,2,103,0,5.070580376534557
22902_7940,1,106,0,5.072128707698997
22899_7999,2,103,0,5.073472780685107
22994_7874,1,106,0,5.074160677817245
23014_7897,1,103,0,5.07424117195606
22949_8056,2,103,0,5.075809684594334
23086_8039,1,105,0,5.077899405802487
22986_7863,1,106,0,5.07823434363105
22841_7935,2,103,0,5.078593216261579
23045_7974,1,106,0,5.079713319200093
23027_7901,2,101,0,5.080195093717912
22848_7845,2,103,0,5.080789877380446
23034_7976,1,103,0,5.081372354483979
22922_7843,2,104,0,5.081909263327155
22838_7886,1,103,0,5.08201401056011
22860_7876,1,106,0,5.082415665691343
22961_7988,2,103,0,5.083031115757204
22864_7925,1,103,0,5.084314622742407
22968_7940,1,105,0,5.084412225147941
22856_7887,1,106,0,5.084632532501744
23075_8017,1,103,0,5.0853557783408965
22989_7871,1,106,0,5.085578021068417
22921_7939,2,103,0,5.0867049882702515
22979_8023,1,103,0,5.08752501134466
22881_7888,2,105,0,5.0875890126888
22980_7897,1,103,0,5.087949187940617
22840_7887,1,103,0,5.088899688000223
22939_7987,2,103,0,5.0900211773639
23036_7921,1,106,3,5.090566211206608
22964_8026,1,106,0,5.090631487787817
23021_7976,1,105,0,5.09261676348604
22998_8034,1,106,0,5.092699363214532
22884_8010,3,103,0,5.09293898787851
22947_7987,3,103,0,5.093595167091182
22886_7961,1,106,0,5.094504515745521
23040_7899,1,105,0,5.094508121726852
22983_7937,2,103,0,5.095652894834685
22991_7915,2,101,0,5.095769571342226
22895_7951,2,103,0,5.0961724266949044
23010_8052,1,103,0,5.096260090743879
22902_7965,2,103,0,5.097014361302657
22882_7854,2,103,0,5.097365348257862
22833_7857,1,106,0,5.098542027021766
22902_7939,1,106,0,5.099129643176187
23056_7889,1,106,0,5.1006366460478905
23035_7976,1,103,0,5.102332819660588
22909_7994,2,103,3,5.102356076800001
22959_7854,2,103,0,5.102571410133601
23016_7848,1,106,0,5.102619210242212
23047_7918,1,105,0,5.10368462778473
22978_7893,1,103,0,5.103990672101814
23095_7861,1,106,0,5.104350463060962
23050_8014,2,103,0,5.106203811167573
22924_7939,2,103,0,5.108393054493088
23037_7837,1,103,0,5.1087851444123835
23097_7977,1,103,0,5.109424108564056
23061_8043,1,105,0,5.109551481179639
22885_7838,2,105,4,5.1100640528120955
23040_7925,1,106,0,5.110741200874378
22910_7978,2,101,0,5.112402957597657
23048_8043,1,105,0,5.112832621027625
23028_7938,2,103,0,5.112866740269001
23068_7906,2,106,0,5.113233028819663
22994_7980,2,103,0,5.114019054185121
22892_8049,1,106,0,5.11552139687243
22985_8059,1,105,0,5.1157978180997175
22971_7940,1,105,0,5.116001865494054
22997_7963,1,105,0,5.116613275527237
22904_7987,2,101,0,5.116897354565893
22843_7905,1,103,0,5.118076419834876
22905_7911,2,103,0,5.118604904018646
22927_7949,2,101,0,5.1186091848394355
22912_8032,1,106,0,5.119684120749615
22988_7987,1,105,0,5.119955060323551
23101_7938,2,106,0,5.121689292444529
22874_8070,1,106,0,5.121880818565932
22949_8018,2,103,0,5.123199127210384
22921_8036,2,106,0,5.123478531138201
22980_7847,2,105,0,5.123799310739636
22913_7910,2,103,0,5.124101559821615
23027_7890,2,103,0,5.124161489288223
23009_7857,2,103,0,5.12542689040631
22909_7924,2,106,0,5.126889873201701
23102_7853,2,106,0,5.1269957488332505
22843_7849,1,103,0,5.127666853231191
23060_7913,2,101,0,5.128118032761417
22916_8013,1,106,0,5.128223282316107
22976_7903,1,106,0,5.128565092210668
22862_7881,1,105,0,5.130664921957743
22971_7880,2,103,0,5.130749206970577
23019_7982,1,103,0,5.130793975887978
23017_8043,1,105,0,5.131024930919001
22917_8005,2,103,0,5.131286179296782
22905_7840,1,104,0,5.131659043841631
22873_7928,1,103,0,5.132225610003602
22914_8016,1,106,0,5.1327788139702735
23054_7979,1,106,0,5.132824321347837
22967_8028,1,106,0,5.133121028374154
22958_7853,2,103,0,5.1337070349713
22991_7927,2,103,0,5.134216089840717
23021_8032,1,103,0,5.13463788959074
22866_7897,1,106,0,5.135434177694431
22933_7962,2,103,0,5.135595394956069
22865_7861,1,106,0,5.1358047058632925
23097_8045,1,106,0,5.136584069505642
22839_7929,2,103,0,5.137606953776935
22950_8003,3,101,0,5.138476362056128
22924_7902,1,103,0,5.138837965842268
22915_8043,1,106,0,5.139046272679435
22951_8058,2,103,0,5.1391678404004075
22849_7953,2,103,0,5.1399541248026335
23087_8056,2,103,0,5.140286797473541
22891_7974,1,106,0,5.140655088236724
23046_8065,1,106,0,5.14077561239519
23014_8044,1,105,0,5.141257649720231
22902_7994,2,103,3,5.141278942369325
22852_8002,5,103,0,5.141743393181741
23090_7975,1,106,0,5.14183576322411
22853_7887,2,105,0,5.142278454356238
23021_7853,1,106,0,5.142742405888385
22983_7957,1,106,0,5.142866183451624
23000_7891,2,103,0,5.142900919820219
23086_8055,2,103,0,5.142926211306642
23089_7918,1,106,0,5.143137581355845
22866_7859,1,106,4,5.14324268928977
22957_8062,2,103,0,5.1435360409427675
23059_8021,1,103,0,5.143919305444167
22904_7843,3,104,0,5.1441209854504075
22953_7940,1,105,3,5.14478260372098
22962_8062,2,103,0,5.14485175605066
22924_7951,1,106,0,5.145157039366999
22840_7977,2,103,0,5.145857820542282
22878_7896,2,103,0,5.14609536807783
22884_8002,3,103,0,5.146256339146557
22976_8012,1,106,0,5.147091448348512
22953_8015,4,101,0,5.1474865608722755
22959_7974,2,103,0,5.1478051898720585
22927_7861,1,106,0,5.14787020734152
23052_8031,2,103,0,5.148398332236936
22977_7893,1,103,0,5.14892705137822
22889_8015,2,103,0,5.14952756864177
23086_8040,1,105,0,5.149926843329847
22868_7947,1,106,0,5.150009149864733
23069_7852,1,106,0,5.150432195556741
22891_7960,2,103,0,5.150675768313794
22886_7964,1,106,0,5.150797505087221
23041_8015,1,103,3,5.1515797406983195
22947_8026,2,103,0,5.152237013358258
22875_8017,2,105,0,5.152670685231644
22840_7889,1,103,0,5.153019347408218
22897_7904,2,101,0,5.153656407187383
22862_7866,2,103,0,5.154113887684726
23100_7939,2,101,0,5.154527733478872
23066_7853,1,106,0,5.15475847424034
22954_8011,3,106,0,5.155241349636766
22971_7899,1,106,0,5.155571649742759
23005_7952,1,103,0,5.1563152283303255
22876_7885,2,103,0,5.1570883213641
22926_8021,1,106,0,5.157113940851485
22857_7884,1,106,0,5.157320365496664
22883_7853,2,105,0,5.157441693207408
22857_7949,2,103,0,5.157466706379819
23033_7910,1,106,0,5.158304694354219
22943_7888,1,103,0,5.158496322143732
22992_7957,1,106,0,5.15942333330809
23097_7875,2,103,0,5.159676357890803
22943_7869,2,103,0,5.160348938512213
22876_7956,2,103,0,5.161232489971634
22898_7920,2,103,0,5.161285997926774
22927_7877,1,106,0,5.161861573374064
23046_8070,1,106,0,5.1620499898113215
22832_7874,1,106,0,5.163412983058369
22994_7909,2,107,0,5.163553638878574
23026_7934,1,106,0,5.1637285069772085
22883_7999,1,106,0,5.165065347813045
23049_7981,2,101,0,5.16648195294863
22978_7982,2,101,3,5.167061745160848
23001_7926,1,106,0,5.168316903578367
23047_7959,1,106,0,5.1685803968348365
23012_7974,1,106,0,5.169098186694625
23067_8045,2,103,0,5.169148774941217
22877_8050,1,106,0,5.169364456561349
23014_7965,1,103,0,5.1706576550231205
22884_7957,2,103,0,5.171295061053314
23093_7947,2,103,0,5.172168952883954
22976_7982,2,103,0,5.172682112279758
23101_7907,1,103,0,5.173219511211759
22901_7999,1,106,0,5.173717269341049
22851_7949,2,103,0,5.17433944197316
23095_7849,1,106,0,5.175110161604286
22920_7973,1,107,0,5.175592472592743
23047_8047,1,106,0,5.175648189639428
22897_7948,2,103,0,5.176212349147265
22843_7851,2,103,0,5.176292998676883
22903_8063,1,106,0,5.176404347659451
22907_7884,2,103,0,5.177590316382207
22939_7967,2,103,0,5.178426991288845
22952_8061,2,103,0,5.1792726474997215
22841_7882,1,103,0,5.179312687720952
22876_8020,1,106,0,5.17934169067332
22985_8054,1,105,0,5.1814727983335285
22892_8023,1,103,0,5.181719927440867
22901_7987,1,106,0,5.18395624911884
22877_7930,1,106,0,5.184643416851881
22858_7887,1,106,0,5.186598024454566
22996_7933,1,103,0,5.188086422862299
23082_7915,1,106,0,5.188265107339392
22842_7841,1,103,0,5.188265920992701
22990_7916,2,103,0,5.188268781665501
22931_7873,1,103,0,5.1906859847869695
22935_8014,1,106,0,5.191476001819603
23031_7960,1,103,0,5.191685808151122
23071_8007,1,103,0,5.191801147797491
22975_7873,1,103,0,5.193006488410918
23031_8039,1,105,0,5.194782826857881
23017_7841,2,103,0,5.194794810717238
22926_7845,1,106,0,5.195058735136548
23000_7954,1,103,0,5.195117774210946
22842_7842,1,103,0,5.196226205400997
23011_8001,1,106,0,5.1963749569816216
22874_7897,2,101,0,5.196739117151914
22889_8052,1,106,0,5.197976387144851
22934_7844,2,101,0,5.198190482322109
23038_7979,1,105,0,5.198254398884308
22926_8060,1,106,0,5.198734730030444
22878_7897,2,103,0,5.19965791413004
22881_8016,2,105,0,5.200129140035851
23035_8003,1,106,0,5.201118953263382
22875_7928,1,106,0,5.20153097006515
22873_8010,3,103,0,5.201669471509262
22964_7912,1,103,0,5.201801228964381
22940_7976,1,101,0,5.201923045142933
22999_7867,1,105,0,5.202892991193775
23082_7942,2,103,0,5.203003698620487
22875_7852,2,103,0,5.203079270907874
22989_7900,2,101,0,5.2034434685388264
22854_7862,2,103,0,5.204648183118044
22832_7876,1,106,0,5.204835901765394
22896_7948,2,103,3,5.2052162629364975
22938_8050,1,103,3,5.2055229423085
22884_7953,1,106,0,5.205658480904321
23035_7978,1,105,0,5.206771914079043
22895_7902,1,106,0,5.2070268535863296
23092_7926,2,101,0,5.207338404715092
22847_7924,1,103,0,5.207381408678244
22884_8016,2,105,0,5.208437493163631
22964_7977,3,103,0,5.209917280357609
22902_7919,2,101,0,5.210195117880219
22858_7994,3,103,2,5.211860367323941
22954_7986,3,103,0,5.214923523607814
22919_7981,1,106,0,5.215124009595926
22987_7870,1,106,0,5.215870918416376
23019_8060,1,107,0,5.215996031299318
22957_7874,2,101,0,5.216295376127079
22851_8066,1,106,0,5.216540052493306
22915_8034,1,106,0,5.217570695930442
22869_7845,2,103,0,5.2183379043472184
22913_7999,2,103,0,5.21852902834509
22992_7868,1,106,0,5.218597602385264
22855_7864,2,101,0,5.21922697262728
22886_7933,1,106,0,5.219780890482706
22919_7936,2,103,0,5.220319520140955
22866_7838,2,103,0,5.220608728597439
22919_8003,3,103,0,5.220972362136302
22854_8063,1,106,0,5.2216298019520915
22900_7906,2,103,3,5.222683539644316
23082_7891,1,105,0,5.224103697702884
23075_7933,1,103,0,5.2250072144313044
23018_7989,1,106,0,5.226418666065169
22954_8056,1,106,0,5.226544300696153
22931_8019,1,106,0,5.226600085301882
23084_7864,1,103,0,5.226622901134158
22941_7869,2,103,0,5.227109373505027
23055_7998,2,103,0,5.22737452803225
22960_7908,1,103,0,5.228311462514561
23040_8026,1,106,0,5.228689782265123
23016_7846,1,106,0,5.229038049330458
22902_7978,2,101,3,5.229120215237116
22970_8009,1,106,0,5.229878721135018
23055_8041,1,105,0,5.229916567503097
23027_8036,2,101,0,5.230262246663524
23047_7973,1,103,0,5.230711704225171
23010_7961,1,103,0,5.231059287046478
22925_7961,1,106,0,5.231617839175099
22909_7944,1,106,3,5.231810931122735
23084_7916,2,101,0,5.232449507715102
22961_7993,2,103,0,5.233531140928205
22881_7928,2,106,0,5.234068491102976
22881_7998,1,106,0,5.234355327880032
22971_7962,2,103,0,5.234433747738215
22935_8057,1,106,0,5.234716958046679
22883_7901,1,106,0,5.234858337226191
23024_8069,2,103,3,5.23579065524559
22885_7932,1,106,0,5.236545886968996
23050_7874,1,106,0,5.2365736994274235
22952_7876,1,105,0,5.236643026674232
23026_7837,1,103,0,5.236925302010235
22865_7952,1,106,0,5.23796733030447
22909_7930,1,106,0,5.238504226216906
23043_7907,2,101,0,5.239261541129014
23048_7847,1,106,0,5.241461114003752
22989_7863,1,106,3,5.24279703814471
22853_8069,2,101,0,5.243709218662494
22910_8017,2,106,0,5.243756239421974
22858_8047,1,106,0,5.2439033338514704
22910_7842,1,104,0,5.24392668569653
22918_8031,2,106,0,5.244167481812661
22919_7965,1,106,0,5.245184216860169
22858_7864,2,103,0,5.246715223492648
23059_8044,1,105,0,5.246751846292145
22905_7919,2,103,0,5.246953736705404
23020_8001,1,106,0,5.247105234467286
23029_7914,1,106,0,5.24878652479268
22874_8009,3,103,0,5.248806720091255
22890_7855,1,106,0,5.250168384545415
22878_7901,2,103,0,5.250707174334125
22893_7951,1,106,0,5.252329132150419
22951_8030,4,101,0,5.253497859712829
22977_8019,1,103,0,5.253702393239422
23023_7919,1,103,0,5.254121782651893
22855_7947,1,107,0,5.2544489000996615
23031_7978,1,105,0,5.254703759744792
22869_8000,2,103,0,5.2561608612791755
22942_8006,2,103,0,5.257743206687227
22850_7951,2,103,0,5.258578793508608
22959_7888,2,103,0,5.259344255545948
23025_7913,1,103,0,5.259694701648933
23078_7936,2,103,0,5.25970008484841
23100_8055,1,105,0,5.259756003937866
22897_8032,1,103,0,5.260524374458387
22961_7939,1,106,3,5.260746499852211
22897_7938,1,106,0,5.261708386736308
22915_7932,2,103,0,5.26204806440739
22951_7897,1,106,0,5.2622254401039505
22969_7967,2,101,4,5.262521937461821
23002_7956,1,103,0,5.26259827063716
22979_7885,1,103,0,5.263716465215714
22889_7955,2,103,0,5.26389329717269
22866_7894,2,106,0,5.264131406802542
23015_8043,1,105,0,5.265170064822229
22959_7954,1,106,0,5.26523092500399
22942_8054,2,101,0,5.265460723956253
22906_7950,2,103,0,5.266372572359301
22976_7946,1,106,4,5.2673056586908835
23013_8005,1,106,0,5.2676562334165755
22896_7852,2,103,4,5.268103698183381
23080_8025,1,105,0,5.26816384808479
22877_8053,2,103,0,5.26858481060119
23096_8067,1,106,0,5.269347241359802
22958_7992,2,103,3,5.269410276563676
23002_7881,1,106,0,5.269817854219575
23062_8037,1,106,0,5.270077025973943
22926_7978,1,106,0,5.270619182839235
22898_7979,2,101,0,5.271371123090299
23066_7997,2,105,0,5.271456102755643
22843_7855,1,103,0,5.27235726150294
23034_7970,1,103,0,5.2742640913678445
23082_7986,1,103,4,5.275912000640126
22914_7970,2,106,0,5.276673830824536
22897_7875,1,106,0,5.277306053578299
22926_7848,2,101,0,5.277991048972013
22908_7867,1,106,0,5.2784276459410835
22940_7989,2,103,0,5.278497335312488
23073_7931,1,103,0,5.278840837403895
23048_7957,1,106,0,5.278954984080621
22976_8018,1,103,0,5.27926111743054
22901_7944,1,106,0,5.279754465591957
22871_8048,1,106,0,5.280472545208105
22922_7888,1,106,0,5.280518404451152
22927_8051,1,105,0,5.280909908779926
22871_7928,1,103,0,5.281731316096265
22935_7950,2,106,0,5.283456478400726
22953_8044,2,105,0,5.283494481196033
23069_8067,1,106,3,5.283906179593362
22998_7900,2,103,0,5.2841703609473045
22897_7899,2,103,0,5.284648861301565
22920_7894,1,105,0,5.284832013842678
23100_7916,1,103,0,5.285251653339113
22840_7972,2,103,0,5.285475189383447
22864_8007,3,103,0,5.28591160673093
22898_7883,1,106,0,5.286004069899513
22885_8007,3,103,0,5.286619934116804
22921_7938,2,103,0,5.287707578637381
23086_8056,2,103,0,5.288891095300918
23037_8031,1,106,0,5.289098866298484
22863_8054,1,103,0,5.2894421785525045
22903_7923,2,101,0,5.290882250668007
22951_8032,2,101,0,5.290883882344229
22852_7859,2,101,0,5.291040203646449
23063_8060,2,103,0,5.291366395186584
22819_7852,1,103,0,5.292010616755112
22970_8056,1,106,0,5.2932663319363655
22896_8066,2,103,0,5.29328919570698
23083_7944,2,103,0,5.293502012674585
22979_8061,1,106,0,5.294295141684851
22947_7966,2,103,0,5.295624394637469
22851_7855,2,101,3,5.296950800794498
22909_7970,3,103,0,5.2974918569149265
22896_7972,1,106,0,5.300006341021724
22896_7894,2,101,0,5.300300390124553
22945_7868,2,101,0,5.301011429673924
22883_7852,2,105,0,5.301504829904569
22896_8016,2,101,0,5.301583653295848
22920_7938,2,103,0,5.301600317060383
22943_7908,1,106,0,5.302539858791203
22922_7915,1,105,0,5.303843640106777
22942_8009,2,103,0,5.304373422299939
23097_7979,1,103,0,5.30504832604031
22833_7973,1,103,3,5.305925493279114
22963_8035,1,106,0,5.306160364427894
22936_7866,2,103,0,5.306872997084787
22994_7957,1,106,0,5.307513391828055
22984_7945,1,106,0,5.307596699965348
22959_7973,2,103,0,5.308371301797591
23014_7845,2,103,0,5.311212791040753
22883_7929,2,106,0,5.311430330534639
22832_7973,1,103,3,5.311870234841897
23028_7905,1,103,0,5.312049158115987
22955_7876,2,103,0,5.31212599634364
22995_7905,2,103,0,5.312827240321202
22922_7900,2,105,0,5.31296129669661
23079_8069,2,103,0,5.312992069437121
23035_8038,1,106,0,5.314290653192177
22931_7892,1,103,0,5.314946531420056
22868_7992,1,106,0,5.31500931538009
22994_7908,2,103,0,5.315055198711333
22917_8015,1,106,0,5.3152414616455435
22939_8067,2,103,0,5.315509083975462
22950_7991,2,103,0,5.317171378011621
23020_8000,1,106,3,5.3172399987148395
22931_7928,1,103,0,5.3185279366037275
23034_7898,2,101,4,5.318951617470942
22878_7915,1,103,0,5.319238211199576
23031_7959,1,103,0,5.319280037650593
22897_7876,1,106,0,5.319834560212907
22951_8068,2,103,0,5.3214024828897335
22877_8011,2,103,0,5.322993433416352
23049_7982,2,101,0,5.323136555352669
22968_7885,1,103,0,5.32360732132699
22870_8003,2,103,0,5.323791048830581
22934_7985,1,106,0,5.3239073994029456
22942_7895,1,103,0,5.324211733016499
23065_7842,1,106,0,5.324815681745378
22898_8011,2,103,0,5.3257860193066895
22916_7913,1,105,0,5.326054528641747
22901_7939,1,106,0,5.3265171585842355
22923_7867,2,105,0,5.326808795249494
22926_8064,1,106,0,5.327747602950422
22838_7863,2,103,0,5.327839669642812
23040_7895,2,103,0,5.329100405659639
22938_7857,1,103,0,5.329361804159728
22877_7888,2,103,0,5.329573723167853
22932_7956,2,103,0,5.330018937543941
22904_7992,1,106,0,5.330132467952181
22932_7860,2,101,0,5.330735438110234
22898_7961,1,106,0,5.330970885099275
22880_7909,1,103,0,5.331579159245528
22864_7861,1,106,0,5.331587460459926
23005_7857,2,101,4,5.332134134986392
22999_7844,1,103,0,5.332270477937444
22950_7935,2,105,0,5.332449657309676
22915_8027,2,106,0,5.332462827150664
23021_8046,2,103,0,5.332510922746455
22944_7906,1,106,4,5.33285277468515
22888_7851,1,106,0,5.33311626837762
23066_7848,1,106,4,5.333204403100178
22877_8026,1,106,0,5.333328202403538
22941_7986,2,103,0,5.3333694925244375
22911_8070,2,103,3,5.333392695113073
22922_7901,2,105,4,5.333852002518657
22853_8002,5,103,0,5.334004524205474
23063_8043,2,103,0,5.334144818005467
23056_7942,1,105,0,5.334181034748506
22884_7886,2,105,0,5.334196050761969
22862_7865,2,103,0,5.334477036801233
22951_8045,2,105,0,5.33449259670957
22914_7931,2,103,0,5.33456304147887
23088_8006,1,103,4,5.335011826762973
22942_8052,2,101,0,5.335213895517086
22846_7994,2,103,0,5.337196702082487
22918_8030,2,106,0,5.337653934352793
22935_8022,1,106,0,5.3376664102511615
22858_7869,1,106,0,5.337731565160192
22907_8002,1,106,0,5.338230898338887
22844_7839,1,103,0,5.338237040742269
22994_7884,2,101,0,5.338479150457097
23101_7941,2,106,0,5.338565816310051
22984_7848,1,106,0,5.3418702434967535
22954_7947,2,103,0,5.342920587784095
23093_8008,1,106,0,5.343422929360393
22911_8019,2,106,0,5.344291165238098
23093_8061,2,103,0,5.344666586821164
22908_7839,2,104,0,5.344741665164378
23084_7903,1,106,0,5.344775692343765
23068_8047,2,103,0,5.345189966184132
23039_7994,1,107,0,5.34586146437856
22969_8061,2,103,0,5.34703512601751
22875_8001,3,103,0,5.347391699388452
22859_7949,2,103,0,5.348519360391076
23052_8025,2,103,0,5.349505638290462
22987_7850,1,106,0,5.349711922978113
23029_8045,1,106,0,5.350104900246054
22877_8001,3,103,0,5.350220972474943
23031_7967,1,106,0,5.350443074184966
22924_7994,2,103,0,5.350665451145491
22856_7884,1,105,0,5.3507900882110215
22904_7999,2,103,0,5.3508102611250035
22974_7954,2,103,0,5.350916619622367
22863_7881,1,105,0,5.351854652672224
22990_7881,1,106,0,5.352058514496655
22921_7964,1,106,0,5.352396829032168
22904_7954,1,103,0,5.3526765641716505
22915_7998,2,103,0,5.353205475968648
23092_8069,1,106,0,5.353811345893886
23103_7941,1,103,0,5.354028047977844
22921_7968,1,106,0,5.354411216734201
22878_7895,2,103,0,5.354574643653987
22948_7881,1,105,0,5.355232895670542
22898_7968,1,106,0,5.355770837216094
22918_7890,1,106,0,5.355858673319773
22919_7877,2,105,0,5.356049502582505
23083_7856,1,103,0,5.356240790748433
22992_7951,1,105,0,5.356828127521867
22926_7980,1,106,0,5.356883136530561
22940_8040,1,106,0,5.357295697307671
22875_7991,1,106,0,5.3576010586087115
22968_8007,2,103,0,5.35766006843689
22859_7888,1,106,0,5.3577645188846486
22905_7958,1,103,0,5.3591903687674005
22876_7844,1,106,0,5.359881490408506
22978_7917,1,106,0,5.359925037078303
22992_7875,2,101,3,5.360029221476637
23025_8043,2,101,0,5.360060223233515
23018_8068,2,101,3,5.3603789124115115
22995_7978,2,103,0,5.360518011329865
23041_7879,1,106,0,5.361106323994491
22842_7837,1,103,0,5.361374805980096
23062_8038,1,106,0,5.361553118387223
22967_8024,1,106,3,5.36162873396997
23004_7965,2,103,0,5.3627470614947255
22946_7990,2,103,0,5.362775689156834
22890_8006,3,103,0,5.364986765191288
22883_8020,1,103,0,5.365381799801605
22973_8025,1,106,0,5.36560854094682
22855_7936,1,106,0,5.365784516416165
23080_7904,2,103,0,5.365958472989895
22914_8032,1,106,0,5.366788792511625
22877_7920,1,103,0,5.368195043719608
22884_8008,3,103,0,5.369883291154295
22890_7953,2,101,0,5.369961232390339
22871_7852,2,106,0,5.370042928657379
22979_7923,1,103,0,5.370074427286337
22926_7991,2,103,0,5.3708663285924505
22919_7873,2,105,0,5.37380334204218
23012_7986,1,106,0,5.373866632390494
22999_7919,1,103,0,5.3740476792842395
22901_8065,1,106,0,5.374324031095779
22892_7860,2,106,0,5.374339341785182
23022_7901,2,101,4,5.374815098540197
22979_7878,2,101,4,5.37547363540985
23082_8028,1,105,0,5.375988838525114
22928_7902,1,103,3,5.376181380550726
22897_7906,1,101,0,5.376191527308566
23025_7933,1,106,0,5.376579510155517
23101_8013,1,106,0,5.3769879786737995
22917_7983,2,103,0,5.377045424096149
23011_7895,1,103,0,5.377956281360829
22969_7964,2,103,0,5.378381032175851
22871_8009,3,103,0,5.378532953704715
23033_7892,1,103,0,5.378797803391225
22926_7860,1,106,0,5.3789727887488175
22908_7841,1,104,0,5.380136397425416
22990_7957,1,106,0,5.380269442497925
22888_7913,2,103,0,5.380410149691322
22852_7948,2,103,0,5.381930158434208
23016_7897,2,101,0,5.382123616975885
22876_8053,1,106,0,5.382468466453243
22978_7882,1,103,0,5.383165030011443
22945_7984,3,106,0,5.383888271051539
22889_7853,1,106,0,5.383905469723509
23045_8012,1,103,0,5.384540567424009
22973_7957,2,103,0,5.384560601647957
22874_7941,1,103,0,5.386352917849154
23002_7888,2,101,0,5.386590299907068
23036_7907,1,106,0,5.3873671979536075
22892_8062,2,101,0,5.38805917088878
22901_7919,2,101,0,5.388079435007338
22921_8051,1,105,0,5.389133664111712
22997_7884,2,103,0,5.3892151426286965
22900_7954,1,106,0,5.389498620620275
22946_8042,2,101,0,5.390605403434446
22928_7920,1,105,0,5.390635168224869
22969_8055,1,106,0,5.390638450300627
22876_7944,1,106,0,5.390704772788452
22927_7998,2,103,0,5.391006073385326
22944_7869,2,103,0,5.3911858202345675
22846_7993,2,103,0,5.393817437358752
22931_8070,2,103,0,5.393938018634376
22911_7972,3,103,0,5.394206966968855
22894_8065,2,103,0,5.394979104330573
23028_8002,1,103,0,5.3950288553121695
22910_7851,2,101,0,5.3951599860211985
22866_7893,2,106,0,5.395514648476984
23076_7933,1,103,0,5.395541310052556
23037_7908,1,106,0,5.396967819768862
22926_7992,2,103,0,5.397770058608519
22859_7909,1,103,0,5.397919788238482
22893_7999,1,106,0,5.397971047954611
23021_8050,1,107,0,5.398092288385355
22927_7928,1,106,0,5.398106901619599
22931_8067,1,106,0,5.399594892179847
23014_7935,1,106,0,5.4003359162403015
22928_7841,1,106,0,5.400448410624033
22933_7870,1,106,0,5.400873656843567
22827_7855,1,106,0,5.401559709223841
23087_7949,1,103,0,5.402032012124968
22904_7958,2,103,0,5.40216178376459
22818_7851,1,103,0,5.402874046127488
22880_7907,2,103,0,5.403081283720402
23024_8068,2,103,4,5.403809985898049
23078_7902,1,106,0,5.404298709037859
22917_7963,1,106,0,5.405200509641639
22944_7967,2,101,0,5.405289258783505
23083_7959,1,105,3,5.405297591492503
23014_8055,1,103,0,5.407029602570221
23042_7836,1,103,0,5.407171709599964
22978_8019,1,103,0,5.407518848086282
23035_7893,1,103,0,5.407601818324911
22906_7997,2,103,3,5.408091207754647
22850_8048,1,106,0,5.408823753001195
22914_7991,2,103,0,5.4089981003416
23066_8067,1,106,0,5.409134872972313
22937_8033,1,106,0,5.409393453313699
22847_7997,2,103,0,5.410143027899994
22857_7890,2,105,0,5.410632932820247
22877_7931,1,106,0,5.410689046178111
22919_7871,2,105,0,5.4134787111014715
23008_7919,1,106,0,5.41371224921298
22855_7862,2,103,0,5.413914441994524
22861_7978,3,103,0,5.414302593044945
22923_8003,2,106,0,5.414570772639128
22895_7972,1,106,0,5.414636562765382
23020_7976,1,105,0,5.415183832940251
22957_7999,2,106,0,5.415355585015138
22950_7936,2,105,0,5.415394168266377
22901_8066,1,106,0,5.415463571550477
22915_8026,2,106,0,5.418014154149728
23034_8031,1,106,0,5.418298232878292
22946_7903,1,106,0,5.418426983683265
22968_7880,2,103,0,5.418878407211167
22945_8056,2,103,0,5.419366591277196
22918_7973,2,106,0,5.4196822812300605
23093_7842,1,106,0,5.4197484181558435
22930_7891,1,106,0,5.420036966357383
22961_7982,3,103,0,5.420566860313487
22955_7925,2,103,0,5.421941680465226
23062_8057,1,106,0,5.422996300168404
23090_7894,2,103,0,5.4233654926816035
22905_8039,1,106,0,5.424987282247654
22883_7958,2,103,0,5.425226325168555
22867_7882,2,101,0,5.426369672508613
23077_7909,1,106,0,5.42685902469969
22868_7857,1,106,0,5.4269724578273175
22999_7895,2,103,0,5.427793366806892
22995_7885,2,101,0,5.42788518232774
22967_8064,1,106,3,5.428393542001913
22991_7957,1,106,0,5.429879665721827
23019_8048,2,103,0,5.430792962305722
22997_7865,2,101,3,5.431410683615194
23022_7997,1,106,0,5.4320958127768355
23091_7925,2,101,0,5.4326720906134405
22979_7882,1,103,0,5.433813275818392
22962_7959,2,103,0,5.435249600827248
22890_7952,2,101,3,5.43530106179483
23027_7950,1,103,0,5.43535012258177
22923_7988,2,103,0,5.43612989954978
23079_7896,1,106,0,5.43779075796596
22944_8047,2,101,0,5.440174056995359
22969_7917,1,103,3,5.440328418249632
22908_8003,1,106,0,5.440373792709578
22857_7836,2,103,4,5.440545108104424
23010_7950,1,106,0,5.440563703254906
23049_7978,1,103,0,5.440723937982712
22965_7913,1,103,0,5.441318637815618
22866_7903,2,103,0,5.4413829707926356
22944_7993,2,103,3,5.44168900425476
22931_7974,2,106,0,5.441930367900948
23097_7870,1,106,0,5.44207807668119
22921_8002,4,103,0,5.442128033803051
22955_7966,2,103,0,5.442723114007732
22846_7902,1,103,0,5.442811408540559
22898_7923,2,103,0,5.442859037820171
23058_7984,1,106,0,5.443131701819644
23029_8034,2,101,0,5.443665234435822
22960_7950,1,106,0,5.444055165595072
22972_8059,1,106,0,5.444149082471894
22910_8014,1,106,0,5.444711783285197
22950_8024,1,106,0,5.445075561635732
22992_8069,2,104,0,5.445438135982039
22959_7900,2,103,0,5.445557104962861
22917_7981,2,103,0,5.445571587527252
23092_7844,1,106,0,5.445643511608261
22933_7888,1,103,0,5.445747232904675
22896_8010,2,103,0,5.446082392758993
22894_7939,1,103,0,5.4477250298326645
22948_7996,2,106,0,5.4482933359875085
22876_8040,2,103,0,5.448918767535901
22988_7993,1,105,0,5.449043338473688
23103_7905,1,106,0,5.44917859634801
22844_7986,2,103,0,5.449553592036996
23090_7892,2,103,0,5.449909017305011
23071_8051,2,103,0,5.450362398375528
22897_8036,1,106,0,5.450445137438858
22890_7950,1,106,0,5.4511455720327575
22962_8002,3,106,0,5.451499065540224
22824_7841,1,106,0,5.451763826495795
22922_7867,2,107,0,5.452235341180713
22905_7921,2,106,0,5.452436631351295
22984_7847,1,106,0,5.452950579611697
22884_7848,2,105,0,5.453120675667392
22909_8000,2,103,0,5.4531603651649565
23045_7997,2,103,4,5.453542318100849
22850_8002,5,103,0,5.453696297919193
22997_7962,1,105,0,5.454105835413618
23077_7901,1,106,0,5.45441008561097
23062_8063,1,106,0,5.454760764689401
22889_8000,1,106,0,5.455065757436676
22847_7995,2,103,0,5.45509802342275
22863_7971,3,103,0,5.455237472025756
22987_7861,2,103,0,5.455369764236503
22952_7991,2,103,0,5.456131253585968
22988_7986,1,105,0,5.456249020686869
23090_7946,2,103,4,5.456281852663317
22877_7933,1,106,0,5.456504933057404
22932_7926,1,103,0,5.456522556754644
22939_8041,1,106,0,5.456811842443334
22925_7931,1,103,0,5.456911894849722
22940_8066,2,103,0,5.457244506122238
22998_8002,1,105,0,5.457601326617186
23101_7843,1,106,0,5.457610615977237
22974_7953,2,103,0,5.458388912822559
23081_8011,1,103,0,5.458869697722678
23046_7974,1,106,0,5.458872631356058
22888_7976,1,106,0,5.459240559318903
23096_8063,2,103,4,5.459473806578374
22892_7948,1,106,0,5.459707973985589
22907_7975,2,103,0,5.459991478080895
22887_8070,1,106,0,5.460253129176576
23058_8039,2,103,0,5.4608848422983645
22871_8004,2,103,0,5.461359245234731
22921_7989,2,103,3,5.461523202079391
22931_8044,2,103,0,5.463622876381781
23008_7853,2,103,0,5.463733623193049
22881_7853,2,103,0,5.4645111206931025
22880_8029,2,103,0,5.464560710635448
22924_7935,2,103,0,5.464793920897836
23012_7867,2,103,0,5.46516644150581
22912_7844,2,104,0,5.465492709935528
23051_8003,2,103,0,5.465671026491741
22895_7837,1,104,0,5.466305523891001
22956_7842,1,103,0,5.466433035273664
22909_7851,2,101,0,5.467030452852254
22839_7860,2,103,0,5.467270982061836
23069_7996,2,105,0,5.467428106397443
23042_7903,1,105,0,5.467705447525857
22942_8059,2,101,0,5.4679777746810485
23012_7876,2,103,0,5.46889952001056
22888_8047,1,106,0,5.469482718167331
22949_7990,2,103,3,5.469639779302112
22943_7839,1,106,0,5.47009506361099
22932_8064,1,106,0,5.470977707626746
22927_7952,1,106,0,5.47119744481271
22885_7943,2,101,0,5.471449751340228
22877_7878,2,101,0,5.471769215713396
23055_7955,1,105,0,5.4728880254705095
22875_8047,2,103,0,5.474619114674393
22887_7952,1,106,0,5.474784519275084
23074_7928,1,103,0,5.474854309310322
23006_8029,1,106,0,5.476331172464186
22980_7919,1,106,0,5.4773892199877965
22927_8042,2,103,0,5.477499592137189
22943_8066,2,101,0,5.478018514407781
22845_7901,1,103,0,5.478047206061174
22917_7989,2,103,0,5.478417683618096
22857_7912,1,103,0,5.478553155368836
22911_8026,1,106,0,5.4792964355646445
22847_8054,1,106,0,5.479580521670772
22956_7994,2,101,3,5.479723325993884
22903_7955,2,103,0,5.480880911902744
22946_7988,2,103,1,5.481774829675246
22890_8014,2,103,0,5.48205267232136
23020_7928,1,103,0,5.4822704392096435
23045_7976,1,106,0,5.482496457168483
22850_7852,2,101,0,5.483076294159804
22946_7890,1,103,0,5.484153734358494
23091_7891,2,103,0,5.485464282699323
23039_7996,1,106,0,5.486282372228027
22928_7978,2,101,0,5.486434794458247
22895_7840,2,104,0,5.48692538254826
22870_7954,2,103,0,5.487263247355847
22990_7923,2,103,0,5.487864879469035
22994_7907,2,103,0,5.490805917821501
22915_7840,3,104,0,5.4910064969923065
22877_8024,1,106,0,5.491375197416513
23007_8069,1,104,0,5.491674836206497
22942_7930,1,106,0,5.4922115980556185
23003_7944,1,103,0,5.492393420209192
22901_7953,1,106,0,5.492523926698879
22956_7998,2,106,0,5.49276869346663
22944_7976,3,106,0,5.493091653802428
22906_7960,1,103,0,5.493355973973941
22921_7981,1,106,0,5.493593348908857
22878_7930,2,101,0,5.494077218351437
22953_7873,2,101,0,5.494450650155572
22919_7892,1,105,0,5.494983314489502
22989_7851,1,106,0,5.495325209925847
23012_7878,1,105,0,5.496079933432693
22950_8063,2,103,0,5.496690341219199
22878_7948,1,103,0,5.497013797789375
22894_8027,1,103,0,5.497084589676409
22927_7860,1,106,0,5.497119948826859
22986_7850,1,106,0,5.497379500876389
23088_7895,2,103,0,5.497707512953783
22869_8044,1,106,0,5.49789590688092
23079_8067,2,103,0,5.4983584897680595
22979_7862,1,106,0,5.500265723951328
22967_8009,1,106,0,5.500891009004145
22911_7982,2,106,0,5.501741011394514
22867_7873,2,103,0,5.5021863829638065
22876_7839,1,104,0,5.502259475716334
23098_7950,1,106,0,5.504191119793872
22847_7996,2,103,0,5.504523118323822
23043_7964,1,106,0,5.504892814834056
23028_7974,1,105,0,5.504937883360942
23064_8021,1,103,0,5.505081414614704
22863_8063,1,103,0,5.505432730694617
22862_7955,3,103,0,5.506250103455682
22912_7999,2,103,0,5.506634442839797
22931_7898,1,103,0,5.50675314218096
22878_7956,2,103,0,5.5069446263544855
22957_7919,2,103,0,5.507015069072332
22911_8000,2,103,0,5.507240351224906
22911_7999,2,103,0,5.507537982131186
23091_7839,1,106,0,5.5083581419534156
22948_7936,2,105,0,5.50857774712772
22939_7988,2,103,0,5.509480312856112
22927_7983,1,106,0,5.509760584000355
23000_8069,1,106,3,5.5105913993964855
22902_8004,1,106,0,5.51059494368406
22871_7886,2,101,0,5.511271406816765
22865_7955,1,106,0,5.511337150653775
22891_7933,2,103,0,5.5113548433787045
22942_7840,1,106,0,5.5115351970701
22936_8054,1,106,0,5.512366817333236
22919_7943,2,103,0,5.512653749161214
22901_7986,1,106,0,5.513322868357537
22991_7867,1,106,0,5.515270202394677
23089_7947,1,107,0,5.515659959401323
22843_7893,1,103,0,5.515826047633305
22859_8047,1,106,0,5.516846791917174
22960_8044,1,105,0,5.516871983373938
22982_7849,2,105,0,5.5171244968707605
22918_8011,2,103,3,5.517457180396746
22924_7916,1,105,0,5.5175593962006095
23033_8012,1,106,0,5.517915280776391
22979_7846,2,105,0,5.519143165422385
22913_7945,2,106,0,5.51978626647006
22896_7848,2,101,0,5.5201548352219865
22933_7989,2,103,0,5.5202349970426665
22931_7867,2,103,0,5.520475590146444
23034_8039,1,105,0,5.520608340505967
22886_7962,1,106,0,5.520922898813842
22983_7878,2,101,0,5.523328010621252
22918_8050,1,105,0,5.523554045642199
22875_8034,2,103,0,5.524806486977108
23099_7945,2,106,3,5.524933891759642
22985_7933,2,103,0,5.5257166338055335
22968_7902,1,106,0,5.526885158314295
22973_8014,1,106,0,5.526919407482082
22996_8043,1,103,0,5.526961705719034
22844_7903,1,103,0,5.527344874348577
22955_7958,2,103,3,5.527375773290084
22943_7970,2,103,3,5.5275471574456905
22942_7977,2,103,0,5.527910033550698
22882_7888,2,105,3,5.528816838757828
22957_7852,2,103,0,5.529029032302166
22928_7857,3,103,0,5.529628650084063
22848_7940,1,106,0,5.529719161917139
22950_7990,2,103,0,5.530188032666207
22907_7873,2,103,0,5.531239950644708
22947_7912,1,103,0,5.531588007288635
23092_8008,1,106,0,5.531761114903213
23104_8051,1,106,0,5.532264965844124
23035_7958,1,103,0,5.5327236431361735
22948_7975,3,106,0,5.532859418812915
22891_7975,1,106,0,5.532944293230065
22913_8023,2,106,0,5.53406676147193
22929_8003,2,106,0,5.534123694967049
22934_8069,2,103,0,5.535794092093082
22887_7967,1,106,0,5.536072583029071
22912_7931,2,101,0,5.536668290834912
22900_7998,2,103,0,5.5368480045325095
22839_7928,2,103,0,5.536964419649266
22849_7882,1,105,0,5.5373094896991475
23033_7871,1,106,0,5.537405821706592
23046_8063,1,106,0,5.537492323973904
22953_7876,1,105,3,5.5375565764886705
22898_7969,1,106,0,5.5376005335240865
22933_7848,2,101,0,5.5376840844240816
22875_8046,2,103,0,5.538706770663709
23060_7985,1,106,0,5.539186942591757
23087_8006,1,103,4,5.539680362743088
23001_7956,1,103,0,5.540382359817215
22980_7917,1,106,0,5.540406912222649
23037_8037,1,106,0,5.540508924242841
22909_7965,1,103,0,5.540770316613131
23074_8009,1,103,0,5.541045981528403
22890_7942,1,106,0,5.541328894445501
22927_8021,1,106,0,5.542138812400077
22926_8034,2,103,0,5.542220882285203
22884_7979,1,106,0,5.542659900045618
22919_7957,1,106,0,5.543679521658718
22876_7929,1,106,0,5.543909327936718
22926_7990,1,106,0,5.54439895417546
22902_7905,2,106,0,5.545253157279926
22858_8005,3,103,0,5.545451210033141
22923_8031,1,106,0,5.545849875854318
23100_7938,2,101,0,5.546485568501541
22950_8000,2,101,0,5.547742619280889
22847_7955,2,103,3,5.5482082512324995
23097_7956,2,103,0,5.548340747263066
22905_7844,3,104,0,5.548457780063406
23021_8034,1,103,0,5.54918233274954
23048_8045,1,106,0,5.549976317450731
23020_8061,2,103,0,5.5503163427096345
23007_7853,2,103,0,5.550653216573738
23043_7929,1,106,0,5.5509434195693395
22892_8004,2,103,0,5.551084923263365
22923_7842,2,104,0,5.551256762544199
22845_7990,2,103,0,5.551558538948582
22967_7971,2,103,0,5.551586188993437
22926_8024,1,106,0,5.55162802855218
23092_7945,2,103,4,5.551892538089849
23077_7933,1,103,0,5.552167565184804
22844_7856,2,103,0,5.552800920328695
23047_8054,1,106,0,5.552807331974907
22883_8002,3,103,0,5.552906504636672
23081_7986,1,103,4,5.552966326107844
22842_7880,1,103,0,5.553349703724487
22845_7849,2,103,0,5.554281184912465
22886_7911,1,107,0,5.554798613997717
22999_7893,2,103,0,5.555239772173612
22888_7937,1,106,0,5.555259844144335
22870_7888,2,105,0,5.555264831985198
22966_7860,1,103,0,5.555730083493453
22906_7885,2,103,0,5.556253540208075
22899_7956,1,106,0,5.5564364242117374
23042_7927,1,106,0,5.556613675763942
22981_7978,1,106,0,5.55747206182872
23105_8061,3,101,0,5.557811536622105
23000_7867,1,105,0,5.55799541059246
22940_7973,1,106,0,5.558119817492928
23086_7883,1,103,0,5.558734428936136
23082_8053,2,103,0,5.558778283164546
22948_8030,2,103,0,5.5611176661004045
22898_7995,1,106,0,5.562523427692648
22913_8024,2,106,0,5.562819269107619
22969_7933,1,106,0,5.563115650163415
22985_7879,2,101,0,5.563203973999795
23000_7940,1,103,0,5.563984695848756
22961_7956,1,106,0,5.56443880080402
22916_8005,2,103,3,5.564537524906622
22933_7961,2,103,0,5.564609473273949
22940_7971,2,101,0,5.564637210404423
23024_8066,2,103,0,5.565065691916143
23046_8067,1,106,0,5.565095615041841
22914_7976,2,103,0,5.565378448971861
23061_7902,1,103,0,5.565833013634472
23025_8014,1,103,0,5.567279383563492
22896_7995,1,106,0,5.568234502329884
22901_7985,1,106,0,5.568440236846111
22984_8010,1,106,0,5.5701029465811684
22994_7932,1,103,0,5.570897901715421
22942_7968,2,103,0,5.572229191834513
22912_8058,2,103,0,5.5735651110167375
23014_7924,1,103,0,5.574204288740106
22836_7869,2,103,0,5.575305406642027
22898_7959,1,106,0,5.575336087126785
23083_7861,1,103,0,5.575418920163568
22879_7844,1,106,0,5.575470274682543
23103_7939,1,103,0,5.575482942046847
23066_8059,2,103,0,5.575781996185984
23048_7971,2,101,0,5.576574365827363
22897_7970,1,106,0,5.576797946503227
22864_7890,1,106,0,5.577583517034277
22955_7863,1,106,0,5.578023762898844
23019_7915,1,106,0,5.57854615160568
23008_7854,2,103,0,5.580645393127957
23008_8065,1,104,0,5.580658484956978
23047_8042,1,105,0,5.58156464465887
22934_7951,2,106,0,5.582239728648983
22896_7974,1,106,0,5.582339917611036
23001_8063,1,106,0,5.582640427299932
23084_8001,1,106,0,5.5829511192198735
22986_7854,2,105,0,5.583459960236279
22878_8001,3,103,0,5.58445799579817
22942_7861,1,106,0,5.584783254199569
22896_7962,2,103,0,5.584890247744373
23057_8019,1,103,0,5.585564632903442
22971_8057,1,106,0,5.586062693017013
22938_7972,1,107,0,5.586209372215208
22915_7991,2,103,0,5.586396015675274
22995_7968,2,103,0,5.586779773540728
22917_8004,2,103,0,5.586838577312834
23012_7870,2,103,0,5.587545646606608
23090_7974,1,106,0,5.58760890932886
22895_7851,2,101,0,5.588590246804958
22949_8060,1,106,0,5.5886296190271185
22841_7839,2,101,0,5.5889727556610955
22989_7870,1,106,0,5.590385303382905
23000_7920,1,103,0,5.590516642205349
23001_8065,1,106,3,5.590543996893958
22894_8025,2,101,3,5.59142015318737
23104_7997,1,103,0,5.5920468719777645
22990_7869,2,103,0,5.593381022159751
22853_8064,1,106,0,5.59352417502209
22897_7897,2,103,4,5.593635153456059
22896_7960,2,101,0,5.594270501563317
23001_8031,1,106,0,5.594747451580581
22960_8048,1,106,0,5.595046413345604
23023_8044,2,103,0,5.595132383512602
22898_8033,2,103,0,5.595232209138073
22984_7934,2,103,0,5.596901734281167
22893_7994,1,106,0,5.597157047564949
22903_7990,2,103,0,5.598106181574411
22925_7845,1,106,0,5.598732555476438
22875_8050,2,103,0,5.598981932436471
23065_7996,2,105,0,5.599001196538695
22895_7952,2,103,0,5.599106393790199
22841_7875,1,103,0,5.599366838865233
22839_7933,2,103,3,5.599817582979357
22854_8002,5,103,0,5.599963253968394
22890_7999,1,106,0,5.600700242537571
22851_8002,5,103,0,5.600780503562929
22964_7979,2,103,0,5.600990581973984
23042_7953,1,103,0,5.601181802172194
22904_8025,1,106,0,5.602114671159222
22893_7950,1,106,0,5.602371600151934
22947_8012,3,106,0,5.603155652765068
22870_8029,1,106,0,5.603840943791853
22995_7970,2,103,0,5.6050404314794005
22932_7989,2,103,3,5.605392218835791
22874_8035,2,103,0,5.6061250162345955
22844_7988,2,103,0,5.606209958187115
22840_7926,1,103,0,5.606297878717426
23079_7975,1,106,0,5.606320652673507
23067_7931,1,103,0,5.606473864237074
22870_7886,2,101,0,5.606538489252851
23068_8067,1,106,0,5.60676414899013
22882_7999,1,106,0,5.606823555478225
22995_7917,1,103,0,5.607462510122196
23092_7969,1,106,0,5.6082088249292035
23086_7911,1,106,0,5.608598416206953
22961_8062,2,103,0,5.6085986834756305
22897_7886,2,101,0,5.608728937314219
23083_8007,1,103,0,5.610599733192077
22952_7897,1,106,0,5.611055881427414
22907_7996,2,103,3,5.611102492866347
22913_7854,1,103,0,5.611357256936393
22846_7992,2,103,0,5.611439623909344
23056_7997,2,105,0,5.612136844668249
22866_8060,1,103,0,5.61214893630088
22917_7890,2,105,0,5.6125838686034655
22915_7934,2,101,0,5.613353740641815
22927_7941,2,103,0,5.6134377722716025
22940_8052,2,103,0,5.614420019456274
22943_8068,2,101,0,5.614501054709693
23040_7987,1,106,0,5.615274476989967
22908_7963,1,103,0,5.615703366054566
22838_7864,2,103,0,5.616078156869203
23017_7975,1,103,0,5.616682710931891
22888_7938,1,106,0,5.61748203262649
22869_7947,1,106,0,5.617502212892839
22882_7981,3,101,0,5.618303907424783
22906_7959,2,103,0,5.618452784015777
22959_7970,3,103,0,5.620230110964368
23008_7851,2,103,0,5.620719193958597
22895_8023,2,101,0,5.621035117444837
22886_7957,2,103,0,5.621975724793547
22879_7895,1,106,0,5.622094548187895
22854_7893,1,106,0,5.622546214548448
22954_7949,2,103,0,5.6229343642896366
22885_7930,1,106,0,5.623314548881617
22867_7951,1,106,0,5.6234474497463705
22959_8005,3,106,0,5.624512886002856
23072_8007,1,103,0,5.624546376346154
22898_8001,2,103,0,5.624820822808563
22913_7943,1,106,0,5.62524844584501
22839_7972,2,103,0,5.625288368524709
22885_7942,2,101,0,5.625415741751446
22879_8033,1,106,0,5.625863523189455
23090_8065,3,101,0,5.626754307166431
23062_8035,1,106,0,5.627046767915757
22975_7969,1,106,0,5.627460584872334
22934_8058,1,106,0,5.628283384619073
22924_8052,1,105,0,5.628451705813404
23016_7839,1,106,0,5.628949170346502
22897_7950,2,103,0,5.629167000226343
22975_7923,1,103,0,5.629502843982981
22933_8049,1,105,3,5.629632287218458
23088_8007,1,106,0,5.6296850866055665
22922_8043,1,106,0,5.63078298126162
22893_7838,2,104,0,5.631410109415446
23015_7934,1,106,0,5.63218223566142
22903_7966,2,103,0,5.632615449192594
22941_8066,2,103,0,5.632680522038613
23081_7964,1,105,0,5.632825325263745
22898_7876,2,101,0,5.633847955709078
22917_7996,2,103,0,5.63509643274234
23037_7949,1,103,0,5.635331391699501
22974_7984,2,101,0,5.635655987603467
23084_7890,1,105,0,5.6357489292332055
22951_8042,2,103,0,5.63611584791368
22930_8051,1,105,0,5.636501128018748
22914_7846,1,104,0,5.636565411849999
22936_7989,2,103,0,5.637320037318469
23010_7982,1,105,0,5.638140423388692
22842_7854,3,103,0,5.639419228757097
23003_7860,2,101,4,5.6411359937542995
22994_8067,1,104,0,5.64120597352972
23022_8064,2,103,0,5.641285975111663
22920_7868,2,105,0,5.643518781552857
23078_7910,1,106,0,5.644107762622717
22861_7923,1,103,0,5.644805929528867
23095_7904,1,106,0,5.644940381390053
23079_7965,1,105,0,5.645030694202159
22913_8012,1,106,0,5.645358999254885
22822_7861,1,103,0,5.64555456440266
22870_8004,2,103,0,5.646131364726027
22861_8044,2,103,0,5.647321679304737
23098_7999,1,103,0,5.647797930161708
23012_8055,1,103,0,5.647960345314036
22925_7980,1,106,0,5.648013767465982
23049_8043,1,105,0,5.6481173363124215
22931_7955,1,106,0,5.648196547026625
22895_7959,2,101,3,5.648244035858175
22920_8026,1,106,0,5.648279104828878
23020_7845,1,103,0,5.649449326916066
22882_7957,2,103,0,5.649943535110509
22869_7913,1,106,0,5.651389039974306
22913_7969,2,106,0,5.651886756422525
23074_7964,1,105,0,5.652300710513281
23075_8011,1,103,0,5.6533275358258335
22922_7940,2,103,0,5.654362057348862
22978_7922,1,103,0,5.654928826345894
23048_7840,1,106,0,5.655060121970691
22990_7853,2,103,0,5.6552078975844005
23059_8047,1,106,0,5.6552766243686
22873_7939,1,103,0,5.655933127401012
23097_8041,1,106,0,5.656376182864208
23022_7902,1,103,3,5.656381965802745
23062_8067,1,107,0,5.657265084959674
23024_7877,1,106,0,5.657387951624243
22894_7944,1,103,0,5.658685581148727
23098_8010,1,106,0,5.66072057705028
22902_8044,1,106,0,5.661283812160887
22884_7996,1,106,0,5.661603164602082
22888_7839,1,104,0,5.662327403190921
23018_7965,1,103,0,5.663371902411038
22934_7864,2,103,0,5.6637192661791165
22919_7839,2,104,0,5.664384311284672
23096_7943,2,103,0,5.6644280383125505
22862_8043,2,103,0,5.664951754063629
23022_7934,1,106,0,5.665221211720938
22997_8000,1,105,0,5.665400015993878
23016_7838,1,106,0,5.665884903176696
22862_7863,1,106,0,5.667535223088501
22950_7986,2,103,0,5.667920810921062
22954_8044,2,105,0,5.668449316691647
22914_7954,1,106,0,5.6695869908365255
22954_7944,2,103,0,5.670199884330901
22843_7985,2,103,0,5.6703997407385245
23058_8050,1,106,0,5.67097204546373
22936_8049,1,103,0,5.671913969401238
22912_7843,1,104,0,5.672431394003009
22891_7928,2,103,0,5.673669085990506
22905_7982,2,103,0,5.673952165434359
22978_7972,3,101,0,5.674313692810004
22872_7992,1,106,0,5.676831105349317
22912_8010,2,103,0,5.677131915100869
22892_7867,1,106,0,5.677588904255803
22819_7841,1,103,0,5.680327216045264
23067_7900,1,106,0,5.681176540652432
22872_7888,2,105,0,5.682677972615295
22958_7881,2,103,0,5.682683574647854
22891_8057,1,106,0,5.682935027163273
23026_7882,1,105,0,5.682990200189943
22960_7942,1,105,0,5.683309817157888
23013_8055,1,103,0,5.6842583323740286
22863_7877,2,101,0,5.684633572117303
23041_7904,2,101,0,5.684884373646867
22895_7981,2,101,0,5.685557123915354
22952_7885,1,106,0,5.686148102107459
22887_7957,2,103,0,5.686193146930362
23039_7958,1,103,0,5.686206683477229
22962_8046,1,105,0,5.6862695399225744
22951_7879,1,105,3,5.686360399567634
22891_8002,3,103,0,5.686375103348802
23079_7964,1,105,0,5.686580934083407
23028_8050,1,106,0,5.686807197607322
23082_7998,1,106,0,5.687255530946681
22872_7954,2,103,0,5.687392342734802
22891_7946,1,106,0,5.687410826315237
22864_8000,1,107,0,5.6874591193532
22988_7936,2,101,0,5.688028126581591
23095_7860,1,106,0,5.688178628537597
22984_7864,1,106,0,5.688296141123393
22905_7920,2,103,0,5.688721945611234
22872_7909,1,106,0,5.689718711894435
22879_7936,1,106,0,5.689823237797044
23033_7943,1,103,0,5.690675838383756
22997_7881,2,103,0,5.691740654335475
22889_7982,2,101,0,5.6936087900363965
22931_7989,2,103,0,5.694182675718518
22880_7897,1,106,0,5.694457360437708
22946_7987,2,103,1,5.694980065823643
22903_8004,2,101,0,5.695512400508122
22854_8049,1,106,0,5.695516736095836
22931_8043,2,103,0,5.695838693357063
22903_8001,2,103,0,5.696860163913526
22963_7850,1,103,0,5.698429545780425
22848_7998,2,103,0,5.698923266297697
22999_7879,2,106,0,5.700364244578528
23104_8021,1,106,0,5.700480432951838
22893_7942,1,103,0,5.701572733084509
22956_8029,1,106,0,5.702140268145855
23091_7924,2,101,0,5.7031964788636085
22876_7905,1,101,0,5.70331824122063
22904_7959,2,103,0,5.704804199904905
22983_7935,2,103,3,5.7048149009684925
23095_7951,2,103,0,5.70500709275689
22986_7955,1,106,0,5.705034690633549
22916_7982,2,106,0,5.705574450854669
22990_7933,2,101,0,5.70571183924374
23083_7902,1,106,0,5.706065993903594
22949_7974,3,106,0,5.706152618909914
22909_7945,1,106,0,5.706200388380883
22937_7866,2,103,0,5.706911379354829
22924_8057,1,106,0,5.707388841880391
22972_8060,1,106,0,5.707611993276284
22894_8030,1,103,0,5.707718961581335
22944_7998,2,103,0,5.70797643829527
22898_7983,1,106,0,5.708980936364347
22869_8033,1,106,0,5.708987173257484
22889_8011,3,103,0,5.70917950366152
22900_7985,1,106,0,5.709318042070126
23102_7942,1,103,0,5.70968701442083
22915_8035,1,106,0,5.709771492993262
22948_8036,2,101,0,5.709951613528382
23021_8039,2,103,0,5.710239971764258
22954_8010,3,106,0,5.710491454691096
22862_7890,2,105,0,5.710837264351766
22999_7978,1,105,0,5.711169313539488
22923_7910,1,105,0,5.712134179898243
22950_7964,1,106,0,5.712299567331304
22923_7843,2,104,0,5.712817257655122
22925_8038,2,103,3,5.714247057567612
22926_7844,1,106,0,5.714261667260447
22949_8036,2,101,0,5.7142721865926
22974_7883,2,103,0,5.714473670943071
22961_7981,3,103,0,5.7146022618419705
23014_7972,2,103,0,5.714628245516494
22894_7841,2,101,0,5.714864704004835
22904_7955,1,103,0,5.714912887372377
23034_7945,1,103,0,5.715312467815803
22876_7908,2,101,0,5.715368547263116
23056_7885,1,106,0,5.715480563941185
22893_7916,2,103,0,5.716174099926453
22894_7954,2,103,0,5.71649072408842
23099_7962,2,103,0,5.716505189450348
22898_7864,2,101,0,5.716556987390709
22903_7956,2,103,0,5.716949600244613
22850_7853,2,101,3,5.717161010610402
23033_7872,1,106,0,5.717501063001155
22883_7938,2,101,0,5.718026348677675
22936_7858,1,103,0,5.718041214643114
22943_7960,1,106,0,5.718474109915171
23092_8063,3,101,0,5.719484308179117
23006_8069,1,104,0,5.720112248338417
22977_7878,2,101,0,5.72083049845963
22857_7870,2,101,3,5.720840875904814
22935_7848,2,101,3,5.721072852184474
22917_7985,2,103,0,5.721104441101061
22988_7866,2,103,0,5.721429725023517
23104_7857,2,101,0,5.721903694540706
22986_7872,1,107,0,5.722088535816007
22915_7855,2,103,0,5.722134223836073
23029_7906,1,103,0,5.723058422963006
23045_8042,1,105,0,5.723149867809931
22884_8015,2,105,0,5.723209404499786
23008_7878,1,105,0,5.723252833323706
22862_7877,2,101,0,5.723496217225792
22919_8020,2,103,0,5.723523596388455
22909_8006,1,106,0,5.724137285899861
22849_7873,1,106,0,5.724338201384557
22915_8012,1,106,0,5.724988809431018
23023_7950,1,106,0,5.725297916614568
22981_7884,1,103,0,5.7262905240399755
23098_7935,2,101,0,5.726395988043089
22960_7892,2,103,0,5.728053867082242
23062_7962,1,105,0,5.728822241402146
23091_7989,1,106,0,5.728969267730936
23095_7933,1,106,0,5.729065594022729
22956_7966,2,103,0,5.729665815792679
22964_7856,1,103,0,5.729903635020946
22979_7884,1,103,0,5.729981362626374
22955_7959,2,103,3,5.730485006942168
23027_7938,1,103,0,5.731357407940151
23066_7888,1,105,0,5.731918481631384
22953_7998,2,106,0,5.73193836032923
22851_7946,2,103,0,5.732195827086082
23096_7935,1,106,0,5.732304724528245
22874_8061,1,106,0,5.7324921076394695
22917_7845,1,104,0,5.7327469813698295
22992_7983,2,103,0,5.732944260109146
22948_7868,1,106,0,5.733765028756145
22900_7966,2,101,0,5.734351037365217
22991_7873,2,103,0,5.734390863383854
22995_8070,1,104,0,5.734482713803574
23092_7900,1,106,0,5.734773268094838
23040_7982,1,105,0,5.735684633269165
23075_7921,2,103,0,5.736036527219312
22923_7889,1,106,0,5.73622957590173
22970_7864,1,103,0,5.737102042372313
22921_7974,2,106,0,5.7374669567014145
23030_7903,1,106,0,5.738248709497868
22902_7837,2,104,0,5.738567456980518
22896_7889,1,105,0,5.73982982324893
23043_7904,1,105,0,5.73995364672976
22893_8001,3,103,0,5.741296670891057
23038_7899,2,101,0,5.741416060670329
22915_7969,2,106,0,5.741812143231154
22951_7932,2,103,0,5.742512586384983
22848_7925,1,103,0,5.74327290017345
23007_7939,1,106,0,5.7441370875609055
22895_7905,1,106,0,5.744195313401577
23067_8059,2,103,3,5.7444943285443015
22985_7932,2,103,3,5.745428165768843
22912_7941,1,106,0,5.745521319512402
22942_8063,2,101,0,5.746415023473702
22995_7861,1,105,0,5.746629469350386
22987_7986,1,105,0,5.748546035003586
23003_8054,1,106,0,5.748607208287577
22851_7856,2,101,0,5.748861528405941
22951_8050,2,103,0,5.749073600090882
22970_7940,1,105,0,5.7492648617698165
22960_7939,1,106,0,5.74940931138881
22953_7972,1,106,0,5.7503371030635115
22894_8000,1,106,0,5.751459719552448
22964_7980,2,103,0,5.7525022210671235
22919_7889,1,106,0,5.752566842060195
22889_8064,1,106,0,5.754088589238918
23090_7890,2,103,0,5.754539048795184
22939_7848,1,107,0,5.755181144951554
22953_7884,1,106,0,5.755292766080395
22884_7942,1,106,0,5.755792768064253
22836_7890,2,106,0,5.755895371333066
22864_7951,2,103,0,5.756384029296368
23048_7918,1,105,0,5.756961408718589
22917_7856,2,103,0,5.757208772626456
22987_7864,2,103,0,5.7576713062629725
22952_8068,2,103,0,5.758860886404948
22859_7871,1,106,0,5.759460249902671
23062_7912,2,101,0,5.759659208805894
22943_8053,2,103,0,5.760169224056175
22969_7863,1,103,0,5.760337674118198
22867_7881,2,101,0,5.760389667096586
22941_7868,2,103,0,5.76087276038713
22880_7891,2,105,2,5.7613997508736
22936_7905,1,105,0,5.763075432474121
22846_7930,1,106,0,5.763783197739108
23104_7992,2,103,0,5.763882697366201
22870_8036,1,106,0,5.765615294672694
22895_7862,1,101,0,5.765771326896855
22907_7919,2,103,0,5.765806829171684
22875_8044,2,103,0,5.766308212899062
22832_7877,1,106,0,5.766844606198683
22839_7976,2,103,0,5.766880947173992
22920_8069,1,106,0,5.7670925648190385
23027_7888,1,105,0,5.767661658558191
22833_7868,1,106,0,5.768924422392315
22929_7890,1,106,0,5.7690369944388955
22954_7881,1,106,0,5.769364975270145
22866_7880,2,101,0,5.7693971270968385
22858_7925,1,103,0,5.769938066078785
23023_8023,1,103,0,5.770169638500786
22965_8024,1,106,0,5.770969030123409
22860_7864,2,103,0,5.77138492359567
22916_7910,1,103,0,5.771421482303626
22953_7992,2,103,0,5.771890164727821
23003_8055,1,106,0,5.772274945248061
22970_7845,1,103,0,5.772538115148307
22986_8064,1,106,0,5.773261279239025
23051_8029,2,103,0,5.773488972648307
22957_8005,3,106,0,5.774455380798467
23026_8003,1,106,0,5.774795196100736
22896_8032,1,103,0,5.7754517659088656
22984_7950,1,106,0,5.77560861243703
22891_8010,2,103,0,5.775905507828272
22890_8058,1,106,0,5.775979694316182
22849_8001,2,103,0,5.776238068495
23099_8052,1,105,0,5.7772865346527285
22935_7989,2,103,0,5.777792689191791
23048_7998,2,103,0,5.777957622376179
22882_8057,2,103,0,5.778713997769966
22848_7999,2,103,0,5.779194815272259
22882_7998,1,106,0,5.779245746357759
22970_7863,1,103,0,5.7801498238849165
22905_7957,1,103,0,5.780339482437615
22917_7840,2,104,4,5.781266601436457
22934_7989,2,103,0,5.7813048338949224
22901_7905,2,106,0,5.78172985529246
22897_8035,1,106,0,5.78193560176217
23048_7911,2,101,0,5.7819854478160595
22986_7859,2,103,0,5.782008275837767
22888_7840,1,104,0,5.782383989727437
22946_8059,2,103,0,5.782802605185326
23040_7901,2,101,0,5.783274244639894
22913_7975,2,103,0,5.783583687424453
22942_8055,2,101,3,5.783607549610642
22915_7888,2,105,0,5.784365485409511
23047_7886,1,105,0,5.784413621510295
23015_7973,2,103,0,5.784802938378547
22903_7838,1,104,0,5.7849616959636245
22854_7859,1,106,0,5.785882964984714
22989_7946,1,105,0,5.7866674896272565
22840_7924,1,103,0,5.786743160077674
22898_7919,2,103,0,5.7874321016787755
22920_8033,2,106,0,5.787748391635155
23015_7982,1,105,4,5.7881148162732226
23098_7986,1,103,0,5.788677790864404
23003_8041,1,106,0,5.788711549273271
23012_7844,2,101,0,5.788942201471464
22956_8062,2,103,0,5.789545274850818
22869_7855,1,106,0,5.790194351129645
22932_7864,2,103,0,5.790513264636281
23050_8034,1,106,0,5.790516537624082
22927_8020,1,106,0,5.790690112322392
22899_7968,1,107,0,5.790704875110445
22855_7866,2,101,0,5.792077636187699
22848_7953,2,103,0,5.792788006287888
22968_7971,2,101,0,5.792838708153395
22955_7964,2,103,0,5.793478281791665
22895_7843,2,101,0,5.793531771011139
23031_7990,1,103,0,5.794378381474273
22944_8071,2,101,0,5.795465472567478
23083_7838,1,103,0,5.795697425057078
22942_8002,1,103,0,5.795769268599216
22932_8065,1,106,0,5.797718361604983
23052_8028,1,107,0,5.798176551497323
23010_7861,2,103,0,5.79835224001909
23026_8006,1,103,0,5.798677763844584
23036_7992,2,103,0,5.800260545718432
22959_7889,2,103,0,5.800437061894698
22989_7956,1,106,0,5.800733337609674
22905_7951,2,103,0,5.8017286204881
22878_7927,2,101,0,5.8018390291135225
23006_7901,1,106,0,5.801983406293276
23055_8017,2,103,3,5.802340051146208
22851_7840,2,103,0,5.802747320843801
22906_8011,2,106,0,5.802798203363523
23040_7907,1,106,0,5.802864898167519
23051_8069,2,103,0,5.8035384978817826
23089_7968,1,103,0,5.804181689900923
22892_8015,1,106,0,5.804771150454119
22925_7890,1,106,0,5.805897972786971
22875_7900,2,101,0,5.806372447435635
22944_7962,1,106,0,5.806605632421505
23076_8020,1,105,0,5.806882038399315
22959_7986,2,103,0,5.808414042011303
23091_7838,1,106,0,5.808740790140294
22884_7952,2,106,0,5.808975333450106
23064_8043,2,103,0,5.809152170066576
22943_8049,2,101,0,5.809612483628635
23021_7930,1,103,0,5.809861921169128
22885_7846,1,106,0,5.810334103172114
23022_7917,1,103,0,5.810712444318723
22985_7944,1,105,0,5.8108891128586615
22885_7902,1,106,0,5.811777581073919
22887_7945,2,101,3,5.811851932925146
22951_8043,2,103,0,5.812575286274426
23101_7905,1,103,0,5.813292867570085
22934_7863,2,101,0,5.813626105110902
22941_8047,2,105,0,5.81390108759787
22964_8000,2,103,0,5.814301311038277
22900_7944,1,106,0,5.81474806755206
23084_7900,2,103,0,5.815144146770931
22905_7884,1,105,0,5.8151513572948685
23024_8019,1,103,0,5.815656781358678
23027_7952,1,103,0,5.8163492354389685
22835_7890,2,106,0,5.816380465489508
22941_7991,2,103,3,5.81681116722374
23004_7911,1,106,0,5.817577352901392
23030_7868,1,106,0,5.817913460640701
22907_7977,2,103,0,5.818389758725428
23091_7971,1,103,0,5.818416979551252
22995_7870,2,101,0,5.818510871308253
23059_8041,2,103,0,5.819130278306041
23036_8037,1,106,0,5.819169717162307
22979_8021,1,103,0,5.819215985457122
22887_7947,2,101,3,5.8193272081032665
22850_7945,2,103,0,5.819543778318317
22883_7984,1,106,0,5.819691499531029
23055_8068,1,106,0,5.821464295203872
22922_8025,1,106,0,5.821839964771103
22879_8034,1,106,0,5.821911829308766
23074_7895,1,105,0,5.822449546052644
23076_7929,1,103,0,5.822949787223305
22964_7877,1,103,0,5.8231550624574355
23085_7852,2,103,0,5.823248209668967
22875_8011,3,103,0,5.823441842200568
23021_7978,1,105,0,5.823517807867655
23027_7836,1,103,0,5.824191197533767
22953_7986,2,103,0,5.824686603517443
23055_7951,1,103,0,5.824706045904361
23065_7909,1,103,0,5.824812046890195
23080_7933,2,103,0,5.8256144799971645
22945_7963,1,106,0,5.825738909618694
23070_7963,1,105,0,5.826581651170591
22948_7914,1,103,0,5.826592173671384
22964_7941,1,105,0,5.826825215875914
22857_7924,1,103,0,5.827118290100856
22845_7989,2,103,0,5.827441617442917
22861_7979,4,103,0,5.827754053939526
23041_7881,1,106,0,5.827770770388896
22834_7855,1,106,0,5.828453214923891
23000_7889,2,103,0,5.8286825837090195
22962_8001,2,106,0,5.829160186903918
22922_7899,2,105,0,5.829322019651213
22892_8008,2,103,0,5.829499427908921
22873_7926,1,103,0,5.830377237915968
23070_8067,1,106,0,5.830395538284571
22950_8012,2,106,0,5.830586826782909
22860_8005,3,103,0,5.830645790284499
23009_7982,1,105,0,5.831892056845287
23073_8008,1,103,0,5.83220493130609
22997_7978,1,105,0,5.832978196620027
22896_7919,2,103,0,5.833775889588154
22941_7990,2,103,0,5.8338588593070035
22900_7955,1,106,0,5.834006284841765
22901_7906,2,103,0,5.83409744242422
22843_7848,1,103,0,5.8350734300173315
23074_8051,2,103,0,5.835337125814968
22876_7852,2,103,0,5.835490304702517
22840_7875,1,103,0,5.837281024158578
23083_7984,1,103,4,5.837287850320352
22885_7839,2,105,4,5.838159839101595
23083_7962,1,105,0,5.8382351050873815
22885_7840,2,105,4,5.838472096203488
22895_7961,2,103,0,5.839501419009403
22920_7995,2,103,3,5.839539476656185
22851_7950,2,103,0,5.839677325908239
23005_7953,1,103,0,5.83978839255511
22914_7839,2,104,0,5.8400239118652175
22897_8002,1,106,0,5.840088953493655
22885_7837,2,105,0,5.840316704558389
22903_7932,2,106,0,5.8406732301998545
22923_7951,1,106,0,5.840997510801975
22875_8033,2,103,0,5.841099723348621
23005_8046,1,106,3,5.841102794376166
22851_7854,2,101,0,5.841363052693881
22904_8013,2,103,0,5.841590275826153
23055_8033,2,103,0,5.841598355956613
23103_7945,2,101,0,5.841624502780541
22926_7856,1,106,3,5.841789901954201
22941_7981,2,101,0,5.841998582027528
22888_7853,1,106,3,5.842032287391434
22864_7879,2,101,3,5.842397365832073
22910_7948,2,103,0,5.843365538055806
23098_8048,1,105,0,5.843487203650369
22913_8009,2,103,0,5.84373904479532
22901_7916,2,101,3,5.8437534771229664
22924_8056,1,106,0,5.844262190318231
22941_7974,2,103,0,5.844613402265466
22843_7983,2,103,0,5.845743008535889
22938_7928,1,105,0,5.845888752021961
22844_7902,1,103,0,5.846312295807074
23030_7891,1,103,0,5.8463883639998615
22942_7972,2,103,0,5.846546967539718
22841_7838,2,101,0,5.847288732463918
22973_7923,1,103,0,5.847384169821968
23049_7843,1,106,0,5.848765339113499
22916_7998,2,103,0,5.84919407220428
22852_7840,2,103,3,5.849278147896534
22855_7889,2,105,0,5.849488657833108
22915_7957,1,106,0,5.850016899322561
22936_8051,1,106,0,5.850575721883937
22944_7921,1,106,0,5.850914598776991
22887_7940,1,106,0,5.852149216591622
22850_7937,1,106,0,5.85317569735022
22993_7981,2,103,0,5.853337543775793
22944_7924,1,106,0,5.85353845823886
22880_7981,2,101,0,5.853813839196742
22865_7838,2,103,0,5.853865591178321
22952_7915,1,106,0,5.854576243135599
23085_7900,2,103,3,5.855076038014693
22889_7837,1,104,0,5.855802274188647
22948_8037,2,101,0,5.8559459677498005
23008_8026,1,106,0,5.856236525413542
22929_7860,4,103,0,5.856509436299441
22941_7945,1,106,0,5.857029189937347
23006_7979,1,105,0,5.857311162717231
22943_7856,1,106,0,5.857506149994703
22915_7889,2,105,0,5.857518806238207
22844_7938,2,103,0,5.857680133795289
22899_7886,1,105,0,5.857770762261526
23026_7943,1,103,0,5.859033571334001
23049_8070,2,103,0,5.859230065467573
22885_7844,1,106,0,5.859269448118062
22876_8019,1,106,0,5.8594157045213215
22950_8054,2,107,0,5.859615555916531
22975_8046,1,106,3,5.859657259282318
22961_7959,2,103,4,5.859803635357148
23029_7957,2,101,3,5.860024062618336
23072_7926,2,101,0,5.8602085607117465
23025_8037,2,105,0,5.860670106375142
22871_8049,1,106,0,5.861183227557374
22914_7885,1,105,0,5.861535173187733
22950_8042,2,103,0,5.861760415902369
22835_7871,2,103,0,5.862407421339917
22887_8012,3,103,0,5.863143345619739
22893_7961,2,103,0,5.8632725139050645
22866_7881,2,101,0,5.8634108177022695
22894_8005,2,103,0,5.864189434328733
22866_8007,3,103,0,5.864300329567936
22838_7849,1,106,0,5.86441225508699
22881_7957,2,103,0,5.864519406711249
22956_7923,2,103,0,5.864577061888528
22959_7895,2,103,0,5.864636560504958
22945_7988,2,101,0,5.864695929633168
23078_7926,2,103,0,5.864767168574582
22831_7892,1,106,0,5.864799431688207
22930_7950,2,103,0,5.8651595513503105
22907_7942,1,106,0,5.8658278478901025
22879_8056,2,103,0,5.866106121797325
22863_7878,2,101,0,5.866142647937366
22908_7970,3,103,0,5.8661542002564975
23041_7903,2,101,0,5.8664509405074154
22929_8043,2,103,0,5.867662114591121
22998_7965,2,103,0,5.868611024867614
23037_7899,2,101,0,5.868623075440635
22951_7973,2,106,0,5.869151051702621
22927_7989,2,103,0,5.869860439186263
23009_7918,1,106,0,5.871306617557879
22955_7932,1,106,0,5.8721133771388105
22847_7941,2,103,0,5.872376403442523
23001_7883,2,107,0,5.872651258575079
22959_8050,1,106,0,5.872855227001788
23012_7894,1,103,0,5.873161084023297
23074_7915,2,103,3,5.874332949845524
23079_7935,2,103,0,5.874377087590586
22975_8045,1,106,0,5.875770559244677
23082_7984,1,103,4,5.875785694051787
22953_7938,1,105,0,5.876384618819176
22897_7892,2,101,0,5.876510837805972
23094_7919,1,106,0,5.877834956238943
22979_7982,2,103,0,5.878346864841742
22984_7937,2,103,0,5.878624349089259
23093_7846,1,106,0,5.878712316006954
23005_7957,1,103,0,5.879125568024174
22893_7927,2,103,0,5.879467155933449
22935_8050,1,107,0,5.879477806978634
22858_8004,5,103,0,5.879629246523422
22916_7993,2,103,3,5.879775814898443
22913_8056,2,103,0,5.87988766655045
22864_7878,2,101,0,5.879997895518195
22979_7922,1,103,0,5.880078174804965
22871_7996,1,106,0,5.880459051008511
22894_7937,1,103,0,5.880666170352404
23069_8050,2,103,0,5.880942787700449
22875_8051,2,103,0,5.8812370428202065
22917_7965,1,106,0,5.882030990118059
22867_7997,2,106,0,5.882246030760448
22850_7854,2,101,0,5.8827483797399225
23048_7885,1,105,0,5.88441694588557
22872_7928,1,103,0,5.8846187726604775
22930_7922,1,105,0,5.8846817594912375
23041_8014,1,103,0,5.8850277890553855
22835_7854,1,106,0,5.885141975646943
22977_7937,1,105,0,5.885776273350345
23020_8047,2,103,0,5.885915745849239
23028_8052,1,106,0,5.885946197110422
22985_8033,1,103,0,5.887883017902114
22870_8031,1,106,0,5.888115517335358
22844_7904,1,103,0,5.888139637939874
22944_7989,2,103,3,5.888265980832102
22932_7927,1,103,0,5.888544883366507
22938_8067,2,103,0,5.888716849969405
23064_7888,1,105,0,5.888757571415371
22873_8008,3,103,0,5.889108720569085
22892_8003,2,103,0,5.8898908534015915
23101_7908,1,103,0,5.890270150241924
22995_7904,2,103,3,5.89033404860663
23024_8021,1,103,0,5.890712655011976
22905_7964,2,103,0,5.890896141717275
22952_8063,2,103,0,5.890914460079967
22892_7960,2,103,0,5.891015345345997
22916_7987,2,103,0,5.891288640301655
22840_7906,1,103,0,5.892105998725192
22839_7932,2,103,0,5.892504326679768
23003_7883,1,106,0,5.893161072068408
22840_7857,2,103,0,5.893179439546251
22880_7950,1,103,0,5.8932415500536806
22857_7869,1,106,0,5.893543646152749
22945_7890,1,103,0,5.893830470201666
22954_7927,2,103,4,5.894676615633959
22863_7972,3,103,0,5.894756289852828
22879_7907,2,103,0,5.894862829295541
22879_7949,1,103,0,5.894903240558943
23009_7846,2,101,0,5.895052006659276
22949_7944,1,106,0,5.895441785716272
22895_8041,1,106,0,5.8955937579337725
22949_8026,1,106,0,5.895665998278745
22876_7891,2,105,0,5.896103603358904
22853_7910,1,103,0,5.896256747411195
23020_7981,1,103,0,5.896770843963794
22890_7943,1,106,0,5.896960184590992
23049_7998,2,103,0,5.896964170821266
23027_7987,1,103,0,5.897043628483135
23051_7953,1,103,0,5.897049738764769
22870_7948,1,106,0,5.897682298145585
22872_8007,3,103,0,5.898148316255461
22962_7980,3,103,0,5.899296580038626
22983_8006,1,106,0,5.899322839153043
22824_7972,1,103,0,5.899526443244834
23054_8021,2,103,0,5.899740934586411
22882_8020,1,103,0,5.900317226055188
22868_7969,1,106,0,5.90091245420725
22848_8058,1,106,0,5.901049413389836
23098_7948,1,106,0,5.901089848831435
22863_7866,2,103,0,5.901715444209252
22831_7855,1,106,0,5.901845421981315
23012_8005,1,106,0,5.902259699320203
22938_8010,1,106,0,5.902423260710302
23068_8070,1,106,0,5.902958711341236
23000_7888,2,101,0,5.9036776202499865
23062_8061,1,106,0,5.903886059344683
23001_8030,1,106,0,5.904580745191721
23011_7967,2,103,0,5.904643993750459
22870_7992,1,106,0,5.9046864618159525
23047_7962,1,106,0,5.905024447400882
22889_7940,1,106,0,5.90512934384231
22922_8051,1,105,0,5.905753537618388
23063_8035,1,106,0,5.907262255314716
22918_8016,2,103,0,5.90741723108941
23100_7998,1,103,0,5.907493594843927
22905_7993,2,101,0,5.907642839728577
22899_7960,1,106,0,5.907773026444236
22979_7918,1,106,0,5.907775886562924
22919_7872,2,105,0,5.90799191689783
23092_7887,1,103,0,5.908153827356968
22849_7952,2,103,0,5.90824521744003
22872_8001,3,103,0,5.909060384182356
22996_7885,2,101,0,5.909706155418706
22921_8037,2,106,0,5.910115451291655
22958_7870,2,103,0,5.910456653340431
22930_7892,1,106,0,5.911084168403045
22869_7883,2,101,0,5.911550738526303
22897_7855,1,103,0,5.911564808035362
22923_7882,1,106,3,5.912142422682467
22942_8051,2,101,3,5.912143395031055
23007_7878,1,105,0,5.912611479447057
22981_7881,1,103,0,5.913423496110548
22903_8039,1,103,0,5.913649018063523
22882_7887,2,105,0,5.913787442030392
23055_8019,2,103,0,5.914638469150985
22923_7981,1,106,0,5.915335238087844
22882_7845,1,106,0,5.915649370752809
22903_7974,2,101,0,5.916255350632149
23015_7844,1,106,0,5.916293213672166
22960_7899,2,103,0,5.916882479809851
22876_7946,1,103,0,5.916937882064933
23067_7911,2,101,0,5.917516361034081
22875_8049,1,106,0,5.917921209712412
23016_7836,1,103,0,5.919071375100681
23006_7905,1,106,0,5.919581896572576
22990_7877,2,101,0,5.9197413354045985
22923_7899,2,105,0,5.919851028309077
22931_7925,1,106,0,5.921064282964855
22946_8029,1,106,0,5.9211359539605
23070_7852,1,106,0,5.921641922078275
22971_8059,1,106,0,5.922129991055427
23088_8057,2,103,0,5.922384609825974
22899_7845,2,103,0,5.922857774825557
22955_7875,2,103,0,5.922878593900969
22974_7878,2,101,0,5.92323269884347
22952_8010,4,101,0,5.924001724751634
22916_7957,1,106,0,5.924037974342763
22875_7899,2,101,0,5.924680660092734
23069_8058,2,103,0,5.924709318400412
23061_7933,2,101,0,5.9250534456274035
22937_7951,2,106,0,5.925135630998282
22911_7845,3,104,3,5.925641806768474
23051_7881,1,105,0,5.926325177385293
22914_7927,2,106,0,5.927297609291906
22981_7862,1,106,3,5.927525884827955
22876_8039,2,103,0,5.928131905628634
22906_7883,1,105,0,5.928267902953775
23053_8065,2,103,0,5.928502827308937
22865_8004,3,103,0,5.928686212856588
22952_7986,2,103,0,5.929623329391737
22906_7922,2,106,0,5.92963782290699
23047_8061,1,106,0,5.929871565016921
22842_7875,1,103,0,5.929985023793812
23051_7985,1,105,0,5.930464543141502
23023_7923,2,103,0,5.930630430730882
23060_7999,2,105,0,5.930906565311316
23056_8042,1,105,0,5.9312642152401
22958_7970,3,103,0,5.93179267505654
22891_8063,2,103,0,5.93205786458678
22841_7841,2,101,0,5.932275310268731
22908_7943,1,106,3,5.93232924393013
22937_7864,2,101,0,5.932344445507535
23095_7963,1,106,0,5.932394504348212
22870_7866,1,106,0,5.932556621690662
22966_8065,1,106,0,5.932825718352186
22877_7889,2,103,0,5.932829978568591
22903_7976,2,101,0,5.932985599001753
23028_7988,1,103,4,5.9337136054456865
22910_7844,3,104,0,5.934573123339425
22843_7984,2,103,0,5.934670273922862
22969_7900,1,106,0,5.93477453510617
22890_7994,1,106,0,5.934899380644099
22910_7843,3,104,0,5.9349751618179765
22942_7988,1,101,0,5.935951519045631
22900_7838,3,104,0,5.936055746156257
22916_7970,2,106,1,5.936385623230388
22866_7944,1,106,3,5.936785671466559
22959_7999,2,106,0,5.936900927447118
22937_7989,2,103,0,5.937056601313501
22922_7885,1,106,0,5.937361745569048
23057_8015,1,106,0,5.937625051106201
22878_7839,1,104,0,5.937732895484169
22903_7975,2,101,0,5.937895484141459
22840_7907,1,103,0,5.938018819262977
22897_7873,1,106,0,5.938169541788433
22966_8003,2,103,0,5.9400480082843785
22988_7863,1,106,0,5.9400485763749815
22922_7889,1,106,0,5.940621008041453
22844_7939,2,103,0,5.940656333414945
22906_7876,1,103,0,5.940730724909819
22903_7973,2,101,0,5.940795031764085
22904_7995,2,101,0,5.94123073951961
22950_8037,2,103,0,5.941327364834761
22960_7895,2,103,0,5.9414703869633465
22914_8007,1,103,0,5.941585365661618
22947_7995,2,106,0,5.942364297301531
23098_7969,1,103,0,5.94266994416699
22888_8059,2,103,0,5.9426755045727155
22902_7970,2,101,3,5.942718677651851
22945_8063,2,103,0,5.942830489093819
23076_8060,1,103,0,5.943151916493591
22922_8037,2,106,0,5.943578351126401
22963_8034,1,106,0,5.943864873734098
23026_7890,1,103,0,5.944127090210238
22925_8065,1,106,0,5.944489061645234
22949_7892,1,103,0,5.944540971655583
22933_7861,2,101,4,5.945296905862693
22918_7857,2,103,0,5.945316681361333
23049_7911,2,101,3,5.945390153074978
23059_8069,1,106,0,5.945641599102973
22847_7897,2,105,0,5.945716887512746
22948_7852,1,103,0,5.945888935963118
22917_7944,2,103,0,5.946066213827194
22969_7880,2,103,0,5.946466178142745
22874_7851,2,103,0,5.946482919362723
22955_7998,2,106,0,5.946502354572589
22942_8056,2,101,3,5.946731245308932
23076_7914,2,101,0,5.946938179889152
22952_8069,2,103,0,5.947054081646262
22887_7977,1,106,0,5.94726963479913
22996_7961,1,105,0,5.947447720758346
22942_7971,2,103,0,5.947757096000229
22943_7920,1,106,0,5.947979043755045
22909_8016,2,106,0,5.948256719913352
22885_8002,3,103,0,5.948513319570382
22974_7955,2,103,0,5.948697475937888
22891_8061,1,106,0,5.948826882633757
23004_7942,1,106,0,5.949052165864418
22929_7902,1,103,0,5.9502670130724145
23026_8019,1,106,0,5.950276438049529
23023_8039,2,103,0,5.950291952556357
23020_7876,1,105,3,5.950872800803493
23029_8012,1,106,0,5.951031197594514
22968_7967,2,103,0,5.951083611278227
22971_7920,1,103,0,5.951143524461652
22977_7938,1,105,0,5.951319778348664
22865_7940,1,106,0,5.951324413287602
22904_7934,2,106,0,5.951365993964121
23080_7938,2,103,0,5.951466854451577
23010_8008,1,106,0,5.951555428194865
22889_7960,2,103,0,5.951921750981412
22893_8061,1,106,3,5.952957000952046
22893_7982,2,101,0,5.953076887688663
22927_7930,1,103,0,5.953549743712744
22852_7949,2,103,0,5.9536392873292465
22908_7995,2,103,0,5.9536452787921545
22995_7878,2,103,0,5.954146982824954
22886_7927,1,106,0,5.954663630505001
22872_7905,2,103,0,5.954968865999864
22967_7969,2,103,0,5.95513656546191
22949_7873,2,103,0,5.955279147438835
22965_7940,1,105,0,5.955345475688393
22933_7984,1,106,0,5.955955957654673
22839_7930,2,103,0,5.956314836371353
22893_7983,1,106,0,5.95658240946503
22845_7848,2,103,0,5.956586379071514
22927_7982,1,106,0,5.956782831743662
22868_7842,2,103,0,5.95697177314035
22915_7881,1,105,0,5.9586383183515945
23057_8062,2,103,0,5.9589112797102795
23025_7901,2,101,4,5.959295411091788
22898_8010,2,103,0,5.959721459558929
22899_8011,2,103,0,5.959756284465013
22909_7968,3,103,0,5.960067557162567
23082_7985,1,103,4,5.960091817151089
22857_7882,1,106,0,5.960368821527185
22875_7997,1,106,0,5.960767109474606
22932_7975,2,101,0,5.960871197384134
23058_7910,1,106,0,5.961125649340687
22951_8054,2,103,0,5.961931763855717
22868_8008,3,103,0,5.9619331996515355
22951_8059,1,106,0,5.96219917831504
22839_7862,2,103,0,5.962217062692465
23085_8054,2,103,0,5.962383535441611
22884_7940,2,101,0,5.962966808634174
22917_7967,2,106,0,5.96299663506092
22990_7925,2,103,0,5.963110760009611
22867_8008,3,103,0,5.9631846276655684
22878_7904,2,103,0,5.963297216548352
22873_8035,2,107,0,5.963337192741763
22927_7841,2,105,0,5.963422953564703
23047_7961,1,106,0,5.964377557530756
23096_7954,2,103,0,5.9648211521888586
22979_7983,1,103,0,5.964987795901357
22909_7949,2,103,0,5.96535691459966
22943_8067,2,101,0,5.965663750561426
22968_8023,1,106,0,5.965922818758299
22828_7873,1,103,3,5.966114563155422
22884_7954,2,106,0,5.966154412275799
23008_7958,1,103,0,5.966243197265911
22947_7853,1,103,0,5.966649163319461
22965_7961,2,103,4,5.966724289072848
23018_7841,2,103,0,5.966974379342549
22932_7987,2,103,0,5.967330918105193
22910_8047,1,103,0,5.967392144917423
22908_7996,2,103,0,5.9677674011868795
22943_7867,2,101,0,5.9678245923928355
22896_8071,2,101,0,5.968286288328426
22888_8060,2,103,0,5.9684858342301705
23038_7924,1,106,0,5.968567482184781
22998_7930,1,106,0,5.968616062368916
22873_7940,1,103,0,5.969030965879786
23010_7876,1,105,0,5.969208076981239
22903_8012,2,103,0,5.969472838143264
22892_7983,1,106,0,5.96948318714272
23094_7950,2,103,0,5.969768113922316
22981_8038,1,106,0,5.970049856902509
23011_7961,1,103,0,5.970722769403701
22884_7956,2,103,0,5.9708215471937125
22992_7897,1,106,0,5.971369389357666
22974_7882,2,103,0,5.971843139214847
22899_7849,2,103,0,5.971949269363268
22846_7897,1,103,0,5.972696132675894
22895_8022,2,101,4,5.972889767554112
22984_7979,1,107,3,5.972970581713958
22948_8012,3,106,0,5.973145020256826
22890_7975,1,106,0,5.973260388998974
23059_7986,1,106,0,5.973435809820034
22890_7993,1,106,0,5.9735236040122235
22855_7839,2,103,0,5.973761364884126
23098_7976,1,103,0,5.973880001218071
23091_7946,2,103,3,5.974460004471427
22934_8014,1,106,0,5.974582168763945
23056_7945,1,105,0,5.974609846891636
22878_7900,2,103,0,5.975135942897576
22943_8054,2,103,0,5.975211556366776
22894_7994,1,106,0,5.975367710581681
22882_7955,2,103,0,5.975404568166534
22887_7946,2,101,0,5.975547762065276
23096_7933,2,101,0,5.975768008979388
22902_7909,2,103,3,5.976052239394161
22949_8030,2,103,0,5.976220266045366
22883_7845,1,106,0,5.976238069623363
22954_7972,1,106,0,5.97625486771769
22919_8019,2,103,0,5.976484596942764
22949_7899,1,106,0,5.976549531750246
22884_8020,1,103,0,5.97656195336023
23023_7961,1,103,0,5.976709901098626
23051_8001,1,103,0,5.976755481424
22861_7888,1,106,0,5.976796715797034
22974_7873,1,103,0,5.976895383157284
23008_8028,1,106,0,5.977066058854905
22948_7872,2,103,0,5.9770728596805744
22885_8016,2,105,0,5.9771492407568765
22870_7953,2,103,0,5.977282509873125
22869_8002,3,103,0,5.977302807794888
22916_8006,2,103,0,5.977675858742276
22910_8000,2,103,0,5.977744415243875
23075_8015,1,103,0,5.977877109212492
22910_7993,2,103,0,5.978169626937163
22988_7955,1,106,0,5.978489173448882
22943_8001,2,103,0,5.978699673166398
22871_7992,1,106,0,5.978765087889205
22909_7966,1,103,0,5.9788489660113635
23080_7932,2,103,0,5.978891512237674
23070_8068,1,106,0,5.979438811770154
23100_7937,2,101,0,5.980179467658503
22970_8055,1,106,0,5.98031522737732
22905_7962,2,103,0,5.980328331878842
23034_7978,1,105,0,5.980437672224529
22909_7925,2,106,0,5.980480874896387
22910_7987,1,106,0,5.98084265372591
23026_8009,1,103,0,5.980857418007367
22882_7952,1,103,0,5.9809443851899395
22899_8063,1,106,0,5.980970153417767
22933_8016,1,106,0,5.9811560803230615
22955_8008,3,106,0,5.98120084910446
22916_7995,2,103,0,5.981257556123949
22899_7957,1,106,0,5.981431965029302
22870_7996,1,106,0,5.981721809606051
23104_8011,1,106,0,5.981976142758563
22886_7934,1,106,0,5.982052489624243
22837_7867,2,103,0,5.982056556194374
22866_7870,2,103,0,5.982103646861956
22882_8021,1,103,0,5.982187551626188
22890_7984,1,106,0,5.982294002093335
22990_7870,2,103,0,5.982299988786532
22950_7913,1,103,0,5.982486165293851
22975_7953,2,103,0,5.982795966487672
23077_7914,2,101,0,5.982946666045686
23062_7839,1,106,0,5.983529447110272
22910_7994,2,103,3,5.9841734660483645
23086_7889,1,105,0,5.984320822472814
22958_8014,1,106,0,5.98450910339423
23016_7847,1,106,0,5.984549114788319
22889_8006,3,103,0,5.984653332007524
22900_7952,2,103,0,5.9849573649061245
22879_8002,3,103,0,5.984979474745178
22903_7934,2,106,0,5.985141293116753
22895_7853,2,101,4,5.985229985939793
23004_7909,1,106,0,5.9853341716434345
22868_7841,2,103,0,5.985579414767184
23036_7993,2,103,0,5.985612148075494
23089_7991,1,106,0,5.98563253360828
22969_8010,2,103,0,5.985698110683007
22894_7916,2,103,0,5.985962608350528
23074_7927,1,103,0,5.986083249050531
22918_7989,2,103,0,5.9861301465275405
22975_8014,2,103,0,5.9865466760135995
22907_7962,1,103,0,5.987160934742414
23088_7897,2,103,0,5.987168288874546
22907_8030,1,106,0,5.987464445811596
22950_8055,2,103,0,5.9876294321297205
23054_8001,2,103,0,5.987629738980007
22907_7911,2,103,0,5.987721994076468
23026_7945,1,103,0,5.9877697547973305
23056_7913,2,101,4,5.987933598857458
22912_7913,2,103,0,5.988076862283043
22916_7991,2,103,0,5.988659336787106
22871_8002,3,103,0,5.988684635041936
22953_7929,2,103,3,5.988858582963155
22861_7977,3,103,0,5.989064533927952
22874_8021,1,106,0,5.989100795828477
23098_7881,1,105,0,5.989221364080221
22892_7871,1,106,0,5.989329656164082
22990_7889,2,101,0,5.989424655247508
22970_7982,2,103,0,5.989638567402176
23012_8045,1,105,0,5.9898087756647955
22937_8047,2,105,0,5.989813969767411
23052_7881,1,105,0,5.989921303458567
22953_7908,1,103,0,5.989976931215819
22955_8056,1,106,0,5.989980174526703
22867_7870,2,103,0,5.990021031465576
22916_7967,2,106,0,5.99029329160069
22906_7998,2,103,0,5.990390746921331
23105_7864,1,103,0,5.990596795731972
22916_7994,2,103,3,5.990605963769021
22911_7948,2,103,0,5.99075270321412
23044_7978,1,106,0,5.990901290031722
22867_7841,2,103,0,5.991277658680637
22882_7909,2,103,0,5.991737799248052
22993_7857,1,105,0,5.991795556583782
22938_7988,2,103,0,5.992042394691612
22962_7996,2,103,0,5.992092601549303
23024_7978,1,105,0,5.992158544299359
23076_7930,1,103,0,5.992389961390658
22887_7851,1,106,0,5.99245837419493
22960_7910,2,103,4,5.992657963064003
22908_8000,2,103,0,5.992732112788515
22888_7977,1,106,0,5.992943872719516
23038_7850,1,106,0,5.993073238490944
22961_8001,2,106,0,5.993119547476683
22877_7887,2,103,0,5.993441350214564
23020_7878,1,105,0,5.993738236027516
22868_7952,2,103,0,5.993749371483162
23083_7917,1,106,0,5.994002834728839
23012_7990,1,106,0,5.9942020466026245
22902_8006,1,106,0,5.994246933433758
23043_7963,1,106,0,5.994379356010659
22929_8042,2,103,0,5.994772070864023
22892_7974,1,106,0,5.994917946150765
22864_8058,1,103,0,5.99530946676374
22832_7860,1,106,0,5.995345721046826
22889_8021,1,103,0,5.995551208974298
23007_7966,2,103,0,5.995599588399078
23054_7911,1,106,0,5.9958400120596576
22917_7912,1,105,0,5.995924740807375
22916_7988,2,103,3,5.9959772890016545
22947_8063,3,103,0,5.996046617076368
22930_7989,2,103,0,5.996062923363205
23074_7994,1,103,0,5.9960644352240635
23025_7987,1,103,3,5.996268284451548
22860_7890,2,105,0,5.9962840889732245
22907_7997,2,103,0,5.996310770442392
22918_8014,2,103,0,5.996347263549208
22871_8005,2,103,0,5.996571528310638
22893_7946,1,103,0,5.996738253288964
22888_8018,2,103,3,5.996955414940136
22910_8012,2,103,0,5.997039962143071
22906_7875,2,103,0,5.997057974824697
22897_7836,3,104,0,5.997064494269047
22880_7935,2,101,3,5.997329523258289
22909_8012,2,103,0,5.997365754701862
22909_7846,3,103,0,5.997597573052751
22892_8010,2,103,0,5.997605198831118
22851_8059,1,106,0,5.997605329176763
22873_7861,1,106,0,5.997732921790332
22879_7838,1,104,0,5.997812104156236
22935_7926,1,105,0,5.99785129549694
23011_7982,1,105,0,5.99786189903188
22953_8070,2,103,0,5.99792619698889
22881_7927,2,106,0,5.997967372836427
22977_7949,2,103,0,5.9980114827569455
22936_7927,1,105,0,5.998040000457818
22897_7896,2,103,4,5.998182619513493
23100_7914,1,103,0,5.998225484985906
22873_7955,2,103,0,5.998262609937305
22916_8009,2,103,0,5.998290951356338
22946_8012,3,106,0,5.998306140464369
22983_7956,1,106,0,5.998521423274914
22869_7953,2,103,0,5.9985892231728455
23020_8046,2,103,0,5.998591668613995
22875_7944,1,106,0,5.998684506495104
22828_7855,1,106,0,5.99868669567057
22843_7850,1,103,0,5.998721457098477
22897_7893,2,101,4,5.998722294054128
22903_7993,2,103,3,5.998748470196054
22920_7937,2,103,3,5.998751674856392
23085_8055,2,103,0,5.998792206636161
23024_8067,2,103,4,5.998810048747553
22891_7949,1,106,0,5.998819271424092
22891_7947,1,106,0,5.998824987247284
22861_7937,1,106,0,5.998833851846346
22923_7971,1,106,0,5.998838472858416
22879_7956,2,103,0,5.99884536808165
22880_7980,1,106,0,5.99885741890213
22871_7904,2,103,4,5.998918927314062
23053_8015,2,103,0,5.998933069982041
22955_7992,2,103,2,5.998939764218748
22924_7867,2,105,0,5.998944427611194
22909_7844,2,104,0,5.998949280151363
22873_7954,2,103,0,5.998984592251582
22898_7895,2,103,4,5.998985825199987
22933_7956,2,103,0,5.999002448669526
22935_7844,1,105,0,5.999007448287328
22888_7914,2,103,0,5.999010519499213
22955_7926,2,103,4,5.999048476581414
23081_7902,2,103,4,5.999049848198619
22859_7985,4,103,3,5.999060485089669
22860_8044,2,103,0,5.999077453466898
22907_8003,1,106,0,5.999078705420343
22832_7880,1,103,0,5.999088968204039
22853_8059,1,106,0,5.999095484480931
22910_8070,2,103,0,5.99910161304309
22866_7952,2,103,0,5.999101996216362
22857_8003,5,103,0,5.999106402785703
22962_8028,1,106,3,5.99912084229539
22902_7995,2,103,3,5.999127998922034
22884_8007,3,103,0,5.999136450402623
22891_7915,2,103,0,5.999149316000064
22895_8031,1,103,0,5.999152061413754
22940_7867,2,103,0,5.999183335916214
22913_7853,2,103,0,5.999185842552574
22941_7856,1,103,0,5.99918800412041
22919_7989,2,103,0,5.999197551342902
22885_7911,2,103,0,5.999204246194055
22912_7911,2,103,0,5.999212251044501
22862_7974,3,103,3,5.999212628998103
23081_7903,2,103,4,5.999220677639421
22892_7961,2,103,3,5.99922132731349
22848_8049,1,106,0,5.999222220272207
22920_7846,1,104,0,5.999265175952583
22930_7926,1,106,0,5.999310808331521
22864_7967,3,103,0,5.999315892018927
22873_7996,1,106,0,5.999328063771804
22896_7975,1,106,0,5.9993296309409905
22838_7862,2,103,0,5.99933768417087
22889_8048,1,106,0,5.999356201616098
22895_7962,2,103,0,5.999360175962406
22863_7862,1,106,0,5.99936870557333
22858_7879,1,106,3,5.999372465572497
22842_7836,1,103,0,5.999378345263069
22902_8012,2,103,0,5.999378821605396
22847_8057,1,106,0,5.999379027856168
23037_8040,1,105,0,5.999383510214857
22856_7864,2,103,0,5.999384611965366
22923_8038,2,106,0,5.999403525713232
23036_7899,2,101,0,5.999408326514245
22920_8020,2,103,0,5.999410617806749
22865_8041,2,103,0,5.999431099852947
22944_7946,1,106,0,5.999435719821972
22854_8061,1,106,0,5.999444311793067
22893_7974,1,106,0,5.99944499979557
22965_7905,1,106,0,5.999448347083228
23025_8070,2,103,0,5.9994497973956324
22844_7936,1,106,0,5.9994515493052
22863_7970,3,103,0,5.999455177708481
22923_7999,2,103,0,5.999461997988932
22919_7857,2,103,0,5.999480231129944
23104_7993,2,103,0,5.999488312637785
22962_7884,1,103,0,5.999489566684238
23059_7985,1,106,0,5.999508995238934
22954_7912,1,106,0,5.999513378090069
22880_7956,2,103,3,5.999523173044301
22923_7940,2,103,0,5.9995294384649425
22937_7928,1,105,0,5.999531417384718
22904_8001,2,103,0,5.999538326267993
23103_7988,2,103,0,5.9995409042387005
22864_7966,3,103,0,5.9995444773676665
23031_7977,1,105,0,5.9995467586180755
22932_7863,2,103,0,5.999551019276793
22980_7900,1,103,0,5.999553146810033
23086_8006,1,103,0,5.999557328432985
23036_7894,1,103,0,5.999564010955395
22863_7940,1,106,0,5.999589396872051
22817_7840,1,103,0,5.999591149889808
22864_7958,3,103,0,5.9996045873793475
22912_8060,1,103,0,5.999609048398193
22882_7900,1,106,0,5.999623379403627
22941_7982,2,103,0,5.999645595077117
22965_7886,1,103,0,5.999666608784943
22957_7921,2,103,4,5.999667977059621
23021_7986,1,103,3,5.99967308433464
22953_7941,2,103,0,5.999674160597319
23001_8062,1,106,0,5.999677913714471
22910_7967,2,103,0,5.999686951316014
22915_8052,1,105,0,5.999701286769064
22913_7930,2,103,3,5.999704874312697
22993_7982,2,103,0,5.999706874913063
22904_7960,2,103,0,5.999709559508045
22906_7886,2,103,0,5.999714797867628
22991_7883,2,101,0,5.999719082669814
22935_7865,2,103,0,5.999722374958166
22925_7930,1,103,0,5.999725040440278
23068_7854,1,106,0,5.999733299512354
23028_7867,1,106,0,5.999743069049917
22903_7989,2,103,0,5.999746002869811
22903_7957,2,103,0,5.99974662656886
22887_7903,1,106,0,5.9997627750650855
22862_7973,3,103,3,5.999774480476604
22938_7951,2,106,0,5.999789956901583
22910_7969,2,106,0,5.999793679261814
22899_8068,2,103,0,5.9997961086947615
22970_7900,1,106,0,5.999810935245791
22913_8025,2,106,0,5.99981594312137
22922_7902,2,105,4,5.999824583098381
22880_8014,2,103,3,5.999825748436706
22885_7903,1,106,0,5.99983539418808
22863_7973,3,103,3,5.999838635872395
22880_8015,2,103,3,5.999839140422367
22876_7845,1,106,0,5.9998449171545065
22905_7960,2,103,0,5.999846529706473
22958_7941,1,105,0,5.999846618307756
23053_8025,2,103,0,5.99985615519849
22917_8027,2,106,0,5.999857785656061
23026_8015,1,103,0,5.999860950856717
23056_7956,1,105,0,5.999865692331497
22908_7927,1,106,0,5.999872610084393
22914_8026,2,106,0,5.999873980361784
22935_7864,2,101,4,5.9998829823953725
22921_8035,2,106,0,5.999887968281084
22941_7985,2,103,0,5.999888530570251
22905_7963,2,103,0,5.999891196219808
22909_7918,2,103,4,5.999894488660501
22840_7933,2,103,0,5.999895202432535
22921_7941,2,103,0,5.999896198881546
23053_8022,2,103,0,5.999899446710981
22861_7936,1,106,0,5.999901879885437
22913_8057,2,103,0,5.999903950669388
22974_7871,1,103,0,5.999904451393981
22965_7872,1,106,0,5.999906512927932
22931_7874,1,103,0,5.9999095035666095
23022_7900,2,101,0,5.999913386018684
22933_7862,2,101,0,5.999914999897575
22919_7937,2,103,0,5.999924468211309
23048_7977,1,103,0,5.999925956032667
23083_7942,2,103,0,5.999933707177645
22865_8040,2,103,0,5.999934085358935
22940_7865,2,101,0,5.9999373273231225
23086_7919,2,101,0,5.999937952020537
23000_7887,2,101,0,5.999939710678743
22865_7859,1,106,4,5.999942404074461
22909_7964,1,103,0,5.999942578308834
22848_8001,2,103,0,5.999943989314289
22948_7870,2,101,0,5.999944205616302
22893_7993,1,106,0,5.999945492585341
22841_7978,2,103,0,5.999946439883835
22902_8051,1,106,0,5.999947466583498
22963_7874,2,101,0,5.9999480741068725
23079_7915,2,101,0,5.999948691955177
23021_7987,1,103,3,5.999955834500346
22915_8033,1,106,0,5.999956836454137
23057_7910,1,106,0,5.99995689360448
22915_7945,2,103,0,5.999957292655766
22996_7953,1,105,0,5.999957907538637
22863_7861,1,106,0,5.999957934069821
22918_7936,2,103,0,5.99995958650563
23054_7999,2,103,3,5.999960541593306
22931_7862,2,103,0,5.999961170885515
22986_7945,1,106,0,5.999964462847187
22835_7869,2,103,0,5.999964581587915
22934_7904,1,105,0,5.999965006025477
22936_7967,2,103,0,5.999966696248328
22996_7955,1,105,0,5.999967279002712
22866_8039,2,103,0,5.999967559945432
22943_7866,2,101,0,5.999969446765545
22877_8027,1,106,0,5.999970529782263
22860_7949,2,103,0,5.999972725942683
23004_7979,1,105,0,5.999975050159687
22917_7943,2,103,0,5.99997517191482
22904_7957,2,103,0,5.999975548809587
22922_7895,1,105,0,5.999976409705034
22905_8013,2,103,0,5.999976487636443
23029_7956,1,103,0,5.9999766401212655
22895_7925,2,103,0,5.999977565752437
22977_7902,1,106,0,5.999977572896152
22981_7939,2,105,0,5.999977706886015
22898_7893,2,103,0,5.999978589208731
22886_7839,1,104,0,5.999979508378426
22883_7956,2,103,0,5.99997973065165
22906_8040,1,106,0,5.999980123398066
22971_7865,1,103,0,5.9999814772286575
22974_7969,1,106,0,5.999982253280194
23099_7960,2,103,0,5.999982476119433
22899_7893,2,103,0,5.999983480178398
23086_7899,2,103,3,5.999985901381302
22918_7856,2,107,0,5.999986466680905
22946_7935,2,105,0,5.999986689419662
22893_7925,2,103,0,5.999986992662778
23060_7911,1,106,0,5.999987756316005
22894_8064,2,103,0,5.999988294216567
22971_7881,2,103,0,5.999990111161944
22932_7859,2,101,0,5.9999901387725405
22966_8004,2,103,0,5.999990181221736
22998_7964,1,105,0,5.999990860071455
22914_8035,1,106,0,5.999991509784958
22907_7949,2,103,3,5.999991573292461
22910_7878,2,103,4,5.999992477859537
22959_7990,2,103,0,5.99999287757515
22987_7860,2,103,0,5.999992930630711
22920_8021,2,103,0,5.999993138425633
22991_7888,1,106,0,5.999994923624258
23073_7838,1,106,0,5.999994954560465
22906_7910,2,106,0,5.99999546642747
23074_7919,2,103,0,5.999995808576673
23103_7864,2,103,0,5.9999966257767845
22936_7912,1,105,0,5.999996781212265
22918_8017,2,103,0,5.99999742081779
22913_8010,2,103,0,5.999998789181239
23075_7919,2,103,0,5.99999904606626
23089_8059,2,103,0,5.999999555325635
22958_7919,2,103,0,5.999999616617712
22893_8011,2,103,0,5.999999740831538
22929_7862,1,106,0,6.000000063185504
22968_7917,1,103,0,6.0000001819769615
22896_7923,2,103,0,6.000000191143374
23079_7938,2,103,0,6.000000274407034
22895_7953,2,103,0,6.000000966592164
22979_7936,2,105,0,6.000001186457923
23071_7962,1,105,0,6.000001753141062
22994_7905,2,103,0,6.000002365834041
23089_7946,2,103,3,6.000002485741493
22858_7937,1,106,0,6.000003572552995
22994_7890,1,106,0,6.000003846396353
22937_7927,1,105,0,6.000003932325946
22909_7948,2,103,0,6.000004241796075
22890_7928,2,103,0,6.000008258410289
23051_8028,2,103,0,6.0000084736797135
22903_7911,2,103,0,6.000008954014845
23057_7941,2,103,0,6.000009396342278
22922_8022,2,103,0,6.000010315911696
22893_8008,2,103,0,6.000010344570247
22910_8071,2,103,0,6.000011101212431
23085_7946,2,103,0,6.0000116777959
22953_7971,2,106,0,6.0000117305795815
22893_7861,1,106,0,6.0000123776951995
22877_7992,1,106,0,6.000012653556338
23080_7939,2,103,0,6.000014082357477
22961_7935,1,106,0,6.000014564001514
23091_8061,2,103,0,6.000014838800337
23079_7898,1,106,0,6.000014923161486
23066_8043,2,103,0,6.000015332052739
22923_7896,2,105,0,6.00001601141095
22996_7930,1,106,0,6.000017194614314
22899_7903,2,103,0,6.000017799601331
23049_7999,2,103,0,6.000019176511452
22944_7905,1,106,0,6.000019705124496
23058_7997,2,105,4,6.000019718915475
22855_7937,1,106,0,6.000019856240203
23037_7966,1,106,0,6.000024764106279
22940_7974,1,106,0,6.000024838561155
22845_7900,1,103,0,6.000024855292726
22989_7855,2,103,0,6.0000257503120284
22898_7892,2,101,0,6.000025916802262
23071_8052,2,103,0,6.000027631540199
22895_7872,1,106,0,6.000032253177336
22917_7933,2,103,0,6.000033947566778
22902_7842,1,104,0,6.000034164104661
23002_7870,1,105,0,6.00003581146334
22955_7842,1,103,0,6.000036905785621
22866_7891,2,106,0,6.000039114089043
22963_7996,2,103,0,6.000043511233861
22966_7972,2,103,0,6.000051145642735
23015_7926,1,103,0,6.000055003269209
23010_8070,1,104,0,6.000063322195458
23010_7922,1,103,0,6.000083121490986
22963_8027,1,106,0,6.000103747366371
22974_8048,1,106,0,6.000107555718529
23061_8060,2,103,0,6.000152004968568
23004_7870,1,105,0,6.000156176268412
23044_7977,1,106,0,6.000159850786454
23018_8048,2,103,0,6.000162655042148
22981_8012,1,106,0,6.00017150741179
22981_8002,1,106,0,6.000171707001627
23012_8001,1,106,0,6.000184714413911
22953_7954,2,103,0,6.000200247675155
23055_8064,2,103,0,6.000205728196523
23009_7940,1,106,0,6.00022109131776
22959_8000,2,106,0,6.000230628520911
23020_7930,1,103,0,6.0002313815119095
22883_7957,2,103,0,6.0002412006799455
23022_7847,1,103,0,6.000241262242356
23067_7850,1,106,4,6.00027119644689
23020_8040,1,105,0,6.000273125384024
22951_7927,1,106,0,6.000275957815164
22953_8063,2,103,0,6.000276750551115
22936_7965,1,106,0,6.000278409194477
22924_7981,1,106,3,6.0002873765083065
22956_8008,3,106,0,6.0003051890518355
22953_7951,2,103,0,6.000309530396852
23052_7897,1,103,0,6.000316846565648
22963_7912,1,103,0,6.000337482316615
23042_7891,1,105,0,6.000356185669942
23012_7895,1,103,0,6.000365238568918
23028_7911,1,103,0,6.000371315492898
23066_7849,1,106,4,6.000372220030247
23035_7957,1,103,0,6.000375566325616
22891_7855,1,106,0,6.000385139783075
23026_8059,1,106,0,6.000397406923304
23090_7836,1,106,0,6.000417641215657
23057_8063,2,103,0,6.0004224319999375
22891_7916,2,103,0,6.000459062561083
22997_8047,1,105,0,6.0004790193511
23027_8059,1,106,0,6.0004908829588475
22941_7915,1,103,0,6.000495960089859
23005_8009,1,105,0,6.0005158673283745
23075_8013,1,103,0,6.000522367640097
23027_7945,1,103,0,6.000539453501383
23034_8006,1,106,0,6.000563667075002
23100_7920,1,103,0,6.0005690605035715
22909_7852,1,103,0,6.000571746172054
23025_7968,1,106,0,6.000576218396269
23011_8006,1,106,0,6.000587785283669
23059_8009,1,106,0,6.000604783573115
23034_8026,1,103,0,6.000607261575579
23020_7936,1,106,0,6.000644131303139
23020_7914,1,106,0,6.0006798638581715
23012_7923,1,103,0,6.000680775658996
22949_8065,2,103,0,6.000690375731518
22923_7963,1,106,0,6.00071133404071
23006_8047,1,105,0,6.000712867812635
22845_7902,1,103,0,6.000718112360861
22939_7916,1,103,0,6.000749180971339
23093_8069,1,106,0,6.000765636548231
23040_7981,1,105,0,6.000768467818944
22943_8065,2,103,0,6.000787389644639
22952_8070,2,103,3,6.000790549090186
23087_8036,1,105,0,6.000798459787924
22931_7888,1,103,0,6.000799038488512
23027_8032,1,103,0,6.000825772519465
23066_7850,1,106,4,6.000834988697214
23003_7921,1,103,0,6.000860028823289
22873_8007,3,103,0,6.0008850010332715
23043_7890,1,105,0,6.000885363282495
22908_8030,1,106,0,6.000888924087086
23049_7923,1,105,0,6.00090711112648
23092_8068,1,106,0,6.000910554273532
22965_8025,1,106,0,6.00091526825429
23072_7920,1,103,0,6.000938208005935
23088_8071,1,106,0,6.000941613414884
23005_7966,2,103,0,6.000950354233716
23025_8010,1,103,0,6.000957378138162
23028_8013,1,106,0,6.00096420709764
23053_7924,1,105,0,6.000986232514374
23057_8038,2,103,0,6.001013079201107
23037_7876,1,106,0,6.001014180368953
23031_7989,1,103,0,6.001029834510349
23029_8000,1,103,0,6.00104831147657
23022_7877,1,105,0,6.001069164585075
23046_7984,1,105,0,6.001070019920888
23023_7849,1,103,0,6.001088934349951
23084_8003,1,106,0,6.001103471554594
23011_8003,1,106,3,6.00114773223798
23049_7883,1,105,0,6.001148697344544
23090_7926,1,106,0,6.001156419122505
23099_7882,1,105,0,6.001231709998095
23009_7881,2,103,0,6.001259299893417
23097_8000,1,103,0,6.001260465888161
23035_7979,1,105,0,6.001285594344309
23066_8031,1,106,0,6.00131798557792
23064_8031,1,106,0,6.0013441300130435
23090_7971,1,103,0,6.001431932353798
23052_8069,2,103,0,6.001499231125134
23069_7907,2,106,0,6.0015245835245326
23047_7917,1,105,0,6.001594446911502
22854_7863,2,101,0,6.001629097897791
23020_7998,1,106,3,6.001665389833863
22856_7948,2,103,0,6.001668091205652
23063_7999,2,105,3,6.001802706722885
22923_7836,1,104,0,6.001912291665079
23068_7907,2,106,0,6.002739200996596
22909_7971,3,103,0,6.00435460186375
23069_7899,1,106,0,6.0082813043093655
22999_7878,2,106,0,6.008968625344789
23051_8031,1,106,0,6.011351096215733
22985_8034,1,103,0,6.011541042466066
23085_7889,1,105,0,6.011889820744094
22861_8070,1,106,0,6.0128748588260175
22988_7935,2,101,3,6.014884565111507
23036_7947,1,103,0,6.015519028255098
23042_7890,1,105,0,6.0155887336495315
22997_7902,2,103,0,6.019119708921667
23016_7900,1,103,0,6.019584776350891
23013_7840,2,101,4,6.0209742170861364
23017_7878,1,105,0,6.0229495615158575
22856_7923,1,103,0,6.023461143232628
22893_8026,2,101,0,6.024746074670437
23013_7838,2,101,0,6.027549979366682
22929_7859,2,103,0,6.029739531987697
22934_7994,2,103,0,6.030657778237455
23061_7962,1,105,0,6.031017591439464
23030_8012,1,106,0,6.033074775061039
23052_7990,2,101,0,6.033250031751134
23012_7863,2,103,0,6.033611639455881
22878_7923,2,101,0,6.034060565148096
23006_7850,2,101,4,6.034099019528532
22868_7882,2,101,0,6.034467845454427
22968_7969,2,101,3,6.036058570644932
22902_7838,2,103,0,6.037783730447061
22903_7971,2,101,3,6.039958997363521
23002_8058,1,106,0,6.05048689643676
23022_7977,1,105,0,6.053762419686466
23073_7912,2,101,0,6.053777688165616
23073_7851,1,103,0,6.059139218040441
23101_7976,1,103,0,6.06070691582895
22965_8067,1,106,0,6.061859526947118
23041_7982,1,105,3,6.062993008226804
22892_7869,2,101,0,6.066420316916333
23047_7896,1,103,0,6.06794527292581
23065_8066,1,106,0,6.06849706772587
22938_7864,1,106,0,6.069775702075772
22877_8019,1,106,0,6.071334393185526
22909_7979,2,101,0,6.0716450678954255
22930_7995,2,103,0,6.073344306226246
23091_7970,1,106,0,6.074500677410544
22953_8025,1,106,0,6.076304293243873
22897_7975,1,106,0,6.076735994574054
22888_8068,1,106,0,6.08329502632295
23008_7850,2,101,0,6.085117515413095
23034_8007,1,106,4,6.085187012916921
23092_7901,1,106,0,6.092652655123719
22880_7844,1,106,0,6.095006820409244
22896_7983,1,106,0,6.0982132301502325
22888_7949,2,101,0,6.1091583833697465
22848_7954,2,103,0,6.109203591849678
22941_7956,1,106,0,6.1093606899799076
23102_7905,1,106,0,6.111150474456615
22991_7917,2,101,0,6.112141947576151
23086_7894,2,101,0,6.114625998615625
23021_7840,2,103,0,6.118274874380572
22852_7857,2,101,0,6.118843199093238
22849_7895,1,105,0,6.119639649083104
22888_7889,1,105,0,6.120403914263307
23017_7933,1,106,0,6.121854719590236
23016_7879,1,105,0,6.125502389863972
23031_7994,1,103,0,6.125839249269677
22867_7891,2,106,3,6.1263261300132195
22878_7931,2,101,0,6.131873135416875
22971_7928,1,106,0,6.135723574378421
22886_7945,2,101,3,6.135738215393934
22943_7988,2,101,0,6.137690676191111
22975_8024,1,106,0,6.137720343965529
22979_7948,2,101,4,6.140307221925178
22899_7911,2,101,0,6.143208084299128
22896_7841,2,107,0,6.143229124417065
22951_7998,2,101,3,6.1443183414016165
23061_7836,1,106,0,6.144520852327529
23066_7908,2,106,0,6.147920983920363
22944_8069,2,101,3,6.148986285013657
22862_8053,1,103,0,6.153225879882469
22872_7891,2,101,3,6.155393670875052
22967_7987,2,101,0,6.156279821814145
22936_8047,2,105,0,6.157588142583421
22835_7872,2,105,0,6.15776265552177
22931_7994,2,103,0,6.1607633594793665
22926_7866,2,105,0,6.160844074860632
22969_8051,2,101,0,6.172339197484647
22926_7899,1,103,0,6.175457059906758
22860_7905,1,103,0,6.175758140969318
22896_7847,2,101,0,6.175963074939919
22990_7878,2,101,3,6.180306189071115
22869_8032,1,106,0,6.181334822993706
22870_7877,1,105,0,6.182023558090225
22945_7921,1,106,0,6.1837214993897645
23047_7851,1,106,0,6.18916713658942
23020_8054,2,101,0,6.189986690426656
22975_7928,1,106,0,6.190513484808223
23102_7983,2,103,0,6.194367382792044
22941_8014,1,106,0,6.197867425863473
23103_7991,2,103,0,6.199141895046591
23047_7960,1,106,0,6.20080615879874
23012_7880,2,106,0,6.20305770208154
23063_8067,1,106,0,6.203832690980263
23062_8018,1,103,0,6.204185716725646
22918_8004,3,103,0,6.206021615477439
23030_7941,2,103,0,6.206663994292575
23005_7945,1,103,0,6.216390331150025
22822_7855,1,103,0,6.216719977583198
22924_7963,1,106,0,6.22084936619269
22895_7846,2,101,0,6.221623002857441
22872_8017,2,105,0,6.224883726692159
22959_7992,2,101,0,6.226541234514985
22915_7979,2,101,0,6.228047499769295
22959_8067,1,106,0,6.236161424191702
22980_7862,1,106,0,6.23714001881663
22903_7972,2,101,3,6.23906744867454
22951_8021,4,101,0,6.241151998521561
22897_7908,2,101,0,6.245081627236286
22875_7902,2,101,0,6.246008358398121
22999_8002,1,105,0,6.2487278812042435
22936_7972,3,101,0,6.254979681953452
22878_7924,2,101,0,6.259457680324428
22957_8006,3,106,0,6.259629845917887
23082_7849,1,103,0,6.26169988503739
23019_7926,1,103,0,6.264377175638707
22989_7888,2,101,0,6.269071959417879
23007_7958,1,103,0,6.27055209247652
23022_7915,1,103,0,6.27194676201428
22891_8046,2,101,0,6.274488919209713
22888_7982,2,101,0,6.274895346905308
22898_7910,2,101,0,6.279623425489922
22965_8048,1,105,0,6.2803115513777845
22910_8007,1,106,0,6.281609782996407
22908_7845,1,104,0,6.2816662733404875
22936_7993,2,103,0,6.282868565850413
22886_7982,2,101,0,6.28428819380381
23099_7969,1,103,0,6.2878173679826705
23003_8049,1,103,0,6.290975781901178
22914_7952,1,106,0,6.292037701705861
23007_7980,1,105,0,6.2921204477094825
22951_7967,1,106,0,6.292347087342648
23002_8060,2,106,0,6.294251855644743
23017_7901,1,103,0,6.294512220449498
22877_8023,1,106,0,6.29496024082823
22852_7856,2,101,0,6.295479678526519
23011_7986,1,106,0,6.298287071961117
22871_7887,2,101,0,6.301754305244821
22911_7882,2,105,0,6.302000468131462
22900_7870,2,101,0,6.306631239991881
22895_7904,1,106,0,6.313395825388185
22883_7939,2,101,0,6.314000083660745
22930_7975,2,101,0,6.314277324262444
22989_7891,2,101,0,6.320925876712812
23074_7932,1,103,0,6.321350094976032
23003_8042,1,106,0,6.32572962505054
22900_8033,1,106,0,6.328258180402625
22903_7841,2,104,0,6.328430721364662
23088_7887,1,101,0,6.3341479653778014
22987_7851,1,106,0,6.33469548240754
22917_8069,1,106,0,6.3373885013289275
23069_7856,1,103,0,6.339654174034676
22888_7857,2,103,0,6.3419809573190395
22859_7984,4,103,3,6.344986452784613
22951_8005,4,101,0,6.349000116799069
22982_7944,2,101,3,6.3577644836207154
23041_7963,2,101,0,6.360114441129276
23091_7928,1,106,0,6.362138635284607
22930_7927,1,106,0,6.362643591953282
22976_8016,1,106,0,6.366427481653968
23088_8069,1,106,0,6.367559210161936
23023_7949,1,106,0,6.372511781061022
23100_8053,1,105,0,6.373990129543302
22899_7872,1,106,0,6.3763774231092345
23017_7838,2,103,0,6.376696876756521
22935_7994,2,103,0,6.378774433687677
22989_7868,1,103,0,6.382360589503159
22899_7963,1,106,0,6.384437593678296
23031_7966,1,103,0,6.385642054219167
22970_8010,2,103,0,6.386040741761128
22958_8013,1,106,0,6.388688053544708
22980_7946,2,101,0,6.390120096466029
22883_8051,1,106,0,6.392672459352982
22941_7989,2,103,0,6.397300711949827
22947_8037,2,101,0,6.3989603422706125
22965_7986,2,101,0,6.400506255801032
22858_7986,4,103,3,6.401392986275782
23093_7921,1,106,0,6.404916334822922
23094_8063,3,101,0,6.406160079776122
22966_7984,2,101,0,6.406358702525288
23083_7857,1,103,0,6.407111838330568
22941_7848,1,105,0,6.410187656424888
22838_7890,2,106,0,6.414403482611401
22903_7910,2,103,0,6.417810475729221
22951_8008,4,101,0,6.420887172918968
22858_7999,2,107,0,6.422604060894452
22946_8041,2,101,3,6.423845598847965
22897_7907,2,101,0,6.426833076967819
23003_8053,1,106,0,6.428932221917047
23087_7852,2,103,0,6.434865157072956
22952_8025,1,106,0,6.435046199173228
22952_8016,4,101,0,6.435619163734492
22951_8007,4,101,0,6.441192715805314
22967_7977,2,101,0,6.441209857623961
23064_7962,1,105,0,6.446092905249823
22952_8046,2,103,0,6.446170142091839
22945_8043,2,101,3,6.446617160275674
22936_8055,1,106,0,6.4476329207911665
22922_8064,1,106,0,6.451395179193003
23089_8068,1,106,0,6.452179291817372
23084_7852,2,103,0,6.452458294886878
23097_7852,1,103,0,6.455749761951735
22841_7923,1,103,0,6.461986662091718
22855_7946,2,103,3,6.467641662805979
22902_8053,1,106,0,6.474704033160363
22942_7995,2,103,0,6.475865678600652
22924_8039,2,103,0,6.4784822120073065
22873_7892,2,101,0,6.480931942184957
23051_8030,1,106,0,6.481570167064023
23022_7966,1,106,0,6.483128378273875
22942_8058,2,101,3,6.483608835319761
23097_7878,2,101,0,6.487311391509325
22938_7993,2,103,3,6.490280569091915
23076_8057,1,103,0,6.490954714334232
22904_7842,3,103,0,6.492806334821463
22953_7996,2,101,0,6.495528052619615
22995_7957,1,106,0,6.498873962721068
23007_7849,2,101,3,6.499671776388402
22886_7913,1,106,0,6.502465998342894
22905_7965,2,103,0,6.503067610186412
22876_7879,2,101,0,6.506314445302866
22906_8025,1,106,0,6.508356175269041
22887_7982,2,101,0,6.514854938126416
22885_7982,2,101,0,6.514940730009902
22951_7924,1,106,0,6.516666358125339
23023_8038,2,103,0,6.520273381686649
22862_7911,1,106,0,6.5241514996863055
22869_7928,1,103,0,6.526803771120264
22967_7860,1,103,0,6.528964997972134
22885_7854,2,103,0,6.530206087166764
22866_7991,1,106,0,6.530329231339501
22933_7994,2,103,0,6.531835544936515
23072_7909,2,106,0,6.537009636616725
23032_8029,1,103,0,6.538777192143077
23070_8051,2,103,3,6.539201041162485
22848_7923,1,103,0,6.540199858365286
22911_8038,1,106,3,6.542991165656707
22910_8038,1,106,3,6.543968447860636
23017_8019,1,106,0,6.545188884171619
22943_8069,2,101,0,6.554174652366056
22942_8061,2,101,0,6.5572357583996
23007_8070,1,104,0,6.55885175421414
23084_7898,2,101,0,6.561531878490366
23063_7963,1,105,0,6.565030739836882
22979_7917,1,106,0,6.565617008328257
22974_7967,1,106,0,6.567589043197655
23086_7953,1,103,0,6.57001627305782
22930_8020,1,106,0,6.574034305204509
22913_7932,2,101,0,6.577426076005384
22984_7873,1,106,0,6.579699689047791
22849_7942,2,103,0,6.581417920426049
23006_7902,1,106,0,6.585983092309507
22897_7979,2,101,0,6.586476211653953
22964_7872,1,106,3,6.588439874464231
23022_7916,2,103,0,6.590307340790709
22923_7898,2,105,0,6.590724895280427
23051_8032,1,106,0,6.591635913335548
22996_8044,1,103,0,6.594433052267227
22934_7952,2,106,0,6.595156753222071
22874_8071,1,106,0,6.604433048830159
22879_7902,2,103,0,6.60871530854549
22824_7871,1,103,0,6.611418421273039
23045_7948,1,106,0,6.61380706191591
22905_7978,1,101,0,6.622780265531834
23057_7983,1,106,0,6.622840509342893
22942_8057,2,101,0,6.625446903613104
22877_8018,1,106,0,6.626459763048438
23044_7963,1,106,0,6.628060912907269
22942_8060,2,101,0,6.6289659760734425
22890_7880,1,106,0,6.631216449448037
22951_8018,4,101,0,6.6312356536038655
22891_7996,1,106,0,6.634264813035301
22970_7966,2,101,0,6.638651089012439
22873_7889,1,107,0,6.640678594858605
22909_7864,1,106,0,6.641352475084763
22981_7945,2,101,0,6.643439433917223
22911_7841,2,107,0,6.651580280045965
22888_7870,2,101,3,6.651869911888268
22964_7885,1,103,0,6.654652197425026
22939_8009,3,106,0,6.656946738129947
22931_8050,1,105,0,6.6589213333678074
23091_7983,1,106,0,6.660216080676664
22967_7978,2,101,0,6.665546542979694
22866_7928,1,103,0,6.6709481175913155
23050_8035,1,106,0,6.673098588841936
23048_7976,1,103,0,6.675080222879325
22947_7975,3,106,0,6.676372311921407
22941_7861,1,106,0,6.676585806485016
22897_7866,1,101,0,6.677246633007689
22892_8036,2,101,0,6.680156985025106
22838_7848,1,106,0,6.686209629339202
22848_7895,1,105,0,6.687347805758233
22831_7846,1,106,0,6.687508116558407
23030_7942,2,103,0,6.691043417596851
22942_7891,1,103,0,6.6919241370153655
23077_7965,1,105,3,6.694039345106776
22877_7879,2,101,3,6.696244084459385
22899_7871,2,101,0,6.699055103386534
23085_7873,1,103,0,6.699224175064524
23022_8041,2,103,0,6.699706019393124
22966_7983,2,101,0,6.703012201831588
22943_7976,3,106,0,6.708539432272737
23056_7953,1,105,0,6.710439678891176
23070_7915,2,101,0,6.711143751921414
22895_7899,2,101,0,6.714406847904138
22907_7852,2,101,3,6.715882204408712
22946_8039,2,101,0,6.716119153079721
22919_8029,1,106,0,6.7183113258923
22991_7919,2,101,0,6.71858711644757
23030_7867,1,106,0,6.719294241059932
22989_7991,1,105,0,6.720288453833555
22999_7898,2,103,0,6.7211529817812545
22920_7979,2,101,0,6.726316737750968
22903_8051,1,106,0,6.734924774253987
23064_7931,2,101,0,6.73973199911435
22937_7858,1,103,0,6.742763693636972
22946_8040,2,101,0,6.746029772722901
23077_7894,1,105,0,6.748759897528094
23061_8055,1,106,0,6.753849751955566
22942_8062,2,101,0,6.75625374519414
22951_8025,4,101,0,6.757046748500636
22848_7896,2,105,0,6.758665178396366
22915_7838,3,104,0,6.761210684859602
22858_7990,4,103,3,6.764205102273121
22971_7965,2,101,4,6.768464095177688
23080_7930,2,103,0,6.768862343328497
23046_7969,1,107,0,6.772142249296753
22902_7969,2,101,0,6.775209564644469
23051_7923,1,105,0,6.775319118825311
23011_7871,2,103,0,6.777433150626205
22947_8039,2,101,3,6.78230001593137
22863_8004,3,103,0,6.787355098433359
22907_7913,2,106,0,6.788291987365935
22890_7857,1,107,0,6.798842969968023
22859_7980,2,103,0,6.803459089042853
22904_7967,2,103,0,6.806228805665049
22949_8046,2,105,0,6.812980674392167
23102_7861,2,101,0,6.81299287397198
22893_8010,1,106,0,6.818021272491712
23096_7872,1,106,0,6.818538852152808
22858_8069,1,103,0,6.82093857450677
22875_7905,2,101,0,6.824349461701371
23086_8038,1,105,0,6.8268253611485274
23044_7936,1,106,0,6.826846434349861
22923_7904,2,105,0,6.8272110363960845
23049_7913,1,105,0,6.828297526029234
22975_7865,1,106,0,6.828772731757219
23099_7970,1,103,0,6.829329246140634
22976_7950,2,103,0,6.829329838881725
22898_7902,1,106,0,6.837536523192078
23006_7903,1,106,0,6.838297517771978
22908_7923,2,106,0,6.844316485296848
22965_8032,1,106,0,6.846070002647698
22895_7844,2,101,0,6.84748600968791
22944_8070,2,101,0,6.85207653107596
22995_7869,2,101,0,6.853943322070341
23008_8062,1,104,0,6.856341321676884
22926_7846,3,101,0,6.86407458857069
23022_7933,1,106,0,6.872412611129225
22976_7970,1,106,0,6.876894237210808
22892_8063,2,101,0,6.880273404439643
23075_7932,1,103,0,6.883028972410429
23031_7910,1,103,0,6.8897384049552945
22846_7849,2,101,0,6.891752250341139
22843_7840,1,103,0,6.891971036058205
22977_7971,1,106,0,6.89878834551119
22936_8045,1,106,0,6.901531372131803
22908_7914,2,106,0,6.905781457782048
22908_7983,2,106,0,6.906405732194873
22905_7886,2,103,0,6.912099941457238
22944_8045,2,101,0,6.92028720336118
22879_7935,1,106,0,6.920597719133201
23055_7939,2,101,0,6.9229805649207465
23041_8013,2,101,0,6.923984967852771
23002_8041,1,106,0,6.926966168296015
23059_7898,1,106,0,6.92821956702873
22875_7901,2,101,0,6.932242628268533
22956_7840,1,103,0,6.935573680594118
22996_8000,1,105,0,6.937409132248367
22995_7871,2,101,0,6.93894397255265
22953_7847,1,103,0,6.956020771528896
22931_7869,2,103,0,6.956354639665121
22977_7984,2,101,3,6.95830324294056
23006_7854,2,101,4,6.960149896480202
22900_7871,1,106,0,6.9602029858880305
22917_7911,1,103,0,6.967348424617914
22934_8015,1,106,0,6.96749479556632
22888_7888,1,105,0,6.968347709422752
22903_7951,2,103,0,6.972959937585089
22958_7857,2,103,0,6.976650687414405
23011_7844,2,101,0,6.983714457312244
23008_7888,2,103,3,6.994699197127955
22957_7994,2,101,3,6.995824382971604
22991_7918,2,101,0,6.99664950262037
23015_8069,1,104,0,6.997227995330707
22999_7928,1,106,0,6.997414963439316
22970_7890,1,103,0,6.9995648984892345
22984_7943,2,101,0,7.0054635132936545
22854_7886,1,106,0,7.007189513605653
22962_7874,2,101,0,7.0101078704919
23102_7984,2,103,0,7.014915474591672
22996_8069,1,104,0,7.016580036424319
22879_8016,2,105,0,7.016801651942193
22881_7951,1,103,0,7.0212187375451425
23050_7986,2,101,3,7.034330147663302
22841_7969,2,103,0,7.034945288317352
22893_8025,2,101,0,7.035242193781235
22860_7873,1,106,0,7.03723674597053
22951_7943,1,106,0,7.041619824079896
22877_8017,1,106,0,7.045131235899005
22949_8002,3,101,0,7.046311013796494
23092_7845,1,106,0,7.048203697325405
23102_7920,1,103,0,7.0576606762998155
22951_7898,1,106,0,7.071448624863304
22952_7973,2,106,0,7.072433754524972
22959_7852,2,103,0,7.07400112745112
22968_8051,2,101,0,7.0746030989846656
22889_7857,2,103,0,7.077763761796816
23043_7905,1,105,0,7.078039218138905
23037_7956,2,103,0,7.081661499574459
22901_7969,2,101,0,7.087081712367514
22911_8064,1,103,0,7.093022020113295
23102_8034,1,106,0,7.097215498312164
22919_7979,2,101,0,7.1005533256427
22897_7961,2,101,0,7.104245263758529
23027_7862,1,106,0,7.1058549552712424
22953_7885,1,106,0,7.108628973047436
22934_7903,1,103,0,7.115696817879896
22999_7864,2,101,0,7.116423277822733
23048_7884,1,105,0,7.11735719923586
23068_7853,1,106,0,7.117791145053242
22901_7968,2,101,0,7.118386982429017
22893_8045,1,106,0,7.126235966543711
23046_8058,1,106,0,7.135212558984868
22839_7884,1,103,0,7.137049908191523
22995_7902,1,106,0,7.137785681250186
22990_7863,1,106,0,7.13902754988291
22990_8066,1,104,0,7.142079707894432
23033_7969,1,103,0,7.1422017150144965
23013_7979,1,106,0,7.1429944977453905
22891_7982,2,101,0,7.150652699367284
23022_8042,2,103,0,7.154431341761922
23057_7933,1,105,0,7.15600808275448
22922_7906,1,105,0,7.158667972381486
22958_7884,2,103,0,7.163471855612784
22858_7995,3,103,2,7.163851112380215
22926_8061,1,106,0,7.16393195225999
23056_7951,1,105,0,7.165604800744264
22939_7989,2,103,0,7.165892126904734
23004_7922,1,103,0,7.171329790266781
22873_7895,2,101,0,7.173438595144055
23102_7894,1,106,0,7.174659613602924
22992_7939,1,106,0,7.17530870784314
22915_8008,1,103,0,7.1754652393520875
22911_8021,2,106,0,7.181522557765676
23022_7838,1,103,0,7.182098962758035
22886_7928,1,106,0,7.1822166282398365
22967_7979,2,101,3,7.182549358429435
22867_7878,1,105,0,7.182761362565584
22904_7970,2,103,0,7.184179331440408
23011_8002,1,106,0,7.186759221036963
22990_7917,2,103,0,7.186779037520028
22848_8052,1,106,0,7.186936244927332
22891_8055,1,106,0,7.189386374459588
23100_7972,1,103,0,7.192038580760811
22921_7859,2,103,0,7.192375103510542
22920_7951,1,106,0,7.193541828625363
22911_8028,1,106,0,7.197288456254971
22962_8035,1,106,0,7.20944835877993
23097_7941,2,106,0,7.216266679978307
23046_7886,1,105,0,7.227948681696825
23071_7910,2,101,0,7.22933678923527
23023_7903,1,103,0,7.23857602756324
22896_7961,2,101,0,7.242376996025225
22980_7884,1,103,0,7.24376564994641
22976_8045,1,106,0,7.24650508277258
22898_7964,2,101,0,7.2490180291864625
22875_7904,2,101,0,7.250114415167498
23052_7986,1,105,0,7.2506483480022
22988_7937,2,101,0,7.25111361632115
23034_7979,1,103,0,7.251170103539479
22888_8021,1,103,0,7.252285243791676
22894_7941,2,103,0,7.254086725134547
22878_8031,2,106,0,7.257370262035091
23097_7881,1,105,0,7.259830121563103
23019_7975,1,105,0,7.261135398218469
22911_7840,1,104,0,7.266178670113698
22999_8033,1,106,0,7.267242934469967
23002_7861,2,101,4,7.269050621684037
22996_7867,2,101,0,7.271212749493006
22891_8045,2,101,0,7.285999660868675
22991_7920,2,101,0,7.288673552802208
22984_7853,2,105,0,7.292132278686105
22916_7980,2,103,0,7.294539241466521
22996_7868,2,101,0,7.29888045916498
22923_8052,1,105,0,7.30187752875656
23101_7980,1,106,0,7.303074850247661
22885_8010,3,103,0,7.313862646118442
23071_7911,1,101,0,7.313904782794968
23009_7959,1,103,0,7.314188393927961
23102_7882,1,105,0,7.319183275488651
23009_7848,2,101,0,7.32025114720871
22981_8058,1,105,0,7.323340543835737
22923_7979,2,101,0,7.324464990656209
23056_7909,1,106,0,7.329327807039515
22902_7971,2,101,0,7.329332170800617
22884_7982,2,101,0,7.330465728893617
22873_7935,1,103,0,7.331423570544053
23052_7876,1,106,0,7.335880379856927
23086_7891,2,101,0,7.337718778409272
23016_8069,1,104,0,7.338614821870335
22956_8028,1,106,0,7.3400930617215145
22905_7908,2,106,0,7.350079745543798
22992_7931,2,101,0,7.358498957060261
23083_8029,1,105,0,7.359549368933375
23035_7973,1,103,0,7.364709888053549
23000_8067,1,106,0,7.365724115088975
23097_7999,1,103,0,7.374356566587249
23068_8019,1,103,0,7.375587893301532
23085_8033,1,105,0,7.3802877364701995
22833_7869,1,106,0,7.382620024551581
22966_7982,2,101,0,7.382822114343345
22953_8021,1,106,0,7.384798165647609
22950_7997,2,106,0,7.385204472480916
22978_7971,2,101,0,7.385586172102565
22982_8066,2,101,0,7.389473904325181
22994_7940,1,106,0,7.39370777966422
22941_7975,2,106,0,7.394264464478575
22835_7852,1,106,0,7.394335315812235
22922_8000,1,107,0,7.395338475625469
23101_7974,1,103,3,7.401420638117456
22900_7842,1,104,0,7.401710568538136
23091_8068,1,106,0,7.407835562343677
22971_7985,2,101,3,7.408730585138099
22866_7981,2,103,3,7.416008936956541
22956_7839,1,103,0,7.422113686139761
22996_7999,1,105,0,7.423453768460998
22944_8048,1,101,0,7.4257531341419405
22894_7900,1,106,0,7.425920156089034
22890_7870,2,101,0,7.430534393798714
22889_7950,1,106,0,7.431245301931503
22963_7908,1,106,0,7.4333423812109265
22860_7892,1,106,0,7.438320044709394
22876_8001,3,103,0,7.443929879291623
23098_7961,2,103,0,7.445275858673788
23069_8002,1,103,0,7.445555175972126
22902_8032,1,106,0,7.446300944243195
22892_7928,1,107,0,7.449642627304501
22861_8004,3,103,0,7.4516295918778805
23012_8018,1,105,0,7.453058522454782
22878_7925,1,101,0,7.453210878741734
22849_8069,1,106,0,7.4585938590254495
22918_7927,1,106,0,7.462339047119451
23094_8003,1,103,0,7.46606279793353
22959_7914,2,103,3,7.474756544682164
22958_8043,1,105,0,7.475769228336287
22993_8050,1,105,0,7.481833784852679
23103_7985,2,103,0,7.4853252545208075
23064_7912,2,101,0,7.486543424453714
22847_7974,2,103,0,7.487647065066782
22918_7845,2,104,0,7.496824370787142
23072_7962,1,105,0,7.498973405173051
22991_8051,1,105,0,7.509654456499313
23013_7846,2,103,0,7.515306041192261
22836_7879,1,103,0,7.522214519739035
22988_7887,2,101,0,7.526255847310354
23028_8035,2,101,0,7.526971047143071
22869_8038,2,103,0,7.528883984507092
22872_8037,2,101,0,7.528947391813373
22972_7985,2,101,0,7.5292129851366045
23010_7965,1,107,0,7.536450089925242
22860_7982,4,103,3,7.5373195164152
23080_8052,2,103,0,7.544242641221601
23059_7937,2,101,0,7.549226380834628
22916_7846,2,104,0,7.555441124742745
22957_7877,2,103,0,7.557396948706751
22991_7877,2,101,0,7.566561391789772
22979_7924,1,103,0,7.568840645144067
23101_8062,3,101,0,7.5700735342969745
22878_7920,1,107,0,7.571941002240014
22936_8046,1,106,0,7.573895179404311
22991_7921,2,101,0,7.578005551425966
22878_7905,2,103,0,7.580228775361981
23077_7977,1,106,0,7.580380924431575
22935_7905,1,105,0,7.585227087120324
23069_7919,2,101,0,7.590502222329943
22826_7877,1,106,0,7.5934063260825555
22953_8011,4,101,0,7.595085171974808
22927_7990,1,106,0,7.595535097977779
23025_8039,2,101,0,7.596075033793922
22943_7840,1,106,0,7.604274365051462
22853_7859,2,101,0,7.606069265175676
22824_7855,1,103,0,7.606120411627167
22890_8000,1,106,0,7.6069340960504785
22874_7882,2,101,0,7.608071614873784
22981_8036,1,106,0,7.609116321679256
22903_8049,1,106,0,7.616036244636603
23096_7881,1,105,0,7.619033350521847
23081_7978,1,106,0,7.619250742026628
22849_7858,2,103,0,7.619829700676532
22896_7866,2,101,0,7.621708759178382
23062_7913,2,101,0,7.621727779544957
22951_8019,4,101,0,7.622246174068266
22833_7890,1,106,0,7.626004502078764
22887_8003,2,106,0,7.630771237572486
23057_8037,2,103,0,7.632577121342217
23005_7899,1,106,0,7.6380164417140985
23048_7839,1,106,0,7.638057966786798
22898_7840,2,104,0,7.639247014993293
22852_7860,2,101,0,7.643871402523529
22891_8008,1,106,0,7.6445575652125735
23052_8043,1,105,0,7.645072020565464
22919_8032,2,106,0,7.65030685431814
22952_8028,4,101,0,7.657042342062778
23053_7942,2,101,0,7.658011888726255
23075_7895,1,105,0,7.6674148109033675
23022_7918,2,103,0,7.667530911291407
22904_7836,2,103,0,7.667988119887467
23059_7897,1,106,0,7.670821596211906
22861_7953,3,103,0,7.67118972312434
22942_8053,2,103,0,7.671569654544305
23014_7836,2,101,3,7.674596547080728
23063_7912,2,101,0,7.675082429151193
22902_8038,1,103,0,7.679104153500936
22978_7975,3,101,0,7.679234752792967
22961_7992,2,103,0,7.679852163901576
23070_7921,2,101,0,7.681325647213957
22989_7932,2,101,0,7.686886461375836
22892_8059,2,101,3,7.694756724539681
22894_8011,1,106,0,7.699291549223913
22903_8017,1,106,0,7.703280987000492
23021_7892,1,103,0,7.705720119351699
22892_8060,2,101,0,7.715448577064438
22873_7893,2,101,0,7.715544449089467
22999_7886,3,103,0,7.720214702620864
23029_7998,1,103,0,7.720646706078414
22846_7856,2,103,0,7.7213370395703205
23021_7996,1,106,0,7.724616323570672
23087_7921,1,106,0,7.727707921107653
22938_7952,2,106,0,7.728093066437174
22993_7871,1,107,0,7.732590913868772
22919_8027,1,106,0,7.7327207592778135
23090_8066,3,101,0,7.737923528749711
23044_7940,1,106,0,7.742284526446913
22881_8002,3,103,0,7.75090353398566
22931_7902,1,103,0,7.754314184676975
22975_7876,1,103,0,7.755053249615312
22985_7982,1,105,0,7.759353264151481
22882_8037,1,106,0,7.7619430620201815
23086_7920,1,106,0,7.7635648830094635
22963_8008,1,106,0,7.768839362604801
22979_7980,2,101,0,7.771919477249917
22895_8069,2,101,0,7.773728203905842
22920_7837,3,101,0,7.774925853255895
23098_7920,1,106,0,7.784868393668825
22895_7903,1,106,0,7.790090330828469
22948_7851,2,101,0,7.791246495652151
23042_7985,1,106,0,7.794562379579151
23071_7929,1,103,0,7.796530983837306
23090_7885,1,103,0,7.79821078478204
22995_7965,2,101,3,7.7988429369437275
22885_8019,1,103,0,7.799110976698161
22841_7968,2,103,0,7.801743103187146
22914_8025,2,106,0,7.804270184974736
22851_7923,1,103,0,7.804390266363073
23021_7839,2,103,0,7.806355715836719
23048_7916,1,105,0,7.812464032500456
22860_7861,1,106,0,7.818570586342829
22932_7883,1,103,0,7.829133567918522
22896_7895,2,101,0,7.830360058471255
22877_8049,1,106,3,7.831455731872365
23087_8070,3,101,0,7.8327542543005455
23077_7907,1,103,0,7.839285098233644
22909_8062,1,106,0,7.840619154353369
22901_7868,1,106,0,7.844018771285188
23050_7987,2,101,0,7.847227943530882
22898_7958,1,106,0,7.85379030799526
23001_7861,2,101,4,7.863064917385112
22886_7922,1,106,0,7.868653531930235
22921_7952,1,106,0,7.87120183185547
22910_8009,1,106,0,7.874768746822545
22912_7884,1,105,0,7.876958657164308
23048_7896,1,103,0,7.878511747251812
22900_8011,1,107,0,7.879593417630874
22948_8063,1,103,0,7.881287881547968
23053_7991,2,101,0,7.888494622747176
23004_7888,2,101,0,7.893623158962899
23016_7964,2,101,3,7.899428839430378
22858_7987,4,103,3,7.899506044202659
23005_7950,1,103,0,7.901131548196672
23002_7962,2,101,0,7.903769506121314
22947_8015,2,103,0,7.914003098381486
22884_7997,1,106,0,7.92025133520924
22953_8014,4,101,0,7.921142896684466
22999_7845,1,103,0,7.922574177024239
23075_8012,1,103,0,7.926908493586547
22984_7866,1,106,0,7.929501371368068
22966_7859,1,103,0,7.930603660694694
22889_7984,1,106,0,7.930647907405839
23032_7977,1,105,0,7.930695904206208
22892_8038,2,101,3,7.940491959348394
22956_7850,2,101,0,7.947514945437172
23077_8060,1,103,0,7.951452344487711
23001_7862,2,101,4,7.952352550638879
22894_8015,1,106,0,7.956633243194129
22887_7883,1,105,4,7.962860297333077
23086_7852,2,103,3,7.963760110251122
23064_7911,2,101,0,7.9646737925352085
23032_7897,1,106,0,7.967567814456075
22972_8051,1,105,0,7.972231867120595
22983_8064,2,101,0,7.974641558227288
22976_7928,1,106,0,7.975352141587949
23044_7884,1,106,0,7.9809222124485215
22910_7838,1,104,0,7.981628835635461
22828_7844,1,106,0,7.988924728305477
22882_7942,1,106,0,7.996933031316495
23032_7898,1,106,0,8.00089394408447
22841_7967,2,103,0,8.000905493003518
22916_7881,2,105,0,8.001138646298202
23100_8016,1,106,0,8.00445311021666
23012_7969,2,103,3,8.0074787762217
22988_7998,1,105,0,8.007788488713626
23038_8016,2,101,0,8.010492740582372
23016_7878,1,105,0,8.010503489134456
23032_7870,1,106,0,8.015786105703173
23019_8059,1,101,0,8.02066480447941
22869_7903,1,106,0,8.022399166111956
23013_7837,2,101,3,8.025317542933804
22911_7938,1,106,0,8.027641991435333
22933_8005,3,106,0,8.029752507378106
22961_7942,1,105,0,8.03898387616307
22844_7850,2,103,0,8.040072496959203
22904_8042,1,106,0,8.045024783376354
23048_7844,1,106,0,8.051081760728493
22964_8025,1,106,0,8.05165143249254
22952_7877,1,105,0,8.052308892010299
23005_7855,2,101,0,8.053102434634125
22918_8063,1,106,0,8.054191831015126
23087_7947,2,103,0,8.054860937483172
22858_7993,3,103,2,8.056201469140978
22951_8024,4,101,0,8.060740676471955
22961_7949,1,106,0,8.062121210806724
22915_8070,1,106,0,8.069705226882187
22928_7989,2,103,3,8.074691207690494
22862_7882,1,105,0,8.074930041025038
23009_7938,1,106,0,8.083050162235496
23075_7846,1,103,0,8.090246796403969
23094_7964,1,106,0,8.094464988006674
22899_7951,2,103,3,8.097220961934038
22994_7871,2,101,0,8.09940961793003
22907_8043,1,103,0,8.103765369609432
22879_7926,2,101,0,8.10433336997866
23063_7845,1,106,0,8.106618112092034
22844_7933,1,106,0,8.107955245828526
23056_8017,1,103,0,8.110136044990163
22954_8039,2,101,0,8.119838111561917
23080_8024,1,105,0,8.122424528083718
22891_8044,2,101,0,8.127873413360518
23033_8006,1,106,0,8.134568272050165
22905_8041,1,106,0,8.135237711998396
22914_7933,2,101,0,8.148908341891163
22854_7911,1,103,0,8.151005295247662
23087_7887,1,105,0,8.153090517378548
22905_7854,2,101,0,8.153099828267159
22860_7983,4,103,3,8.15428386409688
23101_7975,1,103,0,8.155991021217057
22825_7842,1,106,0,8.160823645558674
23085_7896,2,101,0,8.161314409825321
23051_8044,1,105,0,8.16172270908191
22909_7877,2,103,0,8.16292808556814
22988_7933,2,101,0,8.165900938691333
23055_7986,2,103,0,8.17134803655302
23014_7837,2,101,3,8.173061029966915
22910_8062,1,106,0,8.173099227427347
23012_8017,1,105,0,8.173125029403039
22920_7893,1,105,0,8.175472643354926
22885_7914,1,106,0,8.17720704010751
22891_8049,2,101,0,8.188452489315456
22944_8031,1,106,0,8.19841300659812
23036_7967,1,106,3,8.209348168083066
22891_7934,2,103,0,8.21121985804369
22954_7911,1,106,0,8.21170184506564
22971_7964,2,101,3,8.212855235278301
23017_7964,2,101,0,8.215222931849716
23092_8042,1,105,0,8.216736272751314
22985_7909,1,103,0,8.219298493104322
22968_7874,1,106,0,8.224593738128506
23091_7987,1,106,0,8.225304943861799
23011_7962,2,103,0,8.225476104886308
23008_7884,2,103,0,8.233049686279475
22858_7996,4,103,0,8.236273469934805
22911_7976,2,103,0,8.236865990077764
23057_7939,1,103,0,8.24004984920282
23071_7920,1,103,0,8.254190432906118
23020_7915,1,106,0,8.254275750030914
22993_7930,2,101,3,8.25665848532416
22858_7998,3,103,2,8.258023406582348
22843_7964,2,103,0,8.258350209121135
23039_7924,1,106,0,8.258871064194778
23066_8026,1,106,0,8.259009190237865
22862_8004,3,103,0,8.259976640284815
22980_7944,2,103,0,8.261789820596903
22900_7984,1,106,0,8.26683645287883
22904_7969,2,103,0,8.270438459821031
22978_7974,1,106,0,8.271185922656814
22845_7959,2,103,0,8.275513385557531
22967_7903,1,106,0,8.2776414218376
23016_7893,1,103,0,8.279019341143222
22893_8065,2,101,0,8.280500682526336
23037_8021,1,103,0,8.281472194092881
23011_7877,1,105,0,8.281747772912604
22916_8063,1,106,0,8.285314385231494
22991_7922,2,101,4,8.288627600217788
22870_8046,1,106,0,8.290879943956533
23023_7913,1,103,0,8.29203993539461
22986_7932,1,107,0,8.297041398633784
22887_7871,2,101,0,8.308802702786792
22932_7882,1,103,0,8.313534823330249
23100_7918,1,103,0,8.314389807022302
23104_8052,1,106,0,8.31542339772305
22899_8000,2,103,0,8.318321992276475
22868_8002,3,103,0,8.318536925583262
22842_7967,2,103,0,8.322066632336751
22997_7883,2,103,0,8.32420689374883
23016_8056,1,103,0,8.326269348906468
22907_8026,1,106,0,8.326762724517431
23036_7952,2,101,0,8.328439661101244
22889_7868,2,101,0,8.334619847207922
22971_7900,1,106,0,8.336071548144497
22910_7841,1,104,0,8.3365876576836
23102_7979,1,103,0,8.336990933786796
23073_7850,1,103,0,8.339983271978845
23069_7916,2,101,0,8.347483007590297
23032_7930,1,106,0,8.347654187949663
22985_8066,1,104,0,8.34899153355428
23080_7901,2,101,3,8.354908499846887
22855_7887,1,106,0,8.355645222642911
23026_7937,1,107,0,8.35864476984245
22960_7955,1,106,0,8.367541737864157
23012_7843,2,101,0,8.36957789909504
22981_7971,2,101,0,8.373093577537388
22950_8016,1,106,0,8.375551521947642
22911_7977,2,103,0,8.383252272077026
22838_7974,2,103,0,8.384760763107304
22994_8061,1,104,0,8.389853538983656
23039_8039,1,105,0,8.390268433346087
23056_7930,1,105,0,8.390543816309572
22879_7853,2,103,0,8.391046568057126
22974_7865,1,106,0,8.391535922611538
22964_7986,2,101,0,8.392358433689596
22918_7839,2,104,0,8.393820046831914
23029_7870,1,106,0,8.398135395217649
22966_7940,1,105,0,8.399281431878132
23055_7928,1,105,0,8.401597683165651
22913_7976,2,106,0,8.401684396393557
22993_8000,1,105,0,8.409715884054
23066_8025,1,106,0,8.41093058920632
23002_7963,2,101,0,8.415667069277504
22864_8061,1,103,0,8.41776417230443
23072_8053,2,103,0,8.417992140440422
22895_8071,2,101,0,8.41992311033988
23013_7839,2,101,0,8.435233373763078
22967_7975,2,101,4,8.436440578573725
23030_7960,1,103,0,8.439338452569734
22988_7996,1,105,0,8.445170705136448
22832_7879,1,103,0,8.44523976232855
22951_7965,1,106,0,8.454165172227485
23022_7978,1,105,0,8.46594796518592
22891_7837,1,104,0,8.467441793664085
22979_7898,1,103,0,8.470203519929342
23040_7951,2,101,0,8.476539064752531
22898_8034,1,106,0,8.479357466446801
22874_8064,1,106,0,8.479725468980792
22858_7991,4,103,3,8.481708211549062
23049_7976,2,101,0,8.483083037161
22987_7938,2,101,3,8.484342390744798
23103_7947,2,101,0,8.496911571570449
23049_7946,2,101,4,8.497603276069917
22856_7883,1,105,0,8.499693470901034
22914_7978,2,103,0,8.500399611160512
22891_8039,2,101,0,8.501987204924774
22997_8044,1,103,0,8.504096600121988
22974_7842,1,103,0,8.515345610913112
22863_7924,1,103,0,8.516640037523196
23081_7991,1,103,0,8.517825265431265
23063_7906,1,103,0,8.527755535444772
22895_8070,2,101,0,8.532876014675285
22905_7871,1,103,0,8.534590802187642
23013_7964,2,101,0,8.536286618173897
22830_7864,1,106,0,8.54138248999509
22950_8035,2,103,0,8.547960877712757
22842_7965,2,103,0,8.555711774005761
23059_8010,1,106,0,8.560601439845001
22866_7982,2,103,3,8.570812450630392
22861_8048,2,103,0,8.573330102188752
23056_7991,1,103,0,8.576145619434303
22898_7903,1,106,0,8.58818228547733
23097_7978,1,103,0,8.58905146949
23052_7943,2,101,0,8.598546617069315
22858_7992,4,103,3,8.60850707190519
23020_8053,2,101,0,8.612446055664938
22948_8001,1,101,0,8.617229838700831
22910_8045,1,103,0,8.61980194287252
23028_8014,1,106,0,8.62485901057067
23062_8036,1,106,0,8.633367354421138
22986_7954,1,106,3,8.634501618303368
22924_7861,1,107,0,8.634875223910791
22903_8006,2,101,0,8.635107777008152
23088_7886,2,101,0,8.636240595471527
22991_7923,2,101,4,8.637024127732365
22906_7972,2,103,0,8.651081154553323
22904_7972,2,103,0,8.65353501091468
22840_7885,1,103,0,8.655081583105686
22824_7842,1,106,0,8.666107035265684
23054_7940,2,101,0,8.669659292444551
22861_7867,1,106,0,8.67069619667431
22842_7964,2,103,0,8.674563146069062
22936_8008,3,106,0,8.676704713675521
23057_7938,2,101,0,8.682149568575221
23073_8055,2,103,0,8.683502389780871
22943_7849,1,105,0,8.691367139716746
22889_7869,1,101,0,8.693458672503425
22954_7846,1,103,0,8.701196249281212
22862_7980,2,103,0,8.708276363336587
22924_7968,2,106,0,8.71062511749996
23088_7888,2,101,0,8.71206738424207
22891_8029,2,101,0,8.721833985740442
22930_7873,1,106,0,8.727629338932275
22864_7889,1,106,0,8.72966763350832
23032_8028,2,101,0,8.731356382818113
23051_7999,2,103,0,8.734197074494988
22832_7865,1,106,0,8.74385830088787
22886_7952,1,106,0,8.74859563434921
22886_7871,2,101,4,8.752524862218516
22899_7840,1,104,0,8.75891874884279
23043_7953,2,101,0,8.760540245257467
22951_8020,4,101,0,8.761055109152249
22989_7890,2,101,0,8.767274222390299
22887_7929,2,106,0,8.771793733408005
22910_7975,2,103,3,8.779785764234902
22898_7951,2,103,0,8.782586810051772
22892_8035,2,101,3,8.783944214986075
23087_7961,1,103,0,8.800462426988476
23053_7996,2,101,0,8.807627290526371
22934_8049,1,105,0,8.809005111646455
22942_8064,1,101,0,8.810234052504144
22920_7836,3,101,0,8.811752297945366
22916_8043,1,106,0,8.822860689970032
22861_7951,2,103,0,8.825644721955344
23051_7954,1,103,0,8.825992486081352
23028_8015,1,106,0,8.841816473702135
23084_7863,1,103,0,8.843796701499082
22874_8065,1,106,0,8.85159844822005
23094_7879,2,101,0,8.852284102901265
23071_8021,1,106,0,8.862924805920272
22970_7901,1,106,0,8.863705094125894
23089_7973,1,103,0,8.864363685983674
22896_7849,1,101,0,8.86905060664899
23031_8041,1,106,0,8.870098400183997
22895_7924,2,103,0,8.875585261083474
22928_7952,2,101,0,8.88265635950884
22848_7857,2,103,0,8.884833735714189
22979_7978,2,101,4,8.885842811425976
22981_7901,1,103,0,8.888626340955204
22987_7871,1,106,0,8.903555080599807
22965_7988,2,101,0,8.904021958859127
22991_7967,2,101,4,8.90785024728512
22925_7933,2,103,0,8.909780310630548
22981_7903,1,103,0,8.912463086709646
22913_7946,1,106,0,8.914370611521369
23042_7995,2,103,4,8.914889667651305
23086_7947,2,103,0,8.915049137253696
22866_7879,1,105,0,8.916745800422351
23029_8044,1,106,0,8.918462768352663
22931_7926,1,106,0,8.924328095291143
22994_8059,1,104,0,8.928880987437603
22902_8061,1,106,0,8.930826539030566
22916_7856,2,103,0,8.932596738930203
23088_7885,2,101,0,8.93721586263003
22890_8019,2,106,0,8.938566596319843
22864_7940,1,106,0,8.947457140281253
23083_7900,2,103,0,8.951923228106343
22920_8063,1,106,0,8.95346644139325
22883_7946,1,106,0,8.954389414339671
22901_8032,1,106,0,8.957233011507329
22842_7966,2,103,0,8.96037140192722
23049_7896,1,103,0,8.973627413787096
22892_8029,2,101,0,8.97561648895495
22992_7924,2,101,0,8.977797201949794
22852_8058,1,106,0,8.98115956739833
23066_8020,1,103,0,8.981361432263862
22863_7981,2,103,0,8.983982889645832
23003_7964,2,103,0,8.991969126251318
23062_8040,1,106,0,8.992534208627093
22906_7973,2,103,3,8.995342205483638
23012_8000,1,106,0,8.996712570083238
22955_7844,1,103,0,8.996875768287897
22863_8049,2,101,0,9.004401335200075
22926_8025,1,106,0,9.00442829690296
23100_7947,1,106,0,9.005474528450941
23103_8061,3,101,0,9.006754983775547
22988_7997,1,105,0,9.034554413576927
23051_7980,2,103,0,9.036852129702343
23016_8019,1,106,0,9.043778956143862
22896_7854,1,103,0,9.044030178076095
22900_8007,1,106,0,9.056165980247803
22971_8061,2,103,0,9.058319966774766
23049_7984,2,101,0,9.065900807529777
22846_7973,2,103,0,9.066137849881642
22986_8065,1,104,0,9.06772902650095
23041_7952,2,101,0,9.073972886713124
23075_7922,2,103,0,9.07696854616985
22825_7855,1,106,0,9.080391542205428
22992_7914,2,103,0,9.085588988103245
22931_7859,1,103,0,9.091110815884457
23098_8042,1,106,0,9.091836896310225
23048_7915,1,105,0,9.093415643538968
23003_8011,1,105,0,9.096911346782942
23057_7937,1,103,0,9.115778736981976
23050_7855,1,106,0,9.116518662851782
23080_8010,1,103,0,9.117176952457081
22858_8000,3,103,2,9.12468217293278
22914_8048,1,103,0,9.129511178095804
22889_7870,2,101,0,9.131288352982363
22942_7994,2,103,0,9.144121505131187
22993_7875,1,106,0,9.14589768992765
23099_7965,1,103,3,9.155967159082953
22844_7960,2,103,0,9.156366817566997
22894_8066,2,101,0,9.157034446656933
23083_8031,1,105,0,9.159949628825533
23052_7999,2,101,0,9.16040567701647
22977_7922,1,103,0,9.164787198188158
22989_8005,1,105,0,9.176773451170591
22971_8011,2,103,0,9.185588932397437
22949_7900,1,106,0,9.19127616466616
23092_7879,1,106,0,9.192522796160683
22872_8038,2,101,0,9.193354293680724
22911_7853,1,103,0,9.193586354765399
23061_8007,1,107,0,9.194478851119666
22923_7952,1,106,0,9.198836025571625
22979_8029,1,103,0,9.20684747508359
23005_7941,1,106,0,9.207244763360288
22844_7959,2,103,0,9.211566670604709
22846_7956,1,107,0,9.21404950197627
22949_8057,3,103,0,9.220127100994597
22858_7880,1,106,0,9.22782818650581
23052_7923,1,105,0,9.228166697088916
22910_7921,1,106,0,9.231376438821652
22886_7872,2,101,4,9.237579277195318
23026_7959,2,101,0,9.24478797765277
23011_7879,2,103,0,9.246960711391477
22898_8002,2,106,0,9.249673654862233
22979_7894,1,103,0,9.257181844536506
22858_8001,5,103,0,9.265679336074633
22979_7861,1,106,0,9.283304670815797
22895_7944,2,103,0,9.28384342876304
22894_7942,2,103,0,9.287946987003211
22899_7887,1,105,0,9.295028353000726
22911_7916,2,103,0,9.301512202428317
22910_7862,1,106,0,9.307644516160382
22905_7850,1,103,0,9.307895734663557
23019_7928,1,103,0,9.31444742041151
22892_8037,2,101,0,9.317881906776249
22889_8066,1,106,0,9.319989571988035
23056_7899,1,103,0,9.32466139510391
23067_7962,1,105,0,9.334427061343717
23088_8066,3,101,0,9.335261010720156
22892_8034,2,101,0,9.340313900695014
22892_8026,2,101,0,9.3433925495548
23068_7890,1,105,0,9.347700043238186
23048_7922,1,105,0,9.358901671662696
23069_7962,1,105,0,9.362398705905235
22878_7912,1,103,0,9.366521296291022
22893_7905,1,106,0,9.370404567287853
23025_8045,2,101,0,9.375268838006043
23102_8062,3,101,4,9.380439832619908
22856_7863,2,103,0,9.38434872168226
22847_7874,1,106,0,9.40257554846307
23096_7878,2,101,0,9.404228851300578
22921_7963,1,106,0,9.414201995638214
22952_7892,1,103,0,9.417166750259723
22896_7867,2,101,0,9.421444741361364
23023_7947,1,106,0,9.421809309067006
22892_8057,2,101,4,9.428742823827239
23028_7954,1,103,0,9.430096579278471
22984_7869,1,106,0,9.437822177464831
23020_8039,1,105,0,9.44424161480885
22972_7863,1,106,0,9.446047921559371
23075_7907,2,101,0,9.447069915996455
23018_8049,2,103,0,9.454036568666405
22858_7997,4,103,0,9.462958179932416
23026_7987,1,103,0,9.467576233705252
23099_7881,1,105,0,9.468963591740078
22856_7893,1,106,0,9.474808556002552
23054_7881,1,105,0,9.47698727477644
23083_7836,1,103,0,9.478529491055305
23028_8047,1,106,0,9.479835720535469
22892_8031,2,101,0,9.481098020897257
22815_7841,1,103,0,9.482384889362896
23062_8043,1,103,0,9.485066852353734
22861_8065,1,103,0,9.485991124590333
22992_7851,1,103,0,9.491564166232079
23002_8059,2,106,0,9.493087489150016
22897_7976,1,106,0,9.493963978329154
22891_8042,2,101,0,9.498106227863637
23008_7848,1,101,0,9.506524075169688
22840_7849,1,106,0,9.510240809776402
23025_7970,1,106,0,9.510697695067753
23016_8043,1,105,0,9.511365540603208
23018_8069,1,107,0,9.513910240956807
22961_7936,1,106,0,9.514435908383325
22889_8063,1,106,0,9.515142791883617
22871_7911,1,106,0,9.515348056744633
23073_7892,1,105,0,9.527517021258008
22882_7991,1,106,0,9.533804363466276
22908_7864,1,106,0,9.536769399107815
22893_8066,2,101,0,9.53965722042453
22895_7868,2,101,0,9.540896702579145
22891_7993,1,106,0,9.549937358198148
23102_7866,2,101,0,9.55233122083781
22982_7970,2,101,0,9.559037248126039
23069_7917,2,101,0,9.561293682399375
23012_7993,1,106,0,9.567432547069368
22897_8015,2,101,0,9.57109121725983
22858_8002,4,103,0,9.578872830356367
22898_7875,2,101,0,9.580974275672741
22999_7964,1,103,3,9.584614665755623
22822_7868,1,103,0,9.586072489540948
23012_7841,2,101,4,9.586964551116168
22972_7962,2,101,0,9.58868404956107
22963_7989,2,101,0,9.593357870210905
23019_7964,2,101,0,9.598875474859321
22864_8055,1,103,0,9.600243412969517
22899_7965,2,101,3,9.60328210437959
23022_7849,1,103,0,9.605501693779788
23062_8001,1,106,0,9.617204082536734
23062_8000,1,106,0,9.619709145923393
23012_7964,1,101,0,9.634394461470329
22960_7964,2,101,4,9.644156303760061
23091_7927,1,106,0,9.648418923700463
22884_7854,2,103,0,9.651811509850122
22998_7866,1,105,0,9.652305185444948
23091_8064,3,101,0,9.65466251207217
22931_7836,1,106,0,9.655141404867026
22963_7877,1,103,0,9.665992226046688
22891_8048,2,101,0,9.669416258842979
22998_8038,1,106,0,9.671634045551738
22967_7970,2,103,0,9.671918476042642
22877_7947,1,103,0,9.675194077996624
23092_7885,1,107,0,9.675551068511538
22816_7850,1,103,0,9.680778245577299
23102_7982,1,106,0,9.682302843140786
22967_7960,1,106,0,9.696219461967166
22858_7989,3,103,3,9.712180095922616
22860_7908,1,103,0,9.71415751582695
23001_7880,2,106,0,9.715046815911045
22994_8063,1,104,0,9.7175974895093
22834_7864,1,106,0,9.725968441645513
22846_7955,2,103,0,9.727492206183495
23103_7860,2,101,0,9.734841050804683
23018_7901,1,103,0,9.737236265778805
23071_7923,1,103,0,9.73944956338981
22926_7900,1,103,0,9.739876575540485
22922_7952,1,106,0,9.746911397009644
22909_7972,2,103,0,9.749842584555406
22876_8038,2,103,0,9.753732620447872
23023_7929,1,103,0,9.75417368385942
22950_7917,1,106,0,9.760692396347082
22952_7966,1,106,0,9.76664876331009
22910_8023,1,106,0,9.771593351933463
23046_7963,1,106,0,9.790892113314392
22885_7872,2,101,4,9.792409931581668
22952_7998,2,101,0,9.79275854707645
23040_7843,1,106,0,9.794446645681314
22891_8041,2,101,0,9.795635048662344
22893_7869,2,101,3,9.798298533346937
22951_8017,4,101,0,9.80237552291734
22893_7938,2,103,0,9.803539265871311
22946_7870,1,103,0,9.807713677942576
22895_8015,2,101,0,9.819734434259688
22988_7981,2,103,0,9.821431574970276
22898_7865,1,101,0,9.824966163434555
22935_8024,1,106,0,9.827595141594617
22979_8022,1,103,0,9.82964670568326
23086_7893,2,101,0,9.830512241103749
22913_8018,1,106,0,9.839130223964796
22864_7981,2,103,0,9.843531284472238
23080_7968,1,106,0,9.84487472578825
23076_7898,1,106,0,9.846620214805107
23090_8068,1,106,0,9.846978492963789
22991_7951,1,105,0,9.849876301613952
22909_7987,1,107,0,9.852313064137698
22992_7966,2,101,4,9.854297556764333
23006_8066,1,104,0,9.85763279516645
22908_7851,2,101,0,9.866374258126942
23021_8062,2,103,0,9.88219499855132
22973_7892,1,103,0,9.882531173766862
22915_7846,2,104,0,9.884614937619753
23024_7929,1,103,0,9.889992778146858
22899_7923,2,103,0,9.896975615770058
22952_7939,1,106,0,9.89711998582109
22868_7951,1,106,0,9.8979265146809
22821_7866,1,103,0,9.905965760736628
22908_7919,2,106,0,9.91095525859668
22886_7884,1,105,4,9.911308943861371
23020_8057,2,101,0,9.912687235473264
23049_7979,2,101,0,9.915515166096586
22845_7957,2,103,0,9.92211308625527
23072_7910,2,101,0,9.927687496131439
23004_7945,1,107,0,9.931956408721872
23038_7921,1,106,0,9.93695417631336
22973_7985,2,101,0,9.938829795481666
23051_7924,1,105,0,9.940718772839427
23098_8041,1,106,0,9.948195786664467
22943_7851,1,105,0,9.953781231551613
22990_7891,2,101,0,9.954616258941005
23036_8021,2,101,0,9.970833906457168
22890_8042,2,101,0,9.974562065031991
22904_7926,2,106,3,9.984452382164978
22998_8047,1,105,0,9.99169366566561
23096_7958,1,106,0,10.00015256678539
22977_7950,2,101,4,10.003932210039569
22951_7962,2,103,0,10.004030151536075
23043_7934,1,106,0,10.005084127381805
22902_8045,1,106,0,10.010058813824037
22886_7984,1,106,0,10.015386330221311
22939_7976,2,106,0,10.016211889482623
23069_7918,2,101,0,10.031604572491196
22957_8052,1,106,0,10.035771899310578
22958_7918,2,103,0,10.048544790208828
22842_7905,1,103,0,10.056372871259402
22936_8050,1,106,0,10.064819456751135
22946_7945,1,106,0,10.071491453986201
23088_8008,1,106,0,10.097488122093381
23068_8026,1,106,0,10.098537285788028
22931_7956,2,101,0,10.120226942182134
22880_7999,1,106,0,10.12135858600341
23010_7923,1,103,0,10.125665880947619
23001_7942,1,103,0,10.138191627228938
22891_8050,2,101,0,10.138541346172236
22893_7871,1,106,0,10.141495485619128
23087_7916,1,106,0,10.144208864799023
23074_7910,2,103,0,10.14533044972924
22967_7846,1,107,0,10.15056901628809
22835_7860,1,106,0,10.152997393045094
22984_7836,1,106,0,10.156920554514553
22892_8033,2,101,4,10.159300015723717
23102_7864,2,101,0,10.161675972969514
22992_7877,1,106,0,10.172727413232407
22941_7920,1,106,0,10.187104015186033
23076_7895,1,105,0,10.190822214755695
23089_7883,2,101,0,10.191077617261854
23071_7928,2,101,4,10.193947495606281
23046_7948,2,101,0,10.199510308184522
22886_7848,1,106,0,10.203664620907299
23095_7879,2,101,0,10.207909076685137
22924_7964,1,106,0,10.208960623915498
22987_7985,1,105,0,10.212712290759926
22939_7930,2,105,0,10.215054476498581
23026_7958,2,101,0,10.216837281431642
22946_8062,2,103,0,10.218548734455668
22969_8022,1,106,0,10.219105743676336
22958_8029,1,106,0,10.222124994790832
22910_7861,1,106,0,10.224888059926755
22927_7967,2,106,0,10.231789325388682
23028_7864,1,106,0,10.232453547711891
22923_7897,2,105,0,10.234282276288742
23001_8066,1,106,0,10.241280991578952
23058_7938,2,101,0,10.244212353322254
22899_7982,1,106,0,10.249304880555483
23030_8032,2,101,0,10.250717506430064
22988_7931,2,103,0,10.258537834190845
22993_7965,2,101,0,10.266934413785368
23007_7888,2,103,0,10.273256832383412
22905_7885,1,105,0,10.276511752034104
23035_7920,1,106,0,10.280416662281473
23025_8044,2,101,0,10.2866623164967
22877_8036,2,101,0,10.293591441864264
22964_7987,2,101,0,10.307445277443222
22999_7939,1,103,0,10.317986809409387
23008_7965,2,101,0,10.323640300633507
23038_8037,1,106,0,10.327602839429147
22924_8017,1,106,0,10.333913360627063
23021_8051,2,101,0,10.334428614239823
22942_7860,1,106,0,10.336323593549684
23079_7837,1,106,0,10.343885458995599
23020_7992,1,106,0,10.349889225858902
22977_8068,2,103,0,10.350131192887554
23101_8064,2,103,3,10.364444540261104
23070_7920,2,101,0,10.37027664230125
22890_7938,1,106,0,10.371463251576834
22991_7870,2,103,0,10.379134641504612
22936_7966,1,106,0,10.388519298091776
22966_8029,1,106,0,10.389232543713694
22859_7869,1,106,0,10.38937640592899
23083_7898,2,101,0,10.394481310335996
22892_8058,2,101,0,10.39577576484241
23025_7934,1,107,0,10.40866780275227
22987_7859,2,103,0,10.416966395795313
23101_7896,1,103,0,10.417789924936292
23053_7926,1,105,0,10.419244689180397
22907_8062,1,106,0,10.424649747880766
22998_8037,1,106,0,10.42550345319382
23055_7899,1,103,0,10.428051591676399
22993_7932,1,103,0,10.432505893077423
22933_8060,1,106,0,10.44164181669002
22964_7873,2,101,0,10.444703091034471
22883_7874,2,101,4,10.445536512122722
23009_7965,2,101,0,10.446490738540081
23022_8026,1,103,0,10.457516837087129
22903_7936,1,106,0,10.464673319918806
23080_8026,1,105,0,10.469151015225
23038_7981,1,105,0,10.469545983840506
22913_7947,2,103,0,10.469967600051667
22911_7984,1,106,0,10.470754374152868
23093_7847,1,106,0,10.47869116276505
23031_8031,2,101,0,10.480251412178077
22929_8019,1,106,0,10.494039088842937
23086_7892,2,101,0,10.509632625740066
22843_7972,2,103,0,10.5101667580568
22843_7963,2,103,0,10.511973964674024
22950_7962,2,103,0,10.5149535480642
23096_7864,1,106,0,10.517827494079889
22959_7859,2,103,0,10.528168621735354
22974_7928,1,106,0,10.53242584479059
22843_7847,1,103,0,10.534021664322964
22989_7852,1,106,0,10.545129097584358
22944_7968,2,103,0,10.557374948918511
23099_7947,2,106,0,10.558236132969439
23093_7945,1,107,0,10.572241820444194
22949_8031,2,103,0,10.575854017595825
22936_8035,1,106,0,10.576472955640764
22898_8003,2,103,0,10.581554976849416
23077_7924,2,103,0,10.582555751794471
23049_8009,2,101,0,10.58493622122819
22930_7866,1,103,0,10.587141627201623
22983_7906,1,103,0,10.59247174468579
22851_7937,1,106,0,10.598574259068622
23046_8057,1,106,0,10.599455940555186
23097_8046,1,106,0,10.60009369017622
22904_8024,1,106,0,10.605321857408663
22999_7955,1,107,0,10.609458605125687
22880_8056,2,103,0,10.613733254661016
22977_7983,2,103,0,10.619258000856282
22864_8048,2,101,0,10.6215783966206
22929_7974,1,106,0,10.622453470021474
22976_8067,2,103,4,10.625539142496883
22894_7839,1,104,0,10.626711824427439
23014_7879,1,105,0,10.632552435155635
22975_8025,1,106,0,10.641975486537554
23021_8055,2,101,0,10.643449453542722
23069_7997,1,103,0,10.646077135419615
23043_7932,1,106,0,10.65109799581759
22993_8036,1,103,0,10.657440028501437
22967_7974,2,101,0,10.658905522100515
23019_7991,1,106,0,10.659454260723717
23021_8059,2,101,0,10.662769118906535
23053_7984,2,103,0,10.671355170416607
23024_7875,1,106,0,10.672306948275963
23097_8066,1,107,0,10.67733878635504
23069_7929,2,101,0,10.67828324985398
23004_8052,1,106,0,10.698748808718408
23082_7979,1,106,0,10.708634331820884
22889_8062,1,106,0,10.71199922609669
22937_7972,1,101,0,10.717665911391368
22919_7869,2,105,0,10.717907539925882
23029_8039,1,105,0,10.731697016452998
22990_7968,2,101,0,10.743758720148815
22910_7837,3,107,0,10.752316618015126
23030_8031,2,101,0,10.754508223027317
22917_7949,1,106,0,10.775607568241266
22838_7874,1,103,0,10.784951894724912
22914_7979,1,101,0,10.796515595066687
23101_7920,1,103,0,10.80155932536369
22967_7980,2,101,0,10.810691176333782
22926_7879,1,106,0,10.817055912190733
22962_8040,1,106,0,10.829470990107152
22943_8013,1,106,0,10.83112112561298
22991_7878,1,106,0,10.836029078096816
22957_8041,1,101,0,10.837337627305917
22967_7872,1,106,0,10.837647936756944
22957_7940,1,105,4,10.838642222913998
22996_7957,1,106,0,10.840733960836003
23103_8052,1,106,0,10.842598723499112
22849_7857,2,103,0,10.844353296344178
22849_7944,2,103,0,10.85062058249964
23046_8068,1,106,0,10.853171343553395
23073_7909,2,101,0,10.854812441311275
23071_7890,1,105,0,10.8646138512825
23085_7897,2,101,0,10.869634167057702
22941_7889,1,106,0,10.87665293076852
22933_7871,1,106,0,10.878457223244553
22884_7984,1,106,0,10.88320591596397
22982_8036,1,106,0,10.88743220192785
23093_7880,2,101,0,10.888990606775677
22987_7981,2,103,0,10.904731927055776
22891_8040,2,101,0,10.905187156246672
22923_7968,1,106,0,10.908285552854524
22851_7977,2,103,0,10.918376070216299
23049_7947,2,101,4,10.925999494279573
23038_8039,1,105,4,10.92823681265318
22884_7873,2,101,4,10.9308398518041
23084_7869,1,103,0,10.934031618731774
23039_7843,1,106,0,10.936830091366694
22894_7938,1,103,0,10.941417645192855
22837_7850,1,106,0,10.945722598960952
23103_7882,1,105,0,10.945811826946029
23065_8029,1,106,0,10.947178169366078
22965_8062,2,103,0,10.948481016280779
22884_7845,1,105,0,10.951159405658021
22879_7982,1,101,0,10.952210491858127
22903_8043,1,106,0,10.953871487518352
22996_7849,1,103,0,10.957785800605043
22892_7840,1,104,0,10.957912136066113
22858_7979,2,103,0,10.965711216097342
23101_7948,1,106,0,10.969574283927393
22944_7850,2,101,0,10.975065011172946
23060_7936,2,101,0,10.977338822500283
23083_7842,1,103,0,10.993265771327282
22911_7838,1,104,0,10.993915433162426
23055_7987,1,105,0,11.000511353146294
23031_7897,1,106,0,11.007175822114123
22970_8019,1,106,0,11.010379057862792
23051_7987,2,101,4,11.020926641573908
23022_7947,1,106,0,11.027490153846623
22906_7942,1,106,0,11.028729667583187
22845_7958,2,103,0,11.030323747241752
22988_7945,1,105,0,11.036519372682413
22897_7972,1,106,0,11.038164268306165
22892_8030,2,101,0,11.042753320233633
23013_8025,1,106,0,11.053788496792128
23091_7969,1,106,0,11.059384893456489
22868_7928,1,103,0,11.062295598523352
22862_8050,1,103,0,11.070660259912232
22943_8032,1,106,0,11.094457914229968
22937_8043,1,106,0,11.099975665467678
22853_7861,1,106,0,11.111966183532903
22940_7856,1,103,0,11.113848509671339
22943_8047,1,101,0,11.116453179622752
22852_8067,1,106,0,11.1192698998307
22990_8068,1,104,0,11.122083820455465
22843_7962,2,103,0,11.124138326674165
22910_7840,2,104,0,11.126741214131101
22891_7870,2,101,3,11.131085213621223
22969_7932,1,106,0,11.13176784156198
23050_8010,2,103,0,11.135773998059813
22960_8067,1,106,0,11.140020532544627
22866_7896,1,106,0,11.141054664182311
22828_7843,1,106,0,11.142761274891079
22907_7838,3,104,0,11.1476675411495
23104_7848,1,106,0,11.155809983926787
22887_7922,1,106,0,11.156016097824352
22904_7989,2,101,3,11.18240210513006
22963_7910,1,103,0,11.184872299444898
22850_7976,2,103,0,11.186461882231304
22982_7980,1,105,0,11.189142653246027
23086_7896,2,101,0,11.195628336713499
23103_7858,2,101,0,11.196989591583929
23021_8028,1,103,0,11.208781128194925
22827_7843,1,106,0,11.211911664156183
23039_7900,1,101,0,11.226966743145974
22910_7985,1,106,0,11.233391575128689
23045_7950,2,101,0,11.235245983587156
22978_7949,2,101,4,11.235587479400323
23066_7930,2,101,0,11.236430112133025
22906_8039,1,106,0,11.23694953008609
22911_7971,2,106,0,11.23953804739889
23074_8017,1,103,0,11.24728685477503
23061_8061,2,103,0,11.247660170342037
22916_7978,1,103,0,11.249516831181804
22892_7955,2,101,0,11.252019287001517
23098_7945,2,106,0,11.258424223476899
22849_8059,1,106,0,11.268485842709481
22923_8026,1,106,0,11.268711204033997
22938_7897,1,103,0,11.269014732657258
23000_7892,2,107,0,11.279127881095308
22900_7921,2,103,0,11.28399540664363
22950_8039,2,103,0,11.290277588646589
22995_7971,2,103,0,11.290557093905795
23021_8020,1,106,0,11.300637752795138
23006_7855,2,101,0,11.305347289369136
23047_7970,2,101,0,11.307777095497803
22980_7947,2,101,0,11.310585636743669
23059_7894,1,106,0,11.315939137639669
23054_7941,2,101,0,11.317785290659796
22981_7977,1,106,0,11.320923015503148
22976_7864,1,106,3,11.322575691753315
22934_7924,1,103,0,11.32739617504107
23051_7945,2,101,4,11.330471737335186
23044_7966,2,101,0,11.330745081672909
22862_7981,2,103,0,11.332538706273272
22968_7884,1,103,0,11.33277554423199
23073_7894,1,105,0,11.337945863283903
23090_7852,1,103,0,11.344907978559775
23042_7955,2,101,0,11.346331824210537
22957_8015,1,106,0,11.35602850953093
22912_7944,2,106,0,11.358998761129941
22907_7987,1,106,0,11.380454238721688
23043_7954,2,101,0,11.380806764948488
22876_8052,1,103,0,11.380942669913113
23075_8051,2,103,0,11.386089645417654
22978_7909,1,106,0,11.391021848439634
23058_8042,1,105,0,11.39905652895983
22850_7859,2,103,0,11.399993100409581
22896_7951,2,103,0,11.403024763196592
22973_7882,2,103,0,11.417266348946853
22927_7876,1,106,0,11.418983279746021
22967_7976,2,101,0,11.432354364173168
22914_7947,1,103,0,11.435883311654392
22902_7859,2,101,4,11.43933751613555
22845_7940,2,103,0,11.440735831899602
23021_8001,1,106,0,11.442081267560988
22832_7875,1,106,0,11.44557070657511
22855_8061,1,106,0,11.448475444927913
22850_7860,2,103,0,11.454935990819827
23039_8027,1,106,0,11.460191627387726
23099_7986,1,103,0,11.462298732840388
22863_7889,1,106,0,11.476946836157888
22956_7961,2,101,4,11.505833606459067
22850_7872,1,106,0,11.516714495966845
22863_7891,1,106,0,11.52478945386513
22868_8040,1,106,0,11.528635041552953
23057_7888,1,106,0,11.534042256113837
22993_7966,2,101,0,11.534874965298746
23026_7938,2,103,0,11.535655920691312
23102_8033,1,106,0,11.53712459937128
22875_7881,1,101,0,11.558112697168259
23020_8020,1,106,0,11.559576820727305
22989_7856,1,105,0,11.563675062058515
23087_7889,2,101,0,11.566779148109514
22950_8015,1,106,0,11.572671989008962
22993_8042,1,103,0,11.577876419436727
22990_7892,2,101,0,11.589301875488662
22955_7962,1,101,0,11.591071606269312
22902_8040,1,103,0,11.594832718555038
22854_7978,2,103,0,11.596503111272877
22883_7873,2,101,4,11.597792027468769
23085_8006,1,106,0,11.598343589216121
22975_7954,2,101,4,11.599670587962189
22977_7845,2,105,0,11.609653015707858
23004_7946,1,103,0,11.62140629998875
22917_7878,2,105,3,11.629873567346939
23041_7880,1,106,0,11.652717981158016
22922_7839,3,101,0,11.655169234497746
22990_7866,1,106,0,11.656512497947421
23089_7967,1,103,0,11.660978079993152
22878_7878,2,101,0,11.666277471593512
23099_8011,1,106,0,11.67683445009235
22946_7884,1,105,0,11.678397876151005
22858_7980,2,103,0,11.678812241544748
22894_7860,2,103,0,11.68428234848832
23040_7900,1,105,0,11.68891202542171
22975_7893,1,106,0,11.698162696064955
22842_7971,2,103,0,11.70016376412596
22990_7871,1,106,0,11.7026708845231
22902_7860,2,101,4,11.705509360171927
23102_7863,2,101,0,11.710239891690268
22835_7851,1,106,0,11.717148897440099
23032_7943,1,103,0,11.720614477436953
23000_7839,1,103,0,11.725385589606189
22913_7978,2,103,0,11.73331571319465
23082_7852,1,103,0,11.76455101146266
23023_8048,2,101,0,11.767310548063612
23030_7968,1,106,0,11.776092764486151
23052_7898,1,103,0,11.779557985165177
22984_8058,1,105,0,11.788939453186934
22890_8057,1,106,0,11.79734950574833
22977_7951,2,101,4,11.798623242332521
22906_7853,2,101,4,11.801717309837823
22856_7979,2,103,0,11.805088055003818
22902_8057,1,106,0,11.805372225073066
22867_7879,1,105,0,11.80779016345458
23024_7926,1,103,0,11.811836232129398
23030_7995,1,103,0,11.815434341531528
23043_7927,1,106,0,11.820902029836596
23081_7900,2,101,3,11.821357873697577
22987_7939,2,101,0,11.82252775198258
22931_7893,1,103,0,11.832000371874054
22921_7926,1,106,0,11.83913700840146
22913_7928,2,106,0,11.839990554566988
23066_7847,1,106,0,11.847615109574125
23077_8014,1,103,0,11.84925120168309
22841_7971,2,103,0,11.850986595561567
22915_7989,2,103,0,11.853373206553526
22949_8024,1,106,0,11.857324256519234
22936_8042,1,106,0,11.864980407671277
23072_8008,1,103,0,11.884990176252401
23081_7989,1,103,0,11.886137167699905
22981_7941,1,107,0,11.889645304418622
23002_7942,1,103,0,11.89390247880902
22847_7878,1,105,0,11.895616543913548
22872_7866,1,106,0,11.899624851473948
22858_7883,1,105,0,11.906055791213735
23050_7979,2,103,0,11.906529638287338
22927_7847,3,101,0,11.91366158037316
22976_7905,1,106,0,11.913965440161633
22981_8061,2,101,0,11.917786297763316
22829_7845,1,106,0,11.920832858665992
23046_8013,2,101,0,11.934539915660396
22975_7955,2,101,4,11.941742727668954
23043_7893,1,105,0,11.943310284955583
23005_7940,1,106,0,11.948080849385343
23085_7947,2,103,0,11.95051172656941
22894_7869,2,101,0,11.971977161461002
23050_7999,2,103,0,11.972753410872851
23020_8064,2,101,0,11.979243992930703
23012_7842,2,101,4,11.985570933162387
23078_7907,2,103,0,11.988887901050296
23098_7891,1,103,0,11.991348427360021
23021_8060,2,101,0,12.002820034107128
22845_7973,2,103,0,12.005113690586791
22848_7974,2,103,3,12.00832294170522
22956_7885,1,103,0,12.010831139539349
23040_7962,2,101,0,12.011333535491243
22985_8004,1,105,0,12.015190137329096
22916_7979,2,101,0,12.015417487964745
22853_7978,2,103,0,12.015867485513228
22908_7842,2,104,0,12.025909090089952
23066_7962,1,105,0,12.026965665871097
22899_7904,1,106,0,12.027951453059842
22876_7982,2,103,0,12.032333167531503
22834_7863,1,106,0,12.033384374824807
23033_7918,1,106,0,12.035835564738841
23027_7863,1,106,0,12.038094881318203
22991_7893,2,101,0,12.039337363493834
23050_7910,1,105,0,12.039871263695666
23082_7899,1,101,0,12.045705826040814
22844_7961,2,103,0,12.050905826348416
22987_7968,2,101,4,12.061059731253366
22964_7966,2,101,4,12.066962976176221
22849_7851,2,101,0,12.070227997838451
23038_7951,1,103,0,12.070928504098006
22904_7856,2,101,4,12.076019209523203
22995_7979,2,103,0,12.081937820084779
22876_8042,2,103,0,12.100715420139592
23058_8053,1,106,0,12.10973230975381
22954_7958,2,103,0,12.11107799368827
22881_7875,2,101,4,12.115365938664759
23027_8038,2,101,0,12.120257884829526
22895_8016,1,106,0,12.122476554932055
23102_7865,2,101,0,12.123532133008824
22915_7910,1,103,0,12.125457148386227
22993_8063,1,104,0,12.127482708717062
22834_7862,1,106,0,12.129105765371564
23090_7920,1,106,0,12.133242300984172
23067_7852,1,106,0,12.15486385607621
22862_8007,3,103,0,12.168266075652001
22943_7919,1,106,0,12.172578943545355
23043_7984,1,105,0,12.173079202309744
22970_7889,1,103,0,12.183595988792485
22873_7931,1,103,0,12.18406679379536
23103_7849,1,106,0,12.1927301463001
22886_8048,1,106,0,12.197234488838802
22847_8055,1,106,0,12.20531795937731
22904_7971,2,103,0,12.220770829475082
23070_8023,1,106,0,12.220832489603438
22943_7836,1,106,0,12.228011918386697
22943_7994,2,101,0,12.238077481634244
22926_8036,2,103,0,12.245315684193548
22949_8020,2,103,0,12.286565124120127
22980_8025,1,103,0,12.287545281969907
22895_7861,2,103,0,12.299485062732243
22925_8054,1,106,0,12.30199415042126
22838_7882,1,103,0,12.303111113192026
22963_7856,1,103,0,12.30558065674305
23071_7839,1,106,0,12.308935706073791
23020_8056,2,101,0,12.310203489259765
22983_7970,2,101,0,12.310338456799196
22850_8069,1,106,0,12.312226853742834
22849_7975,2,103,0,12.313130766981839
22875_7857,1,106,0,12.334936986614343
22940_7954,1,106,0,12.336769341274332
22983_7907,1,103,0,12.338016589065878
22916_8033,1,106,0,12.344472610837585
22961_7874,1,106,0,12.34850948159141
22950_8018,1,106,0,12.351353611605402
22879_7906,1,103,0,12.379851435778468
22946_8061,1,103,0,12.379956157988888
22861_7889,1,106,0,12.381006905948302
23084_7868,1,103,0,12.384034689013575
23077_7993,1,103,0,12.395050351790479
23030_7956,2,101,3,12.399177129254367
23044_7942,1,106,0,12.414306918882797
22972_8063,1,106,0,12.423705606840453
22951_8067,2,103,0,12.430169731739165
23020_8055,2,101,0,12.431158455579105
22899_7848,2,103,0,12.436281858736237
22969_8019,1,106,0,12.437249638471176
22851_7976,2,103,0,12.442984282894923
22954_7888,1,103,0,12.448774728970639
22929_7861,4,103,0,12.450904583493461
22953_7889,1,103,0,12.455637069494255
23099_7954,1,106,0,12.45798150336625
22901_7860,2,101,4,12.469513932018167
23082_7980,1,106,0,12.481819126742446
22976_7951,2,101,4,12.481942822670382
23055_7996,1,103,0,12.488284525508705
22887_8002,3,103,0,12.489498202189454
23027_8004,1,103,0,12.491468792534775
23024_8047,2,101,3,12.49410875635564
22943_7968,2,103,0,12.497375605322462
22948_7901,1,106,0,12.498208071980127
22979_7913,1,106,0,12.49983416525855
23087_7890,2,101,0,12.515929285858473
22898_7960,1,106,0,12.526430887045786
22895_7947,1,106,0,12.530298575057946
23022_7859,1,106,0,12.530790748279975
22905_7853,2,101,4,12.53808451219929
22844_7846,2,101,0,12.538826332219276
23047_7953,1,103,0,12.54378954068433
23045_7967,2,101,0,12.552571908297875
23044_8013,2,101,0,12.552932078460023
22925_7981,1,106,0,12.55872668428356
22917_8043,1,106,0,12.563541770750156
23031_7930,1,106,0,12.56471383549144
22999_8008,1,105,0,12.567217132498886
23058_8062,2,103,0,12.57131095336925
23099_7870,2,101,0,12.575804986686443
22940_7887,1,106,0,12.576900848794374
22959_7902,2,103,4,12.57802664748979
23067_7842,1,106,0,12.580587518269931
22921_7895,1,105,0,12.586910274210398
22937_7887,1,106,0,12.588958325728424
22901_7885,2,103,0,12.59234327227812
22972_7868,1,103,0,12.596518334011982
22966_7846,1,107,0,12.602946879773064
22915_7913,1,105,0,12.602995000414035
22879_7939,1,106,0,12.60363959992142
23052_8000,2,101,0,12.60874278670906
23102_7943,1,101,0,12.609031971427319
22953_7849,1,103,0,12.615205505108069
23030_8033,2,101,0,12.620053290363305
22856_7936,1,106,0,12.620869150494684
23103_7859,2,101,0,12.621395558122794
23022_8050,2,101,0,12.628403037475634
22855_7979,2,103,0,12.629052115456632
23089_7964,1,103,0,12.631997530707164
23031_8030,2,101,0,12.633264508630061
23098_7876,2,101,0,12.635303779003397
23052_7945,2,101,0,12.63798492724959
23049_7973,2,101,0,12.638953848171122
22959_8070,1,106,0,12.64300014461429
23071_7913,2,101,0,12.647948040399067
23053_7994,2,101,0,12.648885334367975
23062_8020,1,103,0,12.649808631508337
22992_7982,2,103,0,12.651300013643269
23094_7932,1,106,0,12.651402724659535
22979_7919,1,106,0,12.662246562032875
23090_7882,2,101,0,12.66695629087824
22950_8001,2,101,0,12.66979364570296
23079_7902,2,101,0,12.670867742795732
23086_7890,2,101,0,12.672139581054397
22912_7938,1,106,0,12.674870577480137
23039_8014,2,101,0,12.679774371287563
23018_7934,1,106,0,12.693093470932718
23102_7862,2,101,0,12.694746230282426
23042_7965,1,103,0,12.69591510304222
23088_7884,2,101,0,12.696037021153257
23049_7974,2,101,0,12.699661178205215
22934_7870,1,106,0,12.703735787609615
23043_7965,2,101,0,12.704954069463186
22893_7839,1,104,0,12.706024833676128
22871_8038,2,101,0,12.706611311783352
23049_7975,2,101,0,12.709342183977167
23076_7907,2,101,0,12.710178162885612
23071_7912,2,101,0,12.712445933203409
22911_7926,2,103,3,12.727716860022102
23083_7899,2,101,0,12.729377001279417
23053_7992,2,101,0,12.730794817978895
22869_7907,1,106,0,12.730877957275043
23049_7983,2,101,0,12.731309238322618
23056_7890,1,106,0,12.735165217053405
23084_7897,2,101,0,12.737958648201808
23051_8007,2,101,0,12.741095301367494
22981_7927,1,106,0,12.742654278574367
23052_7989,2,101,0,12.742674104436981
23071_7927,2,101,4,12.743489861978754
23053_7993,2,101,0,12.743557593104686
23080_7900,2,101,3,12.743768961108932
23025_8047,2,101,3,12.744620978698244
23050_7946,2,101,4,12.745352609119228
23051_7988,2,101,4,12.747142913611912
23047_7948,2,101,4,12.747211540683638
23048_7947,2,101,4,12.747267917471456
23048_7948,2,101,4,12.748289217714024
23052_7997,2,101,0,12.74917912698175
23053_7941,2,101,0,12.749196843965393
23020_8051,2,101,0,12.74999812024685
23024_8048,2,101,3,12.753629734119832
22896_7864,2,103,0,12.75799147151861
22882_7874,2,101,4,12.759201467211103
22970_7965,2,101,4,12.780497588020479
23071_7921,1,103,0,12.792253164856577
22900_7841,1,104,0,12.79536094917658
23020_7853,1,106,0,12.798210200759506
23097_7919,1,106,0,12.801136515681385
22845_7972,2,103,0,12.802103432457073
22901_7997,2,103,0,12.810307576889862
22843_7971,2,103,0,12.813846613897466
22887_7888,1,105,0,12.824453151511877
23096_7858,1,106,0,12.829666425886987
22903_7857,2,101,4,12.84376764498554
22986_8005,1,106,0,12.847733580602807
22901_7862,2,101,4,12.856886389031486
22985_7941,2,101,4,12.867011223324326
22979_7949,2,101,4,12.86703055660072
22988_8051,1,105,0,12.870396027083684
22905_7910,2,106,0,12.874094414429836
22913_8042,1,106,0,12.876736102220393
22898_7837,3,104,0,12.879989284626383
23006_7923,1,103,0,12.88928520898221
22899_7864,2,101,0,12.889379537331097
23100_7975,1,107,0,12.889930863284942
22942_7929,1,106,0,12.892091558490044
22848_7894,1,106,0,12.892814551247357
22981_7997,1,106,0,12.89832501398517
22990_7865,1,106,0,12.90398854170179
22984_7969,2,101,4,12.913948274317729
22988_7968,2,101,3,12.933530111597465
23006_8009,1,105,0,12.937982310056658
22932_7890,1,103,0,12.939626139895216
23085_7908,1,106,0,12.943067310774355
22862_7938,1,106,0,12.963500111908399
22854_7979,2,103,0,12.965111482039765
23095_8047,1,105,0,12.996724801880138
23048_7923,1,105,0,13.004471083579235
22968_7972,2,101,0,13.010152269662715
22935_7869,1,106,0,13.012638995174223
22894_7940,1,107,0,13.02137832546289
23066_7911,1,103,0,13.021981508907677
22936_8039,1,106,0,13.022247373621997
22973_8015,1,106,0,13.025264298517861
23013_8044,1,105,0,13.031021457024805
23095_7848,1,106,0,13.03690944570826
23062_8004,1,106,0,13.041818986002976
23072_7923,1,101,0,13.053127461940354
23046_8055,1,106,0,13.06400103472316
22953_8013,4,101,0,13.077194050676024
22945_8055,2,103,0,13.095392733372295
23043_7980,1,106,0,13.109757750375149
22819_7840,1,103,0,13.115474286953154
22896_7872,1,106,0,13.126274326927675
22870_8038,2,101,0,13.127248453061647
22885_7921,1,106,0,13.139359407720164
22989_7904,2,101,4,13.156180454035745
22848_7850,2,101,4,13.159415019492027
22914_7843,3,104,0,13.160848997676382
22989_7906,2,101,0,13.165199572809753
23036_8038,1,106,0,13.173878632249417
22975_8066,2,103,4,13.17871317442261
22857_7979,2,103,0,13.214846178841125
23060_8057,1,106,0,13.220631326737431
23030_7964,1,103,0,13.223215119411892
22953_7960,1,101,0,13.223490122562795
23099_7971,1,103,0,13.23135245989974
23089_7885,2,103,0,13.233178974267258
22908_7871,1,106,0,13.233784393198897
23057_8017,1,103,0,13.241082129344255
22847_7849,2,101,0,13.246569844881614
22831_7867,1,106,0,13.266492539296452
22973_7843,2,103,0,13.268021272539984
22934_8032,1,106,0,13.272550910421067
23072_7891,1,105,0,13.27656607344546
22894_7945,1,103,0,13.279195012537885
22922_7977,1,106,0,13.282959882638485
23082_7842,1,103,0,13.294179578758511
22900_8006,1,106,0,13.296510438723487
22969_7846,1,103,0,13.298151121805583
23098_7998,1,103,0,13.327999662978929
22989_7968,2,101,0,13.328109064070778
22982_8034,1,103,0,13.331901976955564
23006_7897,1,106,0,13.33455067777532
22852_7894,1,106,0,13.336797320715963
22853_7858,2,101,3,13.340920764196357
22943_8012,1,103,0,13.344752000294474
23024_7962,2,101,0,13.357189322361513
22866_8058,1,103,0,13.35805847300596
22992_7884,1,106,0,13.371922603906066
22950_7899,1,106,0,13.375581558594636
22985_8055,1,105,0,13.377529747109495
22863_7951,1,103,0,13.378847998365726
23029_7935,1,106,0,13.38081283887157
22843_7838,1,103,0,13.386682808948134
22844_7876,1,103,0,13.388453971850446
23018_7974,1,105,0,13.390957169176916
22852_7978,2,103,0,13.391048317421234
22986_7941,2,101,0,13.39431337294588
22939_8047,2,105,0,13.39610361543028
22960_7913,2,103,0,13.398555199987623
22887_7959,2,103,0,13.406706784024262
22913_7950,1,106,0,13.414651675747155
23098_7970,1,103,0,13.415511215450964
22949_7936,2,105,4,13.41785202419485
23072_8052,1,103,0,13.420859600127317
22931_7871,1,106,0,13.423357008185933
22847_7850,2,101,4,13.428364082852694
23004_8051,1,106,3,13.43117303092874
22905_8025,1,106,0,13.435241399054743
23084_7981,1,103,0,13.435413997752384
22859_7911,1,103,0,13.455187671842344
23090_8043,1,105,0,13.456681463887973
22963_7943,1,105,0,13.456913874916166
23013_7982,1,106,0,13.458446096395077
22938_7976,1,101,0,13.491533271363467
23061_8069,1,106,0,13.494706155146911
23012_7994,1,106,0,13.496936747944376
22904_7990,1,106,0,13.504617883148052
22962_7849,2,101,0,13.504768576446338
22880_8021,1,103,0,13.506097809383501
22860_7888,1,106,0,13.51446776271962
23082_7840,1,103,0,13.537879885706658
23000_8040,1,106,0,13.541134443192812
23092_7921,1,106,0,13.543890853239555
22967_7879,2,103,0,13.555356114517993
22901_7838,1,104,0,13.557389056236863
22852_7977,2,103,0,13.564918111560399
22994_8000,1,105,0,13.574000544566692
23100_7913,1,103,0,13.582736358573962
22943_7859,1,106,0,13.583581610746311
22878_7877,2,101,0,13.590977494838567
22877_7982,2,103,0,13.602902665287225
23074_7993,1,103,0,13.612165040751862
22998_7919,1,103,0,13.630598833297812
22832_7892,1,106,0,13.641353646573307
22886_8058,2,103,0,13.648111881813891
22849_7924,1,103,0,13.649595900633368
22973_8024,1,106,0,13.683873572350643
23104_8012,1,106,0,13.707202816942049
22844_7972,2,103,0,13.70788487695817
23025_7961,2,101,0,13.710592926680176
23030_7958,1,103,0,13.715966627028743
22901_7886,2,103,0,13.716847011518384
22901_7853,1,103,0,13.719189669880942
22861_7864,1,106,0,13.722363543243649
23065_7844,1,106,0,13.730565558752463
22912_8021,1,106,0,13.735724890242286
22855_7884,1,105,0,13.741289168939423
22860_8046,2,103,0,13.745758931821415
22854_8060,1,106,0,13.7458167545702
22990_7899,2,101,0,13.757740386884462
23008_7940,1,106,0,13.758964633356698
22922_7955,1,106,0,13.759075275576851
22929_7903,1,103,0,13.765155633405532
22925_7880,1,106,0,13.770656764797156
22945_7933,2,105,0,13.780238421492957
22978_7928,1,106,0,13.78349621168478
22962_7958,1,106,0,13.79087019395353
22906_7838,3,104,0,13.791174218708479
23023_7962,1,103,0,13.79593127779407
22965_7848,1,103,0,13.80817185190768
23006_7888,2,103,0,13.809921325894416
22893_8023,1,103,0,13.825890997830601
22838_7885,1,103,0,13.8264084462982
22901_7861,2,101,4,13.830325969394561
23067_7890,1,105,0,13.847447803210652
23051_8002,2,103,0,13.848208557734768
22880_7875,2,101,0,13.853355987460496
23029_7868,1,106,0,13.854848219347604
23039_8016,1,103,0,13.856127738936285
23067_7906,2,106,0,13.858262313576285
23004_7908,1,106,0,13.868616339048616
23035_8023,2,101,0,13.871634295083254
22894_8014,2,101,0,13.877542250264932
23006_7958,1,103,0,13.880994785183862
23020_7964,2,101,4,13.88646059156389
22891_7905,1,106,0,13.887008436307873
23101_7903,1,103,0,13.887450210323236
23097_7936,1,106,0,13.889662175089626
22985_7969,2,101,4,13.890055577157055
22936_8041,1,106,0,13.892220858246244
23019_7916,1,106,3,13.897473195627436
23078_7993,1,103,0,13.907101762728484
22960_7959,2,103,0,13.918494619618688
22848_7975,2,103,0,13.941397059705826
23081_8053,2,103,0,13.942178678059186
22959_7951,1,106,0,13.954330214533478
22976_7972,2,101,0,13.958751834768814
22877_8031,2,106,0,13.958927727966419
22860_7883,1,105,0,13.960632502575178
22989_7905,2,101,4,13.961594857046077
22893_7864,1,106,0,13.961705538103214
23056_7931,1,105,0,13.971702025809487
22997_7934,1,103,0,13.973944831740088
22905_8062,1,106,0,13.993102902100489
22906_7871,2,103,0,13.999881692320216
23070_7840,1,106,0,14.002634121106597
22951_7873,2,101,0,14.00921047384342
23045_7887,1,105,0,14.017381451259826
22841_7843,2,101,0,14.027337557039782
22986_7968,2,101,4,14.037408136006816
22849_8049,1,106,0,14.043272746555955
23100_8056,1,105,0,14.046865191596222
23066_8029,1,106,0,14.0633414771594
22954_8021,1,106,0,14.065772375288732
22894_7943,1,103,0,14.066124268726027
23013_7935,1,106,0,14.069623021312665
22830_7970,1,103,0,14.090453033902357
23015_7965,1,103,0,14.09219935547483
22861_7980,2,103,0,14.10842562465896
23049_7912,1,105,0,14.123324367609671
22857_8069,1,106,0,14.1419208683723
23036_8031,1,106,0,14.141933204511174
23035_8031,1,106,0,14.164612587755608
23076_7899,1,106,0,14.166250417072087
22920_7838,2,104,0,14.171705819532036
22944_7911,1,106,0,14.181270465029062
22846_7941,2,103,0,14.187224917086507
22957_8053,1,106,0,14.19070509692728
23095_8000,1,103,0,14.193619168342494
22859_7892,1,106,0,14.212313812029134
22998_8036,1,106,0,14.216705202435659
22850_7894,1,106,0,14.216989029776073
23094_7965,1,106,0,14.21830836839661
23081_7990,1,103,0,14.219039358750601
23101_8036,1,106,0,14.219237050165338
23046_8012,1,103,0,14.220704300649002
22842_7922,1,103,0,14.222092970025525
23085_7870,1,103,3,14.223637524386692
22954_7940,1,105,0,14.265246369276808
22972_7939,1,105,0,14.290846256331323
23039_7992,1,106,0,14.30573607739776
22898_7873,1,106,0,14.312259190078242
23009_7851,1,103,0,14.315948371846476
22904_7855,2,101,4,14.329681764326924
23024_7950,1,106,0,14.332496240284597
22877_7906,2,103,0,14.348509963841549
22991_7924,2,101,0,14.350121866710595
22980_8059,1,107,0,14.367511516483468
22901_8046,1,106,0,14.385653184966971
22902_7987,2,103,0,14.395136223126388
23059_7958,1,105,0,14.402700621064513
22935_7911,1,105,0,14.404617441568726
22892_8014,1,106,0,14.439601806971979
22931_7900,1,103,0,14.454720017417253
23039_8026,1,106,0,14.456895791854926
23052_8001,1,103,0,14.462435004611994
22990_7982,2,103,0,14.484346111922273
22987_7909,1,103,0,14.488957758264922
22885_7984,1,106,0,14.49014155271113
23013_8004,1,106,0,14.496981323523286
23055_8037,1,106,0,14.503007929298722
23017_7966,1,103,0,14.513417019609234
22911_7923,1,106,0,14.517203404795872
22979_7915,1,106,0,14.517684304362472
22983_7845,1,106,0,14.52509637723761
22905_7987,1,106,0,14.529349078324383
22870_7868,1,106,0,14.539698303577389
23094_8067,1,106,0,14.548290135329145
23004_7872,1,105,0,14.549529957278972
22889_8053,1,106,0,14.560399832211735
23063_7907,1,106,0,14.563577504771256
23097_7857,1,106,0,14.568212065639488
22900_7863,2,101,4,14.56989993981448
22990_7864,1,106,0,14.574096263783805
22928_7983,1,106,0,14.587078111334373
23087_7899,2,103,0,14.600199618476411
22882_7898,1,106,0,14.604303495037236
23028_7958,2,101,0,14.604760837565724
22956_7880,1,106,0,14.605963584098367
22951_8012,2,106,3,14.616313175914057
23073_8051,2,103,0,14.631255277710713
22923_7840,2,104,0,14.640301834945138
23092_7841,1,106,0,14.64097163549323
22983_7873,1,106,0,14.645342451128935
23049_7851,1,106,0,14.645676033974908
22858_7893,1,106,0,14.649815716074627
22856_7837,2,103,0,14.657764217519544
22971_8024,1,106,0,14.661239314437717
22905_7855,2,101,0,14.661983853594428
22957_8042,1,101,0,14.673115028942405
22898_7866,1,101,0,14.673117018526051
23026_7936,1,106,0,14.673496842148428
22935_8023,1,106,0,14.677668243220381
23056_7944,1,105,0,14.678489917156083
22899_8013,2,101,0,14.69381879982066
22840_7971,1,107,0,14.7087417391336
22903_7919,2,103,0,14.711661399226557
22944_8063,2,103,0,14.718905855529304
22910_7968,2,106,0,14.727755064265432
22922_7903,2,105,0,14.727916966885287
23098_7895,1,103,0,14.729716879891004
22843_7844,2,101,4,14.775291249066736
22936_8036,1,106,0,14.811326869743493
22858_8059,2,101,0,14.814984876944134
22954_8062,2,103,0,14.820739994573701
22873_7860,1,106,0,14.82588218642274
22878_7838,1,104,0,14.826106417662697
22895_8005,2,103,0,14.829462512460758
23040_8014,1,103,0,14.857877546113889
22933_7982,1,106,0,14.858948061711926
22852_7887,2,105,0,14.874217057154295
22908_7973,1,103,0,14.879081722211177
23005_7964,2,101,3,14.879726014957022
22993_8037,1,103,0,14.8806286914311
22899_7905,1,103,0,14.882509325837427
23054_7949,1,103,0,14.92511354823724
22943_7959,1,106,0,14.94745123736723
22982_7862,1,106,0,14.959206687206766
22961_8028,1,106,0,14.9646866707573
22961_7991,2,103,0,14.970088622705536
23042_8014,1,103,0,14.972842042028
22893_8060,1,106,0,15.00317310936098
22830_7846,1,106,0,15.00797724215804
22879_7998,1,106,0,15.011315398749554
23066_7905,1,106,0,15.016407767260374
23097_7940,1,106,0,15.016503697219626
23026_8038,1,101,0,15.036860286536852
22915_7948,1,106,0,15.048969637667403
22881_8012,1,107,0,15.065363310538233
23013_7966,1,103,0,15.07753678324163
22967_7973,2,101,0,15.088143531548747
23021_7964,2,101,3,15.098017465084727
23098_7875,2,101,0,15.098937360406472
22893_8012,1,103,0,15.100105421562247
22910_7932,1,106,0,15.115124994175506
23039_7908,1,106,0,15.118698899808239
22858_7890,2,105,0,15.126510513836374
22903_7858,2,101,4,15.128687606628969
23023_7966,1,106,0,15.138878203486575
23059_7901,1,103,0,15.146632570022696
23071_7909,2,106,0,15.148898687301285
22971_8017,1,106,0,15.151721092782573
23089_7919,1,106,0,15.154981805086049
23086_7910,1,106,0,15.157144103016744
22967_7847,1,103,0,15.165855969405484
22978_7950,2,101,0,15.169466658559022
22886_8047,1,106,0,15.21449904358108
22911_8047,1,103,0,15.222546776884066
22984_8067,1,104,0,15.223002359450126
23103_8032,1,106,0,15.233449312078893
22886_7925,1,106,0,15.243553537941718
23026_8017,1,106,0,15.25782622239561
22959_8064,1,106,0,15.267353118986499
22865_7981,2,103,3,15.268391040360585
22866_7892,2,106,0,15.307986478738984
22959_7963,2,101,4,15.315832057218586
23067_8069,1,106,0,15.333821573162101
22904_7921,2,103,2,15.340064600687882
22885_7954,2,106,0,15.34819012773953
22956_7836,1,103,0,15.35555074403953
22944_7851,1,105,0,15.36827581050529
23087_8042,1,105,0,15.374381438713883
23074_7850,1,103,0,15.378877517328062
22984_7982,1,105,0,15.384388126413594
22828_7971,1,103,0,15.384536225303654
22879_7876,2,101,4,15.396770452936167
23065_7932,1,103,0,15.40646444781116
22997_7847,1,103,0,15.407510537953206
22924_7848,2,101,0,15.413720043132102
23092_7886,1,103,0,15.418890592607962
23048_7848,1,106,0,15.466689017163434
23049_7910,1,105,0,15.479331015905164
23018_7976,1,103,0,15.48619216602442
22975_8012,1,106,0,15.508568937525427
23002_7952,1,103,0,15.511118132338774
22825_7872,1,103,0,15.513559883770963
22904_7841,1,104,0,15.51620425207964
23005_7898,1,106,0,15.523199842393478
22960_8046,2,101,0,15.525669349668545
23006_7964,2,101,0,15.534437796025964
23085_7872,1,103,0,15.551427655092642
23064_8019,1,103,0,15.562875612451105
22894_7868,2,101,4,15.571463016804937
22934_7950,2,106,0,15.591659254069864
23038_7954,1,103,0,15.596959642050924
23054_8041,1,106,0,15.599377489094639
23044_7979,1,106,0,15.604973638787923
22928_8051,1,105,0,15.621871362822933
22986_7940,2,101,4,15.622868356188569
22932_7880,1,103,0,15.631780527328255
22969_8009,1,106,0,15.638292629805624
23062_8021,1,103,0,15.643284865730138
22932_7891,1,103,0,15.644690779160703
22846_7848,1,101,0,15.652757957746312
22966_8030,1,106,0,15.658247049572378
22999_8003,1,105,0,15.667006179854685
23096_7867,1,106,0,15.668797538891148
22902_8054,1,106,0,15.672416289176372
22915_7841,3,104,0,15.701070769290347
23063_8034,1,106,0,15.708955549612886
22963_7884,1,103,0,15.712295923801559
23101_8057,1,105,0,15.729102460391509
22993_7951,1,105,0,15.737839333556758
23074_7839,1,106,0,15.74521513583501
22920_7888,1,106,0,15.752692822980347
23003_8030,1,106,0,15.757017474958463
22979_8011,1,106,0,15.758612264884063
23073_7963,1,105,0,15.78701958406346
23026_8001,1,106,0,15.793969181726403
23045_7952,1,103,0,15.797926309214676
23074_8020,1,105,0,15.81027867897319
22998_8033,1,106,0,15.816186308670241
22893_7878,1,106,0,15.82208463100508
22898_7887,1,106,0,15.823295420466765
22833_7855,1,106,0,15.824031741880443
22842_7881,1,103,0,15.826719733244946
23057_8012,1,106,0,15.831040802716043
22932_7877,1,103,0,15.831546378530703
23049_8044,1,106,3,15.832569912899396
23001_7881,3,106,0,15.834343961463903
23027_7988,1,103,0,15.865613784543788
23063_7844,1,106,0,15.879890562549182
23017_7893,2,103,0,15.892183401192534
23087_8044,1,105,0,15.893093879479338
23027_8058,1,106,0,15.899017571404253
23100_8014,1,106,0,15.89933977603615
22892_7934,1,103,0,15.910128014623357
23048_8011,2,101,0,15.918652590081127
22900_7862,2,101,4,15.932362383625128
22923_8066,1,106,0,15.949379575191614
22911_7837,1,104,0,15.955234253686369
23031_7956,2,101,0,15.960173755528041
22968_7960,1,106,0,15.965906176177164
22976_7889,1,103,0,15.993438513763069
23063_7933,1,103,0,15.994403575201607
22873_8067,1,106,0,15.99912934259947
22966_7980,2,101,0,16.00280371514986
23061_8022,1,103,0,16.008175079902724
23048_7986,1,105,0,16.014437613412824
22876_7945,1,106,0,16.028125291380924
23069_7909,2,106,0,16.052163784634764
22882_7954,2,103,0,16.06051209722021
22916_7977,1,103,0,16.069410562059513
22946_7963,1,106,0,16.077993638825532
22984_8007,1,106,0,16.08072914141602
23076_8051,2,103,0,16.09125420549476
22931_7858,1,103,0,16.096225900105214
22953_7851,1,103,0,16.097247890880364
22900_8008,1,106,0,16.097276412932988
23034_7954,2,101,4,16.099497867374716
23044_7907,1,105,0,16.09998584328864
22952_7968,1,106,0,16.105829262984088
22899_8014,2,101,4,16.10606042219172
22913_7971,2,106,0,16.107694243897097
23030_7977,1,105,0,16.11169437854463
22991_7898,2,101,4,16.124495126008576
23089_7886,2,101,0,16.155024677075964
23000_7882,3,103,0,16.157187232630665
22897_8034,1,106,0,16.181657921090988
23005_7918,1,106,0,16.186390103703964
22935_8032,1,106,0,16.188014848205444
22974_8012,1,106,0,16.197294427581713
22972_7927,1,106,0,16.19874314817119
22875_7846,1,106,0,16.211806015242257
22858_7860,1,106,0,16.226950080867304
22980_7928,1,106,0,16.231688842089174
22898_8014,2,101,0,16.232240990636036
22990_8067,1,104,0,16.246124445127585
22900_8035,1,103,0,16.247576100079833
22980_8026,1,103,0,16.250456794033187
23076_7896,1,107,0,16.25414674824338
22964_8062,2,103,0,16.25997752501774
22976_7953,2,101,3,16.268559622180184
22941_7845,1,106,0,16.27046194382419
23009_7891,1,103,0,16.276129968178395
23080_7970,1,106,0,16.2920958835587
23028_7866,1,106,0,16.30454605377806
23039_7966,1,106,0,16.309668009359864
22879_7877,2,101,3,16.309979753768225
22940_7897,1,103,0,16.314683909596372
23037_7993,2,103,0,16.31780227302059
22962_8039,1,106,0,16.333632306949685
22958_7962,2,101,4,16.34460146680904
22929_7997,2,103,0,16.351827422692928
22962_7965,2,101,4,16.390135858113567
22955_7886,1,103,0,16.395428536556015
23085_8004,1,107,0,16.39638506630008
22965_7966,2,101,3,16.410354107878668
22932_7994,2,103,0,16.414293036697966
22957_7961,2,101,4,16.41642819724158
22898_8015,2,101,0,16.419122436331257
22879_7942,1,106,0,16.422691745069717
22982_7942,1,106,0,16.423670782025365
22951_7912,1,103,0,16.425264603855503
23052_7984,2,103,0,16.43313521584245
22898_7938,1,106,0,16.450371806656015
22917_7997,2,103,0,16.48246570633741
22989_7945,1,105,0,16.4825572284636
23008_8063,1,104,0,16.483059012267557
22930_7929,1,103,0,16.48587786147048
22945_7851,1,105,0,16.506003877076374
23006_8049,1,106,0,16.507699775898434
22880_7876,2,101,4,16.52310301905243
22849_7880,1,105,0,16.525157243294725
22904_7857,2,101,4,16.530746972441403
22936_8053,1,106,0,16.537335331863634
22953_7875,1,105,0,16.541580843840197
22865_7956,1,106,0,16.5418266521362
22952_7866,1,106,0,16.542740355510176
23052_7880,1,105,0,16.581622252158223
22980_8039,1,106,0,16.585202635795884
22933_7983,1,106,0,16.590621840643685
22889_7907,1,106,0,16.593829253513686
22963_7886,1,103,0,16.60182125906741
23058_7987,1,106,0,16.628001134840268
22898_8018,1,106,0,16.67219563230707
23006_7951,1,103,0,16.67227460724285
23073_7908,2,106,0,16.672518850772565
23091_7898,1,106,0,16.678718973158006
22880_7836,1,104,0,16.679199576924784
23050_7897,1,103,0,16.685691193983228
22984_7849,1,106,0,16.693975896097598
22949_7891,1,103,0,16.69740670327351
23057_7950,1,105,0,16.700745189817667
23070_7922,1,103,0,16.717572984228017
22906_7987,1,106,0,16.717902499350252
23065_7888,1,105,0,16.72511138729025
22870_8030,1,106,0,16.73834703479091
23069_8003,1,103,0,16.750303840967717
22859_8069,1,106,0,16.75207644984379
22893_7954,2,103,0,16.785585138028733
22975_7972,2,101,4,16.78673838315729
22908_8040,1,106,0,16.795687314141308
23011_7972,1,106,0,16.836602226150553
22941_8031,1,106,0,16.841967692541083
22992_7878,1,106,0,16.843244286195926
22915_8032,1,106,0,16.84674322302716
22978_7910,1,106,0,16.856092980718433
22944_8012,3,106,0,16.85652513443815
23080_7838,1,106,0,16.87836897950713
22910_7859,1,106,0,16.88292103403419
22995_8066,1,104,0,16.88770893464026
23074_8010,1,103,0,16.889507790964718
22940_7848,1,105,0,16.90005935653438
23010_7918,1,106,0,16.90397482212688
22910_7937,1,106,0,16.91458165127108
22920_8030,1,106,0,16.915096003121008
23091_7840,1,106,0,16.917290386678438
22940_7968,2,103,0,16.918901380704103
22977_7947,2,103,0,16.92360519220273
22886_7841,1,104,0,16.92525113383206
23084_7982,1,103,0,16.92574831921237
22851_7894,1,106,0,16.92578725125919
23026_8010,1,103,0,16.937997395101107
23028_8003,1,103,0,16.9437387831008
22895_7938,1,106,0,16.946068171919144
22907_7912,2,106,0,16.952408117240534
22938_8016,2,106,0,16.96457617169252
22981_8060,1,107,0,16.974887975717696
22913_7849,1,107,0,16.97816966237734
22903_7921,1,101,0,16.989374972654435
22970_7971,2,101,4,16.990398996198007
22905_7851,1,103,0,16.99068015443445
22974_8025,1,106,0,17.01109487802832
23046_7985,1,105,0,17.01923960979716
23100_7903,1,106,0,17.027043443731884
23099_7975,1,103,0,17.031936794730328
22995_7940,1,106,0,17.065524078626826
22979_7977,2,101,0,17.08356729701764
22973_7842,1,101,0,17.09847372804526
22968_7846,1,103,0,17.105403162429138
22960_8045,1,106,0,17.112609650623824
22968_7868,1,106,0,17.113341878539238
22897_7946,1,106,0,17.11469206530611
23079_7906,1,106,3,17.1387637066792
23099_7854,1,106,0,17.141108473741827
22862_7862,1,106,0,17.147348320813386
23001_8032,1,106,0,17.14842576914599
22923_8067,1,106,0,17.151131619098447
22995_7882,1,103,0,17.154226216899374
23006_8048,1,106,0,17.156245936433685
23015_7899,1,103,0,17.156686530853722
22860_8052,2,101,0,17.159906061591673
22910_7912,2,103,0,17.16154297266218
22961_7851,1,103,0,17.1701379726969
22990_8051,1,105,0,17.172790806773193
23037_7948,1,103,0,17.174084758827373
23010_7873,2,103,0,17.182133361703585
22971_7971,2,101,4,17.18699736880034
23077_7904,1,106,0,17.199645194355167
23011_7937,1,106,0,17.211865995018414
22967_8023,1,106,3,17.22154891264563
23064_8018,1,103,0,17.22490498945561
23021_7854,1,106,0,17.239649294817205
22934_7887,1,106,0,17.239862449779213
22966_7968,2,101,4,17.241039644729575
22855_8049,1,106,0,17.262884849937855
23054_8039,1,106,0,17.28192410285723
23101_7895,1,106,0,17.293197805476296
22932_7899,1,103,0,17.293546575639713
22903_7843,2,104,0,17.296744436395684
23101_8061,1,105,0,17.327262007598765
22992_7881,1,103,0,17.34026201291039
23002_8047,1,105,0,17.340722424729382
23027_7904,1,103,0,17.35134696437684
23039_7845,1,106,0,17.37867880482707
23006_7965,2,101,0,17.38885748249096
22950_7963,2,103,0,17.412439646955242
22960_8065,1,106,3,17.420584491992916
22961_7965,2,101,0,17.428890472504076
23011_8024,1,106,0,17.43956825994223
22989_7988,1,105,0,17.45610754099141
22890_7837,1,104,0,17.48233598081778
23049_7872,1,106,0,17.48338862999249
23014_7934,1,106,0,17.484689253244056
22974_7886,1,103,0,17.50122258330077
22989_7901,2,101,0,17.510871645732593
22912_7946,1,107,0,17.511003865549696
23031_8040,1,106,0,17.5357146948552
22987_7855,1,107,0,17.544858991163775
22972_8024,1,106,0,17.550514793229368
22827_7972,1,103,0,17.552203070628412
23042_8044,1,105,0,17.553253146924828
22852_7923,1,103,0,17.570530648568614
22923_7970,1,106,0,17.573139762251685
22966_8051,2,101,0,17.578274890578342
22881_7980,1,106,0,17.581198498393725
23063_8018,1,103,0,17.58761116490168
22971_7963,1,106,0,17.602206299651083
22950_8014,1,106,0,17.615925544768924
23048_7914,1,105,0,17.620481479319338
22985_8036,1,103,0,17.634894235894254
23005_8047,1,105,0,17.635861243753418
22969_7968,2,101,0,17.646021029692736
23099_7895,1,103,0,17.66555785564912
22849_7879,1,105,0,17.67541945273939
22989_7947,1,105,0,17.694353653604125
22993_7893,1,106,0,17.744101616129228
22968_7970,2,101,3,17.745454423645295
22875_7927,1,106,0,17.757624094735906
22875_7836,1,104,0,17.761776068552184
23011_7918,1,106,0,17.768513045718752
23003_7885,3,103,0,17.77790961863468
22994_7882,1,103,0,17.78888341668131
23062_7995,1,106,0,17.803730531531343
22885_7919,1,106,0,17.80380930747606
22919_8028,1,106,0,17.805802118575595
22892_8006,1,103,0,17.81826042977185
22847_7925,1,103,0,17.819275536551764
23030_7913,1,106,0,17.826559058808517
22888_8002,3,103,0,17.848209301114103
23081_7836,1,106,0,17.852115909819936
22976_7907,1,106,0,17.859339757592085
22822_7839,1,103,0,17.860355740162344
22891_7954,1,101,0,17.878719481399997
23031_8012,1,106,0,17.895621008864147
23085_8003,1,106,0,17.90468271665521
22913_7837,3,104,0,17.91293351321176
23045_8013,2,101,0,17.94457814005223
22886_7965,1,106,0,17.97508843373272
23042_8015,1,103,0,17.97587729355034
22958_7961,2,101,4,17.97800257081795
23091_8060,2,103,0,18.01326008907645
22900_7837,5,104,0,18.013911839080457
23009_7922,1,103,0,18.026190954415895
23000_7840,1,103,0,18.02732425133036
22937_7971,2,101,0,18.03195853007375
22872_7949,1,106,0,18.03539788698885
23029_7866,1,106,0,18.03562106496253
22947_7963,1,106,0,18.03806172515594
23056_8036,1,106,0,18.04248780071027
22916_7911,1,105,0,18.04712054231605
22901_8000,1,106,0,18.051066082977957
22959_7962,2,101,4,18.05523412430473
22952_7924,1,106,0,18.078645525128362
22903_7942,1,106,0,18.081438886256624
22934_8061,1,106,0,18.085433793154305
23079_7930,1,107,0,18.10954897658786
23024_7901,2,101,4,18.121737131381575
22880_8052,1,106,0,18.16080845101665
22963_7873,1,106,0,18.181355355477233
22959_7855,1,103,0,18.195018558582927
22902_7997,1,106,0,18.205555446202933
22905_7887,1,105,0,18.208658781439482
22957_7850,2,101,0,18.22960695890382
22987_7940,2,101,4,18.255463288148956
22887_8069,1,106,0,18.25855427238139
22934_8021,1,106,0,18.259303837342223
22822_7838,1,103,0,18.27897608424791
22928_7959,1,106,0,18.279979673257984
22944_7927,1,106,0,18.283457912516766
23003_8047,1,105,0,18.292325977338457
23072_7911,1,101,0,18.300458160388473
22941_7931,2,105,0,18.31588677692699
23101_7998,1,103,0,18.327647611456314
23011_7971,1,106,0,18.330698821207562
23061_7999,2,105,0,18.33287977849856
23041_7987,1,106,0,18.336035841169195
23078_7846,1,103,0,18.34682700619102
22944_7933,2,105,0,18.355773536770545
22980_7976,1,106,0,18.356875860638535
22972_7972,2,101,4,18.37320017082619
22976_7952,2,101,0,18.374193481229522
22852_7947,2,103,0,18.438164307385897
22847_7926,1,106,0,18.45267287663691
22903_8023,1,106,0,18.453336901139302
23018_7851,1,106,0,18.467242456823517
22893_7953,1,106,0,18.473250178753982
23019_7852,1,106,0,18.49045885550341
22910_8015,1,106,0,18.49665428884711
23019_7878,1,105,0,18.4969282388485
22877_7839,1,104,0,18.50085243884548
22898_7867,2,101,0,18.508100074866693
23041_7896,1,105,0,18.511974840440143
23016_7933,1,106,0,18.514701588169327
22885_7995,1,106,0,18.52225068934532
23008_7849,2,101,0,18.52984141950751
22823_7855,1,103,0,18.531838478303378
22936_7868,1,106,0,18.53312897309985
22843_7937,2,103,0,18.540875614865474
22991_7889,2,101,0,18.58105383617306
22872_8026,1,106,0,18.581444351192154
22977_8055,2,101,0,18.582761411516906
23082_7963,1,105,0,18.583302609311072
22993_7896,1,106,0,18.584513311477494
23054_7927,1,105,0,18.604647612768456
23097_8009,1,106,0,18.60914217280681
22974_7957,2,101,0,18.612043026261624
23097_7890,1,103,0,18.617219887771405
22953_7959,2,103,0,18.628944806729375
22974_7923,1,103,0,18.634770177315183
22871_8029,1,106,0,18.645094101149414
22892_8061,1,106,0,18.64884750176239
22897_7878,1,106,0,18.689498125494424
22954_7863,1,106,0,18.716980889267678
22879_7891,2,105,0,18.731207595355748
23103_8017,1,106,0,18.733952022870167
23060_8061,2,103,3,18.734318122299758
22984_7841,1,106,0,18.744089812511593
22886_7924,1,106,0,18.760409329063314
22990_7913,1,103,0,18.781467149972716
23100_7852,1,106,3,18.912828728727128
22834_7858,1,106,0,18.92270838674763
23049_7954,1,103,0,18.93738209514459
22977_8061,1,106,0,18.942352648068
22961_7964,2,101,4,18.944390010629537
22989_7903,2,101,0,18.97634396434924
23085_7980,1,103,0,18.981309124393896
22932_7963,2,103,0,18.996456279314913
23046_7949,1,106,0,19.000787955057696
23059_7892,1,106,0,19.004373716273374
22890_7983,1,106,0,19.0051187295607
22894_8024,1,103,0,19.00886010722476
22884_7844,2,105,0,19.03373290909501
23016_7840,1,106,0,19.03693214913624
22909_7920,1,103,0,19.04530115613733
22922_7908,1,103,4,19.07101222920678
23056_7939,2,103,0,19.07384135593271
22874_7846,1,106,0,19.07921120130343
22991_7897,2,101,4,19.094995799156816
22894_7905,1,106,0,19.1263866838766
23012_7936,1,106,0,19.12806426137498
22966_7879,1,103,0,19.135422899747123
22991_7895,2,101,4,19.160705421011325
23009_8069,1,104,0,19.16257535744917
22860_7862,1,106,0,19.163498920103546
22959_7873,1,107,0,19.17407804998195
22999_7935,1,103,0,19.192922859983796
22959_8012,1,106,0,19.203442425916467
22969_7971,2,101,4,19.241850629629766
23087_7958,1,103,0,19.2588924339925
22954_7851,2,103,3,19.28531051973181
22944_7923,1,106,0,19.29259916517833
23020_8066,2,103,4,19.303997678604592
22925_8058,1,106,0,19.30449249294523
22974_7972,2,101,4,19.311363620132738
22953_7939,1,105,3,19.315430182385782
22941_7980,2,101,0,19.317378799668667
23082_7900,1,101,0,19.321294513888947
23099_7852,1,103,0,19.323754678336645
22992_8000,1,105,0,19.330997206028062
22991_7894,2,101,4,19.33740970961545
22853_8070,2,101,0,19.34257357503402
22823_7842,1,106,0,19.36847151594217
23090_7969,1,103,0,19.401775733425
22987_7863,2,106,0,19.432464915539768
22889_7995,1,106,0,19.4392273400761
22841_7891,1,107,0,19.44514982055819
22973_7972,2,101,4,19.44705292233855
23038_7950,1,103,0,19.463619799174094
22891_8012,1,103,0,19.46627118195754
23044_7883,1,106,0,19.471873334381034
23077_7908,1,106,0,19.47810372198428
22953_7911,1,103,0,19.49450828393543
23032_7955,2,101,4,19.508817139699637
23076_7908,1,106,0,19.511760725248884
22870_7982,2,103,3,19.51252538689239
22869_7982,2,103,3,19.551356805291913
22878_7926,2,106,0,19.56121831322758
23009_7878,1,105,0,19.58410135100032
22911_8022,1,106,0,19.63459197423828
22941_7930,1,106,0,19.63848379061595
22899_7980,2,106,0,19.64838718717639
22836_7847,1,106,0,19.65906727414579
23100_7853,1,106,0,19.660794821294427
22905_7941,1,106,0,19.66902579280998
22967_8052,1,105,0,19.66912423948031
22868_8038,2,103,0,19.680691705979754
22963_7965,2,101,4,19.718804640172074
22891_7953,1,101,0,19.73706349466994
23024_7880,1,105,0,19.746562108401502
22952_7874,1,106,0,19.74695395808025
23097_7877,2,103,0,19.75739650514048
23000_8010,1,105,0,19.76497503454751
23026_7940,1,103,0,19.781427111267785
22841_7906,1,103,0,19.807365339519997
22972_7937,1,106,0,19.828068886812517
22880_7908,2,103,0,19.837295484432335
23022_8002,1,106,0,19.83756367495075
22982_8004,1,106,0,19.852805057164552
22916_7914,1,105,0,19.86486574546201
22909_7919,2,103,0,19.873085477813696
23001_7869,1,105,0,19.88354666465363
22971_8009,1,106,0,19.898270848811453
22959_7952,1,106,0,19.899795456652214
22997_7875,1,106,0,19.924787948385468
23037_7894,1,103,0,19.92928199629084
23073_7837,1,106,0,19.93244800500003
23100_7942,2,103,3,19.94292552495691
22869_7854,1,106,0,19.94646613539619
23056_8035,2,103,0,19.96634361766416
22998_7935,1,103,0,19.966942301072933
23093_8004,1,103,0,19.97513434741338
23056_7980,1,106,0,19.995062361688735
23066_7902,1,106,0,20.008892557717346
23057_7943,1,105,0,20.03725933771213
22856_8049,1,106,0,20.04218161495518
23057_7948,1,105,0,20.045206764624446
23098_7946,1,106,0,20.050640926503807
22984_7842,1,106,0,20.070780636440617
22904_7837,1,101,0,20.07830923485575
23011_7894,1,103,0,20.084085861342718
23014_7936,1,106,3,20.108652104512718
22905_7839,2,104,0,20.114652978054853
22910_8010,1,106,0,20.11658030682031
22874_7906,1,106,0,20.126070465720957
22984_7837,1,106,0,20.132834014999737
22989_8004,1,105,0,20.136162789866773
22919_7875,2,105,0,20.13868155856909
22934_8062,1,106,0,20.154910270989348
22921_7912,1,105,0,20.156995708764402
23093_7967,1,106,0,20.176816905223998
23062_7908,1,106,0,20.201819478205522
22907_7973,1,103,0,20.220777699831803
23020_8026,1,105,0,20.231100391581663
22880_7949,1,103,0,20.258048337639167
23010_7938,1,106,0,20.260347931322016
23015_8021,1,106,0,20.263720755899552
23024_7837,1,103,0,20.263768738923133
23020_7965,1,103,0,20.30697630436608
23021_7977,1,105,0,20.30859991186551
22883_8038,1,106,0,20.309478959192134
22953_8058,2,106,0,20.31247845724074
22909_7926,1,106,1,20.325302730872405
22979_8032,1,103,0,20.35452887678206
22959_8044,1,105,0,20.355210717783905
22865_7960,3,103,0,20.360341520954393
23012_7871,2,103,0,20.369056153959274
23047_7954,1,106,0,20.37298573708114
23028_8051,1,106,0,20.37991974346819
23023_7935,1,106,0,20.402682223346396
23083_8001,1,106,0,20.41904171906185
23068_7859,1,103,0,20.421523185884894
23023_7965,1,106,0,20.42750065366692
23101_7904,1,103,0,20.429222567378705
23091_7900,1,106,0,20.459358528128345
22991_7896,2,101,0,20.469634622435052
22972_7964,1,106,0,20.488901108398604
23079_8022,1,105,0,20.49710046027544
22965_7967,2,101,4,20.514617108024225
22975_7837,2,101,0,20.54027472028701
22966_7967,2,101,4,20.54824164707807
22907_7845,3,103,0,20.54824382953382
22892_8056,2,101,0,20.548580883641453
23071_8006,1,103,0,20.55507923391964
22899_7839,1,104,0,20.576518189825933
22881_7898,1,106,0,20.613411758292447
22975_8061,1,106,0,20.615066380065773
22895_8068,1,101,0,20.66620681304894
23010_7964,1,103,0,20.678519197208214
22899_7838,1,104,0,20.683612807372832
23015_7932,1,106,0,20.686586513387034
22964_7965,2,101,4,20.696455152790026
22951_7878,1,105,0,20.705990284144185
23084_7866,1,103,0,20.709387179950014
23003_8031,1,106,0,20.741972023869536
23089_7884,1,107,0,20.806857501297443
23000_7926,1,106,0,20.827830202057456
23001_8056,1,106,0,20.85347298206926
22846_7929,1,106,0,20.859444269689828
22848_7939,1,106,0,20.862695483445037
23013_7978,1,106,0,20.86434532840376
22993_7915,1,103,0,20.868511723123323
23008_8009,1,105,0,20.88354983903598
23029_7934,1,106,0,20.89015947544356
23065_8021,1,103,0,20.90210736280537
23027_8037,2,101,0,20.906676865587336
23020_7934,1,106,0,20.932927918275016
22850_7938,1,106,0,20.987904533554126
22902_8005,1,106,0,21.013290068640604
23089_7924,1,106,0,21.015552432097728
22873_7936,1,103,0,21.021635736447426
22899_7837,2,104,0,21.021870616394857
23060_8043,2,103,0,21.026061883392032
22897_7983,1,106,0,21.032496155556444
23019_7929,1,103,0,21.065916746029735
22878_7934,1,107,0,21.07150401895346
22888_7939,1,106,0,21.08860458370519
22959_7896,2,103,0,21.123777081203915
23046_7953,1,103,0,21.140647502695476
23004_7952,1,103,0,21.16765977457076
23030_7932,1,106,0,21.192187308618912
23025_8003,1,106,0,21.207103787689743
23034_7992,2,103,0,21.218552209963544
22902_8000,2,103,0,21.227630529825227
23050_8009,2,103,0,21.252709701041926
22873_8068,1,106,0,21.256625132272053
22935_7921,1,103,0,21.26791566927733
23030_7961,1,103,0,21.2763549522315
22894_7948,1,106,0,21.286096008501346
22984_7865,1,106,0,21.287208444160523
22912_8033,1,106,0,21.292348179514665
22872_7982,2,103,0,21.30158466293198
22963_8062,2,103,0,21.301882097039282
22827_7877,1,106,0,21.303622043007433
22904_7984,2,103,0,21.32847892729423
22939_7847,1,106,0,21.32919560536364
22860_7868,1,106,0,21.334816288351306
22989_7982,2,103,0,21.346374535886675
22868_7982,2,103,3,21.3551138573637
23044_7933,1,106,0,21.38057108764765
22899_7841,1,104,0,21.410946795597777
22999_8004,1,105,0,21.41397488046305
22872_7890,1,101,0,21.426349072356054
22968_8062,1,106,0,21.434593855478294
22855_8069,2,106,0,21.437659937615233
23016_7934,1,106,0,21.44117310479846
22887_7887,1,105,0,21.475939110112744
22997_7930,1,107,0,21.503088996343983
22928_7854,2,103,0,21.509880667076995
22901_8005,1,106,0,21.51548885270929
22951_7916,1,106,0,21.51916454619588
23095_7882,2,103,0,21.52022207101267
22909_7853,1,103,0,21.52451415655134
22976_7904,1,106,0,21.534936033711855
22900_8013,1,106,0,21.5370747292436
22840_7891,2,106,0,21.54095500576701
23047_8051,1,106,0,21.570723611286198
22974_8015,1,106,0,21.577326361492954
23055_8042,1,105,0,21.580059013993957
23065_8043,2,103,0,21.583235224747266
22978_7880,1,103,0,21.614283092691423
22916_7960,1,106,0,21.62421918464048
22837_7873,1,103,0,21.644112508624264
23098_8011,1,106,0,21.64521185734466
22999_7842,1,103,0,21.656898096641566
23062_8059,1,106,0,21.666295675321802
22924_8023,1,103,0,21.66670442540017
22984_7882,1,103,0,21.675489706063974
22987_8065,1,104,0,21.682734671346353
23090_7921,1,107,0,21.68857252094554
22900_7963,2,103,0,21.701446799761456
22936_8037,1,106,0,21.708968457839738
22842_7852,2,106,0,21.710131202573944
22990_8070,1,104,0,21.75856732928237
22935_7899,1,103,0,21.77920469373811
22821_7863,1,103,0,21.78331315142807
23043_7952,2,101,0,21.78975062557158
22884_8057,2,103,0,21.83028802524989
22997_7941,1,106,0,21.83620996869482
23056_7941,1,105,0,21.852635754606702
22855_7858,1,107,0,21.86882608933069
22918_7966,1,106,0,21.87902639854475
23019_8066,3,101,4,21.963288344176636
22988_7911,2,101,0,21.99583462028996
23059_7893,1,106,0,21.998957552709168
22865_8044,2,101,0,22.02283858049625
22901_7845,1,101,0,22.03848958721517
22873_7934,1,103,0,22.03884225536651
22975_7841,1,103,0,22.048390851649945
23044_7882,1,106,0,22.068536549733512
23057_7947,1,105,0,22.11753404679732
22871_7982,2,103,0,22.120119501712338
23052_8004,1,107,0,22.122914908851502
22930_7874,1,106,0,22.124564668232033
22892_7857,1,107,0,22.12566467939115
23103_7919,1,103,0,22.157406568108968
22831_7854,1,106,0,22.18024207543051
22892_7937,1,106,0,22.180464062273575
22973_7896,1,106,0,22.183955018084507
22970_8050,2,101,0,22.197158285767642
22980_8011,1,106,0,22.22516110704077
23021_8038,1,107,0,22.252568991206218
22873_7982,2,103,0,22.256368862366397
22911_8029,1,106,0,22.259175842590693
23081_8027,1,105,0,22.27909915945295
22983_8035,1,106,0,22.280229942441323
22994_7858,1,105,0,22.286191762127412
23094_7904,1,106,0,22.3091159219255
23033_7993,1,103,0,22.31675626934955
23092_7881,1,106,0,22.318235493632514
23090_7925,1,106,0,22.31879786481095
23017_7916,1,106,0,22.331034085167335
23103_8030,1,106,0,22.337595805198127
23039_7964,1,106,0,22.342654421121217
23027_8003,1,106,0,22.357629369747254
23099_7955,1,106,0,22.38510250505971
22951_7850,1,103,0,22.420604727950042
22845_7847,1,103,0,22.424382659735787
22875_7982,2,103,0,22.4434934196635
23005_8029,1,106,0,22.462068262586413
22990_7898,2,101,0,22.471138191166524
22867_7982,2,103,3,22.47915849152759
23019_7984,1,103,0,22.48003616296002
22953_7874,1,106,0,22.49805831832832
22880_7941,1,106,0,22.519472495942775
23061_7911,1,106,0,22.523804621625516
22939_7977,2,106,0,22.54254188267026
23012_7963,2,101,0,22.56504919294861
22973_7958,2,101,4,22.567448679084084
22950_7944,1,106,0,22.576983932101353
22911_8035,1,106,0,22.577259438104797
22857_7881,1,106,0,22.582991903974374
23033_7912,1,106,0,22.58618947694031
23100_7976,1,106,0,22.600376678419963
22994_8060,1,104,0,22.611782490702154
22832_7855,1,106,0,22.61508954438677
23009_7967,2,103,0,22.622790629297302
22892_8012,3,103,0,22.635838519529752
22912_8062,1,106,0,22.640501464611088
22973_7938,1,106,0,22.641635917932824
23100_8015,1,106,0,22.645970959814278
23094_7903,1,106,0,22.65530109544846
22845_7877,1,106,0,22.672871077713875
23025_7928,1,103,0,22.673545212753165
23096_7866,1,106,0,22.691841964177552
23068_7911,1,101,0,22.696163455693274
22910_7853,1,103,0,22.69855332443876
23033_7955,2,101,4,22.70924345097347
23083_7860,1,103,0,22.72897843590532
22960_7909,1,103,0,22.729038451103918
22975_7875,1,103,0,22.739011366373944
23064_8032,1,106,0,22.759077498992063
22954_7882,1,106,0,22.768889108071356
22852_8064,1,106,0,22.773811346314655
23006_7904,1,106,0,22.800430201294038
23032_7917,1,106,0,22.80624793450584
22919_7846,1,104,0,22.8193660342452
23019_7995,1,106,3,22.837909716005623
23040_8029,1,106,0,22.86929165345407
22920_7981,1,106,0,22.880036000662322
22980_7924,1,106,0,22.886142530340287
22991_8001,1,105,0,22.888509529193556
22972_7891,1,103,0,22.901631526773865
22924_8018,1,106,0,22.907983149430493
22852_7909,1,103,0,22.918244045886134
22878_7894,1,106,0,22.929953429532425
23012_8044,1,105,0,22.9367299042347
23074_7931,1,103,0,22.94743655260475
23057_7949,1,105,0,22.948168125252952
22890_8062,1,106,0,22.950771298532725
22942_7976,1,103,0,22.95675367717954
23021_7855,1,106,0,22.98424308560261
22870_7913,1,106,0,23.011582140780643
22932_7875,1,103,0,23.0253642797845
22891_8028,1,101,0,23.04920898236594
22862_7889,1,106,0,23.063745861013665
22835_7853,1,106,0,23.101765165257028
23023_8021,1,106,0,23.105249281197043
22880_8013,2,103,0,23.11185907527776
22989_8070,1,104,0,23.1515750535116
22865_7868,2,103,0,23.170488372682936
22996_7902,1,103,0,23.17540771856389
22949_7925,1,106,0,23.21014691936962
22975_7836,1,103,0,23.218462425478556
22998_7934,1,103,0,23.264386497214012
22866_7997,1,103,0,23.269403643657338
22960_7992,2,101,0,23.294379399518213
22956_7838,1,103,0,23.307298090963442
22862_8049,2,103,0,23.315678322635836
22974_7870,1,107,0,23.338502399341387
23031_8029,1,103,0,23.35430079022193
22957_8029,1,106,0,23.357201548103813
22902_8050,1,106,0,23.38459372756125
22892_8028,1,101,0,23.39223077271155
23005_7906,1,106,0,23.399357412971405
22995_7973,2,103,0,23.412832682769512
22877_8021,1,106,0,23.416839821146013
22960_7954,1,106,0,23.443797984150212
23059_8045,1,105,0,23.44864109073548
22924_7988,2,103,0,23.45294997860337
23091_7982,1,106,0,23.49355141326143
22946_7885,1,105,0,23.538652337280336
22918_7910,1,103,0,23.545649817095057
22932_7952,1,106,0,23.54700272247589
22967_7869,1,106,0,23.556710499678253
23045_7964,1,106,0,23.634439958481597
23011_7872,2,103,4,23.646279678005754
23069_7853,1,106,0,23.65834029342576
23052_7953,1,103,0,23.6614670370339
22891_8056,1,106,0,23.668478256786365
23050_7984,1,105,0,23.678140403208673
23047_7985,1,105,0,23.6788332601916
23080_7972,1,106,0,23.67903959692599
22880_8016,2,103,0,23.69200405209427
23029_7890,1,105,0,23.708971616788563
23057_7946,2,103,0,23.712123985321703
22940_7862,1,106,0,23.71485827938149
23090_7884,1,105,0,23.720172592774432
22984_7955,1,106,0,23.769088595836458
23040_7879,1,106,0,23.796091549609233
22969_7962,1,106,0,23.872021291193498
22865_7964,3,103,0,23.87240058061859
22966_8050,1,105,0,23.882548436787808
22969_7859,1,106,0,23.888550850235344
23072_7839,1,106,0,23.894526252747156
22901_7843,2,104,0,23.919605200753423
22883_7983,1,106,0,23.971108408466076
23087_8008,1,106,0,23.99554599482059
23090_7896,1,106,0,24.00635965124605
23013_7977,1,106,0,24.01776193176666
22828_7877,1,106,0,24.026843431964963
22919_7939,1,101,0,24.03264731683073
23104_7948,2,101,0,24.04101485357399
22947_7989,1,103,0,24.041451246777847
22979_8042,1,106,0,24.065437817489048
23098_7966,1,103,0,24.07286847055478
22909_7917,2,103,0,24.07463273185092
23029_8002,1,103,0,24.09136485502962
23092_8061,2,103,0,24.093464176952146
22874_7982,2,103,0,24.11537837680432
22930_7860,1,103,0,24.12841275946849
23017_7925,1,103,0,24.133885385061625
23066_7901,1,106,0,24.155544963237137
22900_7840,3,103,0,24.15721909236351
22876_8031,2,106,0,24.169868017932185
22858_7888,1,106,0,24.17175007382076
23083_7961,1,105,0,24.20014377561707
22862_7912,1,106,0,24.20278192504815
22834_7880,1,103,0,24.210591321867255
23020_7999,1,106,0,24.213555711237092
23091_8008,1,106,0,24.26038304369014
23041_7926,1,106,0,24.270202178982537
22900_7843,1,101,0,24.290921989910665
23070_8024,1,106,0,24.302637072389697
23021_8033,1,103,0,24.313539856469394
22980_8040,1,106,0,24.317508238500675
22889_8054,1,106,0,24.32681000626761
23088_7851,1,103,0,24.32963154402064
23042_7841,1,106,0,24.336367046051446
23072_7917,1,103,0,24.340920832499183
22975_7840,1,103,0,24.366893862966105
22907_7841,2,104,0,24.36750799246918
22881_7982,1,106,0,24.373822691819758
22846_7875,1,106,0,24.393509905031163
22932_7966,2,106,0,24.419898913073528
22881_8021,1,103,0,24.419921756131046
23059_7959,1,105,0,24.424814434944192
23005_7921,1,106,0,24.46224460566455
22942_7975,1,103,0,24.46426994341872
23096_7870,1,106,0,24.46887878981735
23098_7960,2,103,0,24.476921924423195
22918_8029,2,106,0,24.488958032015397
22974_8064,2,103,0,24.556423396457202
23063_7932,2,101,0,24.576041834002606
22902_8047,1,106,0,24.609956385512284
23095_7919,1,106,0,24.62719610343268
22876_8041,2,103,0,24.684846355210592
22888_7882,1,105,0,24.706474206172796
22914_8052,1,105,0,24.752356963617352
22871_7866,1,106,0,24.755782000133756
22938_8047,2,105,0,24.797582297807438
23052_8006,1,107,0,24.810040779392914
23056_7957,1,105,0,24.83060576381075
23050_7873,1,106,0,24.843889938180485
22904_7840,1,104,0,24.859942154375346
22952_7971,1,106,0,24.885100788449474
22889_7908,1,106,0,24.900519706101214
22836_7855,1,106,0,24.93370473377848
23001_8047,1,105,0,24.938061968301565
23033_7954,2,101,4,24.96660694528773
23041_7954,1,103,0,24.989004141317242
23015_8056,1,103,0,25.007363045899528
23019_7891,2,103,0,25.019878151974986
22879_7934,1,106,0,25.09865322197283
22925_7843,2,103,0,25.10637896178142
22924_7881,1,106,0,25.144154533755124
22910_7860,1,106,0,25.168876513229375
22910_7946,1,106,0,25.182477136575088
22911_8032,1,106,0,25.21334966676686
22892_8002,2,103,0,25.23658162057859
23035_7952,2,101,4,25.239979247980443
22942_7892,1,103,0,25.251069311250017
22952_7931,1,103,0,25.280995457369244
23044_7935,1,106,0,25.308158604740665
23091_8005,1,103,0,25.311534213872847
23010_7924,1,103,0,25.339556528507206
22993_8040,1,103,0,25.350269127578162
22932_7888,1,103,0,25.362877486873796
22951_7926,1,106,0,25.37193011294809
22932_8066,1,106,0,25.41269505262858
22820_7839,1,106,0,25.424699518780336
23073_7962,1,105,0,25.472518583232514
22922_7954,1,106,0,25.47612163163694
22975_7985,1,101,0,25.517020667891888
22993_7870,1,106,0,25.52921123472526
23078_7837,1,106,0,25.54050514529241
22888_7838,1,104,3,25.670571591772262
22909_7836,1,104,0,25.72111506656358
22887_8045,1,106,0,25.739666091524434
22893_8009,1,106,0,25.775308974786594
22905_8040,1,106,0,25.789692920555733
22889_7939,1,106,0,25.820448007707277
22993_8058,1,104,0,25.84702342718845
22838_7975,1,103,0,25.85942912775147
23041_7925,1,106,0,25.861892389850514
23012_7874,2,103,0,25.892617137057087
22942_8012,1,106,0,25.897395456206052
22870_8002,3,103,0,25.905277912686895
22923_7966,1,106,0,25.905706615472674
22862_7923,1,103,0,25.943988811460247
23058_8046,1,106,0,25.969591196622112
22907_8015,2,106,0,26.041096610744432
22975_7956,2,101,0,26.042382670309326
22978_7901,1,106,0,26.045879463715757
23034_7953,2,101,4,26.05707006864051
22823_7858,1,103,0,26.069760866248842
22976_8019,1,103,0,26.091912502349278
23093_7903,1,106,0,26.170392161636222
22824_7870,1,103,0,26.19779226424864
22983_8008,1,106,0,26.20323763545671
23044_7938,1,106,0,26.20496801519839
22900_7844,1,103,0,26.207932774044167
22977_7891,1,103,0,26.223909137843638
23079_7928,2,103,0,26.22824569355333
22826_7878,1,106,0,26.244094862195833
22928_7863,2,103,0,26.272097989429625
23057_7944,1,107,0,26.297350599229052
23054_7926,1,105,0,26.307353737995008
22922_7916,1,105,0,26.309539702809737
22872_8049,1,106,0,26.31060406641171
22898_7836,1,104,0,26.334395457066496
23064_7963,1,105,3,26.343818315112767
22961_7957,1,106,0,26.34726665615208
22900_7922,2,103,0,26.35174460346546
22856_8069,2,106,0,26.358920815850855
22844_7922,1,103,0,26.36011515415311
22893_7837,2,104,0,26.36408290610984
22944_7920,1,106,0,26.376276588739906
22980_7920,1,106,0,26.383824216606474
23063_8066,1,106,3,26.40323984446387
22837_7847,1,106,0,26.404290785676636
22984_7928,1,103,0,26.409561007317276
23038_7851,1,106,0,26.43022277579523
23098_8065,1,105,0,26.430233648778852
22983_7934,2,103,0,26.482780584809525
22843_7845,1,101,0,26.490866985291156
22932_7878,1,103,0,26.49091678910178
23102_8012,1,106,0,26.492319253454422
22894_7952,1,106,0,26.509186593788723
23010_7877,1,105,0,26.52105642012535
23097_8044,1,106,0,26.525033071820804
22952_7927,1,106,0,26.525140846843406
22965_7887,1,103,0,26.557596753190325
22995_7999,1,105,0,26.571959795787198
22961_7937,1,106,0,26.57759883302247
22931_7877,1,103,0,26.60012428154538
23012_7988,1,106,0,26.600864847038153
22922_8001,2,103,0,26.60144961307897
22873_8049,1,106,0,26.635848049960327
22916_7889,2,105,0,26.645238422563267
22947_7852,1,105,0,26.672034866646822
23034_7910,1,106,0,26.68797462262361
22925_7932,1,103,0,26.692751558061346
23000_8047,1,103,0,26.69677627236693
23078_8014,1,103,0,26.69781283016943
22970_7887,1,103,0,26.707389617346188
22853_7860,1,106,0,26.711156288910114
23061_8057,1,106,0,26.8087651062143
22846_7895,1,106,0,26.80877500185546
22952_7865,1,106,0,26.8100808460525
23074_7848,1,103,0,26.826299163029073
22903_7997,2,101,0,26.828951466782964
23043_8012,1,103,0,26.833545628086235
23069_7910,2,101,0,26.842422991895575
23018_8056,2,103,0,26.85434748303504
22865_8043,2,101,0,26.891231651287157
22898_7838,2,104,0,26.93171142759211
22949_8063,1,106,0,26.936237803099225
23098_8039,1,106,0,26.94463436091614
22989_7902,2,101,4,26.946248282862744
22910_7846,2,103,3,26.985895905289944
22972_7844,1,103,0,26.988750413784928
22953_7961,1,101,0,27.00065320693782
22912_8040,1,106,0,27.026339880883953
22901_7982,1,106,0,27.02697852936688
22980_7896,1,103,0,27.034610033067352
22911_7836,1,104,0,27.035319942891142
23072_8054,2,103,0,27.04831503777427
22868_7878,1,105,0,27.049470786830266
22904_7838,2,104,0,27.079100580320418
22931_7903,1,103,0,27.103010443151295
22981_7922,1,106,0,27.11722710988441
23069_7858,1,103,0,27.12245618045959
22935_8051,1,106,0,27.127652726718573
23065_7845,1,106,0,27.143020028951465
23056_7882,1,105,0,27.174565247407035
23047_7956,1,106,0,27.17852255807284
23100_8017,1,106,0,27.179818558554615
22936_7886,1,106,0,27.18842629274004
22868_7968,1,106,0,27.19722214012305
22860_7875,1,106,0,27.20914887076234
23014_7925,1,103,0,27.209321926827222
22879_7937,1,106,0,27.22194075783292
22912_8016,1,106,0,27.223350380216118
23046_8056,1,106,0,27.24969155560028
22908_8013,1,106,0,27.254544766336334
23104_7847,1,106,0,27.295693225586458
23039_7965,1,106,0,27.304999212709262
23056_7988,1,103,0,27.312040394174517
23073_8019,1,105,0,27.315911144325767
22917_7966,1,107,0,27.424281297516288
22884_7950,1,106,0,27.448249092387005
22854_8062,1,106,0,27.481874473685888
22945_7926,1,106,0,27.546236805668702
22958_7877,2,103,0,27.549960708289778
23054_8040,1,106,0,27.580320363919082
22878_7893,2,103,0,27.589027879184034
23027_7864,1,106,0,27.594221695080716
23029_7989,1,103,0,27.643794091680732
23045_7969,1,103,0,27.65785607828218
22943_7855,1,103,0,27.75192650672592
23079_7911,1,106,0,27.754008374598115
22894_7856,2,103,0,27.762668793190905
23001_8040,1,106,0,27.77367490585938
22974_7939,2,105,0,27.778428057036937
22916_7912,1,105,0,27.7964080093479
23028_7888,1,105,0,27.812596725853737
22867_7969,1,106,0,27.82742080354496
23061_7913,1,101,0,27.834355083011104
23052_7879,1,106,0,27.842562635037496
22908_7852,1,103,0,27.885479608842928
23083_7999,1,106,0,27.915722234049262
22912_8048,1,103,0,27.936403421360154
22998_7963,2,101,0,27.97647205997711
23035_8000,1,106,0,27.98677781832174
22925_7841,1,105,0,28.0014055892392
22983_7941,1,105,0,28.020931956311184
23000_7942,1,106,0,28.06563974820937
22899_7868,1,106,0,28.072797246105672
22887_8068,1,106,0,28.08051659472084
22994_8043,1,103,0,28.084564719642437
22903_8040,1,103,0,28.087334699579667
22904_7939,1,106,0,28.108735416002798
23052_7924,1,105,0,28.110087234154925
22980_7902,1,103,0,28.124152112619353
22990_7930,1,107,0,28.132587488118247
22892_7859,2,106,0,28.152902900940788
22935_8049,1,106,0,28.157345181965415
23097_7876,2,103,0,28.176662083201617
22853_7885,1,105,0,28.2165680633399
22901_8002,2,103,0,28.26376483297939
23035_7953,2,101,4,28.27248128765415
22987_7856,1,106,0,28.27890562679055
22952_7891,1,103,0,28.2998584814557
23003_7943,1,106,0,28.32424583591745
22830_7854,1,106,0,28.339506190919717
22865_7965,1,107,0,28.35193494051822
22909_7838,2,104,0,28.35778843573664
22945_7927,1,106,0,28.37187572686219
22878_7938,1,106,0,28.380047644747812
22961_7989,2,103,0,28.390241036650252
23072_7851,1,106,4,28.392416488678382
23100_7977,1,106,0,28.438410995977335
22996_7954,1,105,0,28.509504052125187
22897_8070,2,103,0,28.55337235179169
22962_7910,1,103,0,28.571481119000616
23028_7865,1,106,0,28.63071370227228
23045_7886,1,105,0,28.670604445016448
22892_7870,1,106,0,28.674426849744957
22999_7936,1,103,0,28.712634986158776
23023_7859,1,106,0,28.716834108587737
22869_8034,1,106,0,28.720786955502124
22933_8059,1,106,0,28.722105006117392
22913_7846,1,104,0,28.734181910411785
22861_7865,1,106,0,28.73696123423599
23046_7971,1,103,0,28.740062140164575
23009_8047,1,105,0,28.7800187155454
23018_7916,1,106,0,28.78648069571969
22875_8069,1,106,0,28.79173584546793
23050_7954,1,103,0,28.841124635662062
23083_7981,1,106,0,28.84749332757788
22952_7894,1,106,0,28.88403041190609
23029_8001,1,103,0,28.926441575093925
22928_7861,2,103,0,28.962419846325087
22885_7917,1,106,0,28.96971885397336
22891_8018,1,106,0,29.003072864845183
23048_8042,1,106,0,29.028166566310023
23080_7965,1,105,0,29.041401872466043
23101_7910,1,103,0,29.064190430880483
22980_7937,2,105,0,29.06888293049292
23059_7987,1,106,0,29.084058446436174
23001_7891,2,103,0,29.11064612218413
22907_7837,3,104,0,29.12176539053451
23013_7974,1,106,0,29.176157087875687
22975_7945,1,106,0,29.179687962355636
23083_7837,1,103,0,29.19041138297641
22871_7906,1,106,0,29.1930415308613
22897_7837,1,104,0,29.194814771808616
22999_7942,1,106,0,29.19625239943352
22853_7884,1,106,0,29.20764196282225
23093_7852,1,103,0,29.23031245221116
22929_7842,1,105,3,29.247948395030765
23090_8005,1,103,0,29.283741673415186
22974_7843,2,103,0,29.284780328899984
22885_7918,1,106,0,29.321415442784566
22895_7842,1,101,0,29.35899677433981
22919_8043,1,106,0,29.376961498387256
22976_7906,1,106,0,29.39304559950276
23050_8033,1,106,0,29.42432747352803
22987_7932,1,103,0,29.431497345949758
22870_7950,1,106,0,29.438831419102783
22869_8039,2,101,0,29.446248073102886
23072_7919,1,103,0,29.452699134654043
23073_7852,1,106,0,29.48272397035183
22895_7838,2,104,0,29.508641793613624
22909_7921,2,103,0,29.535806826641682
22932_7925,1,105,0,29.57962774408322
22851_7891,2,105,0,29.584619489294834
23097_7894,1,103,0,29.596725606379405
23017_8022,1,105,0,29.64364636140077
22908_7836,3,104,0,29.688771934561874
23018_7926,1,103,0,29.698501684681922
23042_8013,2,101,3,29.71235896704978
22951_7866,1,106,0,29.727683573566875
22947_8028,1,106,0,29.738098793085257
23081_8012,1,103,0,29.744786417641485
22942_7914,1,103,0,29.752417798707338
22981_8011,1,106,0,29.75724469056985
23102_7936,1,106,0,29.764100809269607
22877_7997,1,106,0,29.789005274159845
22907_7843,2,104,0,29.825752239868702
22891_7890,1,105,0,29.833219251573524
22869_7853,2,106,0,29.8347762350401
23015_7925,1,103,0,29.835399842907034
23060_7959,1,105,0,29.89076410454417
22864_7868,1,103,0,29.90218346120722
22941_7976,2,103,0,29.918273419875863
22999_7937,1,103,0,29.930009047632645
23053_8068,1,106,0,29.93130125508029
22986_7944,1,105,0,29.964065578303742
23070_7913,1,103,0,29.986167217541425
23057_7997,2,105,0,30.011980606986754
22929_7863,1,107,0,30.037301653211443
22887_7885,1,106,0,30.04764677265822
22898_7882,1,106,0,30.04803181530446
22966_8008,1,106,0,30.122984772283676
23067_7913,1,103,0,30.1244014872092
23020_8065,2,103,4,30.16839444345654
23045_7909,2,101,0,30.18598028144188
22878_7919,1,103,0,30.201211004959315
22979_8033,1,103,0,30.214571630143343
23065_7994,2,105,0,30.223652425904895
23033_8027,1,107,0,30.23216208376597
22909_7865,1,106,0,30.28063505229319
23027_8057,1,106,0,30.302841209177828
22968_7860,1,106,0,30.33257783509246
23101_8055,1,106,0,30.378949651160795
22888_7884,1,106,0,30.387469841755422
23029_7901,1,106,0,30.390876244671077
22933_8032,1,106,0,30.43039038589589
22931_7897,1,103,0,30.449339402673964
22894_7838,2,104,0,30.454893498251828
22991_7872,1,103,0,30.4550637416596
22935_7907,1,105,0,30.474025916607918
23077_8022,1,105,0,30.52417490025654
22909_8045,1,103,0,30.531200774855947
22892_7954,1,101,0,30.539332079655104
23019_7993,1,106,0,30.55515711676187
22975_8062,1,106,0,30.557157314486144
22991_7931,2,101,3,30.56784741061662
23004_7914,1,106,0,30.588232681310586
23033_7959,1,103,0,30.601396276625252
22894_8028,1,103,0,30.620234231997706
22867_7998,2,103,0,30.648421475819287
22901_8063,1,106,0,30.672388242290612
23079_7893,1,105,0,30.74575207077358
22869_7945,1,106,0,30.778493687317816
23044_7934,1,106,0,30.79173167528649
23012_7967,2,103,0,30.805976265258575
22903_8048,1,106,0,30.83094363532202
23059_8020,1,103,0,30.878504000728245
22973_7928,1,106,0,30.896410825873875
23028_7936,1,106,0,30.916287121131674
22942_7958,1,106,0,30.973106022816264
22868_8042,1,106,0,31.001012984407364
22878_7906,1,103,0,31.031555907370045
23099_7944,1,107,0,31.044714492025985
23039_7955,1,107,0,31.057742147618946
23024_7930,1,103,0,31.05885531679705
22932_7974,2,106,0,31.062012419528845
23068_8018,1,103,0,31.096419250331614
22926_7842,2,101,0,31.104352217675128
23008_8047,1,105,0,31.131993479654973
22859_7937,1,106,0,31.159003783248284
22984_8062,1,106,0,31.189436066160297
22881_7844,1,106,0,31.193336202197035
22957_7934,1,106,0,31.208760400772494
23028_8049,1,106,0,31.285823774593073
22947_8062,2,107,0,31.29825585130421
23090_7893,2,103,0,31.35832789924402
23099_7957,1,106,0,31.422975519647377
22991_7916,2,103,0,31.443411739939275
22930_7928,1,103,0,31.556324960856855
23072_8017,1,103,0,31.603356543962317
22923_8000,1,107,0,31.633242037783074
22976_7891,1,103,0,31.676553408620943
22998_7865,1,105,0,31.707466518628955
23102_7851,1,106,0,31.71683704888302
22980_7995,1,106,0,31.725366108786698
23096_7868,1,106,0,31.743131103409056
22899_7867,2,103,0,31.805348387449385
23084_7957,1,105,0,31.901431456818326
23038_7996,1,106,0,31.9310904462831
23060_7935,1,103,0,31.93814327987506
23066_7904,1,106,0,31.97494381516189
23059_7998,2,105,0,32.08617812692688
22878_7998,1,106,3,32.1140923079464
23002_7943,1,103,3,32.14346034253954
22915_7990,1,103,0,32.17782067326861
23046_7970,1,103,0,32.193030265358274
23052_7875,1,106,0,32.19365211528231
22902_7982,1,106,0,32.19793830710654
23102_7981,2,103,0,32.28584264300713
22932_7962,2,101,0,32.28645880498811
23055_7940,1,101,0,32.33978190755048
23092_7968,1,106,0,32.34249027296477
22857_7925,1,103,0,32.383007666475564
23035_8039,1,106,0,32.38493822863136
22990_8036,1,103,0,32.4166088728179
23079_8068,2,103,0,32.44952646903726
23083_7853,1,103,0,32.53722437069646
22939_7897,1,103,0,32.56119737809716
23026_7957,1,103,0,32.564632522070006
22940_8031,1,106,0,32.5856498098883
23069_8024,1,106,0,32.58785961596191
23020_7995,1,106,0,32.591366049115415
22999_7887,1,107,0,32.613266768511174
22983_7944,2,101,3,32.62671333347611
22908_7843,1,104,0,32.637880121639604
22852_8066,1,106,0,32.66342104170594
22971_7844,1,103,0,32.6815927129524
22890_7997,1,106,0,32.68323184616673
23025_7950,1,106,0,32.69560665337412
23006_7877,1,105,0,32.70990522507189
22991_7881,1,106,0,32.75420982585154
22983_7945,1,106,0,32.78705291507187
22894_7901,1,106,3,32.824030594895206
22876_7906,2,103,0,32.84191776683504
22988_7932,2,101,0,32.85179243391376
23051_8008,2,103,0,32.87165000206244
22960_7941,1,106,0,32.93688227975074
22997_8001,1,105,0,32.946399866569294
23075_8016,1,103,0,32.99058827061232
22905_7841,1,104,0,32.99996184147394
23034_8025,1,103,0,33.00228177481882
22970_7869,1,106,0,33.03884477943915
22903_7944,1,106,0,33.03975621874121
23024_7878,1,105,0,33.041128216778155
22912_7838,1,104,0,33.090922804356694
22878_7944,1,106,0,33.10726747041828
22832_7868,1,106,0,33.124841465391505
22983_8004,1,106,0,33.13955894126435
22918_8043,1,106,0,33.186664302398924
22889_8018,2,106,0,33.22644590549232
23018_7852,1,106,0,33.24947472100507
22887_7840,1,104,0,33.271057857614736
22887_7839,1,104,0,33.2834860544431
23033_8026,1,103,0,33.309098840258216
22870_7884,1,101,0,33.32070389816229
23052_8007,2,103,0,33.42785460853535
22973_7877,1,106,0,33.47034094061321
22902_8011,1,107,0,33.497996214260276
22871_7910,1,106,0,33.50514314897515
23020_7877,1,105,0,33.512463996214805
22909_8066,1,103,0,33.52574028282813
23028_7968,1,106,0,33.59686864551366
23063_7886,1,105,0,33.61143080976372
22906_7842,1,104,0,33.64233308869397
22937_7867,1,106,0,33.66598904156021
22858_7936,1,106,0,33.67745577080442
22913_8048,1,103,0,33.68099359135138
22951_7914,1,106,0,33.72441509684031
22886_7886,1,105,0,33.72734443747118
23041_7964,1,103,0,33.74421222176191
23030_7976,1,105,0,33.7445052386279
23098_7957,1,103,0,33.84362510482148
23028_7904,1,106,0,33.91879797314424
22820_7840,1,106,0,33.986101336903715
23058_7936,1,105,0,34.02495819667017
22935_7909,1,105,0,34.048290313617905
22902_8048,1,106,0,34.06393689040829
22893_7937,1,106,0,34.09355278715252
22990_8064,1,104,0,34.1174640439704
23004_7957,1,103,0,34.1831344547441
23004_8047,1,105,0,34.20194529500894
22950_8033,1,107,0,34.2020391586654
22889_8051,1,106,0,34.20346602472445
22899_7978,1,106,0,34.21977134802874
23078_7903,1,106,0,34.22888287581129
23072_7916,1,103,0,34.243474370975505
22923_8042,1,106,0,34.25360431788053
22885_7843,1,106,0,34.27453587486244
22925_7982,1,106,0,34.276522371727886
23019_7898,2,101,0,34.28759763527594
23019_7899,1,101,0,34.338439382833
22985_7882,1,103,0,34.342888558090515
22895_7839,2,104,0,34.41949822214752
22991_7932,1,103,0,34.476038398960775
22941_7969,1,106,0,34.478165508381046
23054_7951,1,103,0,34.48549184362128
22867_8041,2,101,0,34.49588934079891
23044_7967,1,107,0,34.54834144097049
22970_8049,1,106,0,34.6028221946099
22936_7913,1,105,0,34.616095840013735
23085_8007,1,106,0,34.623346391711955
23017_7974,1,105,0,34.66298191267042
22949_7913,1,103,0,34.68238004057952
23021_8026,1,105,0,34.726358144581184
22959_7953,1,106,0,34.73955494987756
22912_7947,1,106,0,34.793203554539176
22940_7847,1,106,0,34.81584933100206
22949_8001,2,101,0,34.847180873733535
22985_8005,1,106,0,34.924110930082584
22967_7982,1,107,0,34.94290226442347
22993_7914,1,103,0,34.95218488488928
22865_8058,1,103,0,34.96294458635991
22895_7854,1,107,0,34.96500184358106
23044_7888,1,105,0,34.982187125198635
23064_7844,1,106,0,35.00219325039548
22980_7885,1,103,0,35.00368300543248
22957_7884,1,103,0,35.051020783615364
23065_7997,2,105,0,35.067609534088696
22962_7942,1,105,3,35.130456160406574
23026_7977,1,105,0,35.149322484220605
23057_7942,2,103,0,35.20435724757039
22933_7964,2,103,0,35.221569966188795
22953_7931,1,106,0,35.27476991893018
23096_8064,1,101,0,35.28779471419068
23050_7853,1,106,0,35.344447404256414
23026_7944,1,103,0,35.46714149701105
22821_7861,1,103,0,35.491149344982034
22973_7966,1,106,0,35.49480292455715
23036_8022,1,103,0,35.50394401925123
22947_8045,2,105,0,35.504362529857936
22926_7930,1,103,0,35.529922038046685
22837_7866,2,103,0,35.53883587828778
22983_7882,1,103,0,35.5424582011039
23074_7837,1,106,0,35.55498666287229
22986_8006,1,105,0,35.57608104299818
22902_8001,2,101,3,35.58570942571759
23020_7929,1,103,0,35.62060867145318
22901_7840,1,104,0,35.652271491462876
23086_7995,1,106,0,35.66545668057824
22899_7854,1,103,0,35.73437746199109
23019_7994,1,106,0,35.74303467011992
22901_8036,1,103,0,35.79941400367437
22966_7960,1,106,0,35.835288378863616
22902_8039,1,103,0,35.87284332654752
22998_7941,1,106,0,35.901817825402624
22931_7842,2,101,0,35.932509390029665
23068_7996,2,105,4,35.96501004327745
23019_8026,1,105,0,35.96519884510656
22977_7863,1,106,0,35.98797034148339
22909_7916,2,103,0,36.02045316290404
23045_7968,2,101,0,36.04696118680301
23029_7904,1,106,0,36.05458625961841
22936_7899,1,103,0,36.0682479587604
22924_7984,1,106,0,36.10223379693604
23002_8040,1,106,0,36.11597314888264
22924_7880,1,106,0,36.12157664677623
22903_7995,1,106,3,36.15493417693389
23042_7895,2,105,0,36.159178307521955
22886_7929,2,106,0,36.164563914129246
23103_8031,1,106,0,36.19627024294859
23054_8015,2,103,0,36.20698956151344
23024_8065,1,106,0,36.22344016399466
22942_8013,1,106,0,36.2266814639247
22901_7842,1,104,0,36.23714490437954
22871_7888,2,105,0,36.23719287803891
22952_7938,1,105,0,36.29924312358944
22960_7958,1,103,0,36.306997935530084
23012_7917,1,106,0,36.41124643685453
23011_8014,1,105,0,36.46128676271796
22983_7839,1,106,0,36.48059154599307
23027_7957,1,103,0,36.48437013581429
23029_8013,1,106,0,36.495991963117625
22943_7928,1,106,0,36.5023994358768
22920_7911,1,105,0,36.54615106236426
23096_7879,2,103,0,36.56769680671084
23061_7961,1,105,0,36.56789045661619
22921_7910,1,103,0,36.56985347440305
22904_7940,1,107,0,36.57878018223528
23058_7958,1,105,0,36.59516308648198
22891_7838,1,104,0,36.64350401883578
22973_8013,1,106,0,36.676183057090704
22985_8063,1,106,0,36.69364820407692
23043_7930,1,106,0,36.70613611108346
22866_8042,2,101,0,36.7353644314245
22899_7964,1,106,0,36.747139109858054
23076_7894,1,105,0,36.82007640998537
23102_7867,1,107,3,36.8308635506778
23020_7839,1,103,0,36.83254688785374
22953_7973,2,107,0,36.84019499455172
22930_7838,1,106,0,36.942235033712635
22907_7839,2,104,0,36.94609510475273
23102_8011,1,106,0,36.97804566893588
22972_7961,1,101,0,37.03219916016574
23066_7854,1,106,0,37.080886621058994
22886_8046,1,106,0,37.08546376348693
23053_7986,1,105,0,37.12098911360265
22925_7918,1,105,0,37.15105517908792
22942_7979,1,107,0,37.15195183262437
22845_7923,1,103,0,37.16636304124692
22961_7909,1,103,0,37.17042857667938
23097_7943,1,106,0,37.206513040073915
23070_7851,1,106,0,37.217104524532324
23006_7920,1,107,0,37.230352031838116
23072_8019,1,105,0,37.2659992401954
22900_8012,1,106,0,37.28945903595604
23038_7980,1,105,0,37.30572973600366
23001_7925,1,106,0,37.30786376152674
23032_7911,1,106,0,37.33671476204117
23004_8042,1,106,0,37.347781962740946
22972_7876,2,101,0,37.3610625558052
22913_7845,3,104,0,37.405833866338675
23096_8000,1,103,0,37.500959861776366
23100_7915,1,103,0,37.545382333427405
22903_8007,1,106,0,37.596885555429
23043_8013,2,101,0,37.68014140688099
23045_7947,1,106,0,37.68209680474571
23071_7855,1,103,0,37.68568636126721
22974_7892,1,103,0,37.762408477726915
22884_7840,1,104,0,37.7650364620526
22948_8025,1,103,0,37.79204410965365
23094_7889,1,103,0,37.80593504496483
22989_7880,1,103,0,37.807122824516306
23058_7959,1,105,0,37.8112347756087
22850_7923,1,103,0,37.86345758361374
22821_7865,1,103,0,37.879685449532715
22945_7886,1,105,0,37.91486653883372
23057_7958,1,105,0,37.96504746455437
23070_7909,2,106,0,37.970654218021885
22894_8012,1,106,0,38.00311259075548
22912_7982,3,106,0,38.005531868242294
23069_8025,1,106,0,38.02474690188259
23102_7904,1,106,0,38.059482996025174
23026_7935,1,106,0,38.07384816221998
23011_7878,2,103,0,38.10347617705502
22979_7916,1,106,0,38.104933018000345
22969_7963,2,103,0,38.123000691157365
23018_7838,2,103,0,38.13436543332099
22947_7925,1,106,0,38.137684314094585
22986_7860,1,106,3,38.151869804701796
22941_7888,1,106,0,38.174254020374796
22886_7977,1,106,0,38.176997425267395
23093_7930,1,106,0,38.178194416918494
22898_7839,3,104,0,38.21200746065022
22931_8020,1,106,0,38.27553356088295
22981_8001,1,106,0,38.298987935622726
23088_8044,1,105,0,38.300594204464254
22894_7836,2,104,0,38.37731871527754
23081_7899,1,101,0,38.464670913539635
22889_7996,1,106,0,38.48926150517046
22961_8041,1,106,0,38.50566398896274
22981_7882,1,103,0,38.50974194435055
22898_7888,1,107,0,38.542142069809735
23094_7847,1,106,0,38.56190341451478
22952_7912,1,103,0,38.62203589870362
23026_8018,1,106,0,38.64498890227576
23013_7917,1,106,0,38.65924302541978
22975_7838,1,103,0,38.731528383090655
22943_7838,1,106,0,38.84236360817538
22952_8026,1,106,0,38.84324956679523
22934_7923,1,103,0,38.848655805028386
22943_8064,2,101,0,38.86914091468406
22911_7857,1,106,0,38.89686319527572
23032_7929,1,107,0,38.897073343469344
22989_8051,1,105,0,38.90377653065929
22907_7836,3,104,0,38.933471678931326
22862_8051,2,103,0,39.101695350499874
22866_8043,2,101,0,39.14305099577861
23039_7877,1,106,0,39.189790928855366
23025_7935,1,106,0,39.21712709145882
22983_7981,1,105,0,39.299223924579586
22846_7922,1,103,0,39.32567268136912
23099_7871,2,103,0,39.332250552002115
23018_8018,1,106,0,39.417296445483146
22904_7924,2,106,0,39.42663303784124
22976_7983,1,101,0,39.561604685762255
23098_7855,1,106,0,39.59187392948771
22994_7901,1,106,0,39.601966632514056
22984_7862,1,106,0,39.60263395443892
22919_7910,1,105,0,39.606526752920054
22930_7902,1,103,0,39.62681001443157
22995_7860,1,105,0,39.63974382478144
23004_7917,1,106,0,39.70424383127028
23040_7960,1,103,0,39.75561707680687
22981_7928,1,106,0,39.7650693930743
22988_7910,2,101,0,39.784996157994605
22928_7842,2,101,0,39.823646104116214
23004_8029,1,106,0,39.82964088363845
22897_7888,1,105,0,39.85429752335247
22943_7993,2,101,0,39.864123910691
23089_8044,1,105,0,39.89546152458284
22989_7882,2,101,0,39.90664174224945
22925_7989,1,106,0,40.03718413579191
23079_7976,1,106,0,40.0440947448119
22989_8036,1,103,0,40.05044447017012
22994_7891,1,106,0,40.05797997627711
23032_7928,1,106,0,40.08402702724728
23045_7985,1,105,0,40.10420331232421
22906_7979,2,101,0,40.11078130614156
22868_7903,2,103,0,40.12601396645813
22985_7954,1,106,0,40.17401765395473
23025_8019,1,106,0,40.22227575623391
23019_8041,1,105,0,40.227837838442326
22959_8062,2,103,0,40.25172322378966
22912_7970,2,106,0,40.27337005668959
23092_7929,1,106,0,40.29104049126215
23027_7872,1,106,0,40.34325353345807
22919_8013,1,106,0,40.34821437439552
22944_7987,1,101,0,40.35449344919635
22967_7939,1,105,0,40.37249873489379
22980_8033,1,103,0,40.408409634503116
22924_7917,1,105,0,40.44495120467292
22975_7884,1,107,0,40.4848885104588
22948_7965,2,103,0,40.48848823077738
23025_7977,1,105,0,40.57942825654978
22902_7841,2,104,0,40.604587060702464
22992_7912,1,103,0,40.639056163146876
23039_7846,1,106,0,40.704736982124246
22864_7999,2,103,0,40.74687283896819
23073_7853,1,103,0,40.76528073583354
23057_7890,1,106,0,40.78402041393703
22978_8061,1,106,0,40.784840803245764
22955_8027,1,106,0,40.79663659453602
22880_7982,1,106,0,40.83064762476169
22877_7843,1,106,0,40.83082007737409
22910_7971,3,103,0,40.83347538063377
23015_7897,1,107,0,40.93940988265129
23070_7994,1,103,0,40.94225986636385
23029_7871,1,106,0,41.019157504033274
22894_8068,1,101,0,41.02862832744852
22843_7936,1,106,0,41.04076024091522
22898_7881,1,106,0,41.08768386643952
22860_7924,1,103,0,41.08956291020361
22929_7856,1,107,0,41.1034032639715
23090_7923,1,107,0,41.10930753017108
22979_7899,1,103,0,41.12287745177214
22909_7845,2,104,0,41.127557633832645
23090_7990,1,106,0,41.18061437258818
22910_7972,3,103,0,41.27725077578887
23009_7966,2,103,0,41.319545026533476
22914_7850,2,101,0,41.340546755351085
22886_8041,1,106,0,41.38493024683464
22911_8065,1,103,0,41.397504108548354
22864_7953,1,106,0,41.44739030116767
23040_8041,1,105,4,41.454048068075544
22993_7894,1,106,0,41.48564435710802
23033_7977,1,103,0,41.53629089452764
22920_7974,2,106,0,41.57967332586063
22924_7986,1,106,0,41.588417379993004
23073_7926,1,103,0,41.59323399312329
22909_7840,1,104,0,41.625450033044615
23088_7974,1,103,0,41.654924954028516
23019_7983,1,103,0,41.67499007678208
22979_8043,1,106,0,41.72454148515685
23016_8022,1,105,0,41.7393420815872
22964_7849,1,103,0,41.75157719379456
23000_8033,1,106,0,41.77725706864299
22952_7916,1,106,0,41.81478574645233
23090_7991,1,106,0,41.82578314092436
22946_7966,2,101,0,41.84182563525646
22867_8039,1,107,0,41.8741975505384
22915_7956,1,106,0,41.9272803178978
22933_8070,1,106,0,41.955528046048144
22969_7928,1,106,0,41.98338068601156
22960_8030,1,106,0,42.04054231407028
22953_7928,1,103,0,42.06195487069526
23078_7906,2,101,0,42.10655560005656
23081_8010,1,103,0,42.15955650343731
23075_7896,1,105,0,42.191610272391664
22845_7876,1,107,0,42.2054164567811
22942_7993,1,103,0,42.206282186225515
22892_8016,1,106,0,42.2404110618564
22938_8051,2,103,0,42.30409199851214
22919_7847,1,104,0,42.33216126658322
23055_7979,1,106,0,42.33305361113477
22909_7837,1,104,0,42.34853022702963
23007_7919,1,106,0,42.38284492991038
23066_8066,1,106,0,42.460105909299486
22986_7981,2,103,0,42.50379966813424
22892_8027,1,101,0,42.504066251065446
22931_7927,1,103,0,42.60136651464997
23065_7962,1,105,0,42.64297553078583
23005_8048,1,106,0,42.71830937863598
23021_7998,1,106,0,42.7367623000881
22862_7937,1,106,0,42.773364697103275
23017_7988,1,106,0,42.81255094739226
23103_8020,1,106,0,42.8238648653592
22896_7839,3,104,0,42.864086324572035
22860_7871,1,106,0,42.86970603304617
22954_7960,1,107,0,42.90128002594639
23042_7904,1,105,0,42.93186127789178
23102_7948,1,106,0,42.956464323746445
22985_8035,1,103,0,43.0136771297799
22983_7881,1,103,0,43.0390342662988
22935_8048,1,106,0,43.04413869007129
22903_8008,2,101,0,43.046691599621475
23019_8067,2,101,3,43.0732747633551
22854_8064,1,106,0,43.111864217367476
22941_7895,1,103,0,43.11673815489508
22853_8060,1,106,0,43.119792380253045
23006_8070,1,104,0,43.135919529966124
22892_7949,1,106,0,43.18679216824136
22866_8059,1,103,0,43.1958243241298
22920_7940,2,107,0,43.23948315839666
23055_7948,1,103,0,43.33088365923597
22982_7979,1,106,0,43.41331215918859
22940_7978,2,101,0,43.457483852920355
23011_8012,1,105,0,43.492837070549626
23021_8036,2,103,0,43.55824105978204
23098_8052,1,105,0,43.61718987463475
22900_7836,1,104,0,43.61744172898099
23082_7841,1,103,0,43.62163129935435
22941_7847,2,101,0,43.70457375915065
22903_7837,3,102,0,43.70606747591395
22998_8046,1,105,0,43.77248675039937
23100_7919,1,103,0,43.7733456443615
22922_7844,1,104,0,43.79815038749449
23004_8030,1,106,0,43.82586838381374
23091_7881,2,101,0,43.87126884307432
23050_7924,1,105,0,43.87736455069294
23012_7983,1,105,3,43.89197821770869
22887_8005,1,106,0,44.06741063221263
22907_7842,1,104,0,44.08294071367604
23067_7841,1,106,0,44.139766422746284
23041_7901,1,105,0,44.225919604692336
22985_7849,1,106,0,44.244458681447234
23008_8050,1,103,0,44.31281916844513
22930_7956,1,106,0,44.4112495883314
23079_7897,1,106,0,44.424375711177824
23098_7965,1,103,0,44.51713661958164
23021_7946,1,106,0,44.539980339241374
23037_7997,1,106,0,44.54999694029878
22900_8003,1,106,0,44.58703506271039
23095_8003,1,103,0,44.62059494332403
22980_8061,1,106,0,44.69751010662387
22987_8064,1,104,0,44.740257027814216
22920_8043,1,106,0,44.82115035551673
22912_7837,2,104,0,44.82962483340394
22855_7870,1,106,0,44.87031716665425
23024_7977,1,105,0,44.887231569711666
23085_7919,1,106,0,44.92194987288187
23056_7948,1,103,0,44.97334876888722
22924_7837,1,104,0,45.00188192344783
23017_7934,1,106,0,45.20645059924878
22957_7873,1,101,0,45.224995679351615
22912_7969,1,107,0,45.2509750187906
23066_7846,1,106,0,45.304321738831305
22939_7887,1,106,0,45.34383916368904
22976_7865,1,106,0,45.38884541121517
22981_8000,1,106,0,45.48604631646857
22920_8049,1,105,0,45.513150134180805
22846_7877,1,105,0,45.52594467033692
22995_8051,1,105,0,45.55503284738702
23103_7865,2,103,0,45.56661071743773
22910_7836,3,104,0,45.69421083668612
23076_7964,1,105,0,45.75431126097358
23100_7870,2,101,0,45.800686374795
22995_8043,1,103,0,45.84959300480346
22908_7837,2,104,0,45.92149036472204
23101_8017,1,106,0,45.929387502550654
23094_7931,1,106,0,45.99594118677162
23049_8010,1,101,0,46.000354015613546
22892_8055,2,101,4,46.03036470950943
22867_8040,2,101,0,46.05414954370907
22914_8036,1,106,0,46.08872040984291
23070_7898,1,106,0,46.08887898874106
23084_8031,1,105,0,46.098283484125474
22970_7891,1,103,0,46.19878971114193
23068_7910,2,101,0,46.23691137752479
23031_7932,1,106,0,46.344314676894854
23022_7967,1,106,0,46.41425098262174
23013_7975,1,106,0,46.43234014633653
23002_7923,1,106,0,46.46884377227023
23059_7891,1,106,0,46.48986241865083
23052_8005,2,103,0,46.5236861584878
22997_7864,1,107,0,46.57523979644576
22903_7996,1,106,0,46.61758037523791
23098_7967,1,103,0,46.65842927230994
22996_7977,1,103,0,46.65849778144828
23066_7996,2,105,0,46.71827733219862
22954_7932,1,106,0,46.72602457292665
23050_8008,1,107,0,46.75269370248965
23066_8027,1,106,0,46.76033018800339
23033_7967,1,106,0,46.78113273406507
22895_7855,2,103,0,46.907315739311144
23055_8016,1,106,0,46.9234399564598
22956_7907,1,103,0,46.94482668629258
22889_7906,1,106,0,46.97347850376163
22868_7946,1,106,0,47.04726894757271
22983_8009,1,106,0,47.08042395389719
23043_7966,1,107,0,47.10185447114604
22840_7886,1,103,0,47.12276317555049
23021_7933,1,106,0,47.13952662533692
22883_8015,2,105,0,47.14546072709055
23089_7923,2,101,0,47.209161747422655
23039_7995,1,106,0,47.22317219020979
23005_8010,1,105,0,47.237546193981345
22908_7866,1,106,0,47.29236663358169
23021_7877,1,105,0,47.31725910571821
23048_7910,1,105,0,47.31830667281651
23023_7977,1,105,0,47.366014799324
22934_7922,1,103,0,47.36755091497019
22922_7838,3,103,0,47.40594315401042
22854_7861,2,101,0,47.498851530054736
22872_7889,1,107,0,47.50170610777884
23042_7906,1,106,0,47.58130972498087
22899_8034,1,103,0,47.601974736283324
22976_7890,1,103,0,47.65256946738708
22936_8052,1,106,0,47.71235419183601
22909_7866,1,106,0,47.779898010835375
22982_7927,1,107,0,47.84203185186831
23092_7880,1,106,0,47.96275444409785
22898_8070,2,103,0,48.07071844598681
23031_7965,1,103,0,48.07408408679657
22938_7847,1,105,0,48.168128509415645
23025_7959,1,103,0,48.20322531729219
22887_7923,1,106,0,48.22107614902018
22898_7880,1,106,0,48.24766866674566
22967_7883,1,103,0,48.33200832014589
22867_7872,1,107,0,48.35766406276437
23019_7927,1,103,0,48.42692018450326
23005_7922,1,103,0,48.48277465788387
22990_7883,1,106,0,48.498820737099486
23083_7890,1,105,0,48.56670396727196
22975_7839,1,103,0,48.57499121962736
22983_8033,2,103,0,48.65771245020692
22989_7853,1,106,0,48.715559017394625
23009_7968,1,106,0,48.75987422058637
23104_8030,1,106,0,48.83453221185053
23070_7998,1,103,0,48.88469659458152
23033_7911,1,106,0,48.896629775744564
23038_8018,1,103,0,48.9103627123659
23100_8064,2,103,3,48.91813920501161
22843_7922,1,103,0,48.944306569768536
23023_7878,1,105,0,48.99495110957743
22980_8012,1,107,0,49.000102921104734
22899_7853,1,103,0,49.03050036651821
23094_7963,1,106,0,49.095265669803666
23102_8016,1,106,0,49.11997581725969
22911_7924,1,106,0,49.12881830127797
23050_7985,1,105,0,49.1812696384169
22886_8019,2,103,0,49.22185779680079
23041_7837,1,106,0,49.23704056957859
22999_7882,1,103,0,49.237135502795425
22822_7841,1,106,0,49.254868704199694
22887_8006,3,103,0,49.35711276640244
22952_8044,2,103,0,49.410652998144734
22948_8026,1,106,0,49.44139119493717
22971_7933,1,106,0,49.44505641388205
22821_7864,1,103,0,49.50038947918891
23099_7904,1,106,0,49.51699531785839
22924_7889,1,106,0,49.538220986801136
23057_8051,1,106,0,49.55506370328606
22871_7850,2,106,0,49.575051379035195
22988_8006,1,105,0,49.5904899227033
23040_7989,1,106,0,49.65958734799414
22972_7959,2,101,4,49.69096095513164
22995_8069,1,104,0,49.71084887668269
22845_7846,1,107,0,49.714981365935735
22992_7901,1,106,0,49.728976207987955
22973_7864,1,106,0,49.73485880525508
22914_7910,1,103,0,49.76235863243412
22887_7884,1,106,0,49.82940520660285
22971_8050,1,105,0,49.88714215705684
22952_7941,2,103,0,49.97959317027493
23066_8028,1,106,0,50.032489137369936
22924_7982,1,106,0,50.12902592940261
23021_8061,2,101,0,50.14986226190177
22894_7953,2,103,3,50.172644053603804
23030_7974,1,105,0,50.251295555352485
22927_7899,1,103,0,50.2518950501406
22955_7933,1,106,0,50.298687113105906
23075_8020,1,105,0,50.37484276792415
22921_7844,2,104,0,50.443812851936336
23087_8043,1,105,0,50.4981776005838
22923_7969,1,106,0,50.504897949564146
23081_8009,1,103,0,50.523779046662625
22993_7874,1,106,0,50.5920530981849
23028_8038,2,105,0,50.63923066128714
23051_7897,1,103,0,50.655525632880085
23047_8012,2,101,0,50.668705725772526
23027_7975,1,105,0,50.69779503354466
23024_7874,1,106,0,50.70282480790958
22860_8067,1,103,0,50.70752550107769
23095_8001,1,103,0,50.71602260607635
23067_7996,2,105,4,50.7507988415951
23003_7922,1,103,0,50.78061270627438
22999_7938,1,103,0,50.78942404936826
22933_8058,1,106,0,51.00927780391969
23098_7919,1,106,0,51.07556624257632
22897_8001,1,106,0,51.10117230253507
22909_7841,1,104,0,51.11366495954166
23102_7850,1,106,0,51.148030597994335
22953_7909,1,103,0,51.148604717332844
22856_7870,1,106,0,51.14885921483348
22887_8042,1,106,0,51.23621899830837
22896_7840,1,104,0,51.27867665806029
22834_7890,1,106,0,51.29607917840997
22922_7909,1,105,0,51.30331565292159
23052_8003,2,101,0,51.33200161439464
23100_8063,1,105,0,51.360955695699026
22856_7869,2,101,0,51.52139287581103
23015_7933,1,106,0,51.62009505683066
23021_7934,1,106,0,51.70767464732427
22874_7925,1,103,0,51.73291962014671
23028_8001,1,103,0,51.771961052953
22821_7862,1,103,0,51.8138805245216
23019_8068,2,103,0,51.88134340736261
23037_7875,1,106,0,51.88345512650046
23044_7951,2,101,0,51.90428132503411
22904_7978,1,101,0,51.9491437634199
22867_7967,1,106,0,51.96742140944107
23071_8070,1,106,0,51.98154638346279
22932_8069,1,103,0,51.989728688829366
22960_7934,1,106,0,52.03095230753067
22983_7838,1,106,0,52.09824606726719
23057_7987,1,106,0,52.12777011579845
22888_8046,1,106,0,52.29784564356401
22958_7883,1,103,0,52.3310792986434
22973_8012,2,106,0,52.41177704294375
23076_8021,1,105,0,52.4443315567404
23013_7987,1,106,0,52.51338391353715
23066_7931,1,103,0,52.56844232441839
23037_7909,1,106,0,52.66457021214411
22984_7942,1,105,0,52.676077401977345
23020_7935,1,106,0,52.72346521857352
22886_8020,1,103,0,52.81719387901165
23087_7913,1,106,0,52.82308266388167
22938_7989,2,103,0,52.90399320267879
23070_7962,1,105,0,52.94712711482244
22906_7911,1,103,0,52.97144817077733
23090_7883,1,107,0,52.99469764366619
23094_8008,1,106,0,53.007890500307845
23073_7994,1,103,0,53.05260252817485
22859_8068,1,103,0,53.105095293286915
22893_7840,1,104,0,53.2468395514187
23098_7893,1,103,0,53.29371056121307
22903_7836,1,102,0,53.330461755311696
22935_7966,2,103,0,53.343314100003
23044_7889,1,105,0,53.347580998880446
22977_7972,2,101,0,53.35675866290165
22988_7855,2,103,0,53.4430251542239
23083_7915,1,106,0,53.48020162525766
23071_7838,1,106,0,53.56548451122704
22949_8021,2,103,3,53.59221985672298
22998_7886,2,103,4,53.71788778734112
23093_7920,1,106,0,53.768982955259084
22906_8014,2,103,0,53.79082606597226
23050_8037,1,106,0,53.808467881460516
22992_8070,1,104,0,53.828873475046294
22853_7938,1,106,0,53.85266353176505
23097_7891,1,103,0,53.904582001314765
22948_7997,2,106,0,53.96167807557822
22923_8016,1,106,0,54.05104850151477
23062_7963,1,105,0,54.05627146347465
22923_8068,1,106,0,54.242287564375765
23004_7871,1,105,0,54.294236536079566
22959_8068,1,106,0,54.31742860357709
22958_7935,1,106,0,54.406052513708794
22899_7979,1,106,0,54.44544688782539
22923_7916,1,105,0,54.50282416350136
22941_7978,2,106,0,54.531559935518324
22903_8018,1,106,0,54.55681149077514
22956_7908,1,103,0,54.59896589180081
22946_8045,2,107,0,54.620296648388766
22970_8023,1,106,0,54.808485745894586
23030_7957,2,101,3,54.81770320587359
22938_7866,1,106,0,54.860627144603384
22969_7890,1,103,0,54.945451631610226
23030_7962,1,103,0,54.988982606837894
22914_7849,2,101,3,55.02589685656071
23059_8042,1,105,0,55.121976883699965
22893_8064,2,103,0,55.19323849742401
23070_7914,2,101,0,55.22589059678732
22889_7839,1,104,0,55.34801566376275
23015_7898,1,103,0,55.402739515610904
22923_7839,3,103,0,55.46388105034013
22994_7873,1,106,0,55.51455924914651
22894_7837,1,104,0,55.656814731427545
22956_7837,1,103,0,55.70262424394499
23081_7837,1,106,0,55.710008308971034
23101_7978,1,106,0,55.858771872271916
23082_7914,1,106,0,55.860104695339
22957_7908,1,106,0,55.91740485249321
23038_7965,1,106,0,55.96074581702265
23081_7963,1,105,0,56.00505283124776
22979_7914,1,106,0,56.105566981866296
23009_7939,1,106,0,56.143113741018034
22899_7846,2,103,0,56.15212528433791
22886_7885,1,105,3,56.239633188364415
23011_7964,1,107,0,56.37886078507218
22924_7987,1,106,0,56.48923288640051
22928_8023,1,106,0,56.502591053066794
22963_7849,1,103,0,56.533256293934635
23098_7968,1,103,0,56.554015896889496
22894_8026,1,103,0,56.55829855587205
23033_8009,1,106,0,56.84853511592985
22935_7912,1,105,0,56.89125505962394
23101_7943,1,101,0,57.03884686380179
23039_7848,1,106,0,57.271020737582184
23086_8035,1,105,0,57.33202703681733
22954_7959,2,103,0,57.33260943177556
23071_8055,2,103,0,57.337015311080464
23092_7928,2,101,0,57.36351613255431
23095_8064,1,101,0,57.46856077959078
23053_7925,1,105,0,57.6241038710747
22962_7989,1,103,0,57.69391827008888
22900_7905,1,103,0,57.76632903522864
22912_7847,1,104,0,57.799560049822595
22890_7890,1,105,0,57.820553989827395
23068_7930,1,103,0,57.961354177110174
22978_8030,1,103,0,57.97266018628337
22969_8053,1,105,3,58.03075784254857
23001_8060,1,106,0,58.09701386358998
22942_8065,1,101,0,58.133173271725624
22954_7850,1,103,0,58.34212104397912
23097_7935,1,106,0,58.362695675448855
22903_7885,2,103,4,58.412468563488034
23090_7973,1,106,0,58.47241383250689
22865_7959,3,106,0,58.51453404493718
22916_7948,1,106,0,58.55190466271446
22981_7942,1,106,0,58.55603918478307
22892_8053,1,106,0,58.60519322982913
22931_7885,1,103,0,58.640196530182564
23065_8030,1,106,0,58.77505044823783
22873_7906,1,106,0,58.8742180891474
23079_7905,1,107,0,58.9045075346707
22989_7883,1,106,0,58.97321547688186
23040_7964,1,106,0,59.0223920639867
23059_8061,2,103,0,59.0953159765297
23041_7842,1,106,0,59.13279658860085
22933_7887,1,103,0,59.40689691033952
23010_7969,1,107,0,59.45606639598131
22929_8051,1,105,0,59.49093776091294
22826_7873,1,103,0,59.5032060949627
23052_7979,1,106,0,59.70504500321939
23088_7914,1,106,0,59.756893590672114
23074_7913,2,103,0,59.766862802763995
22903_7978,2,101,0,59.79292071277528
22989_7889,1,101,0,59.97663026968221
23036_8040,1,105,0,59.99384975154703
23100_7943,2,101,0,60.025756193402344
22989_8068,1,104,0,60.03752576875493
23037_7921,1,106,0,60.168298627293055
22954_7907,1,103,0,60.207029978872846
22930_7955,2,101,0,60.22144913827322
22831_7879,1,103,0,60.2571568365136
23103_7866,2,103,0,60.36883735997119
23009_7890,1,103,0,60.418314074544334
22985_8003,1,105,0,60.5601876545014
23038_8017,1,103,0,60.607558024863
22984_7868,1,106,0,60.77352463438832
22834_7870,1,106,0,60.827873323870364
23001_8061,1,106,0,60.87614342344635
23088_7923,1,106,0,60.89743454914919
22857_7936,1,106,0,60.941325552765775
22866_7895,1,106,0,60.99617602800158
22906_7844,3,103,0,60.99642250897867
22966_7873,2,101,0,61.19087655762223
23019_8058,1,101,0,61.262371708679375
22956_7934,1,106,0,61.27001251703159
22895_8001,3,103,0,61.381810324052225
22906_7841,3,104,0,61.396425086527664
23040_7961,2,101,0,61.44735240230108
22900_7845,1,107,0,61.47147581631615
22867_8042,1,107,0,61.537191661573736
22850_8059,1,106,0,61.58560775690734
22904_7994,1,107,0,61.69378453069596
23103_7987,2,103,0,61.785198043565664
23078_7894,1,105,0,61.8140372989763
23027_7958,2,101,0,61.8536545213836
22992_8035,1,103,0,61.86763668389415
22929_7858,1,101,0,61.96164991985707
22960_7875,2,103,0,61.97360813461552
22931_7953,1,103,0,62.064108001445774
23014_8018,1,105,0,62.09977828921388
22868_7997,1,106,0,62.15546525537785
23024_8033,1,103,0,62.16186670156857
22965_8003,1,106,0,62.33934365767364
23060_7902,1,103,0,62.46825198870529
22885_7957,1,103,0,62.72159265091137
22885_7920,1,106,0,62.72187285719046
22929_7855,1,101,0,62.723162167721185
23020_7892,1,103,0,62.78194005508491
22927_7879,1,106,0,62.79391994791385
23096_7934,1,107,0,62.839169241766996
23091_7899,1,106,0,62.84165233052081
23069_7999,1,103,0,62.85888564457703
22961_8044,1,105,0,62.87672660233257
22953_7850,1,101,0,62.924579488580065
22962_7873,1,106,0,62.93947563951495
23023_7964,1,106,0,62.957985728395386
23013_7923,1,103,0,63.04357816855707
23103_7920,1,103,0,63.06901690547066
22991_7879,1,106,0,63.12471705320235
22862_7891,1,106,0,63.177465215998176
23021_8037,2,103,0,63.297716436315
22924_7836,1,104,0,63.356615996210216
22899_8001,2,103,0,63.49130530725564
22995_7932,1,106,0,63.51427308978586
22888_8043,1,106,0,63.56295283852824
22885_7841,1,104,3,64.0143009270799
22943_7995,2,103,3,64.02677828666181
23057_7934,1,105,0,64.04314074276336
22969_7875,1,106,0,64.0607685691667
23038_7837,1,103,0,64.24453906894693
22987_7854,2,105,0,64.2843182466947
22891_7857,1,107,3,64.40260371655431
22934_7966,2,101,0,64.44853915393291
22922_7907,1,103,4,64.62717093478828
23097_8065,1,106,0,64.81410467031698
22901_7836,1,104,0,64.93329022200864
22919_7848,2,104,0,64.99865171962912
22941_7993,1,107,0,65.11408241947318
23100_8010,1,106,0,65.14498292726779
23011_7963,1,107,0,65.4870630100538
22904_7982,3,101,0,65.53686263365275
22904_7979,1,101,0,65.62294132988423
23062_7909,1,106,0,65.66047574695753
23083_7901,1,106,0,65.7535262941841
22946_7993,2,103,0,65.81974867149972
22993_7872,1,101,0,65.8992814305406
22952_7961,2,101,0,65.9211576533709
23100_7973,1,103,0,65.95394008574127
23062_7838,1,106,0,65.97428431875157
23103_7948,1,106,0,66.07639539935602
23028_7956,1,103,0,66.21349885819673
22980_8058,2,101,0,66.37845067372373
22955_8021,1,106,0,66.51366094280317
23102_7868,2,103,0,66.54720675632649
22969_7860,1,106,0,66.55800049071046
22917_7846,1,104,0,66.67346518088715
22975_8015,1,106,0,66.67969431258275
22953_7997,1,107,0,66.7048107277792
22895_8039,1,106,0,66.76223152813738
22959_7908,1,103,0,66.88389462676004
23000_7941,1,103,0,66.93095756041156
22975_7888,1,103,0,66.9555796467809
22950_7850,1,103,0,66.97418316040078
22978_7863,1,106,0,67.00399942434109
22937_7916,1,105,0,67.01292770992066
22903_7886,1,105,0,67.01344576339156
22846_7847,2,103,0,67.2717335450317
23034_7959,1,103,0,67.27653499716722
22934_7925,1,107,0,67.28732193748371
22924_7841,2,103,0,67.32262114071023
22933_7880,1,103,0,67.55330527741923
22973_8051,1,105,0,67.60603593423465
23065_7905,1,106,0,67.75854034478071
23061_7838,1,106,0,67.82821321008767
22974_8051,2,101,0,67.87279323984612
22930_8019,1,106,0,67.9065031705631
23037_7967,1,106,3,68.07070625332048
23058_7890,1,106,0,68.07083780712318
22859_7910,1,103,0,68.09649668017502
23095_7851,1,103,0,68.3630663924406
22913_7970,2,106,0,68.43987888015614
23095_7932,2,101,0,68.51728160382608
22926_7878,1,106,0,68.78753601573104
22897_7840,1,104,0,68.80104425869715
22884_7846,2,105,0,68.82246434980163
23047_7910,2,101,4,68.89993080630272
22865_7890,2,105,0,68.94893487325507
23085_8035,1,105,0,69.0451414174585
23011_7923,1,103,0,69.16594242884929
22892_8050,1,106,0,69.20460507327965
22892_8051,1,106,0,69.32060779083442
23070_7929,2,101,0,69.34894252846402
22854_7924,1,103,0,69.42246978258103
22890_7836,2,101,0,69.55370685420186
22889_7838,1,104,0,69.5830792840291
22988_7881,1,101,0,69.71999650488999
22907_7872,1,106,0,69.84321631894707
23040_7958,2,101,0,69.97638152566977
22946_7946,1,106,0,70.02137172431719
23042_7881,1,106,0,70.16230846845747
22983_7943,1,107,0,70.43106473988472
22917_7979,2,101,0,70.73105901894672
22947_7997,2,101,0,70.76176964209867
22983_8059,1,105,0,70.86648766291205
23040_8028,1,106,0,70.90978177050971
22911_7847,1,103,0,70.93159140439036
23068_7841,1,106,0,70.98107420517078
22884_7843,2,105,0,71.05949566988649
23038_7966,1,106,0,71.13165645495057
23005_7887,2,103,0,71.28552531995162
23072_7924,1,103,0,71.36027550555463
22886_7959,1,106,0,71.79089664281877
22896_7838,3,104,0,72.02822576309019
22964_7848,2,101,0,72.18146390216515
22933_7965,1,101,0,72.39829484556967
22878_7943,1,106,0,72.41853503682769
22908_7840,1,104,0,72.42811962881115
22928_7862,1,106,0,72.50919289715064
22942_8011,1,107,0,72.76929200410318
23090_7924,2,101,0,72.7865309909037
22869_7904,1,106,0,72.79366633630926
22903_7840,5,104,0,72.92007752377746
23034_7873,1,106,0,73.29872421741632
22893_8027,2,101,0,73.34494117522102
22899_7966,1,106,0,73.38931258693135
22855_7923,1,103,0,73.40739110540662
22904_7923,2,106,0,73.55188563427647
22977_7864,1,106,0,73.72098975986877
22875_8035,2,103,0,73.83236996888779
23048_7851,1,106,0,74.0226505022356
23035_8002,1,106,0,74.30431700172613
22932_7871,1,106,0,74.35030868233619
22943_7987,2,101,0,74.49489583559492
22993_7876,1,107,0,74.64928919327303
22853_8071,1,106,0,74.70928410157603
22967_7972,2,103,0,74.79278986239254
23095_8063,1,107,0,74.84113938944037
22912_7930,2,103,0,74.84128714989552
23023_7963,1,103,0,74.98365267854301
23030_7914,1,106,0,75.02238269876267
22895_7900,1,106,0,75.0698325322359
22868_7872,1,106,0,75.14525670767932
22911_8011,1,107,0,75.38794558999844
22973_7939,2,105,3,75.43339999592065
22981_7883,1,103,0,75.4570650647625
23102_7846,1,106,0,75.54952954860154
23025_7960,2,101,3,75.60136282582101
22942_7987,5,103,0,75.6578042622737
23034_7908,1,106,0,75.74296035513657
22938_8009,1,106,0,75.80486253087133
23093_7888,1,103,0,75.91621807993218
22958_7908,1,103,0,75.97647806153351
23008_7890,1,106,0,75.99227863133629
22916_8032,1,106,0,76.23910839394507
23052_7952,1,103,0,76.45347718570392
22958_7873,2,103,0,76.81399834472582
22976_8053,1,105,0,77.11476934515605
23049_8011,1,103,0,77.1541514204798
22921_7838,3,101,0,77.2340599056753
23050_7852,1,106,0,77.25388728915793
22969_8021,1,106,0,77.65518711370301
22904_7985,2,101,0,77.766032672861
23097_8064,1,101,0,77.77360172214375
22972_7928,1,106,0,77.77956438834931
22905_7842,2,104,0,78.30855471763944
22975_8052,1,105,0,78.34788826031529
22896_7837,1,104,0,78.57821226264448
22973_8061,1,106,0,78.61182331513555
23017_7917,1,106,0,78.7852588692364
22875_7906,2,103,3,79.1759258148987
23036_7874,1,106,0,79.31558536986573
22928_7951,2,101,0,79.4680413740747
23034_7909,1,106,0,79.7804479227842
22969_7970,2,101,4,79.80727553705616
22921_7911,1,105,0,80.05244951201182
22896_7947,2,103,0,80.0851051558247
22986_7882,1,103,0,80.1065416534644
22900_7853,1,103,0,80.13212326419684
23087_8068,1,106,0,80.24322210598372
22897_7838,3,104,0,80.38172416106052
23069_8001,1,103,0,80.70707222295388
22883_8010,2,103,0,80.85846634065324
22912_7851,2,103,0,81.07900283083772
23096_8009,1,106,0,81.15271355945083
22925_7848,2,103,3,81.3108525044917
23030_7969,1,106,0,81.39045521309089
22961_7944,1,106,0,81.42661759006053
23026_7873,1,106,0,81.48130238428466
22876_8036,2,103,0,81.5201751515592
23021_7857,1,106,0,81.54718691257837
22947_7990,1,103,0,81.60649534656184
22905_7980,1,101,0,81.91792718293466
22898_7963,1,106,0,82.03167645430322
22954_7908,1,103,0,82.14203790822059
23028_7957,1,103,0,82.4161393817942
23027_7969,1,106,0,82.50877962773464
22888_7890,1,107,0,82.6072518597203
23101_7869,2,101,0,82.60917462925185
22952_7850,1,103,0,82.73278250425241
23008_8008,1,105,0,82.87033171382664
23025_8001,1,106,0,82.93783899589339
23006_7950,1,103,0,82.95224682956938
22992_7876,1,106,0,83.14000581880777
22922_7980,1,106,0,83.16753005946362
22902_7999,2,101,0,83.42470040379283
23017_8024,1,105,0,83.69349188987775
22926_8052,1,105,0,83.7110555146347
22857_7883,1,105,0,83.76091732394619
23098_7873,1,106,0,83.82786202991839
23011_7880,2,103,0,84.07526333066075
23039_7993,1,106,0,84.08535124045439
22900_8002,2,103,0,84.26752370318832
22912_7928,2,103,0,84.3489091270544
22974_8062,1,106,0,84.51132866108327
22965_7873,1,106,0,85.14121839061703
22874_7881,2,103,0,85.21956433685183
22833_7871,1,107,0,85.27756038393044
22892_8052,1,106,0,85.36507447414108
22916_7971,3,106,0,85.58624250087848
22985_7942,2,101,0,85.70433710457299
22952_7925,1,106,0,86.05793039738776
22902_7885,1,105,0,86.08732351923688
23056_7996,2,105,0,86.24135642164288
22905_7838,3,104,0,86.54565572729886
22897_7839,3,104,0,86.71334412472059
23098_7959,1,106,0,86.71921743632488
23065_7995,2,105,0,86.8296733610332
22831_7866,1,106,0,86.93550465934483
22955_7907,1,103,0,87.05134414744265
23072_7838,1,106,0,87.25120770126975
22951_8023,4,101,0,87.70531251526553
22897_7884,1,106,0,87.72878991534029
23039_8015,2,101,0,88.05205349948098
22832_7891,2,106,0,88.2892671755334
23040_7878,1,106,0,88.43942841764425
22978_7862,1,106,0,88.46579672505614
23029_7975,1,105,0,88.65997211271508
23044_7985,1,105,0,88.70916577506802
23067_7930,2,101,0,88.85090687832523
23026_7970,1,106,0,88.96976910438252
22953_8062,1,107,0,89.04405989413739
22908_8044,1,103,0,89.2051872197472
22912_8070,1,103,0,89.85232556140491
22911_7925,2,107,0,89.8877879673923
23087_7922,1,106,0,90.49283305334711
22902_7836,3,104,0,90.54219040763066
23071_7922,1,103,0,91.12666530030344
23039_7837,1,106,0,91.2378501461425
23069_7930,1,103,0,91.35304189960526
22988_7869,1,106,0,91.45252007505367
22965_8007,1,106,0,91.52920676878723
23041_7962,1,103,0,92.16367895110258
22915_7968,1,106,3,92.19353031573043
23052_8002,2,101,0,92.40080291087037
22979_7975,1,106,0,92.92525720844345
22938_7865,1,106,0,93.07849839459107
23087_8069,3,101,0,93.4856398821501
22877_7891,1,103,0,93.60796633213074
22902_7998,1,106,0,94.09769463293635
22885_7978,1,106,0,94.10929435651907
22960_8047,1,106,0,94.11923114049958
22875_7925,2,106,0,94.3992754843912
22996_7978,1,103,0,94.52520186215555
22909_7839,1,104,0,94.63058079063053
22911_7946,1,106,2,94.65968511387963
22990_7912,1,103,0,94.87397466536524
22941_7971,1,106,0,95.13057529908124
22948_7964,1,106,0,95.40923654441727
23005_8051,1,103,0,95.4290163050107
23072_7925,1,103,0,95.77508049271431
22990_7852,1,106,0,95.8780584653608
23091_7897,1,106,0,96.55430888519868
22922_7911,1,105,0,97.57790388789955
23091_7926,1,106,0,98.48427104326885
23009_8008,1,105,0,98.50187481143485
22888_7883,1,106,0,99.07885510981922
23017_7837,1,107,0,99.41310000883917
22866_7951,1,106,0,99.49010106447273
22842_7843,1,103,0,99.8454177204576
23012_7918,1,106,0,100.0561621077185
22929_7857,1,101,0,100.61116882959641
23049_7977,1,103,0,100.8061931761292
22961_7873,2,101,0,101.64576565193553
23043_7906,1,106,0,101.78449618452306
22949_7851,1,103,0,101.79061083516612
22847_7922,1,103,0,101.8835970683175
23058_7937,1,103,0,101.92442042463847
22975_7892,1,103,0,102.1731143141895
23057_7889,1,106,0,102.59548921428551
22869_7889,1,107,0,102.85440438010981
22955_7961,2,103,3,103.14446627486133
22976_7984,1,101,0,103.40798307449684
22912_7978,1,103,0,103.62967722027209
22910_7922,1,106,0,103.67359652375819
22927_7842,1,106,0,103.89665056898956
22903_7991,1,106,0,103.90083626916427
22984_7981,1,105,0,104.43052294303698
22955_8020,1,106,0,105.04685091929444
22983_7980,1,105,0,105.34116781247576
22902_7840,2,104,0,106.16488036269133
22983_7862,1,106,0,106.23203934170681
23039_7954,1,103,0,106.77142496387131
22970_7844,1,103,0,108.00648003657554
23100_7974,1,103,0,108.79096337395012
23022_7964,1,103,0,109.19402246963848
22989_7912,1,103,0,109.35741485206543
22968_7962,1,106,0,109.64663209201967
22899_8070,2,103,0,109.79981454688863
22985_7872,1,106,0,110.0462692091044
22910_8011,1,107,0,110.061992860519
23020_8058,1,101,0,110.06669533362347
22896_8018,1,106,0,110.59433723991714
23012_7985,1,106,0,110.59950438154732
22953_8012,1,101,0,110.72650853980142
22902_7952,2,103,0,111.39346438400197
22974_8014,1,106,0,111.4119353691453
23084_7917,1,106,0,112.03334011994981
23084_7918,1,106,0,112.27077388085532
22974_8061,1,106,0,112.32996980077729
22865_7879,2,101,0,112.59879568625544
23050_7911,1,105,0,112.85355733431504
22922_7968,2,106,0,112.93091285400017
23062_7933,2,101,0,113.01282166300497
22898_7879,1,106,0,113.86612122269906
23078_7904,1,106,0,114.66952601684461
22874_8069,1,106,0,115.0888925619416
22937_8042,1,106,0,116.16826739671627
23096_7880,1,105,0,116.20743082796811
22925_7844,2,103,0,116.27038158523507
22874_7924,1,106,0,116.30478434531952
22927_7890,1,106,0,116.90504110468255
22942_7969,2,101,0,117.06815684275239
22968_8009,1,106,0,117.12024526055366
22949_8064,2,103,0,117.22996857989394
22868_8039,1,106,0,118.58200980220852
22963_7959,2,103,0,120.46138026392076
23053_7985,1,105,0,120.72117707205032
22913_7931,1,107,0,121.16344838281626
22874_8068,1,106,0,121.81801015272974
22947_7870,2,101,0,122.03418128252395
22879_7981,1,106,0,122.08941936882754
22945_8045,1,107,0,122.52506867733459
22964_8002,1,106,0,122.97730605080078
22990_7857,1,105,0,123.44959825412874
23030_7963,1,103,0,124.13909867267894
22943_7969,2,101,0,124.23282896572434
23060_7934,2,101,0,125.08851942734465
22979_7981,2,103,0,125.21969686934716
22897_7885,1,106,0,125.4273802482527
22883_7979,1,106,0,126.51867207211252
23021_7856,1,106,0,126.7886063350721
22935_8047,2,105,0,126.8762166820905
22946_7925,1,106,0,128.16870383475825
22904_7977,2,101,0,128.89544794625968
23030_7975,1,105,3,129.75260480542255
23041_7902,2,101,0,130.49851671953004
23031_7898,1,107,0,131.84154353935585
22991_7884,1,106,3,132.02956242677914
22902_8002,2,101,0,132.1569451305164
23054_7986,1,105,0,132.29183292918654
22914_7932,2,101,0,132.892238033553
22905_7981,2,103,0,134.44318915658187
23029_7900,1,106,0,134.74088117052383
22887_8046,1,106,0,135.67438437265906
22948_7871,2,101,0,136.24480360048298
22926_7989,1,106,0,136.81112191766118
22875_7923,1,103,0,137.9734888445934
22992_7874,2,103,0,139.5071151936048
22942_7980,1,107,0,140.2638067794282
23056_7995,2,105,0,140.4067067216203
23018_7975,1,103,0,144.13549534702844
23048_7850,1,106,0,144.45395609338206
22963_7942,1,105,0,146.46136336623292
22842_7855,1,107,0,147.7957683185091
22909_7927,2,101,0,147.8652479408174
22983_8034,1,106,0,148.8096717144473
22887_7886,1,106,0,151.72578794193626
22971_8062,2,103,0,152.5010033339699
22897_7883,2,101,0,155.09554059824825
22901_8004,1,106,0,155.4969024925934
22902_7989,1,106,0,156.0417429413751
22906_8001,2,103,0,156.07775414301446
23040_8015,1,103,0,156.1520395631784
22945_7967,1,103,0,159.9071215276032
22915_7947,2,103,0,160.60689303288495
23099_7972,1,103,0,163.6044001432899
22918_7846,1,104,0,165.75791884213803
22896_8067,1,101,0,165.94963295616856
22978_7973,2,101,0,166.20981840918992
22946_7851,1,105,0,168.54464524278407
22882_7982,2,101,0,169.6767418375283
23103_8062,3,101,0,171.54849180072955
23015_7842,1,106,0,172.7100340954894
22949_8022,1,106,0,173.06727620728924
22997_7885,2,101,0,177.29459405428565
23083_7852,1,107,0,179.614705205695
22967_7968,2,103,0,182.76762573186875
22965_7960,2,103,4,183.31560846580695
22953_7912,1,106,0,187.62017057461202
23010_7891,1,103,0,187.85322848641025
22966_7847,1,103,0,192.54299715953246
23024_7961,1,103,0,193.33982964962883
22906_7884,1,105,0,193.35518521154623
22855_7863,2,101,0,195.12776205675354
22969_7845,1,103,0,201.33518343138118
23004_7964,2,101,0,209.61639989284305
22903_7994,1,106,0,261.4267439410863
23069_7998,1,103,0,267.0595562277895
