date,station_id,station_name,lat,lon,avg_temp,min_temp,max_temp,precipitation,snowfall,humidity
2024-08-18,JB01,전주,35.8242,127.148,17.19,11.87,22.52,0.0,0.0,38.49
2024-08-19,JB01,전주,35.8242,127.148,16.38,11.74,21.02,0.0,0.0,57.83
2024-08-20,JB01,전주,35.8242,127.148,17.28,11.81,22.74,0.0,0.0,58.66
2024-08-21,JB01,전주,35.8242,127.148,21.84,16.83,26.86,10.46,0.0,75.15
2024-08-22,JB01,전주,35.8242,127.148,18.83,14.53,23.13,0.0,0.0,70.23
2024-08-23,JB01,전주,35.8242,127.148,18.39,14.36,22.42,12.01,0.0,71.74
2024-08-24,JB01,전주,35.8242,127.148,19.6,12.75,26.46,0.0,0.0,52.88
2024-08-25,JB01,전주,35.8242,127.148,16.42,11.24,21.6,6.67,0.0,55.09
2024-08-26,JB01,전주,35.8242,127.148,19.74,14.42,25.06,0.0,0.0,46.29
2024-08-27,JB01,전주,35.8242,127.148,19.28,15.52,23.05,0.0,0.0,59.17
2024-08-28,JB01,전주,35.8242,127.148,18.3,12.85,23.76,13.53,0.0,71.71
2024-08-29,JB01,전주,35.8242,127.148,19.09,16.2,21.99,0.0,0.0,53.3
2024-08-30,JB01,전주,35.8242,127.148,15.84,11.65,20.04,2.79,0.0,43.41
2024-08-31,JB01,전주,35.8242,127.148,16.37,11.69,21.05,0.0,0.0,65.11
2024-09-01,JB01,전주,35.8242,127.148,18.87,14.75,22.99,0.0,0.0,66.58
2024-09-02,JB01,전주,35.8242,127.148,16.3,13.2,19.4,0.0,0.0,48.81
2024-09-03,JB01,전주,35.8242,127.148,17.74,13.09,22.4,0.0,0.0,53.73
2024-09-04,JB01,전주,35.8242,127.148,16.72,11.53,21.91,0.0,0.0,62.57
2024-09-05,JB01,전주,35.8242,127.148,14.54,10.44,18.64,1.73,0.0,54.69
2024-09-06,JB01,전주,35.8242,127.148,15.95,10.92,20.97,0.0,0.0,64.65
2024-09-07,JB01,전주,35.8242,127.148,15.47,11.43,19.5,0.0,0.0,41.13
2024-09-08,JB01,전주,35.8242,127.148,12.01,8.97,15.06,0.0,0.0,62.0
2024-09-09,JB01,전주,35.8242,127.148,13.1,9.01,17.18,0.0,0.0,54.44
2024-09-10,JB01,전주,35.8242,127.148,16.82,13.35,20.3,0.0,0.0,48.5
2024-09-11,JB01,전주,35.8242,127.148,14.02,8.6,19.45,0.0,0.0,62.34
2024-09-12,JB01,전주,35.8242,127.148,15.19,11.34,19.03,0.0,0.0,58.72
2024-09-13,JB01,전주,35.8242,127.148,13.13,8.37,17.88,0.0,0.0,74.02
2024-09-14,JB01,전주,35.8242,127.148,13.6,10.23,16.98,0.0,0.0,60.2
2024-09-15,JB01,전주,35.8242,127.148,17.22,11.8,22.64,23.83,0.0,70.67
2024-09-16,JB01,전주,35.8242,127.148,11.51,7.44,15.58,0.0,0.0,64.35
2024-09-17,JB01,전주,35.8242,127.148,12.98,10.1,15.86,0.0,0.0,61.14
2024-09-18,JB01,전주,35.8242,127.148,15.3,8.61,22.0,0.0,0.0,62.14
2024-09-19,JB01,전주,35.8242,127.148,10.69,8.54,12.85,0.0,0.0,49.87
2024-09-20,JB01,전주,35.8242,127.148,11.85,8.02,15.68,18.13,0.0,70.92
2024-09-21,JB01,전주,35.8242,127.148,10.14,7.48,12.79,0.0,0.0,57.46
2024-09-22,JB01,전주,35.8242,127.148,16.64,12.0,21.29,4.41,0.0,51.87
2024-09-23,JB01,전주,35.8242,127.148,10.43,3.59,17.28,0.0,0.0,66.38
2024-09-24,JB01,전주,35.8242,127.148,9.78,4.26,15.31,0.0,0.0,56.43
2024-09-25,JB01,전주,35.8242,127.148,11.63,7.85,15.41,4.64,0.0,48.93
2024-09-26,JB01,전주,35.8242,127.148,11.92,5.68,18.16,0.0,0.0,56.81
2024-09-27,JB01,전주,35.8242,127.148,11.97,6.03,17.9,0.0,0.0,53.89
2024-09-28,JB01,전주,35.8242,127.148,13.71,8.74,18.68,0.0,0.0,59.83
2024-09-29,JB01,전주,35.8242,127.148,7.9,4.9,10.89,28.15,0.0,76.68
2024-09-30,JB01,전주,35.8242,127.148,14.12,10.84,17.4,0.0,0.0,64.43
2024-10-01,JB01,전주,35.8242,127.148,9.44,4.95,13.94,10.18,0.0,67.05
2024-10-02,JB01,전주,35.8242,127.148,11.71,9.47,13.96,0.0,0.0,49.57
2024-10-03,JB01,전주,35.8242,127.148,7.02,3.49,10.56,0.0,0.0,67.16
2024-10-04,JB01,전주,35.8242,127.148,6.54,2.01,11.08,11.58,0.0,63.99
2024-10-05,JB01,전주,35.8242,127.148,11.91,6.82,17.01,0.0,0.0,56.45
2024-10-06,JB01,전주,35.8242,127.148,7.62,3.36,11.87,0.0,0.0,59.77
2024-10-07,JB01,전주,35.8242,127.148,6.47,1.87,11.07,0.0,0.0,83.17
2024-10-08,JB01,전주,35.8242,127.148,13.36,9.8,16.92,0.0,0.0,43.37
2024-10-09,JB01,전주,35.8242,127.148,7.22,2.37,12.07,3.34,0.0,39.2
2024-10-10,JB01,전주,35.8242,127.148,8.03,4.7,11.36,0.0,0.0,80.11
2024-10-11,JB01,전주,35.8242,127.148,6.94,3.4,10.47,0.0,0.0,40.42
2024-10-12,JB01,전주,35.8242,127.148,4.47,-2.37,11.31,0.0,0.0,47.03
2024-10-13,JB01,전주,35.8242,127.148,12.19,4.49,19.88,5.11,0.0,79.37
2024-10-14,JB01,전주,35.8242,127.148,5.2,0.97,9.43,0.0,0.0,62.35
2024-10-15,JB01,전주,35.8242,127.148,6.46,2.1,10.81,5.87,0.0,65.02
2024-10-16,JB01,전주,35.8242,127.148,5.82,0.8,10.84,0.0,0.0,59.55
2024-10-17,JB01,전주,35.8242,127.148,7.79,3.23,12.35,0.0,0.0,50.78
2024-10-18,JB01,전주,35.8242,127.148,7.5,3.11,11.89,0.0,0.0,73.73
2024-10-19,JB01,전주,35.8242,127.148,7.46,3.8,11.12,0.0,0.0,60.61
2024-10-20,JB01,전주,35.8242,127.148,3.66,-2.15,9.47,11.5,0.0,76.48
2024-10-21,JB01,전주,35.8242,127.148,7.22,3.95,10.5,0.0,0.0,60.64
2024-10-22,JB01,전주,35.8242,127.148,6.06,1.88,10.24,5.79,0.0,77.35
2024-10-23,JB01,전주,35.8242,127.148,-0.42,-4.66,3.82,0.0,0.0,60.96
2024-10-24,JB01,전주,35.8242,127.148,4.65,2.08,7.22,0.0,0.0,75.27
2024-10-25,JB01,전주,35.8242,127.148,1.67,-3.78,7.12,0.0,0.0,57.39
2024-10-26,JB01,전주,35.8242,127.148,2.63,-1.5,6.76,0.0,0.0,63.83
2024-10-27,JB01,전주,35.8242,127.148,9.13,3.33,14.92,0.0,0.0,75.44
2024-10-28,JB01,전주,35.8242,127.148,5.84,0.43,11.25,0.0,0.0,58.67
2024-10-29,JB01,전주,35.8242,127.148,2.92,-2.66,8.51,0.0,0.0,65.82
2024-10-30,JB01,전주,35.8242,127.148,3.96,-1.83,9.75,29.88,0.0,66.18
2024-10-31,JB01,전주,35.8242,127.148,4.07,0.86,7.28,0.0,0.0,73.11
2024-11-01,JB01,전주,35.8242,127.148,5.59,1.85,9.32,0.0,0.0,58.33
2024-11-02,JB01,전주,35.8242,127.148,0.96,-2.8,4.72,0.0,0.0,51.48
2024-11-03,JB01,전주,35.8242,127.148,6.48,1.31,11.65,0.0,0.0,61.04
2024-11-04,JB01,전주,35.8242,127.148,3.71,-1.25,8.66,0.0,0.0,37.37
2024-11-05,JB01,전주,35.8242,127.148,1.95,-3.2,7.1,24.03,0.0,85.69
2024-11-06,JB01,전주,35.8242,127.148,1.83,-3.56,7.23,0.0,0.0,60.33
2024-11-07,JB01,전주,35.8242,127.148,3.6,-1.2,8.4,0.0,0.0,56.52
2024-11-08,JB01,전주,35.8242,127.148,2.51,-2.41,7.43,0.0,0.0,47.41
2024-11-09,JB01,전주,35.8242,127.148,2.42,-3.71,8.55,0.0,0.0,49.78
2024-11-10,JB01,전주,35.8242,127.148,3.05,-2.38,8.48,0.0,0.0,71.29
2024-11-11,JB01,전주,35.8242,127.148,4.47,-0.96,9.89,40.1,0.0,70.05
2024-11-12,JB01,전주,35.8242,127.148,6.11,2.12,10.11,21.5,0.0,62.68
2024-11-13,JB01,전주,35.8242,127.148,-1.73,-5.35,1.9,0.0,0.0,63.24
2024-11-14,JB01,전주,35.8242,127.148,2.63,-0.31,5.58,0.0,0.0,58.54
2024-11-15,JB01,전주,35.8242,127.148,0.7,-4.31,5.7,8.51,0.0,67.1
2024-11-16,JB01,전주,35.8242,127.148,2.97,-0.76,6.69,8.98,0.0,61.25
2024-11-17,JB01,전주,35.8242,127.148,2.81,-1.4,7.02,15.21,0.0,57.21
2024-11-18,JB01,전주,35.8242,127.148,-2.13,-4.13,-0.13,14.3,0.0,71.42
2024-11-19,JB01,전주,35.8242,127.148,3.91,-2.05,9.87,3.17,0.0,59.56
2024-11-20,JB01,전주,35.8242,127.148,4.42,-0.18,9.02,0.0,0.0,52.06
2024-11-21,JB01,전주,35.8242,127.148,-2.5,-6.03,1.02,0.0,0.0,66.04
2024-11-22,JB01,전주,35.8242,127.148,5.06,2.08,8.04,2.19,0.0,58.44
2024-11-23,JB01,전주,35.8242,127.148,-3.58,-9.1,1.94,4.23,0.0,54.84
2024-11-24,JB01,전주,35.8242,127.148,1.73,-2.56,6.02,0.0,0.0,61.62
2024-11-25,JB01,전주,35.8242,127.148,3.76,-0.36,7.89,0.0,0.0,68.67
2024-11-26,JB01,전주,35.8242,127.148,-0.31,-6.03,5.42,6.56,0.0,82.76
2024-11-27,JB01,전주,35.8242,127.148,5.37,0.8,9.95,0.0,0.0,68.76
2024-11-28,JB01,전주,35.8242,127.148,-1.74,-6.61,3.12,0.0,0.0,61.14
2024-11-29,JB01,전주,35.8242,127.148,-1.81,-4.56,0.94,0.0,0.0,46.83
2024-11-30,JB01,전주,35.8242,127.148,-1.0,-5.18,3.18,0.0,0.0,69.06
2024-12-01,JB01,전주,35.8242,127.148,-2.3,-7.18,2.59,0.0,0.0,59.85
2024-12-02,JB01,전주,35.8242,127.148,1.41,-2.71,5.54,0.0,0.0,58.06
2024-12-03,JB01,전주,35.8242,127.148,6.08,1.34,10.83,0.0,0.0,58.92
2024-12-04,JB01,전주,35.8242,127.148,1.16,-3.27,5.6,0.0,0.0,62.3
2024-12-05,JB01,전주,35.8242,127.148,-2.35,-7.58,2.88,0.0,0.69,54.91
2024-12-06,JB01,전주,35.8242,127.148,1.87,-0.62,4.36,22.3,0.0,60.82
2024-12-07,JB01,전주,35.8242,127.148,-7.56,-11.46,-3.65,0.0,0.0,52.4
2024-12-08,JB01,전주,35.8242,127.148,0.61,-2.17,3.39,0.0,0.0,57.14
2024-12-09,JB01,전주,35.8242,127.148,1.33,-3.55,6.21,3.51,0.0,51.11
2024-12-10,JB01,전주,35.8242,127.148,-2.75,-8.72,3.22,22.91,1.09,91.97
2024-12-11,JB01,전주,35.8242,127.148,-1.54,-5.0,1.93,0.0,0.08,52.61
2024-12-12,JB01,전주,35.8242,127.148,2.04,0.04,4.04,0.71,0.0,56.77
2024-12-13,JB01,전주,35.8242,127.148,-1.37,-5.7,2.95,2.29,0.0,63.68
2024-12-14,JB01,전주,35.8242,127.148,0.53,-4.29,5.36,0.0,0.0,54.93
2024-12-15,JB01,전주,35.8242,127.148,-2.65,-6.01,0.71,0.0,0.0,52.86
2024-12-16,JB01,전주,35.8242,127.148,-3.01,-7.43,1.42,0.0,0.0,50.34
2024-12-17,JB01,전주,35.8242,127.148,1.26,-4.06,6.57,3.67,0.0,46.46
2024-12-18,JB01,전주,35.8242,127.148,-1.09,-5.88,3.7,0.0,0.0,43.45
2024-12-19,JB01,전주,35.8242,127.148,2.26,-3.62,8.13,0.0,0.0,33.9
2024-12-20,JB01,전주,35.8242,127.148,-3.74,-7.92,0.43,0.0,4.81,49.63
2024-12-21,JB01,전주,35.8242,127.148,-0.42,-6.69,5.86,0.0,0.0,76.21
2024-12-22,JB01,전주,35.8242,127.148,-4.96,-8.05,-1.86,0.0,0.0,66.13
2024-12-23,JB01,전주,35.8242,127.148,-0.42,-2.97,2.13,0.0,0.0,70.74
2024-12-24,JB01,전주,35.8242,127.148,-2.51,-6.31,1.29,0.0,0.0,62.48
2024-12-25,JB01,전주,35.8242,127.148,-5.04,-10.14,0.05,9.3,0.0,57.37
2024-12-26,JB01,전주,35.8242,127.148,-4.07,-9.36,1.21,3.85,0.0,61.4
2024-12-27,JB01,전주,35.8242,127.148,-0.34,-4.16,3.48,4.24,0.0,50.98
2024-12-28,JB01,전주,35.8242,127.148,-6.76,-13.03,-0.49,0.0,0.0,38.63
2024-12-29,JB01,전주,35.8242,127.148,-1.7,-5.88,2.49,0.0,0.0,63.8
2024-12-30,JB01,전주,35.8242,127.148,0.33,-2.53,3.18,0.0,0.0,59.72
2024-12-31,JB01,전주,35.8242,127.148,-1.72,-6.06,2.63,0.0,0.0,45.29
2025-01-01,JB01,전주,35.8242,127.148,-5.06,-9.74,-0.37,0.0,0.0,56.26
2025-01-02,JB01,전주,35.8242,127.148,3.13,-0.16,6.42,0.0,0.31,70.13
2025-01-03,JB01,전주,35.8242,127.148,-1.62,-4.26,1.02,0.0,0.0,54.58
2025-01-04,JB01,전주,35.8242,127.148,-1.0,-3.62,1.63,0.0,0.0,52.77
2025-01-05,JB01,전주,35.8242,127.148,-6.92,-12.28,-1.55,0.0,0.0,44.83
2025-01-06,JB01,전주,35.8242,127.148,1.29,-3.6,6.17,0.0,0.0,62.2
2025-01-07,JB01,전주,35.8242,127.148,0.26,-4.05,4.58,0.0,0.0,70.52
2025-01-08,JB01,전주,35.8242,127.148,-1.87,-5.89,2.15,0.0,0.0,72.98
2025-01-09,JB01,전주,35.8242,127.148,-1.66,-5.69,2.37,0.0,0.0,67.52
2025-01-10,JB01,전주,35.8242,127.148,-5.91,-9.5,-2.31,0.12,0.0,56.08
2025-01-11,JB01,전주,35.8242,127.148,2.23,-2.0,6.46,7.06,0.0,54.54
2025-01-12,JB01,전주,35.8242,127.148,0.97,-3.29,5.23,0.0,1.87,57.88
2025-01-13,JB01,전주,35.8242,127.148,-0.81,-3.97,2.36,0.0,0.0,54.49
2025-01-14,JB01,전주,35.8242,127.148,-2.68,-7.07,1.71,0.0,0.0,43.03
2025-01-15,JB01,전주,35.8242,127.148,-2.36,-8.47,3.74,0.0,0.0,46.6
2025-01-16,JB01,전주,35.8242,127.148,-2.75,-7.75,2.24,12.18,0.0,69.32
2025-01-17,JB01,전주,35.8242,127.148,1.88,-3.5,7.27,0.15,0.0,47.92
2025-01-18,JB01,전주,35.8242,127.148,-4.36,-8.97,0.25,0.0,0.0,63.16
2025-01-19,JB01,전주,35.8242,127.148,-0.69,-4.21,2.82,0.0,0.0,47.85
2025-01-20,JB01,전주,35.8242,127.148,5.21,-1.25,11.67,0.0,0.0,66.55
2025-01-21,JB01,전주,35.8242,127.148,1.93,-3.06,6.91,0.0,0.0,65.4
2025-01-22,JB01,전주,35.8242,127.148,2.02,-2.85,6.9,0.0,0.49,74.82
2025-01-23,JB01,전주,35.8242,127.148,4.75,-1.24,10.75,0.0,0.0,58.12
2025-01-24,JB01,전주,35.8242,127.148,1.2,-2.1,4.49,7.91,0.87,73.27
2025-01-25,JB01,전주,35.8242,127.148,0.85,-3.92,5.62,0.0,0.0,47.18
2025-01-26,JB01,전주,35.8242,127.148,0.58,-3.1,4.26,0.0,0.0,61.91
2025-01-27,JB01,전주,35.8242,127.148,-3.23,-7.6,1.13,0.0,0.0,68.26
2025-01-28,JB01,전주,35.8242,127.148,1.27,-2.3,4.84,0.0,0.0,61.79
2025-01-29,JB01,전주,35.8242,127.148,4.4,-1.31,10.11,0.0,0.0,54.81
2025-01-30,JB01,전주,35.8242,127.148,1.96,-2.32,6.23,0.0,0.0,52.96
2025-01-31,JB01,전주,35.8242,127.148,0.06,-4.78,4.9,0.0,0.0,60.73
2025-02-01,JB01,전주,35.8242,127.148,-1.03,-5.0,2.94,0.0,0.0,61.18
2025-02-02,JB01,전주,35.8242,127.148,-0.95,-3.12,1.22,0.0,0.0,58.31
2025-02-03,JB01,전주,35.8242,127.148,1.7,-4.14,7.53,0.0,0.0,73.61
2025-02-04,JB01,전주,35.8242,127.148,-0.58,-4.66,3.5,0.0,0.0,54.74
2025-02-05,JB01,전주,35.8242,127.148,5.7,-0.82,12.22,31.44,0.0,82.22
2025-02-06,JB01,전주,35.8242,127.148,2.74,-2.17,7.64,0.0,0.0,50.93
2025-02-07,JB01,전주,35.8242,127.148,4.9,0.8,9.0,0.0,0.0,58.31
2025-02-08,JB01,전주,35.8242,127.148,3.4,-1.12,7.91,10.98,0.0,56.96
2025-02-09,JB01,전주,35.8242,127.148,-0.57,-5.01,3.86,0.0,0.0,66.31
2025-02-10,JB01,전주,35.8242,127.148,-0.17,-4.23,3.88,0.0,0.0,60.79
2025-02-11,JB01,전주,35.8242,127.148,0.79,-4.5,6.09,0.0,0.0,38.41
2025-02-12,JB01,전주,35.8242,127.148,3.35,-0.91,7.6,0.0,0.0,60.26
2025-02-13,JB01,전주,35.8242,127.148,5.82,2.54,9.1,0.0,0.0,47.07
2025-02-14,JB01,전주,35.8242,127.148,4.41,-1.46,10.28,0.0,0.06,52.42
2025-02-15,JB01,전주,35.8242,127.148,2.91,-1.63,7.45,17.91,0.0,77.12
2025-02-16,JB01,전주,35.8242,127.148,0.38,-4.55,5.31,0.0,0.0,73.88
2025-02-17,JB01,전주,35.8242,127.148,2.75,-4.01,9.52,0.0,1.03,50.48
2025-02-18,JB01,전주,35.8242,127.148,5.38,0.27,10.49,0.0,0.0,69.58
2025-02-19,JB01,전주,35.8242,127.148,8.06,2.97,13.14,0.0,0.0,39.19
2025-02-20,JB01,전주,35.8242,127.148,4.03,0.48,7.58,0.0,0.0,56.34
2025-02-21,JB01,전주,35.8242,127.148,9.5,5.18,13.81,0.0,0.0,55.68
2025-02-22,JB01,전주,35.8242,127.148,5.35,0.84,9.86,0.0,0.0,74.47
2025-02-23,JB01,전주,35.8242,127.148,6.1,0.96,11.25,0.0,0.0,67.4
2025-02-24,JB01,전주,35.8242,127.148,7.63,2.9,12.37,0.0,0.0,62.91
2025-02-25,JB01,전주,35.8242,127.148,8.63,3.81,13.45,0.0,0.0,61.36
2025-02-26,JB01,전주,35.8242,127.148,-1.09,-6.01,3.83,0.0,0.0,62.52
2025-02-27,JB01,전주,35.8242,127.148,7.29,4.07,10.51,22.4,0.0,98.35
2025-02-28,JB01,전주,35.8242,127.148,6.34,1.39,11.29,0.0,0.0,59.31
2025-03-01,JB01,전주,35.8242,127.148,4.14,-0.24,8.52,1.31,0.0,51.62
2025-03-02,JB01,전주,35.8242,127.148,8.97,4.43,13.51,6.73,0.0,69.55
2025-03-03,JB01,전주,35.8242,127.148,4.56,1.2,7.91,0.0,0.0,53.88
2025-03-04,JB01,전주,35.8242,127.148,3.76,-1.22,8.75,0.0,0.0,42.69
2025-03-05,JB01,전주,35.8242,127.148,7.92,2.61,13.23,0.0,0.0,64.32
2025-03-06,JB01,전주,35.8242,127.148,4.21,-0.65,9.08,0.0,0.0,64.04
2025-03-07,JB01,전주,35.8242,127.148,7.07,3.1,11.04,0.0,0.0,72.79
2025-03-08,JB01,전주,35.8242,127.148,12.31,6.37,18.26,0.0,0.0,61.53
2025-03-09,JB01,전주,35.8242,127.148,10.06,5.43,14.69,0.0,0.0,66.24
2025-03-10,JB01,전주,35.8242,127.148,8.29,4.59,11.99,0.0,0.0,64.34
2025-03-11,JB01,전주,35.8242,127.148,8.66,3.78,13.53,0.0,0.0,54.25
2025-03-12,JB01,전주,35.8242,127.148,10.68,5.76,15.6,0.0,0.0,72.42
2025-03-13,JB01,전주,35.8242,127.148,7.88,5.2,10.56,0.0,0.0,47.79
2025-03-14,JB01,전주,35.8242,127.148,9.43,5.23,13.62,12.9,0.0,71.48
2025-03-15,JB01,전주,35.8242,127.148,10.5,5.33,15.68,0.0,0.0,54.36
2025-03-16,JB01,전주,35.8242,127.148,4.51,-0.03,9.05,0.0,0.0,68.46
2025-03-17,JB01,전주,35.8242,127.148,12.81,8.09,17.53,0.0,0.0,62.85
2025-03-18,JB01,전주,35.8242,127.148,8.91,4.42,13.41,0.0,0.0,52.42
2025-03-19,JB01,전주,35.8242,127.148,12.34,7.09,17.58,0.0,0.0,67.74
2025-03-20,JB01,전주,35.8242,127.148,12.3,7.69,16.91,0.0,0.0,49.41
2025-03-21,JB01,전주,35.8242,127.148,9.56,4.46,14.65,0.0,0.0,62.38
2025-03-22,JB01,전주,35.8242,127.148,8.09,3.82,12.37,0.0,0.0,82.45
2025-03-23,JB01,전주,35.8242,127.148,7.99,1.87,14.11,0.0,0.0,62.11
2025-03-24,JB01,전주,35.8242,127.148,11.8,6.81,16.79,0.0,0.0,72.54
2025-03-25,JB01,전주,35.8242,127.148,10.65,4.9,16.39,7.04,0.0,68.18
2025-03-26,JB01,전주,35.8242,127.148,15.43,11.02,19.85,0.0,0.0,46.85
2025-03-27,JB01,전주,35.8242,127.148,11.64,8.89,14.39,0.0,0.0,60.27
2025-03-28,JB01,전주,35.8242,127.148,15.58,7.99,23.17,0.0,0.0,72.35
2025-03-29,JB01,전주,35.8242,127.148,13.22,8.89,17.55,0.0,0.0,58.62
2025-03-30,JB01,전주,35.8242,127.148,13.12,9.07,17.17,0.94,0.0,55.99
2025-03-31,JB01,전주,35.8242,127.148,11.65,7.14,16.16,0.0,0.0,59.8
2025-04-01,JB01,전주,35.8242,127.148,11.73,5.88,17.58,11.64,0.0,79.73
2025-04-02,JB01,전주,35.8242,127.148,16.24,11.06,21.41,11.89,0.0,74.52
2025-04-03,JB01,전주,35.8242,127.148,10.49,6.87,14.12,0.0,0.0,66.4
2025-04-04,JB01,전주,35.8242,127.148,17.54,13.34,21.74,0.0,0.0,55.6
2025-04-05,JB01,전주,35.8242,127.148,14.44,9.85,19.02,5.15,0.0,52.23
2025-04-06,JB01,전주,35.8242,127.148,15.49,10.99,19.99,0.0,0.0,55.64
2025-04-07,JB01,전주,35.8242,127.148,14.19,9.99,18.39,0.0,0.0,57.02
2025-04-08,JB01,전주,35.8242,127.148,14.26,12.07,16.46,0.0,0.0,55.37
2025-04-09,JB01,전주,35.8242,127.148,13.42,7.4,19.44,0.0,0.0,70.88
2025-04-10,JB01,전주,35.8242,127.148,15.43,10.89,19.97,0.0,0.0,58.04
2025-04-11,JB01,전주,35.8242,127.148,19.62,17.62,21.62,0.0,0.0,52.57
2025-04-12,JB01,전주,35.8242,127.148,15.75,10.49,21.01,5.02,0.0,72.32
2025-04-13,JB01,전주,35.8242,127.148,16.37,10.81,21.93,4.1,0.0,62.38
2025-04-14,JB01,전주,35.8242,127.148,16.14,10.02,22.26,0.0,0.0,43.82
2025-04-15,JB01,전주,35.8242,127.148,13.5,9.4,17.6,0.0,0.0,42.93
2025-04-16,JB01,전주,35.8242,127.148,14.2,10.64,17.75,0.0,0.0,76.02
2025-04-17,JB01,전주,35.8242,127.148,15.78,11.68,19.88,0.0,0.0,38.92
2025-04-18,JB01,전주,35.8242,127.148,16.7,13.29,20.1,0.0,0.0,42.0
2025-04-19,JB01,전주,35.8242,127.148,15.35,10.69,20.02,0.0,0.0,62.17
2025-04-20,JB01,전주,35.8242,127.148,14.22,8.78,19.66,0.0,0.0,64.33
2025-04-21,JB01,전주,35.8242,127.148,17.56,14.58,20.55,0.0,0.0,61.65
2025-04-22,JB01,전주,35.8242,127.148,19.26,14.92,23.61,0.0,0.0,68.08
2025-04-23,JB01,전주,35.8242,127.148,17.37,12.05,22.7,0.0,0.0,77.6
2025-04-24,JB01,전주,35.8242,127.148,15.24,11.76,18.72,0.0,0.0,47.42
2025-04-25,JB01,전주,35.8242,127.148,15.21,11.24,19.18,6.75,0.0,56.66
2025-04-26,JB01,전주,35.8242,127.148,16.87,13.34,20.4,0.0,0.0,60.98
2025-04-27,JB01,전주,35.8242,127.148,20.9,16.94,24.86,0.0,0.0,50.86
2025-04-28,JB01,전주,35.8242,127.148,12.6,9.61,15.58,0.15,0.0,71.37
2025-04-29,JB01,전주,35.8242,127.148,19.04,13.12,24.96,0.0,0.0,65.83
2025-04-30,JB01,전주,35.8242,127.148,17.17,12.09,22.25,0.0,0.0,52.23
2025-05-01,JB01,전주,35.8242,127.148,20.86,15.74,25.98,1.94,0.0,60.41
2025-05-02,JB01,전주,35.8242,127.148,20.48,16.85,24.11,12.4,0.0,83.44
2025-05-03,JB01,전주,35.8242,127.148,22.94,19.54,26.34,0.0,0.0,52.69
2025-05-04,JB01,전주,35.8242,127.148,22.56,17.99,27.14,0.0,0.0,39.92
2025-05-05,JB01,전주,35.8242,127.148,19.82,17.03,22.6,0.0,0.0,73.17
2025-05-06,JB01,전주,35.8242,127.148,18.49,13.66,23.32,0.0,0.0,51.72
2025-05-07,JB01,전주,35.8242,127.148,22.43,17.97,26.89,4.49,0.0,62.57
2025-05-08,JB01,전주,35.8242,127.148,22.65,18.64,26.65,0.0,0.0,56.85
2025-05-09,JB01,전주,35.8242,127.148,18.89,13.67,24.12,0.0,0.0,63.94
2025-05-10,JB01,전주,35.8242,127.148,24.75,18.66,30.85,0.0,0.0,61.73
2025-05-11,JB01,전주,35.8242,127.148,19.73,15.2,24.25,26.37,0.0,76.92
2025-05-12,JB01,전주,35.8242,127.148,24.24,22.13,26.35,0.0,0.0,65.96
2025-05-13,JB01,전주,35.8242,127.148,21.68,16.9,26.45,0.0,0.0,57.77
2025-05-14,JB01,전주,35.8242,127.148,26.49,21.08,31.9,0.0,0.0,53.61
2025-05-15,JB01,전주,35.8242,127.148,20.88,18.72,23.04,0.0,0.0,66.45
2025-05-16,JB01,전주,35.8242,127.148,18.19,14.42,21.97,0.0,0.0,48.35
2025-05-17,JB01,전주,35.8242,127.148,22.25,20.04,24.45,0.0,0.0,65.54
2025-05-18,JB01,전주,35.8242,127.148,21.65,19.65,23.65,0.0,0.0,70.33
2025-05-19,JB01,전주,35.8242,127.148,15.72,11.61,19.84,14.92,0.0,73.98
2025-05-20,JB01,전주,35.8242,127.148,23.88,17.36,30.4,10.53,0.0,78.33
2025-05-21,JB01,전주,35.8242,127.148,20.83,16.95,24.71,0.0,0.0,42.37
2025-05-22,JB01,전주,35.8242,127.148,23.33,17.77,28.89,0.0,0.0,42.11
2025-05-23,JB01,전주,35.8242,127.148,22.61,17.29,27.92,0.0,0.0,47.25
2025-05-24,JB01,전주,35.8242,127.148,25.13,20.33,29.92,0.0,0.0,76.59
2025-05-25,JB01,전주,35.8242,127.148,24.27,19.04,29.49,0.0,0.0,55.86
2025-05-26,JB01,전주,35.8242,127.148,21.34,16.37,26.31,4.27,0.0,84.51
2025-05-27,JB01,전주,35.8242,127.148,24.15,20.45,27.84,0.0,0.0,56.91
2025-05-28,JB01,전주,35.8242,127.148,22.86,17.75,27.98,0.0,0.0,61.53
2025-05-29,JB01,전주,35.8242,127.148,28.17,23.15,33.18,0.0,0.0,52.93
2025-05-30,JB01,전주,35.8242,127.148,22.69,18.47,26.91,0.0,0.0,67.16
2025-05-31,JB01,전주,35.8242,127.148,19.61,14.16,25.06,0.0,0.0,61.77
2025-06-01,JB01,전주,35.8242,127.148,21.16,15.2,27.12,0.0,0.0,67.6
2025-06-02,JB01,전주,35.8242,127.148,20.32,14.91,25.73,0.0,0.0,41.95
2025-06-03,JB01,전주,35.8242,127.148,23.98,19.08,28.88,0.0,0.0,59.77
2025-06-04,JB01,전주,35.8242,127.148,24.82,18.7,30.94,0.0,0.0,29.33
2025-06-05,JB01,전주,35.8242,127.148,23.44,19.12,27.76,0.0,0.0,58.94
2025-06-06,JB01,전주,35.8242,127.148,27.27,23.97,30.58,0.0,0.0,48.84
2025-06-07,JB01,전주,35.8242,127.148,22.74,16.61,28.86,11.33,0.0,85.69
2025-06-08,JB01,전주,35.8242,127.148,25.86,21.56,30.16,0.0,0.0,43.9
2025-06-09,JB01,전주,35.8242,127.148,27.32,23.18,31.46,4.45,0.0,68.5
2025-06-10,JB01,전주,35.8242,127.148,25.16,19.94,30.37,0.0,0.0,63.13
2025-06-11,JB01,전주,35.8242,127.148,23.59,16.64,30.55,0.0,0.0,70.61
2025-06-12,JB01,전주,35.8242,127.148,27.94,24.37,31.5,17.22,0.0,72.06
2025-06-13,JB01,전주,35.8242,127.148,24.18,19.91,28.45,22.87,0.0,67.18
2025-06-14,JB01,전주,35.8242,127.148,26.73,21.21,32.24,0.0,0.0,65.45
2025-06-15,JB01,전주,35.8242,127.148,24.14,20.66,27.62,0.79,0.0,57.79
2025-06-16,JB01,전주,35.8242,127.148,23.77,21.77,25.77,0.0,0.0,69.21
2025-06-17,JB01,전주,35.8242,127.148,23.27,18.37,28.16,0.0,0.0,72.39
2025-06-18,JB01,전주,35.8242,127.148,24.55,19.73,29.37,0.0,0.0,73.16
2025-06-19,JB01,전주,35.8242,127.148,24.18,20.34,28.03,11.79,0.0,63.48
2025-06-20,JB01,전주,35.8242,127.148,28.46,24.09,32.84,0.0,0.0,58.91
2025-06-21,JB01,전주,35.8242,127.148,29.25,24.35,34.14,0.0,0.0,50.75
2025-06-22,JB01,전주,35.8242,127.148,22.93,17.92,27.93,0.0,0.0,58.4
2025-06-23,JB01,전주,35.8242,127.148,21.9,18.9,24.9,0.59,0.0,69.72
2025-06-24,JB01,전주,35.8242,127.148,24.96,22.95,26.98,0.0,0.0,56.37
2025-06-25,JB01,전주,35.8242,127.148,30.03,27.13,32.93,27.84,0.0,85.9
2025-06-26,JB01,전주,35.8242,127.148,25.27,20.41,30.14,0.0,0.0,49.91
2025-06-27,JB01,전주,35.8242,127.148,27.1,24.11,30.09,8.83,0.0,64.84
2025-06-28,JB01,전주,35.8242,127.148,23.49,20.17,26.81,1.99,0.0,48.09
2025-06-29,JB01,전주,35.8242,127.148,26.68,23.48,29.89,0.0,0.0,51.75
2025-06-30,JB01,전주,35.8242,127.148,28.14,23.28,33.0,0.0,0.0,62.99
2025-07-01,JB01,전주,35.8242,127.148,19.88,15.43,24.34,0.0,0.0,59.32
2025-07-02,JB01,전주,35.8242,127.148,25.08,19.98,30.18,0.33,0.0,60.37
2025-07-03,JB01,전주,35.8242,127.148,23.18,17.23,29.12,0.0,0.0,38.65
2025-07-04,JB01,전주,35.8242,127.148,21.82,19.82,23.82,0.0,0.0,56.12
2025-07-05,JB01,전주,35.8242,127.148,23.81,18.12,29.49,6.3,0.0,69.21
2025-07-06,JB01,전주,35.8242,127.148,26.12,21.28,30.96,0.0,0.0,46.35
2025-07-07,JB01,전주,35.8242,127.148,29.57,26.12,33.01,0.0,0.0,41.13
2025-07-08,JB01,전주,35.8242,127.148,22.47,16.3,28.63,0.0,0.0,66.4
2025-07-09,JB01,전주,35.8242,127.148,25.22,20.83,29.6,0.0,0.0,55.63
2025-07-10,JB01,전주,35.8242,127.148,20.32,16.71,23.94,10.71,0.0,59.32
2025-07-11,JB01,전주,35.8242,127.148,23.14,19.04,27.24,0.0,0.0,51.72
2025-07-12,JB01,전주,35.8242,127.148,22.73,17.38,28.08,0.0,0.0,56.54
2025-07-13,JB01,전주,35.8242,127.148,23.47,18.82,28.13,0.0,0.0,46.53
2025-07-14,JB01,전주,35.8242,127.148,22.09,18.29,25.89,0.0,0.0,59.62
2025-07-15,JB01,전주,35.8242,127.148,26.02,23.27,28.78,5.99,0.0,62.66
2025-07-16,JB01,전주,35.8242,127.148,20.71,17.6,23.82,10.26,0.0,64.67
2025-07-17,JB01,전주,35.8242,127.148,25.44,21.71,29.17,0.0,0.0,41.79
2025-07-18,JB01,전주,35.8242,127.148,18.41,12.87,23.95,4.63,0.0,47.61
2025-07-19,JB01,전주,35.8242,127.148,23.53,19.83,27.23,0.0,0.0,62.53
2025-07-20,JB01,전주,35.8242,127.148,24.63,19.87,29.39,2.1,0.0,71.01
2025-07-21,JB01,전주,35.8242,127.148,26.8,23.87,29.74,22.22,0.0,77.73
2025-07-22,JB01,전주,35.8242,127.148,23.15,19.07,27.22,5.79,0.0,63.42
2025-07-23,JB01,전주,35.8242,127.148,21.94,16.86,27.03,0.58,0.0,50.86
2025-07-24,JB01,전주,35.8242,127.148,24.85,20.3,29.4,0.0,0.0,69.76
2025-07-25,JB01,전주,35.8242,127.148,23.82,18.08,29.57,0.0,0.0,73.9
2025-07-26,JB01,전주,35.8242,127.148,24.15,18.46,29.83,2.93,0.0,60.17
2025-07-27,JB01,전주,35.8242,127.148,23.81,18.12,29.51,0.0,0.0,67.74
2025-07-28,JB01,전주,35.8242,127.148,23.04,18.76,27.31,0.0,0.0,63.03
2025-07-29,JB01,전주,35.8242,127.148,17.1,11.89,22.32,7.86,0.0,75.98
2025-07-30,JB01,전주,35.8242,127.148,22.34,18.61,26.08,0.0,0.0,70.73
2025-07-31,JB01,전주,35.8242,127.148,23.93,19.86,28.01,0.0,0.0,42.33
2025-08-01,JB01,전주,35.8242,127.148,23.45,20.88,26.01,0.0,0.0,59.29
2025-08-02,JB01,전주,35.8242,127.148,28.11,24.82,31.4,0.0,0.0,75.98
2025-08-03,JB01,전주,35.8242,127.148,25.11,21.37,28.84,0.0,0.0,58.02
2025-08-04,JB01,전주,35.8242,127.148,22.79,19.05,26.52,0.0,0.0,42.02
2025-08-05,JB01,전주,35.8242,127.148,22.29,17.3,27.29,0.0,0.0,41.85
2025-08-06,JB01,전주,35.8242,127.148,24.19,19.29,29.09,0.0,0.0,55.19
2025-08-07,JB01,전주,35.8242,127.148,18.07,14.7,21.44,0.0,0.0,70.28
2025-08-08,JB01,전주,35.8242,127.148,19.99,14.78,25.19,0.0,0.0,60.48
2025-08-09,JB01,전주,35.8242,127.148,21.03,15.57,26.49,0.89,0.0,53.39
2025-08-10,JB01,전주,35.8242,127.148,18.21,13.26,23.17,0.0,0.0,81.75
2025-08-11,JB01,전주,35.8242,127.148,16.88,12.16,21.61,0.0,0.0,53.07
2025-08-12,JB01,전주,35.8242,127.148,21.23,19.23,23.23,0.0,0.0,77.03
2025-08-13,JB01,전주,35.8242,127.148,19.64,14.85,24.42,6.34,0.0,40.32
2025-08-14,JB01,전주,35.8242,127.148,22.1,17.72,26.47,0.0,0.0,59.27
2025-08-15,JB01,전주,35.8242,127.148,18.99,15.07,22.91,1.37,0.0,45.12
2025-08-16,JB01,전주,35.8242,127.148,18.63,12.01,25.24,8.19,0.0,59.26
2025-08-17,JB01,전주,35.8242,127.148,20.22,15.68,24.76,0.0,0.0,57.69
2025-08-18,JB01,전주,35.8242,127.148,19.35,16.44,22.27,0.0,0.0,67.15
2025-08-19,JB01,전주,35.8242,127.148,16.4,12.11,20.7,0.0,0.0,59.11
2025-08-20,JB01,전주,35.8242,127.148,18.57,12.45,24.7,0.0,0.0,44.88
2025-08-21,JB01,전주,35.8242,127.148,20.93,17.29,24.58,9.97,0.0,74.91
2025-08-22,JB01,전주,35.8242,127.148,17.28,13.46,21.1,4.08,0.0,67.55
2025-08-23,JB01,전주,35.8242,127.148,23.05,16.06,30.05,0.0,0.0,58.7
2025-08-24,JB01,전주,35.8242,127.148,15.94,12.29,19.58,0.0,0.0,47.43
2025-08-25,JB01,전주,35.8242,127.148,16.04,11.7,20.38,15.36,0.0,98.38
2025-08-26,JB01,전주,35.8242,127.148,17.29,12.71,21.87,0.0,0.0,75.06
2025-08-27,JB01,전주,35.8242,127.148,20.86,16.04,25.69,0.0,0.0,60.11
2025-08-28,JB01,전주,35.8242,127.148,15.29,9.18,21.4,8.18,0.0,54.71
2025-08-29,JB01,전주,35.8242,127.148,19.43,13.6,25.26,0.0,0.0,42.08
2025-08-30,JB01,전주,35.8242,127.148,18.3,12.69,23.92,7.41,0.0,60.92
2025-08-31,JB01,전주,35.8242,127.148,12.93,8.79,17.07,0.0,0.0,56.52
2025-09-01,JB01,전주,35.8242,127.148,15.82,11.81,19.83,0.0,0.0,62.42
2025-09-02,JB01,전주,35.8242,127.148,16.24,12.19,20.28,0.0,0.0,38.79
2025-09-03,JB01,전주,35.8242,127.148,17.9,13.4,22.4,0.0,0.0,67.61
2025-09-04,JB01,전주,35.8242,127.148,11.86,9.53,14.19,0.0,0.0,57.93
2025-09-05,JB01,전주,35.8242,127.148,16.75,12.76,20.74,0.0,0.0,67.33
2025-09-06,JB01,전주,35.8242,127.148,17.29,13.08,21.5,0.0,0.0,65.69
2025-09-07,JB01,전주,35.8242,127.148,18.85,13.64,24.06,0.0,0.0,64.74
2025-09-08,JB01,전주,35.8242,127.148,17.77,11.55,23.98,0.0,0.0,55.74
2025-09-09,JB01,전주,35.8242,127.148,17.28,12.72,21.84,0.0,0.0,62.15
2025-09-10,JB01,전주,35.8242,127.148,16.66,12.06,21.26,0.0,0.0,55.41
2025-09-11,JB01,전주,35.8242,127.148,18.6,15.09,22.11,0.0,0.0,58.11
2025-09-12,JB01,전주,35.8242,127.148,16.95,14.09,19.8,0.0,0.0,37.62
2025-09-13,JB01,전주,35.8242,127.148,14.7,11.43,17.97,13.34,0.0,70.99
2025-09-14,JB01,전주,35.8242,127.148,13.68,8.44,18.92,3.5,0.0,71.24
2025-09-15,JB01,전주,35.8242,127.148,15.12,12.16,18.09,0.0,0.0,47.15
2025-09-16,JB01,전주,35.8242,127.148,17.35,11.72,22.97,0.0,0.0,59.57
2025-09-17,JB01,전주,35.8242,127.148,13.23,7.99,18.48,0.0,0.0,60.36
2025-09-18,JB01,전주,35.8242,127.148,15.61,11.72,19.49,0.0,0.0,46.06
2025-09-19,JB01,전주,35.8242,127.148,10.74,8.25,13.23,0.0,0.0,76.09
2025-09-20,JB01,전주,35.8242,127.148,16.49,13.78,19.2,23.19,0.0,77.57
2025-09-21,JB01,전주,35.8242,127.148,8.03,3.23,12.82,0.0,0.0,60.0
2025-09-22,JB01,전주,35.8242,127.148,8.88,3.78,13.97,3.12,0.0,38.93
2025-09-23,JB01,전주,35.8242,127.148,11.76,7.9,15.62,0.0,0.0,62.53
2025-09-24,JB01,전주,35.8242,127.148,11.1,7.78,14.41,0.0,0.0,68.71
2025-09-25,JB01,전주,35.8242,127.148,13.4,9.04,17.76,0.0,0.0,46.39
2025-09-26,JB01,전주,35.8242,127.148,11.81,7.14,16.47,0.0,0.0,62.35
2025-09-27,JB01,전주,35.8242,127.148,9.63,4.57,14.69,17.6,0.0,57.42
2025-09-28,JB01,전주,35.8242,127.148,8.66,3.03,14.29,0.0,0.0,69.29
2025-09-29,JB01,전주,35.8242,127.148,10.93,7.74,14.11,0.0,0.0,47.83
2025-09-30,JB01,전주,35.8242,127.148,12.91,7.61,18.22,0.0,0.0,53.96
2025-10-01,JB01,전주,35.8242,127.148,8.54,2.62,14.46,0.0,0.0,74.04
2025-10-02,JB01,전주,35.8242,127.148,10.31,7.09,13.53,0.0,0.0,49.98
2025-10-03,JB01,전주,35.8242,127.148,7.11,2.51,11.71,0.0,0.0,36.2
2025-10-04,JB01,전주,35.8242,127.148,9.04,6.52,11.55,0.0,0.0,48.91
2025-10-05,JB01,전주,35.8242,127.148,7.64,0.94,14.34,0.0,0.0,60.45
2025-10-06,JB01,전주,35.8242,127.148,5.24,1.46,9.02,0.0,0.0,47.75
2025-10-07,JB01,전주,35.8242,127.148,11.47,8.29,14.64,0.0,0.0,52.14
2025-10-08,JB01,전주,35.8242,127.148,9.46,5.67,13.26,5.89,0.0,67.56
2025-10-09,JB01,전주,35.8242,127.148,9.42,5.02,13.83,0.0,0.0,65.97
2025-10-10,JB01,전주,35.8242,127.148,8.07,3.91,12.23,27.67,0.0,87.84
2025-10-11,JB01,전주,35.8242,127.148,3.88,-0.86,8.62,0.0,0.0,62.89
2025-10-12,JB01,전주,35.8242,127.148,8.62,4.73,12.5,0.0,0.0,55.48
2025-10-13,JB01,전주,35.8242,127.148,6.11,1.93,10.29,0.0,0.0,50.33
2025-10-14,JB01,전주,35.8242,127.148,5.85,2.84,8.85,0.0,0.0,63.45
2025-10-15,JB01,전주,35.8242,127.148,8.13,2.56,13.69,0.0,0.0,61.92
2025-10-16,JB01,전주,35.8242,127.148,8.09,3.69,12.49,0.0,0.0,80.14
2025-10-17,JB01,전주,35.8242,127.148,6.07,2.3,9.83,0.0,0.0,60.52
2025-10-18,JB01,전주,35.8242,127.148,3.57,-2.16,9.31,1.97,0.0,65.83
2025-10-19,JB01,전주,35.8242,127.148,3.7,-2.75,10.16,0.0,0.0,57.9
2025-10-20,JB01,전주,35.8242,127.148,10.35,5.68,15.03,0.0,0.0,51.4
2025-10-21,JB01,전주,35.8242,127.148,7.73,2.71,12.75,0.0,0.0,50.1
2025-10-22,JB01,전주,35.8242,127.148,6.45,2.02,10.87,0.0,0.0,43.28
2025-10-23,JB01,전주,35.8242,127.148,7.29,5.29,9.29,0.0,0.0,53.22
2025-10-24,JB01,전주,35.8242,127.148,8.88,4.92,12.83,0.0,0.0,54.03
2025-10-25,JB01,전주,35.8242,127.148,5.82,0.51,11.13,0.0,0.0,67.97
2025-10-26,JB01,전주,35.8242,127.148,2.96,-1.86,7.79,0.0,0.0,64.6
2025-10-27,JB01,전주,35.8242,127.148,9.76,6.1,13.42,0.0,0.0,48.06
2025-10-28,JB01,전주,35.8242,127.148,6.55,1.51,11.6,0.0,0.0,46.77
2025-10-29,JB01,전주,35.8242,127.148,6.62,3.47,9.78,7.86,0.0,59.36
2025-10-30,JB01,전주,35.8242,127.148,0.25,-3.58,4.09,0.0,0.0,43.53
2025-10-31,JB01,전주,35.8242,127.148,8.55,3.75,13.35,0.0,0.0,54.91
2025-11-01,JB01,전주,35.8242,127.148,3.82,-1.74,9.38,12.0,0.0,64.18
2025-11-02,JB01,전주,35.8242,127.148,0.68,-1.65,3.0,0.0,0.0,58.56
2025-11-03,JB01,전주,35.8242,127.148,0.79,-3.67,5.26,0.0,0.0,36.44
2025-11-04,JB01,전주,35.8242,127.148,1.51,-3.44,6.46,1.85,0.0,69.7
2025-11-05,JB01,전주,35.8242,127.148,5.4,1.01,9.8,0.0,0.0,51.71
2025-11-06,JB01,전주,35.8242,127.148,4.49,-0.22,9.2,0.0,0.0,59.32
2025-11-07,JB01,전주,35.8242,127.148,5.17,0.56,9.77,0.0,0.0,66.71
2025-11-08,JB01,전주,35.8242,127.148,1.11,-1.4,3.62,0.0,0.0,60.57
2025-11-09,JB01,전주,35.8242,127.148,-1.24,-4.95,2.48,5.62,0.0,76.51
2025-11-10,JB01,전주,35.8242,127.148,0.21,-3.42,3.83,0.0,0.0,61.9
2025-11-11,JB01,전주,35.8242,127.148,3.76,-1.75,9.26,0.0,0.0,62.89
2025-11-12,JB01,전주,35.8242,127.148,1.79,-2.78,6.36,0.0,0.0,60.15
2025-11-13,JB01,전주,35.8242,127.148,4.12,-0.99,9.23,0.0,0.0,49.91
2025-11-14,JB01,전주,35.8242,127.148,2.28,-2.19,6.75,37.48,0.0,92.2
2025-11-15,JB01,전주,35.8242,127.148,4.54,-0.07,9.14,0.0,0.0,54.22
2025-11-16,JB01,전주,35.8242,127.148,2.61,-1.01,6.23,9.41,0.0,68.72
2025-11-17,JB01,전주,35.8242,127.148,4.71,0.32,9.11,0.0,0.0,85.04
2025-11-18,JB01,전주,35.8242,127.148,2.5,-1.2,6.21,2.51,0.0,56.37
2025-11-19,JB01,전주,35.8242,127.148,1.73,-2.7,6.16,0.0,0.0,49.53
2025-11-20,JB01,전주,35.8242,127.148,-1.28,-6.03,3.46,0.0,0.0,61.33
2025-11-21,JB01,전주,35.8242,127.148,-0.77,-6.02,4.48,0.0,0.0,52.78
2025-11-22,JB01,전주,35.8242,127.148,-1.21,-7.15,4.72,0.0,0.0,64.05
2025-11-23,JB01,전주,35.8242,127.148,3.92,-3.67,11.52,0.0,0.0,50.62
2025-11-24,JB01,전주,35.8242,127.148,-0.66,-4.23,2.9,0.0,0.0,55.0
2025-11-25,JB01,전주,35.8242,127.148,-2.22,-7.08,2.65,0.0,0.0,62.81
2025-11-26,JB01,전주,35.8242,127.148,1.81,-3.35,6.98,0.0,0.0,79.21
2025-11-27,JB01,전주,35.8242,127.148,1.05,-1.4,3.5,0.0,0.0,40.59
2025-11-28,JB01,전주,35.8242,127.148,0.43,-3.94,4.79,0.0,0.0,78.11
2025-11-29,JB01,전주,35.8242,127.148,1.61,-3.69,6.9,2.32,0.0,61.59
2025-11-30,JB01,전주,35.8242,127.148,-4.26,-8.56,0.04,0.0,0.0,55.85
2025-12-01,JB01,전주,35.8242,127.148,-1.85,-5.76,2.06,0.0,0.0,64.05
2025-12-02,JB01,전주,35.8242,127.148,2.61,-1.57,6.78,0.0,0.0,64.11
2025-12-03,JB01,전주,35.8242,127.148,-1.11,-6.48,4.26,0.0,0.0,75.78
2025-12-04,JB01,전주,35.8242,127.148,-2.23,-6.75,2.28,0.0,0.0,51.51
2025-12-05,JB01,전주,35.8242,127.148,-3.8,-8.4,0.81,0.0,0.0,50.06
2025-12-06,JB01,전주,35.8242,127.148,-2.94,-7.7,1.81,0.0,0.0,79.86
2025-12-07,JB01,전주,35.8242,127.148,0.29,-4.74,5.32,0.0,0.0,73.83
2025-12-08,JB01,전주,35.8242,127.148,-2.66,-6.01,0.69,0.0,0.0,48.97
2025-12-09,JB01,전주,35.8242,127.148,-1.24,-7.09,4.62,0.0,0.0,67.43
2025-12-10,JB01,전주,35.8242,127.148,0.62,-3.2,4.43,0.0,0.9,47.63
2025-12-11,JB01,전주,35.8242,127.148,-0.82,-6.07,4.42,0.0,0.0,46.18
2025-12-12,JB01,전주,35.8242,127.148,0.13,-4.65,4.9,0.0,0.0,34.23
2025-12-13,JB01,전주,35.8242,127.148,-2.6,-7.26,2.05,0.0,0.0,65.89
2025-12-14,JB01,전주,35.8242,127.148,0.7,-3.57,4.96,0.0,0.0,62.16
2025-12-15,JB01,전주,35.8242,127.148,-3.42,-8.62,1.77,8.42,0.0,83.6
2025-12-16,JB01,전주,35.8242,127.148,-2.15,-4.47,0.16,0.0,0.0,69.05
2025-12-17,JB01,전주,35.8242,127.148,-0.21,-5.21,4.79,0.0,0.0,80.77
2025-12-18,JB01,전주,35.8242,127.148,1.43,-1.33,4.19,19.13,0.0,84.96
2025-12-19,JB01,전주,35.8242,127.148,1.3,-6.03,8.63,0.0,0.67,49.1
2025-12-20,JB01,전주,35.8242,127.148,-7.58,-11.6,-3.56,0.0,0.0,77.35
2025-12-21,JB01,전주,35.8242,127.148,-0.94,-6.86,4.98,15.18,0.0,70.7
2025-12-22,JB01,전주,35.8242,127.148,0.21,-4.69,5.11,0.0,0.0,80.34
2025-12-23,JB01,전주,35.8242,127.148,-1.64,-6.6,3.32,0.0,0.0,58.12
2025-12-24,JB01,전주,35.8242,127.148,-6.72,-11.79,-1.65,0.0,0.0,59.69
2025-12-25,JB01,전주,35.8242,127.148,1.4,-2.11,4.91,0.0,0.0,57.66
2025-12-26,JB01,전주,35.8242,127.148,-2.18,-6.77,2.42,0.0,2.48,72.79
2025-12-27,JB01,전주,35.8242,127.148,-1.45,-3.69,0.79,15.01,0.0,63.09
2025-12-28,JB01,전주,35.8242,127.148,2.62,-2.7,7.95,0.0,0.0,57.63
2025-12-29,JB01,전주,35.8242,127.148,-0.5,-3.69,2.7,0.0,0.0,61.24
2025-12-30,JB01,전주,35.8242,127.148,1.95,-4.28,8.18,0.0,0.0,54.48
2025-12-31,JB01,전주,35.8242,127.148,0.22,-7.07,7.5,18.84,2.01,70.68
2026-01-01,JB01,전주,35.8242,127.148,-1.18,-7.43,5.08,0.0,0.0,63.04
2026-01-02,JB01,전주,35.8242,127.148,-2.55,-7.1,2.0,0.0,0.0,65.9
2026-01-03,JB01,전주,35.8242,127.148,-4.52,-8.45,-0.59,0.0,0.0,41.91
2026-01-04,JB01,전주,35.8242,127.148,0.8,-4.93,6.54,0.0,0.0,65.06
2026-01-05,JB01,전주,35.8242,127.148,-4.75,-9.58,0.09,0.0,0.0,53.58
2026-01-06,JB01,전주,35.8242,127.148,-1.16,-4.95,2.63,0.0,0.0,67.8
2026-01-07,JB01,전주,35.8242,127.148,0.01,-3.73,3.74,0.0,0.0,49.34
2026-01-08,JB01,전주,35.8242,127.148,-4.57,-9.39,0.25,0.0,0.0,52.64
2026-01-09,JB01,전주,35.8242,127.148,-2.72,-8.96,3.51,0.0,0.0,69.1
2026-01-10,JB01,전주,35.8242,127.148,2.75,-0.93,6.44,0.0,0.0,34.73
2026-01-11,JB01,전주,35.8242,127.148,-4.9,-9.1,-0.71,0.0,1.06,79.07
2026-01-12,JB01,전주,35.8242,127.148,-1.76,-6.24,2.73,0.0,2.44,59.02
2026-01-13,JB01,전주,35.8242,127.148,-0.88,-4.33,2.56,9.65,0.0,66.42
2026-01-14,JB01,전주,35.8242,127.148,1.14,-2.29,4.58,0.0,0.0,84.04
2026-01-15,JB01,전주,35.8242,127.148,-1.05,-5.05,2.94,0.0,0.0,52.65
2026-01-16,JB01,전주,35.8242,127.148,-1.03,-6.13,4.06,0.0,0.0,58.9
2026-01-17,JB01,전주,35.8242,127.148,2.41,-1.43,6.24,0.41,0.0,56.79
2026-01-18,JB01,전주,35.8242,127.148,-2.75,-6.47,0.98,0.0,0.0,71.23
2026-01-19,JB01,전주,35.8242,127.148,1.79,-2.73,6.3,0.0,0.0,61.28
2026-01-20,JB01,전주,35.8242,127.148,1.7,-1.81,5.2,0.0,0.0,60.12
2026-01-21,JB01,전주,35.8242,127.148,2.22,-1.97,6.41,0.0,0.0,60.17
2026-01-22,JB01,전주,35.8242,127.148,0.41,-3.98,4.8,0.0,0.0,66.48
2026-01-23,JB01,전주,35.8242,127.148,3.91,-0.59,8.41,0.0,0.0,65.66
2026-01-24,JB01,전주,35.8242,127.148,-1.12,-6.82,4.58,0.0,0.0,36.07
2026-01-25,JB01,전주,35.8242,127.148,-0.49,-6.35,5.36,9.41,2.82,80.75
2026-01-26,JB01,전주,35.8242,127.148,1.8,-3.7,7.3,0.0,3.99,66.05
2026-01-27,JB01,전주,35.8242,127.148,1.35,-2.5,5.21,0.0,0.0,63.55
2026-01-28,JB01,전주,35.8242,127.148,-2.93,-7.19,1.34,0.0,1.63,40.0
2026-01-29,JB01,전주,35.8242,127.148,5.85,0.6,11.1,5.09,0.0,73.55
2026-01-30,JB01,전주,35.8242,127.148,2.74,-2.03,7.5,0.0,0.0,68.46
2026-01-31,JB01,전주,35.8242,127.148,-0.51,-3.23,2.21,0.0,0.0,62.8
2026-02-01,JB01,전주,35.8242,127.148,2.68,-1.47,6.83,0.0,0.0,53.13
2026-02-02,JB01,전주,35.8242,127.148,1.09,-5.63,7.81,0.0,0.0,41.21
2026-02-03,JB01,전주,35.8242,127.148,1.72,-2.3,5.74,0.0,0.0,54.2
2026-02-04,JB01,전주,35.8242,127.148,-2.91,-8.34,2.51,0.0,0.0,61.59
2026-02-05,JB01,전주,35.8242,127.148,2.38,-3.58,8.34,0.0,0.0,48.58
2026-02-06,JB01,전주,35.8242,127.148,2.9,-2.08,7.89,0.0,0.0,80.73
2026-02-07,JB01,전주,35.8242,127.148,4.11,-2.01,10.23,0.0,0.0,61.81
2026-02-08,JB01,전주,35.8242,127.148,0.77,-2.67,4.21,0.0,0.0,48.09
2026-02-09,JB01,전주,35.8242,127.148,5.21,0.81,9.61,0.0,0.0,67.94
2026-02-10,JB01,전주,35.8242,127.148,3.25,-2.81,9.3,0.0,0.0,49.67
2026-02-11,JB01,전주,35.8242,127.148,8.39,3.37,13.41,0.0,0.0,41.92
2026-02-12,JB01,전주,35.8242,127.148,1.4,-4.46,7.26,0.0,0.0,68.38
2026-02-13,JB01,전주,35.8242,127.148,2.24,-3.81,8.29,0.0,0.0,69.79
2026-02-14,JB01,전주,35.8242,127.148,1.56,-1.85,4.97,0.0,0.14,66.24
2026-02-15,JB01,전주,35.8242,127.148,2.44,-1.63,6.51,0.0,0.0,57.92
2026-02-16,JB01,전주,35.8242,127.148,6.3,2.65,9.95,0.0,0.0,51.15
2026-02-17,JB01,전주,35.8242,127.148,2.61,-3.59,8.8,4.14,0.0,75.98
2026-02-18,JB01,전주,35.8242,127.148,2.46,-1.99,6.92,0.0,0.0,57.44
2026-02-19,JB01,전주,35.8242,127.148,4.62,-1.13,10.38,0.0,0.0,70.07
2026-02-20,JB01,전주,35.8242,127.148,4.0,-0.26,8.27,0.0,0.0,63.89
2026-02-21,JB01,전주,35.8242,127.148,4.77,1.34,8.2,0.0,0.0,72.47
2026-02-22,JB01,전주,35.8242,127.148,4.79,-1.51,11.1,9.78,0.0,46.84
2026-02-23,JB01,전주,35.8242,127.148,8.45,4.86,12.04,0.0,0.0,52.14
2026-02-24,JB01,전주,35.8242,127.148,6.2,2.74,9.65,0.0,0.0,62.5
2026-02-25,JB01,전주,35.8242,127.148,3.33,-0.4,7.06,1.17,0.6,58.74
2026-02-26,JB01,전주,35.8242,127.148,4.37,-0.89,9.63,0.0,0.0,62.85
2026-02-27,JB01,전주,35.8242,127.148,5.57,0.67,10.47,0.0,0.0,40.27
2026-02-28,JB01,전주,35.8242,127.148,7.44,1.58,13.29,0.0,0.0,67.96
2026-03-01,JB01,전주,35.8242,127.148,4.89,2.03,7.76,0.0,0.0,40.44
2026-03-02,JB01,전주,35.8242,127.148,6.18,0.26,12.09,0.0,0.0,45.21
2026-03-03,JB01,전주,35.8242,127.148,4.48,0.05,8.91,0.0,0.0,71.99
2026-03-04,JB01,전주,35.8242,127.148,9.45,4.41,14.5,0.0,0.0,61.93
2026-03-05,JB01,전주,35.8242,127.148,5.3,-0.14,10.75,0.0,0.0,66.35
2026-03-06,JB01,전주,35.8242,127.148,10.43,5.7,15.16,0.0,0.0,62.0
2026-03-07,JB01,전주,35.8242,127.148,0.93,-3.91,5.76,0.0,0.0,57.49
2026-03-08,JB01,전주,35.8242,127.148,9.7,5.28,14.12,0.0,0.0,56.59
2026-03-09,JB01,전주,35.8242,127.148,8.38,3.75,13.01,17.78,0.0,73.98
2026-03-10,JB01,전주,35.8242,127.148,11.53,8.94,14.12,0.0,0.0,52.15
2026-03-11,JB01,전주,35.8242,127.148,7.76,4.25,11.26,0.0,0.0,76.41
2026-03-12,JB01,전주,35.8242,127.148,5.83,2.62,9.04,0.0,0.0,75.27
2026-03-13,JB01,전주,35.8242,127.148,7.97,3.5,12.44,0.0,0.0,48.56
2026-03-14,JB01,전주,35.8242,127.148,8.74,1.53,15.94,0.0,0.0,49.47
2026-03-15,JB01,전주,35.8242,127.148,11.07,7.49,14.66,0.0,0.0,68.2
2026-03-16,JB01,전주,35.8242,127.148,12.52,6.87,18.17,6.32,0.0,52.54
2026-03-17,JB01,전주,35.8242,127.148,10.9,6.83,14.97,0.0,0.0,59.14
2026-03-18,JB01,전주,35.8242,127.148,12.77,9.59,15.95,0.0,0.0,61.32
2026-03-19,JB01,전주,35.8242,127.148,12.2,6.74,17.66,0.0,0.0,41.83
2026-03-20,JB01,전주,35.8242,127.148,9.34,3.87,14.82,0.0,0.0,51.06
2026-03-21,JB01,전주,35.8242,127.148,6.48,0.05,12.9,0.0,0.0,65.7
2026-03-22,JB01,전주,35.8242,127.148,13.39,8.26,18.53,0.0,0.0,56.36
2026-03-23,JB01,전주,35.8242,127.148,10.27,2.87,17.67,4.59,0.0,51.56
2026-03-24,JB01,전주,35.8242,127.148,15.13,11.36,18.9,0.0,0.0,68.66
2026-03-25,JB01,전주,35.8242,127.148,12.66,8.06,17.27,0.0,0.0,57.44
2026-03-26,JB01,전주,35.8242,127.148,10.58,6.57,14.59,0.0,0.0,56.91
2026-03-27,JB01,전주,35.8242,127.148,10.3,6.37,14.23,0.0,0.0,64.76
2026-03-28,JB01,전주,35.8242,127.148,13.76,9.54,17.97,0.0,0.0,51.56
2026-03-29,JB01,전주,35.8242,127.148,12.01,6.45,17.58,0.0,0.0,48.18
2026-03-30,JB01,전주,35.8242,127.148,10.81,6.19,15.42,0.0,0.0,38.84
2026-03-31,JB01,전주,35.8242,127.148,13.75,10.76,16.74,0.0,0.0,54.36
2026-04-01,JB01,전주,35.8242,127.148,12.29,8.38,16.21,4.23,0.0,69.18
2026-04-02,JB01,전주,35.8242,127.148,15.33,9.91,20.76,0.0,0.0,60.99
2026-04-03,JB01,전주,35.8242,127.148,15.37,12.0,18.74,6.66,0.0,82.57
2026-04-04,JB01,전주,35.8242,127.148,9.98,2.73,17.22,17.04,0.0,61.67
2026-04-05,JB01,전주,35.8242,127.148,15.37,10.99,19.76,0.0,0.0,60.31
2026-04-06,JB01,전주,35.8242,127.148,17.28,12.7,21.86,0.0,0.0,68.96
2026-04-07,JB01,전주,35.8242,127.148,16.02,10.72,21.33,0.0,0.0,47.55
2026-04-08,JB01,전주,35.8242,127.148,13.49,9.67,17.3,0.0,0.0,67.76
2026-04-09,JB01,전주,35.8242,127.148,14.69,8.62,20.77,0.0,0.0,60.43
2026-04-10,JB01,전주,35.8242,127.148,13.31,7.08,19.54,8.42,0.0,55.84
2026-04-11,JB01,전주,35.8242,127.148,11.97,6.78,17.17,0.0,0.0,88.6
2026-04-12,JB01,전주,35.8242,127.148,13.11,9.99,16.22,0.0,0.0,73.29
2026-04-13,JB01,전주,35.8242,127.148,16.08,10.95,21.21,0.0,0.0,51.22
2026-04-14,JB01,전주,35.8242,127.148,13.56,11.15,15.98,0.16,0.0,52.75
2026-04-15,JB01,전주,35.8242,127.148,14.36,9.42,19.29,0.0,0.0,66.94
2026-04-16,JB01,전주,35.8242,127.148,18.37,12.61,24.12,0.0,0.0,61.03
2026-04-17,JB01,전주,35.8242,127.148,18.0,13.34,22.65,0.0,0.0,54.68
2026-04-18,JB01,전주,35.8242,127.148,15.02,10.05,19.98,3.63,0.0,48.8
2026-04-19,JB01,전주,35.8242,127.148,19.53,14.95,24.12,0.0,0.0,66.09
2026-04-20,JB01,전주,35.8242,127.148,16.04,13.09,19.0,0.0,0.0,52.63
2026-04-21,JB01,전주,35.8242,127.148,16.61,12.06,21.15,0.0,0.0,58.2
2026-04-22,JB01,전주,35.8242,127.148,14.91,9.82,20.01,0.0,0.0,76.88
2026-04-23,JB01,전주,35.8242,127.148,17.99,15.95,20.03,0.0,0.0,77.45
2026-04-24,JB01,전주,35.8242,127.148,21.97,15.46,28.48,0.0,0.0,67.12
2026-04-25,JB01,전주,35.8242,127.148,16.65,11.9,21.4,0.0,0.0,51.56
2026-04-26,JB01,전주,35.8242,127.148,16.96,11.47,22.44,0.0,0.0,60.77
2026-04-27,JB01,전주,35.8242,127.148,15.53,11.37,19.69,0.0,0.0,66.7
2026-04-28,JB01,전주,35.8242,127.148,21.79,16.13,27.45,0.0,0.0,30.6
2026-04-29,JB01,전주,35.8242,127.148,14.91,8.84,20.97,0.0,0.0,50.49
2026-04-30,JB01,전주,35.8242,127.148,23.28,17.38,29.17,0.0,0.0,55.07
2026-05-01,JB01,전주,35.8242,127.148,19.2,14.45,23.95,0.0,0.0,62.22
2026-05-02,JB01,전주,35.8242,127.148,21.44,15.65,27.23,14.36,0.0,66.21
2026-05-03,JB01,전주,35.8242,127.148,13.84,11.68,16.0,0.0,0.0,63.31
2026-05-04,JB01,전주,35.8242,127.148,20.33,15.62,25.03,0.0,0.0,45.31
2026-05-05,JB01,전주,35.8242,127.148,20.16,15.33,25.0,7.67,0.0,78.24
2026-05-06,JB01,전주,35.8242,127.148,18.76,12.03,25.5,17.64,0.0,71.8
2026-05-07,JB01,전주,35.8242,127.148,19.17,14.54,23.8,0.0,0.0,50.16
2026-05-08,JB01,전주,35.8242,127.148,20.44,16.61,24.27,0.0,0.0,57.1
2026-05-09,JB01,전주,35.8242,127.148,24.61,20.32,28.89,0.0,0.0,44.79
2026-05-10,JB01,전주,35.8242,127.148,19.99,15.26,24.72,0.0,0.0,60.22
2026-05-11,JB01,전주,35.8242,127.148,24.54,19.34,29.75,0.0,0.0,57.41
2026-05-12,JB01,전주,35.8242,127.148,27.11,23.15,31.08,0.0,0.0,45.9
2026-05-13,JB01,전주,35.8242,127.148,27.13,21.72,32.53,20.63,0.0,94.16
2026-05-14,JB01,전주,35.8242,127.148,17.97,13.76,22.18,0.0,0.0,38.26
2026-05-15,JB01,전주,35.8242,127.148,24.37,20.17,28.58,0.0,0.0,81.6
2026-05-16,JB01,전주,35.8242,127.148,21.13,17.09,25.16,0.0,0.0,67.87
2026-05-17,JB01,전주,35.8242,127.148,20.76,16.95,24.56,0.0,0.0,61.79
2026-05-18,JB01,전주,35.8242,127.148,17.35,14.2,20.5,0.0,0.0,62.02
2026-05-19,JB01,전주,35.8242,127.148,20.56,16.25,24.87,0.0,0.0,52.55
2026-05-20,JB01,전주,35.8242,127.148,24.29,21.28,27.3,0.0,0.0,60.73
2026-05-21,JB01,전주,35.8242,127.148,22.41,17.29,27.54,0.0,0.0,61.57
2026-05-22,JB01,전주,35.8242,127.148,25.4,20.36,30.44,0.0,0.0,57.04
2026-05-23,JB01,전주,35.8242,127.148,20.9,16.48,25.32,0.0,0.0,56.81
2026-05-24,JB01,전주,35.8242,127.148,20.89,16.93,24.85,0.0,0.0,54.26
2026-05-25,JB01,전주,35.8242,127.148,24.31,19.23,29.38,0.0,0.0,72.24
2026-05-26,JB01,전주,35.8242,127.148,25.64,22.17,29.12,0.0,0.0,57.24
2026-05-27,JB01,전주,35.8242,127.148,22.28,19.03,25.53,0.0,0.0,53.25
2026-05-28,JB01,전주,35.8242,127.148,21.86,17.71,26.01,0.0,0.0,59.99
2026-05-29,JB01,전주,35.8242,127.148,29.51,24.82,34.2,0.0,0.0,58.04
2026-05-30,JB01,전주,35.8242,127.148,24.29,19.31,29.27,0.0,0.0,49.55
2026-05-31,JB01,전주,35.8242,127.148,25.83,21.11,30.56,0.0,0.0,65.71
2026-06-01,JB01,전주,35.8242,127.148,26.91,23.35,30.46,0.65,0.0,69.0
2026-06-02,JB01,전주,35.8242,127.148,22.84,19.55,26.12,4.29,0.0,68.83
2026-06-03,JB01,전주,35.8242,127.148,21.25,17.75,24.76,16.9,0.0,64.87
2026-06-04,JB01,전주,35.8242,127.148,26.37,22.74,30.01,3.66,0.0,66.84
2026-06-05,JB01,전주,35.8242,127.148,21.76,17.84,25.69,0.0,0.0,68.53
2026-06-06,JB01,전주,35.8242,127.148,24.11,19.56,28.66,0.0,0.0,59.32
2026-06-07,JB01,전주,35.8242,127.148,21.24,17.64,24.85,20.15,0.0,81.92
2026-06-08,JB01,전주,35.8242,127.148,25.11,19.78,30.43,6.41,0.0,50.64
2026-06-09,JB01,전주,35.8242,127.148,25.28,20.58,29.99,0.0,0.0,63.46
2026-06-10,JB01,전주,35.8242,127.148,25.12,20.01,30.24,0.0,0.0,62.13
2026-06-11,JB01,전주,35.8242,127.148,22.86,17.95,27.76,0.0,0.0,51.3
2026-06-12,JB01,전주,35.8242,127.148,24.78,20.96,28.59,1.93,0.0,70.2
2026-06-13,JB01,전주,35.8242,127.148,25.99,19.32,32.66,57.83,0.0,100.0
2026-06-14,JB01,전주,35.8242,127.148,23.79,18.88,28.7,0.0,0.0,56.86
2026-06-15,JB01,전주,35.8242,127.148,29.05,24.29,33.82,0.0,0.0,48.91
2026-06-16,JB01,전주,35.8242,127.148,25.83,21.48,30.18,0.0,0.0,50.24
2026-06-17,JB01,전주,35.8242,127.148,31.27,27.06,35.48,3.47,0.0,66.24
2026-06-18,JB01,전주,35.8242,127.148,26.22,20.98,31.47,0.0,0.0,61.4
2026-06-19,JB01,전주,35.8242,127.148,22.82,19.0,26.64,1.75,0.0,66.29
2026-06-20,JB01,전주,35.8242,127.148,27.29,22.74,31.83,0.0,0.0,40.39
2026-06-21,JB01,전주,35.8242,127.148,27.03,22.34,31.73,0.0,0.0,61.8
2026-06-22,JB01,전주,35.8242,127.148,22.61,19.76,25.46,12.34,0.0,54.19
2026-06-23,JB01,전주,35.8242,127.148,22.63,18.93,26.34,0.0,0.0,44.38
2026-06-24,JB01,전주,35.8242,127.148,21.58,17.99,25.18,0.0,0.0,46.19
2026-06-25,JB01,전주,35.8242,127.148,24.72,19.06,30.39,0.0,0.0,55.94
2026-06-26,JB01,전주,35.8242,127.148,27.46,23.42,31.5,0.0,0.0,69.63
2026-06-27,JB01,전주,35.8242,127.148,24.26,18.55,29.98,5.25,0.0,65.41
2026-06-28,JB01,전주,35.8242,127.148,27.44,23.54,31.33,0.0,0.0,57.38
2026-06-29,JB01,전주,35.8242,127.148,26.67,23.29,30.04,0.0,0.0,62.66
2026-06-30,JB01,전주,35.8242,127.148,21.8,15.97,27.63,0.0,0.0,68.02
2026-07-01,JB01,전주,35.8242,127.148,28.37,23.77,32.96,0.0,0.0,39.56
2026-07-02,JB01,전주,35.8242,127.148,25.53,21.68,29.38,0.0,0.0,57.37
2026-07-03,JB01,전주,35.8242,127.148,26.37,23.47,29.27,24.57,0.0,86.35
2026-07-04,JB01,전주,35.8242,127.148,23.7,18.6,28.8,0.0,0.0,65.41
2026-07-05,JB01,전주,35.8242,127.148,27.01,23.77,30.24,2.84,0.0,62.86
2026-07-06,JB01,전주,35.8242,127.148,25.95,21.08,30.82,0.0,0.0,44.5
2026-07-07,JB01,전주,35.8242,127.148,26.84,22.13,31.54,0.0,0.0,57.55
2026-07-08,JB01,전주,35.8242,127.148,21.33,15.76,26.89,10.22,0.0,82.62
2026-07-09,JB01,전주,35.8242,127.148,22.55,18.42,26.67,0.0,0.0,47.08
2026-07-10,JB01,전주,35.8242,127.148,25.39,19.12,31.66,0.0,0.0,61.95
2026-07-11,JB01,전주,35.8242,127.148,17.94,13.48,22.4,0.0,0.0,49.82
2026-07-12,JB01,전주,35.8242,127.148,27.07,22.93,31.21,0.0,0.0,54.23
2026-07-13,JB01,전주,35.8242,127.148,19.81,16.56,23.07,0.0,0.0,36.9
2026-07-14,JB01,전주,35.8242,127.148,22.51,18.45,26.57,0.0,0.0,65.69
2026-07-15,JB01,전주,35.8242,127.148,22.94,17.0,28.87,0.0,0.0,68.09
2026-07-16,JB01,전주,35.8242,127.148,20.94,15.26,26.62,0.0,0.0,47.71
2026-07-17,JB01,전주,35.8242,127.148,23.6,18.79,28.4,0.0,0.0,63.54
2026-07-18,JB01,전주,35.8242,127.148,22.64,17.45,27.82,7.03,0.0,65.14
2026-07-19,JB01,전주,35.8242,127.148,25.27,18.5,32.04,0.0,0.0,67.76
2026-07-20,JB01,전주,35.8242,127.148,31.27,26.2,36.34,0.0,0.0,65.04
2026-07-21,JB01,전주,35.8242,127.148,21.34,17.33,25.36,0.0,0.0,64.48
2026-07-22,JB01,전주,35.8242,127.148,23.25,18.6,27.9,0.0,0.0,66.63
2026-07-23,JB01,전주,35.8242,127.148,23.18,19.42,26.94,0.0,0.0,65.74
2026-07-24,JB01,전주,35.8242,127.148,19.61,15.46,23.77,0.0,0.0,65.79
2026-07-25,JB01,전주,35.8242,127.148,25.54,20.73,30.36,0.0,0.0,58.64
2026-07-26,JB01,전주,35.8242,127.148,21.63,17.42,25.84,7.22,0.0,59.8
2026-07-27,JB01,전주,35.8242,127.148,23.27,19.08,27.46,11.58,0.0,50.98
2026-07-28,JB01,전주,35.8242,127.148,22.18,16.84,27.52,0.0,0.0,65.82
2026-07-29,JB01,전주,35.8242,127.148,19.37,15.13,23.62,0.0,0.0,59.78
2026-07-30,JB01,전주,35.8242,127.148,24.07,20.58,27.56,0.0,0.0,62.2
2026-07-31,JB01,전주,35.8242,127.148,24.63,21.01,28.24,0.0,0.0,30.96
2026-08-01,JB01,전주,35.8242,127.148,21.03,17.1,24.95,0.0,0.0,59.66
2026-08-02,JB01,전주,35.8242,127.148,22.25,20.23,24.26,2.57,0.0,47.23
2026-08-03,JB01,전주,35.8242,127.148,22.32,18.13,26.51,0.0,0.0,59.25
2026-08-04,JB01,전주,35.8242,127.148,21.5,18.69,24.31,0.0,0.0,52.16
2026-08-05,JB01,전주,35.8242,127.148,21.95,18.12,25.78,0.0,0.0,55.21
2026-08-06,JB01,전주,35.8242,127.148,19.51,15.31,23.7,10.07,0.0,59.37
2026-08-07,JB01,전주,35.8242,127.148,21.5,16.53,26.47,0.0,0.0,52.99
2026-08-08,JB01,전주,35.8242,127.148,17.8,13.87,21.74,0.0,0.0,40.73
2026-08-09,JB01,전주,35.8242,127.148,19.46,16.11,22.81,0.0,0.0,64.01
2026-08-10,JB01,전주,35.8242,127.148,19.04,14.83,23.26,0.0,0.0,53.06
2026-08-11,JB01,전주,35.8242,127.148,22.01,16.6,27.42,0.0,0.0,68.52
2026-08-12,JB01,전주,35.8242,127.148,17.25,14.13,20.38,0.0,0.0,74.71
2026-08-13,JB01,전주,35.8242,127.148,21.91,17.46,26.37,0.0,0.0,37.78
2026-08-14,JB01,전주,35.8242,127.148,20.87,16.76,24.98,0.0,0.0,58.66
2026-08-15,JB01,전주,35.8242,127.148,20.67,15.13,26.21,0.0,0.0,70.28
2024-08-18,JB02,군산,35.9677,126.7366,20.62,14.95,26.3,0.0,0.0,86.14
2024-08-19,JB02,군산,35.9677,126.7366,21.64,16.72,26.56,30.92,0.0,66.69
2024-08-20,JB02,군산,35.9677,126.7366,23.94,19.81,28.06,0.0,0.0,45.21
2024-08-21,JB02,군산,35.9677,126.7366,21.66,17.88,25.45,0.0,0.0,55.16
2024-08-22,JB02,군산,35.9677,126.7366,24.85,18.17,31.53,0.0,0.0,58.64
2024-08-23,JB02,군산,35.9677,126.7366,19.16,13.44,24.88,4.82,0.0,56.47
2024-08-24,JB02,군산,35.9677,126.7366,19.79,17.03,22.55,32.12,0.0,98.32
2024-08-25,JB02,군산,35.9677,126.7366,17.67,12.91,22.43,5.94,0.0,63.77
2024-08-26,JB02,군산,35.9677,126.7366,16.13,13.07,19.18,0.0,0.0,62.91
2024-08-27,JB02,군산,35.9677,126.7366,24.29,18.29,30.29,0.0,0.0,72.21
2024-08-28,JB02,군산,35.9677,126.7366,21.4,18.6,24.2,0.0,0.0,68.96
2024-08-29,JB02,군산,35.9677,126.7366,20.28,17.22,23.34,0.0,0.0,36.62
2024-08-30,JB02,군산,35.9677,126.7366,18.24,12.48,23.99,0.0,0.0,53.01
2024-08-31,JB02,군산,35.9677,126.7366,20.71,15.14,26.29,0.0,0.0,66.74
2024-09-01,JB02,군산,35.9677,126.7366,20.98,15.67,26.29,0.0,0.0,58.9
2024-09-02,JB02,군산,35.9677,126.7366,17.62,14.45,20.79,0.0,0.0,55.18
2024-09-03,JB02,군산,35.9677,126.7366,18.57,12.49,24.66,0.0,0.0,68.03
2024-09-04,JB02,군산,35.9677,126.7366,20.38,16.14,24.63,0.0,0.0,55.56
2024-09-05,JB02,군산,35.9677,126.7366,20.76,15.56,25.96,0.0,0.0,59.62
2024-09-06,JB02,군산,35.9677,126.7366,21.34,17.04,25.64,0.0,0.0,63.46
2024-09-07,JB02,군산,35.9677,126.7366,14.7,9.63,19.76,3.8,0.0,64.6
2024-09-08,JB02,군산,35.9677,126.7366,16.25,11.26,21.24,7.56,0.0,56.77
2024-09-09,JB02,군산,35.9677,126.7366,16.87,12.71,21.02,0.0,0.0,48.8
2024-09-10,JB02,군산,35.9677,126.7366,20.33,15.4,25.25,0.0,0.0,42.6
2024-09-11,JB02,군산,35.9677,126.7366,16.08,9.87,22.3,0.0,0.0,71.07
2024-09-12,JB02,군산,35.9677,126.7366,16.99,11.97,22.0,0.0,0.0,67.38
2024-09-13,JB02,군산,35.9677,126.7366,15.12,9.68,20.57,0.0,0.0,59.77
2024-09-14,JB02,군산,35.9677,126.7366,16.56,12.23,20.89,0.0,0.0,55.34
2024-09-15,JB02,군산,35.9677,126.7366,13.94,7.68,20.21,0.0,0.0,50.39
2024-09-16,JB02,군산,35.9677,126.7366,16.65,12.97,20.33,17.71,0.0,81.44
2024-09-17,JB02,군산,35.9677,126.7366,14.46,10.19,18.73,12.51,0.0,75.18
2024-09-18,JB02,군산,35.9677,126.7366,15.12,12.0,18.24,0.0,0.0,71.81
2024-09-19,JB02,군산,35.9677,126.7366,18.65,13.37,23.94,0.0,0.0,62.91
2024-09-20,JB02,군산,35.9677,126.7366,16.45,11.15,21.75,10.41,0.0,65.88
2024-09-21,JB02,군산,35.9677,126.7366,12.73,10.32,15.14,0.0,0.0,59.86
2024-09-22,JB02,군산,35.9677,126.7366,15.31,12.28,18.34,0.0,0.0,78.55
2024-09-23,JB02,군산,35.9677,126.7366,13.94,9.51,18.37,0.0,0.0,78.32
2024-09-24,JB02,군산,35.9677,126.7366,11.07,6.35,15.79,0.0,0.0,52.53
2024-09-25,JB02,군산,35.9677,126.7366,13.19,7.2,19.17,0.0,0.0,62.48
2024-09-26,JB02,군산,35.9677,126.7366,12.18,4.94,19.42,4.05,0.0,75.2
2024-09-27,JB02,군산,35.9677,126.7366,15.18,8.02,22.34,0.0,0.0,72.58
2024-09-28,JB02,군산,35.9677,126.7366,12.8,7.42,18.19,0.0,0.0,72.68
2024-09-29,JB02,군산,35.9677,126.7366,14.3,9.84,18.76,0.0,0.0,50.35
2024-09-30,JB02,군산,35.9677,126.7366,10.8,6.81,14.79,0.0,0.0,59.33
2024-10-01,JB02,군산,35.9677,126.7366,7.52,2.07,12.97,0.0,0.0,50.99
2024-10-02,JB02,군산,35.9677,126.7366,12.58,8.37,16.79,0.0,0.0,51.72
2024-10-03,JB02,군산,35.9677,126.7366,9.4,3.74,15.06,0.0,0.0,78.22
2024-10-04,JB02,군산,35.9677,126.7366,11.41,7.92,14.89,0.0,0.0,64.31
2024-10-05,JB02,군산,35.9677,126.7366,12.82,7.01,18.63,0.0,0.0,56.73
2024-10-06,JB02,군산,35.9677,126.7366,10.44,7.36,13.52,0.0,0.0,71.36
2024-10-07,JB02,군산,35.9677,126.7366,11.2,8.18,14.22,0.0,0.0,74.65
2024-10-08,JB02,군산,35.9677,126.7366,10.19,6.4,13.97,0.0,0.0,43.23
2024-10-09,JB02,군산,35.9677,126.7366,13.6,9.53,17.67,0.0,0.0,58.52
2024-10-10,JB02,군산,35.9677,126.7366,13.39,8.61,18.17,0.0,0.0,65.19
2024-10-11,JB02,군산,35.9677,126.7366,11.24,6.35,16.12,0.0,0.0,77.15
2024-10-12,JB02,군산,35.9677,126.7366,7.34,2.84,11.85,0.0,0.0,62.02
2024-10-13,JB02,군산,35.9677,126.7366,8.27,3.42,13.12,0.0,0.0,42.18
2024-10-14,JB02,군산,35.9677,126.7366,9.11,5.82,12.4,0.0,0.0,59.37
2024-10-15,JB02,군산,35.9677,126.7366,10.04,4.96,15.12,0.4,0.0,78.05
2024-10-16,JB02,군산,35.9677,126.7366,6.14,0.96,11.31,0.0,0.0,58.8
2024-10-17,JB02,군산,35.9677,126.7366,6.91,1.8,12.03,0.0,0.0,53.52
2024-10-18,JB02,군산,35.9677,126.7366,5.7,0.9,10.49,0.0,0.0,62.27
2024-10-19,JB02,군산,35.9677,126.7366,14.31,8.32,20.29,6.86,0.0,50.27
2024-10-20,JB02,군산,35.9677,126.7366,10.87,7.24,14.5,0.0,0.0,56.34
2024-10-21,JB02,군산,35.9677,126.7366,5.03,1.88,8.18,2.7,0.0,52.35
2024-10-22,JB02,군산,35.9677,126.7366,8.63,4.38,12.87,12.67,0.0,65.35
2024-10-23,JB02,군산,35.9677,126.7366,8.29,3.06,13.53,0.0,0.0,58.81
2024-10-24,JB02,군산,35.9677,126.7366,5.08,1.53,8.63,11.17,0.0,69.74
2024-10-25,JB02,군산,35.9677,126.7366,6.86,1.6,12.13,0.0,0.0,67.11
2024-10-26,JB02,군산,35.9677,126.7366,6.31,0.28,12.33,13.04,0.0,70.9
2024-10-27,JB02,군산,35.9677,126.7366,4.58,-0.69,9.85,0.0,0.0,54.25
2024-10-28,JB02,군산,35.9677,126.7366,6.32,2.31,10.33,25.12,0.0,73.36
2024-10-29,JB02,군산,35.9677,126.7366,2.14,-1.53,5.8,0.0,0.0,64.32
2024-10-30,JB02,군산,35.9677,126.7366,12.47,8.37,16.57,0.0,0.0,67.0
2024-10-31,JB02,군산,35.9677,126.7366,3.81,-2.12,9.74,3.77,0.0,68.59
2024-11-01,JB02,군산,35.9677,126.7366,4.82,0.86,8.77,0.0,0.0,56.55
2024-11-02,JB02,군산,35.9677,126.7366,2.12,-2.82,7.05,0.0,0.0,53.56
2024-11-03,JB02,군산,35.9677,126.7366,6.8,1.97,11.64,0.0,0.0,57.35
2024-11-04,JB02,군산,35.9677,126.7366,7.6,2.08,13.12,0.0,0.0,67.28
2024-11-05,JB02,군산,35.9677,126.7366,6.41,2.39,10.43,0.0,0.0,62.2
2024-11-06,JB02,군산,35.9677,126.7366,5.74,0.04,11.44,0.0,0.0,48.94
2024-11-07,JB02,군산,35.9677,126.7366,5.35,0.93,9.77,0.0,0.0,61.75
2024-11-08,JB02,군산,35.9677,126.7366,-0.38,-3.84,3.08,5.33,0.0,80.08
2024-11-09,JB02,군산,35.9677,126.7366,2.71,-1.27,6.68,0.0,0.0,54.25
2024-11-10,JB02,군산,35.9677,126.7366,5.45,2.58,8.33,0.0,0.0,64.2
2024-11-11,JB02,군산,35.9677,126.7366,-0.44,-3.78,2.9,0.0,0.0,57.5
2024-11-12,JB02,군산,35.9677,126.7366,2.61,-1.06,6.29,0.0,0.0,61.01
2024-11-13,JB02,군산,35.9677,126.7366,5.57,3.57,7.57,0.0,0.0,59.59
2024-11-14,JB02,군산,35.9677,126.7366,2.81,-2.13,7.75,5.47,0.0,59.92
2024-11-15,JB02,군산,35.9677,126.7366,5.64,1.95,9.34,0.0,0.0,59.83
2024-11-16,JB02,군산,35.9677,126.7366,6.47,2.3,10.64,0.0,0.0,70.32
2024-11-17,JB02,군산,35.9677,126.7366,2.42,-1.85,6.69,0.0,0.0,55.44
2024-11-18,JB02,군산,35.9677,126.7366,4.47,-0.28,9.23,0.0,0.0,46.75
2024-11-19,JB02,군산,35.9677,126.7366,-0.05,-6.91,6.81,0.0,0.0,50.25
2024-11-20,JB02,군산,35.9677,126.7366,5.56,0.75,10.37,0.0,0.0,56.62
2024-11-21,JB02,군산,35.9677,126.7366,1.22,-3.1,5.53,0.0,0.0,57.12
2024-11-22,JB02,군산,35.9677,126.7366,2.55,-3.99,9.09,0.0,0.0,34.66
2024-11-23,JB02,군산,35.9677,126.7366,1.48,-6.04,8.99,3.0,0.0,52.98
2024-11-24,JB02,군산,35.9677,126.7366,-1.68,-5.8,2.43,0.0,0.0,39.28
2024-11-25,JB02,군산,35.9677,126.7366,-1.32,-5.83,3.19,0.0,0.0,61.95
2024-11-26,JB02,군산,35.9677,126.7366,-1.61,-6.89,3.68,0.0,0.0,74.43
2024-11-27,JB02,군산,35.9677,126.7366,-2.94,-6.24,0.36,0.0,0.0,74.64
2024-11-28,JB02,군산,35.9677,126.7366,1.81,-3.31,6.93,2.23,0.0,47.67
2024-11-29,JB02,군산,35.9677,126.7366,-2.13,-7.07,2.81,0.0,0.0,61.2
2024-11-30,JB02,군산,35.9677,126.7366,-2.3,-7.13,2.52,0.0,0.0,72.07
2024-12-01,JB02,군산,35.9677,126.7366,1.49,-4.37,7.35,7.88,0.0,61.68
2024-12-02,JB02,군산,35.9677,126.7366,-1.14,-4.3,2.02,0.0,0.0,47.44
2024-12-03,JB02,군산,35.9677,126.7366,2.0,-0.74,4.74,0.0,0.0,51.64
2024-12-04,JB02,군산,35.9677,126.7366,1.16,-4.04,6.37,0.0,0.0,55.69
2024-12-05,JB02,군산,35.9677,126.7366,-3.59,-10.78,3.6,0.0,0.0,47.59
2024-12-06,JB02,군산,35.9677,126.7366,-3.39,-9.38,2.59,0.0,0.0,44.8
2024-12-07,JB02,군산,35.9677,126.7366,-5.26,-9.49,-1.03,3.68,0.0,64.17
2024-12-08,JB02,군산,35.9677,126.7366,-0.74,-4.03,2.55,0.0,0.0,66.88
2024-12-09,JB02,군산,35.9677,126.7366,1.83,-1.11,4.77,0.0,0.0,47.44
2024-12-10,JB02,군산,35.9677,126.7366,1.66,-3.22,6.55,0.0,0.0,60.09
2024-12-11,JB02,군산,35.9677,126.7366,2.65,-2.36,7.67,0.0,0.0,59.15
2024-12-12,JB02,군산,35.9677,126.7366,-1.03,-4.61,2.55,0.0,0.0,57.49
2024-12-13,JB02,군산,35.9677,126.7366,2.77,0.44,5.1,0.0,0.39,57.34
2024-12-14,JB02,군산,35.9677,126.7366,-1.42,-5.94,3.11,0.0,0.0,67.83
2024-12-15,JB02,군산,35.9677,126.7366,-2.01,-5.6,1.58,0.0,0.0,63.17
2024-12-16,JB02,군산,35.9677,126.7366,-1.65,-5.89,2.58,0.0,0.0,47.56
2024-12-17,JB02,군산,35.9677,126.7366,-2.1,-5.46,1.26,9.17,0.0,58.65
2024-12-18,JB02,군산,35.9677,126.7366,0.04,-4.8,4.89,0.0,0.0,65.75
2024-12-19,JB02,군산,35.9677,126.7366,0.07,-4.15,4.29,0.0,0.0,49.94
2024-12-20,JB02,군산,35.9677,126.7366,-2.25,-5.52,1.01,0.0,0.0,48.92
2024-12-21,JB02,군산,35.9677,126.7366,-0.12,-3.48,3.24,0.0,0.0,64.02
2024-12-22,JB02,군산,35.9677,126.7366,-2.47,-8.08,3.14,0.0,0.0,45.47
2024-12-23,JB02,군산,35.9677,126.7366,-0.26,-5.75,5.22,0.0,0.0,72.3
2024-12-24,JB02,군산,35.9677,126.7366,-1.64,-5.79,2.51,0.0,0.0,69.66
2024-12-25,JB02,군산,35.9677,126.7366,-0.06,-4.84,4.72,0.0,0.0,59.71
2024-12-26,JB02,군산,35.9677,126.7366,-1.22,-7.38,4.94,0.0,0.0,58.05
2024-12-27,JB02,군산,35.9677,126.7366,-0.5,-5.4,4.4,0.0,0.0,49.13
2024-12-28,JB02,군산,35.9677,126.7366,-3.3,-7.09,0.5,0.0,0.0,59.96
2024-12-29,JB02,군산,35.9677,126.7366,-3.93,-7.92,0.06,0.0,0.0,50.75
2024-12-30,JB02,군산,35.9677,126.7366,-0.61,-7.53,6.31,0.0,0.0,56.26
2024-12-31,JB02,군산,35.9677,126.7366,-0.78,-5.11,3.55,0.0,0.0,48.37
2025-01-01,JB02,군산,35.9677,126.7366,-1.36,-5.68,2.96,0.0,1.02,57.01
2025-01-02,JB02,군산,35.9677,126.7366,-0.04,-3.94,3.86,0.0,0.0,66.66
2025-01-03,JB02,군산,35.9677,126.7366,0.72,-4.43,5.87,9.38,0.0,59.22
2025-01-04,JB02,군산,35.9677,126.7366,-0.55,-5.5,4.41,0.0,0.0,57.06
2025-01-05,JB02,군산,35.9677,126.7366,-6.28,-10.54,-2.03,0.0,0.0,72.16
2025-01-06,JB02,군산,35.9677,126.7366,-3.87,-7.46,-0.28,0.0,0.0,54.04
2025-01-07,JB02,군산,35.9677,126.7366,-2.15,-7.87,3.57,0.0,0.0,54.29
2025-01-08,JB02,군산,35.9677,126.7366,1.56,-2.92,6.04,0.0,0.0,53.59
2025-01-09,JB02,군산,35.9677,126.7366,0.94,-6.07,7.94,3.19,0.05,68.73
2025-01-10,JB02,군산,35.9677,126.7366,0.21,-4.05,4.46,8.77,0.64,40.83
2025-01-11,JB02,군산,35.9677,126.7366,2.26,-3.86,8.37,0.0,0.0,63.59
2025-01-12,JB02,군산,35.9677,126.7366,-2.31,-7.41,2.8,0.0,0.0,69.27
2025-01-13,JB02,군산,35.9677,126.7366,1.62,-2.1,5.34,0.0,0.0,65.33
2025-01-14,JB02,군산,35.9677,126.7366,-3.07,-7.96,1.82,0.0,2.41,55.86
2025-01-15,JB02,군산,35.9677,126.7366,-2.97,-8.58,2.65,10.29,0.0,60.14
2025-01-16,JB02,군산,35.9677,126.7366,2.75,-1.97,7.48,9.9,0.0,63.81
2025-01-17,JB02,군산,35.9677,126.7366,0.18,-3.9,4.26,0.0,0.0,58.94
2025-01-18,JB02,군산,35.9677,126.7366,4.34,-0.03,8.72,0.0,3.35,49.61
2025-01-19,JB02,군산,35.9677,126.7366,-2.02,-5.9,1.86,0.0,0.0,68.52
2025-01-20,JB02,군산,35.9677,126.7366,0.79,-2.25,3.82,0.0,0.0,44.55
2025-01-21,JB02,군산,35.9677,126.7366,-0.77,-5.61,4.06,0.0,0.0,57.06
2025-01-22,JB02,군산,35.9677,126.7366,1.06,-4.61,6.72,0.0,0.0,50.54
2025-01-23,JB02,군산,35.9677,126.7366,-2.64,-6.58,1.3,10.17,0.0,78.18
2025-01-24,JB02,군산,35.9677,126.7366,0.2,-2.74,3.14,0.0,1.4,54.32
2025-01-25,JB02,군산,35.9677,126.7366,-1.65,-8.48,5.19,0.0,1.67,70.78
2025-01-26,JB02,군산,35.9677,126.7366,-1.83,-6.64,2.98,0.0,0.0,61.18
2025-01-27,JB02,군산,35.9677,126.7366,-1.65,-3.97,0.66,0.0,0.0,71.9
2025-01-28,JB02,군산,35.9677,126.7366,-0.23,-4.74,4.28,0.0,0.0,54.56
2025-01-29,JB02,군산,35.9677,126.7366,0.57,-4.26,5.4,0.0,0.0,56.8
2025-01-30,JB02,군산,35.9677,126.7366,3.91,-1.92,9.74,0.0,0.0,54.14
2025-01-31,JB02,군산,35.9677,126.7366,4.6,-0.5,9.7,0.0,0.41,61.97
2025-02-01,JB02,군산,35.9677,126.7366,5.5,1.73,9.26,0.0,0.0,69.62
2025-02-02,JB02,군산,35.9677,126.7366,2.62,-0.82,6.07,0.0,0.0,64.0
2025-02-03,JB02,군산,35.9677,126.7366,1.54,-3.21,6.29,0.0,0.0,58.31
2025-02-04,JB02,군산,35.9677,126.7366,-0.86,-4.21,2.48,0.0,0.0,57.73
2025-02-05,JB02,군산,35.9677,126.7366,1.81,-3.24,6.87,0.0,0.7,62.82
2025-02-06,JB02,군산,35.9677,126.7366,-2.98,-6.61,0.65,0.0,0.0,69.18
2025-02-07,JB02,군산,35.9677,126.7366,5.18,1.09,9.28,0.0,0.0,69.19
2025-02-08,JB02,군산,35.9677,126.7366,0.57,-4.88,6.03,0.0,0.35,69.58
2025-02-09,JB02,군산,35.9677,126.7366,1.39,-1.71,4.49,0.0,0.0,76.44
2025-02-10,JB02,군산,35.9677,126.7366,2.92,-1.16,6.99,5.87,0.0,76.78
2025-02-11,JB02,군산,35.9677,126.7366,-3.98,-9.36,1.4,0.0,0.0,74.92
2025-02-12,JB02,군산,35.9677,126.7366,0.55,-3.2,4.3,0.0,0.0,53.58
2025-02-13,JB02,군산,35.9677,126.7366,-1.37,-4.91,2.18,0.0,0.0,62.51
2025-02-14,JB02,군산,35.9677,126.7366,1.94,-1.84,5.71,0.0,0.57,50.78
2025-02-15,JB02,군산,35.9677,126.7366,1.29,-3.22,5.8,0.0,0.0,78.92
2025-02-16,JB02,군산,35.9677,126.7366,3.68,1.68,5.68,7.74,0.0,67.9
2025-02-17,JB02,군산,35.9677,126.7366,3.63,-0.84,8.1,0.0,0.0,52.58
2025-02-18,JB02,군산,35.9677,126.7366,0.93,-6.9,8.75,0.0,0.0,43.04
2025-02-19,JB02,군산,35.9677,126.7366,3.65,0.17,7.12,17.86,0.0,54.57
2025-02-20,JB02,군산,35.9677,126.7366,7.94,4.75,11.13,0.0,0.0,68.22
2025-02-21,JB02,군산,35.9677,126.7366,5.09,1.53,8.65,4.55,0.0,59.14
2025-02-22,JB02,군산,35.9677,126.7366,-1.01,-6.75,4.72,0.0,0.0,52.4
2025-02-23,JB02,군산,35.9677,126.7366,4.92,1.4,8.43,0.0,0.0,62.07
2025-02-24,JB02,군산,35.9677,126.7366,5.48,1.2,9.76,0.0,0.0,58.89
2025-02-25,JB02,군산,35.9677,126.7366,0.9,-2.47,4.27,0.0,0.0,54.37
2025-02-26,JB02,군산,35.9677,126.7366,3.52,-3.13,10.17,10.2,0.0,44.29
2025-02-27,JB02,군산,35.9677,126.7366,7.11,2.11,12.1,0.0,0.0,56.63
2025-02-28,JB02,군산,35.9677,126.7366,6.74,3.95,9.53,0.0,0.0,46.64
2025-03-01,JB02,군산,35.9677,126.7366,9.41,3.95,14.87,0.0,0.0,42.86
2025-03-02,JB02,군산,35.9677,126.7366,5.03,1.05,9.01,0.0,0.0,77.45
2025-03-03,JB02,군산,35.9677,126.7366,6.29,1.27,11.31,14.0,0.0,66.37
2025-03-04,JB02,군산,35.9677,126.7366,7.2,4.5,9.91,8.86,0.0,54.34
2025-03-05,JB02,군산,35.9677,126.7366,3.72,0.5,6.94,0.0,0.0,58.66
2025-03-06,JB02,군산,35.9677,126.7366,5.02,1.63,8.4,0.0,0.0,57.52
2025-03-07,JB02,군산,35.9677,126.7366,5.22,1.47,8.96,0.0,0.0,57.18
2025-03-08,JB02,군산,35.9677,126.7366,9.58,5.67,13.5,0.0,0.0,57.45
2025-03-09,JB02,군산,35.9677,126.7366,2.66,-3.41,8.74,0.0,0.0,65.46
2025-03-10,JB02,군산,35.9677,126.7366,5.14,0.82,9.46,0.0,0.0,70.36
2025-03-11,JB02,군산,35.9677,126.7366,7.9,2.99,12.8,0.0,0.0,69.56
2025-03-12,JB02,군산,35.9677,126.7366,9.2,6.26,12.13,0.0,0.0,47.96
2025-03-13,JB02,군산,35.9677,126.7366,9.31,4.63,14.0,0.0,0.0,56.11
2025-03-14,JB02,군산,35.9677,126.7366,4.19,-0.25,8.64,11.98,0.0,69.39
2025-03-15,JB02,군산,35.9677,126.7366,12.57,7.14,18.0,15.08,0.0,60.44
2025-03-16,JB02,군산,35.9677,126.7366,9.0,6.88,11.13,0.0,0.0,47.8
2025-03-17,JB02,군산,35.9677,126.7366,8.66,5.35,11.98,0.0,0.0,58.19
2025-03-18,JB02,군산,35.9677,126.7366,12.0,7.49,16.5,0.0,0.0,55.53
2025-03-19,JB02,군산,35.9677,126.7366,5.63,0.68,10.57,0.0,0.0,82.69
2025-03-20,JB02,군산,35.9677,126.7366,7.58,3.37,11.78,0.0,0.0,60.12
2025-03-21,JB02,군산,35.9677,126.7366,10.2,5.76,14.64,3.84,0.0,66.45
2025-03-22,JB02,군산,35.9677,126.7366,9.48,5.32,13.63,0.0,0.0,49.83
2025-03-23,JB02,군산,35.9677,126.7366,10.44,6.77,14.12,15.89,0.0,75.84
2025-03-24,JB02,군산,35.9677,126.7366,10.57,6.63,14.5,0.0,0.0,61.89
2025-03-25,JB02,군산,35.9677,126.7366,10.69,6.23,15.14,0.0,0.0,60.29
2025-03-26,JB02,군산,35.9677,126.7366,10.53,6.74,14.33,0.0,0.0,47.5
2025-03-27,JB02,군산,35.9677,126.7366,11.64,7.49,15.79,0.0,0.0,48.97
2025-03-28,JB02,군산,35.9677,126.7366,9.07,5.64,12.5,0.0,0.0,44.27
2025-03-29,JB02,군산,35.9677,126.7366,9.91,7.78,12.04,0.0,0.0,53.0
2025-03-30,JB02,군산,35.9677,126.7366,7.71,2.01,13.4,0.0,0.0,65.97
2025-03-31,JB02,군산,35.9677,126.7366,9.82,3.56,16.08,0.0,0.0,47.92
2025-04-01,JB02,군산,35.9677,126.7366,9.53,4.36,14.69,0.0,0.0,56.31
2025-04-02,JB02,군산,35.9677,126.7366,15.0,11.33,18.68,0.0,0.0,67.55
2025-04-03,JB02,군산,35.9677,126.7366,14.12,9.79,18.44,0.0,0.0,40.61
2025-04-04,JB02,군산,35.9677,126.7366,9.86,5.01,14.71,0.0,0.0,58.75
2025-04-05,JB02,군산,35.9677,126.7366,15.12,11.92,18.31,0.0,0.0,59.89
2025-04-06,JB02,군산,35.9677,126.7366,11.15,5.08,17.23,0.0,0.0,60.9
2025-04-07,JB02,군산,35.9677,126.7366,17.37,14.52,20.23,10.44,0.0,69.36
2025-04-08,JB02,군산,35.9677,126.7366,10.63,5.38,15.89,0.0,0.0,60.72
2025-04-09,JB02,군산,35.9677,126.7366,9.07,5.63,12.5,0.0,0.0,58.21
2025-04-10,JB02,군산,35.9677,126.7366,7.27,1.4,13.14,0.0,0.0,49.81
2025-04-11,JB02,군산,35.9677,126.7366,16.34,12.59,20.1,0.0,0.0,61.58
2025-04-12,JB02,군산,35.9677,126.7366,18.45,12.17,24.74,0.0,0.0,62.62
2025-04-13,JB02,군산,35.9677,126.7366,16.3,13.18,19.41,0.0,0.0,54.93
2025-04-14,JB02,군산,35.9677,126.7366,16.16,12.47,19.85,5.94,0.0,63.93
2025-04-15,JB02,군산,35.9677,126.7366,7.46,2.76,12.16,11.18,0.0,83.36
2025-04-16,JB02,군산,35.9677,126.7366,15.8,10.82,20.78,0.0,0.0,61.63
2025-04-17,JB02,군산,35.9677,126.7366,13.11,11.11,15.11,0.0,0.0,65.61
2025-04-18,JB02,군산,35.9677,126.7366,14.64,9.26,20.02,0.0,0.0,70.88
2025-04-19,JB02,군산,35.9677,126.7366,14.99,9.98,20.01,0.0,0.0,73.02
2025-04-20,JB02,군산,35.9677,126.7366,11.82,7.82,15.81,0.0,0.0,73.46
2025-04-21,JB02,군산,35.9677,126.7366,16.7,12.53,20.88,0.0,0.0,61.64
2025-04-22,JB02,군산,35.9677,126.7366,18.16,12.7,23.61,0.0,0.0,61.3
2025-04-23,JB02,군산,35.9677,126.7366,19.38,12.8,25.96,0.0,0.0,58.44
2025-04-24,JB02,군산,35.9677,126.7366,16.63,11.51,21.74,0.0,0.0,59.9
2025-04-25,JB02,군산,35.9677,126.7366,14.43,8.5,20.35,0.0,0.0,53.68
2025-04-26,JB02,군산,35.9677,126.7366,17.41,10.72,24.1,0.0,0.0,51.34
2025-04-27,JB02,군산,35.9677,126.7366,16.05,9.73,22.38,0.0,0.0,47.97
2025-04-28,JB02,군산,35.9677,126.7366,24.13,18.98,29.28,7.17,0.0,72.2
2025-04-29,JB02,군산,35.9677,126.7366,22.19,17.27,27.12,0.0,0.0,65.87
2025-04-30,JB02,군산,35.9677,126.7366,16.3,12.94,19.67,0.0,0.0,42.35
2025-05-01,JB02,군산,35.9677,126.7366,16.02,12.82,19.23,0.0,0.0,46.01
2025-05-02,JB02,군산,35.9677,126.7366,10.83,7.48,14.18,0.0,0.0,51.95
2025-05-03,JB02,군산,35.9677,126.7366,22.21,18.39,26.04,0.0,0.0,57.81
2025-05-04,JB02,군산,35.9677,126.7366,18.66,15.08,22.24,0.0,0.0,50.35
2025-05-05,JB02,군산,35.9677,126.7366,19.36,15.12,23.6,0.0,0.0,67.92
2025-05-06,JB02,군산,35.9677,126.7366,20.16,16.15,24.17,0.0,0.0,57.16
2025-05-07,JB02,군산,35.9677,126.7366,17.24,12.66,21.82,2.51,0.0,56.42
2025-05-08,JB02,군산,35.9677,126.7366,20.87,17.13,24.6,0.0,0.0,66.86
2025-05-09,JB02,군산,35.9677,126.7366,22.82,17.44,28.19,0.0,0.0,50.13
2025-05-10,JB02,군산,35.9677,126.7366,13.72,9.71,17.73,0.0,0.0,59.52
2025-05-11,JB02,군산,35.9677,126.7366,20.7,14.75,26.66,0.0,0.0,65.99
2025-05-12,JB02,군산,35.9677,126.7366,17.96,14.67,21.26,0.0,0.0,59.01
2025-05-13,JB02,군산,35.9677,126.7366,18.89,15.08,22.71,3.42,0.0,45.74
2025-05-14,JB02,군산,35.9677,126.7366,20.09,16.24,23.94,0.0,0.0,60.93
2025-05-15,JB02,군산,35.9677,126.7366,21.36,17.68,25.05,0.0,0.0,61.61
2025-05-16,JB02,군산,35.9677,126.7366,22.61,18.21,27.01,0.0,0.0,58.08
2025-05-17,JB02,군산,35.9677,126.7366,22.96,18.99,26.92,0.0,0.0,60.68
2025-05-18,JB02,군산,35.9677,126.7366,22.95,17.82,28.09,0.0,0.0,54.51
2025-05-19,JB02,군산,35.9677,126.7366,19.43,14.33,24.54,0.0,0.0,52.39
2025-05-20,JB02,군산,35.9677,126.7366,24.18,20.66,27.71,0.0,0.0,74.36
2025-05-21,JB02,군산,35.9677,126.7366,23.76,19.65,27.86,8.64,0.0,55.85
2025-05-22,JB02,군산,35.9677,126.7366,21.7,17.59,25.81,0.0,0.0,69.29
2025-05-23,JB02,군산,35.9677,126.7366,21.19,17.86,24.53,5.35,0.0,59.36
2025-05-24,JB02,군산,35.9677,126.7366,27.49,25.45,29.52,0.0,0.0,57.96
2025-05-25,JB02,군산,35.9677,126.7366,20.37,14.88,25.86,0.0,0.0,57.52
2025-05-26,JB02,군산,35.9677,126.7366,21.73,17.36,26.11,0.0,0.0,57.22
2025-05-27,JB02,군산,35.9677,126.7366,22.07,17.29,26.84,0.0,0.0,45.7
2025-05-28,JB02,군산,35.9677,126.7366,20.12,17.55,22.7,0.0,0.0,60.5
2025-05-29,JB02,군산,35.9677,126.7366,23.99,21.06,26.91,0.0,0.0,51.91
2025-05-30,JB02,군산,35.9677,126.7366,23.3,17.86,28.74,0.0,0.0,52.54
2025-05-31,JB02,군산,35.9677,126.7366,23.45,15.8,31.09,26.14,0.0,82.59
2025-06-01,JB02,군산,35.9677,126.7366,20.76,15.09,26.43,26.05,0.0,52.34
2025-06-02,JB02,군산,35.9677,126.7366,22.43,17.21,27.65,13.92,0.0,56.08
2025-06-03,JB02,군산,35.9677,126.7366,23.19,18.65,27.72,0.0,0.0,70.27
2025-06-04,JB02,군산,35.9677,126.7366,21.42,16.58,26.27,0.0,0.0,42.43
2025-06-05,JB02,군산,35.9677,126.7366,20.4,15.89,24.92,12.49,0.0,36.88
2025-06-06,JB02,군산,35.9677,126.7366,25.43,21.03,29.82,0.0,0.0,49.19
2025-06-07,JB02,군산,35.9677,126.7366,24.61,19.18,30.04,0.0,0.0,53.74
2025-06-08,JB02,군산,35.9677,126.7366,23.92,18.82,29.02,0.0,0.0,67.74
2025-06-09,JB02,군산,35.9677,126.7366,22.84,19.8,25.88,0.0,0.0,51.95
2025-06-10,JB02,군산,35.9677,126.7366,22.67,18.24,27.1,0.0,0.0,54.13
2025-06-11,JB02,군산,35.9677,126.7366,24.08,19.62,28.53,6.45,0.0,49.38
2025-06-12,JB02,군산,35.9677,126.7366,23.07,19.31,26.83,0.0,0.0,52.14
2025-06-13,JB02,군산,35.9677,126.7366,26.09,22.31,29.88,0.0,0.0,55.54
2025-06-14,JB02,군산,35.9677,126.7366,27.43,25.01,29.85,0.0,0.0,38.53
2025-06-15,JB02,군산,35.9677,126.7366,21.8,18.2,25.41,3.32,0.0,50.47
2025-06-16,JB02,군산,35.9677,126.7366,27.36,22.41,32.3,2.31,0.0,48.46
2025-06-17,JB02,군산,35.9677,126.7366,24.44,18.98,29.89,0.0,0.0,64.31
2025-06-18,JB02,군산,35.9677,126.7366,22.83,18.3,27.35,6.1,0.0,45.26
2025-06-19,JB02,군산,35.9677,126.7366,24.09,18.25,29.92,3.71,0.0,58.74
2025-06-20,JB02,군산,35.9677,126.7366,20.87,15.71,26.02,11.78,0.0,68.29
2025-06-21,JB02,군산,35.9677,126.7366,22.59,18.45,26.72,8.18,0.0,66.35
2025-06-22,JB02,군산,35.9677,126.7366,21.54,18.36,24.72,4.69,0.0,67.54
2025-06-23,JB02,군산,35.9677,126.7366,26.08,22.79,29.37,0.0,0.0,60.72
2025-06-24,JB02,군산,35.9677,126.7366,23.35,19.16,27.55,0.0,0.0,54.51
2025-06-25,JB02,군산,35.9677,126.7366,25.43,19.18,31.69,0.0,0.0,69.79
2025-06-26,JB02,군산,35.9677,126.7366,26.26,23.37,29.15,0.0,0.0,49.66
2025-06-27,JB02,군산,35.9677,126.7366,22.89,18.49,27.29,0.0,0.0,70.55
2025-06-28,JB02,군산,35.9677,126.7366,25.7,21.69,29.71,0.0,0.0,58.71
2025-06-29,JB02,군산,35.9677,126.7366,25.04,20.34,29.74,0.0,0.0,70.41
2025-06-30,JB02,군산,35.9677,126.7366,26.87,23.43,30.31,6.8,0.0,68.45
2025-07-01,JB02,군산,35.9677,126.7366,25.85,22.55,29.15,8.23,0.0,64.07
2025-07-02,JB02,군산,35.9677,126.7366,25.67,20.1,31.24,15.19,0.0,57.0
2025-07-03,JB02,군산,35.9677,126.7366,21.6,15.87,27.34,0.0,0.0,61.23
2025-07-04,JB02,군산,35.9677,126.7366,28.59,22.92,34.25,0.0,0.0,48.89
2025-07-05,JB02,군산,35.9677,126.7366,29.14,24.05,34.23,3.6,0.0,44.17
2025-07-06,JB02,군산,35.9677,126.7366,26.66,23.21,30.11,4.29,0.0,53.87
2025-07-07,JB02,군산,35.9677,126.7366,24.57,18.0,31.15,0.0,0.0,61.54
2025-07-08,JB02,군산,35.9677,126.7366,24.88,19.45,30.31,0.0,0.0,49.7
2025-07-09,JB02,군산,35.9677,126.7366,24.73,22.24,27.23,34.56,0.0,64.4
2025-07-10,JB02,군산,35.9677,126.7366,26.35,22.85,29.86,0.0,0.0,64.27
2025-07-11,JB02,군산,35.9677,126.7366,25.47,21.51,29.44,0.0,0.0,59.26
2025-07-12,JB02,군산,35.9677,126.7366,23.85,20.57,27.13,10.2,0.0,52.03
2025-07-13,JB02,군산,35.9677,126.7366,27.16,25.16,29.16,0.0,0.0,51.8
2025-07-14,JB02,군산,35.9677,126.7366,25.1,19.99,30.22,0.0,0.0,50.88
2025-07-15,JB02,군산,35.9677,126.7366,26.11,21.39,30.83,0.0,0.0,77.01
2025-07-16,JB02,군산,35.9677,126.7366,21.2,16.24,26.16,9.64,0.0,73.99
2025-07-17,JB02,군산,35.9677,126.7366,20.85,16.43,25.28,0.0,0.0,51.23
2025-07-18,JB02,군산,35.9677,126.7366,25.57,19.89,31.26,0.0,0.0,65.81
2025-07-19,JB02,군산,35.9677,126.7366,24.6,21.08,28.12,5.5,0.0,66.69
2025-07-20,JB02,군산,35.9677,126.7366,24.98,22.23,27.73,10.98,0.0,69.8
2025-07-21,JB02,군산,35.9677,126.7366,26.22,23.12,29.33,0.0,0.0,74.74
2025-07-22,JB02,군산,35.9677,126.7366,25.12,21.08,29.16,4.35,0.0,70.31
2025-07-23,JB02,군산,35.9677,126.7366,22.34,16.64,28.04,0.0,0.0,47.57
2025-07-24,JB02,군산,35.9677,126.7366,23.1,21.1,25.1,0.0,0.0,56.3
2025-07-25,JB02,군산,35.9677,126.7366,26.02,23.6,28.45,0.0,0.0,66.21
2025-07-26,JB02,군산,35.9677,126.7366,26.96,22.52,31.4,0.0,0.0,43.29
2025-07-27,JB02,군산,35.9677,126.7366,25.58,21.92,29.23,0.0,0.0,46.76
2025-07-28,JB02,군산,35.9677,126.7366,23.79,20.19,27.38,0.0,0.0,39.92
2025-07-29,JB02,군산,35.9677,126.7366,18.57,12.56,24.58,2.29,0.0,59.8
2025-07-30,JB02,군산,35.9677,126.7366,26.02,21.06,30.98,18.51,0.0,73.12
2025-07-31,JB02,군산,35.9677,126.7366,23.43,19.23,27.63,0.0,0.0,58.73
2025-08-01,JB02,군산,35.9677,126.7366,23.45,20.1,26.79,2.4,0.0,56.97
2025-08-02,JB02,군산,35.9677,126.7366,24.11,21.95,26.28,0.0,0.0,51.23
2025-08-03,JB02,군산,35.9677,126.7366,26.07,22.1,30.04,0.0,0.0,77.14
2025-08-04,JB02,군산,35.9677,126.7366,22.36,16.5,28.22,0.0,0.0,62.15
2025-08-05,JB02,군산,35.9677,126.7366,23.07,17.64,28.5,2.37,0.0,60.9
2025-08-06,JB02,군산,35.9677,126.7366,22.25,16.97,27.53,2.4,0.0,45.56
2025-08-07,JB02,군산,35.9677,126.7366,27.53,22.69,32.36,0.0,0.0,44.6
2025-08-08,JB02,군산,35.9677,126.7366,22.52,17.46,27.58,18.26,0.0,63.13
2025-08-09,JB02,군산,35.9677,126.7366,19.94,16.4,23.47,0.0,0.0,68.42
2025-08-10,JB02,군산,35.9677,126.7366,21.93,17.39,26.47,15.93,0.0,68.14
2025-08-11,JB02,군산,35.9677,126.7366,23.58,19.28,27.87,0.0,0.0,58.11
2025-08-12,JB02,군산,35.9677,126.7366,23.88,17.57,30.2,0.0,0.0,66.03
2025-08-13,JB02,군산,35.9677,126.7366,21.35,17.63,25.07,8.77,0.0,61.74
2025-08-14,JB02,군산,35.9677,126.7366,21.48,17.55,25.42,11.5,0.0,69.83
2025-08-15,JB02,군산,35.9677,126.7366,21.73,18.26,25.2,0.0,0.0,58.13
2025-08-16,JB02,군산,35.9677,126.7366,18.1,14.19,22.0,0.0,0.0,62.13
2025-08-17,JB02,군산,35.9677,126.7366,22.33,18.47,26.19,6.23,0.0,58.13
2025-08-18,JB02,군산,35.9677,126.7366,23.65,21.0,26.3,0.0,0.0,73.85
2025-08-19,JB02,군산,35.9677,126.7366,19.08,14.57,23.58,0.0,0.0,74.27
2025-08-20,JB02,군산,35.9677,126.7366,20.54,15.99,25.09,0.0,0.0,64.61
2025-08-21,JB02,군산,35.9677,126.7366,18.47,14.68,22.26,0.0,0.0,51.76
2025-08-22,JB02,군산,35.9677,126.7366,15.32,10.88,19.76,26.31,0.0,69.99
2025-08-23,JB02,군산,35.9677,126.7366,18.55,16.13,20.97,0.0,0.0,68.16
2025-08-24,JB02,군산,35.9677,126.7366,25.41,20.11,30.71,0.0,0.0,53.68
2025-08-25,JB02,군산,35.9677,126.7366,17.58,10.82,24.35,35.58,0.0,69.06
2025-08-26,JB02,군산,35.9677,126.7366,18.1,14.34,21.86,7.04,0.0,67.48
2025-08-27,JB02,군산,35.9677,126.7366,16.93,12.18,21.68,0.0,0.0,57.98
2025-08-28,JB02,군산,35.9677,126.7366,19.6,16.25,22.95,0.0,0.0,63.11
2025-08-29,JB02,군산,35.9677,126.7366,19.93,14.81,25.06,0.0,0.0,67.37
2025-08-30,JB02,군산,35.9677,126.7366,19.13,15.92,22.34,5.99,0.0,58.01
2025-08-31,JB02,군산,35.9677,126.7366,16.52,13.33,19.72,0.0,0.0,55.65
2025-09-01,JB02,군산,35.9677,126.7366,15.05,11.65,18.45,1.37,0.0,66.5
2025-09-02,JB02,군산,35.9677,126.7366,17.07,13.05,21.09,0.0,0.0,50.86
2025-09-03,JB02,군산,35.9677,126.7366,16.31,10.49,22.13,0.0,0.0,64.02
2025-09-04,JB02,군산,35.9677,126.7366,20.21,17.89,22.54,0.0,0.0,61.92
2025-09-05,JB02,군산,35.9677,126.7366,20.22,15.29,25.14,0.0,0.0,55.25
2025-09-06,JB02,군산,35.9677,126.7366,18.47,14.32,22.63,0.0,0.0,42.14
2025-09-07,JB02,군산,35.9677,126.7366,16.09,9.34,22.84,0.0,0.0,55.61
2025-09-08,JB02,군산,35.9677,126.7366,15.07,10.2,19.94,0.0,0.0,56.14
2025-09-09,JB02,군산,35.9677,126.7366,19.02,15.28,22.75,0.0,0.0,66.22
2025-09-10,JB02,군산,35.9677,126.7366,19.3,14.65,23.96,0.0,0.0,55.69
2025-09-11,JB02,군산,35.9677,126.7366,19.09,14.24,23.95,0.0,0.0,57.03
2025-09-12,JB02,군산,35.9677,126.7366,19.78,13.39,26.16,0.0,0.0,65.85
2025-09-13,JB02,군산,35.9677,126.7366,13.13,8.09,18.16,0.0,0.0,43.13
2025-09-14,JB02,군산,35.9677,126.7366,16.5,11.43,21.58,0.0,0.0,62.97
2025-09-15,JB02,군산,35.9677,126.7366,16.99,13.57,20.41,0.0,0.0,42.93
2025-09-16,JB02,군산,35.9677,126.7366,10.69,5.38,16.01,0.0,0.0,66.72
2025-09-17,JB02,군산,35.9677,126.7366,17.94,14.13,21.76,3.63,0.0,62.14
2025-09-18,JB02,군산,35.9677,126.7366,13.94,9.92,17.95,0.0,0.0,42.74
2025-09-19,JB02,군산,35.9677,126.7366,15.77,12.36,19.17,0.0,0.0,60.98
2025-09-20,JB02,군산,35.9677,126.7366,15.54,12.08,19.0,0.0,0.0,67.27
2025-09-21,JB02,군산,35.9677,126.7366,18.66,13.63,23.69,0.0,0.0,61.39
2025-09-22,JB02,군산,35.9677,126.7366,20.02,15.4,24.63,0.0,0.0,50.6
2025-09-23,JB02,군산,35.9677,126.7366,13.87,8.69,19.05,0.0,0.0,50.34
2025-09-24,JB02,군산,35.9677,126.7366,11.81,6.22,17.39,0.0,0.0,73.12
2025-09-25,JB02,군산,35.9677,126.7366,17.86,13.21,22.5,0.0,0.0,71.51
2025-09-26,JB02,군산,35.9677,126.7366,15.02,11.6,18.44,0.0,0.0,62.92
2025-09-27,JB02,군산,35.9677,126.7366,12.66,8.19,17.13,0.0,0.0,65.59
2025-09-28,JB02,군산,35.9677,126.7366,16.05,13.68,18.43,0.0,0.0,64.95
2025-09-29,JB02,군산,35.9677,126.7366,8.97,5.19,12.75,0.0,0.0,58.22
2025-09-30,JB02,군산,35.9677,126.7366,16.32,9.59,23.04,11.96,0.0,71.44
2025-10-01,JB02,군산,35.9677,126.7366,13.15,8.31,17.98,18.61,0.0,80.84
2025-10-02,JB02,군산,35.9677,126.7366,14.11,9.26,18.95,0.0,0.0,59.88
2025-10-03,JB02,군산,35.9677,126.7366,12.22,7.59,16.86,6.9,0.0,51.66
2025-10-04,JB02,군산,35.9677,126.7366,14.96,9.91,20.01,4.08,0.0,71.18
2025-10-05,JB02,군산,35.9677,126.7366,9.31,4.82,13.8,0.0,0.0,38.64
2025-10-06,JB02,군산,35.9677,126.7366,10.93,6.91,14.96,0.0,0.0,52.98
2025-10-07,JB02,군산,35.9677,126.7366,11.18,4.56,17.79,0.0,0.0,60.92
2025-10-08,JB02,군산,35.9677,126.7366,15.41,11.52,19.31,0.0,0.0,58.05
2025-10-09,JB02,군산,35.9677,126.7366,14.68,9.36,20.01,7.0,0.0,64.36
2025-10-10,JB02,군산,35.9677,126.7366,12.34,7.85,16.82,0.0,0.0,71.88
2025-10-11,JB02,군산,35.9677,126.7366,9.2,4.98,13.43,0.0,0.0,70.25
2025-10-12,JB02,군산,35.9677,126.7366,8.14,4.37,11.9,0.0,0.0,73.28
2025-10-13,JB02,군산,35.9677,126.7366,12.27,9.15,15.39,2.56,0.0,76.09
2025-10-14,JB02,군산,35.9677,126.7366,5.89,3.17,8.61,0.0,0.0,60.87
2025-10-15,JB02,군산,35.9677,126.7366,10.57,5.59,15.55,0.0,0.0,63.85
2025-10-16,JB02,군산,35.9677,126.7366,11.69,9.13,14.25,0.0,0.0,54.88
2025-10-17,JB02,군산,35.9677,126.7366,10.4,7.36,13.45,0.0,0.0,60.36
2025-10-18,JB02,군산,35.9677,126.7366,11.21,8.45,13.96,2.05,0.0,67.41
2025-10-19,JB02,군산,35.9677,126.7366,11.31,7.4,15.22,0.0,0.0,71.61
2025-10-20,JB02,군산,35.9677,126.7366,4.06,-1.11,9.24,0.0,0.0,55.41
2025-10-21,JB02,군산,35.9677,126.7366,4.89,-0.65,10.42,6.25,0.0,70.16
2025-10-22,JB02,군산,35.9677,126.7366,6.08,2.33,9.83,17.36,0.0,56.81
2025-10-23,JB02,군산,35.9677,126.7366,8.13,4.82,11.43,0.0,0.0,48.61
2025-10-24,JB02,군산,35.9677,126.7366,5.55,1.69,9.4,0.0,0.0,61.23
2025-10-25,JB02,군산,35.9677,126.7366,8.12,3.62,12.61,0.0,0.0,65.28
2025-10-26,JB02,군산,35.9677,126.7366,6.63,0.85,12.4,0.0,0.0,41.98
2025-10-27,JB02,군산,35.9677,126.7366,6.47,0.54,12.39,0.0,0.0,56.0
2025-10-28,JB02,군산,35.9677,126.7366,4.26,-2.18,10.69,0.0,0.0,50.75
2025-10-29,JB02,군산,35.9677,126.7366,7.51,5.06,9.97,0.0,0.0,64.24
2025-10-30,JB02,군산,35.9677,126.7366,8.11,2.99,13.22,2.12,0.0,49.94
2025-10-31,JB02,군산,35.9677,126.7366,6.92,1.53,12.3,0.0,0.0,61.72
2025-11-01,JB02,군산,35.9677,126.7366,7.77,3.6,11.95,0.0,0.0,62.74
2025-11-02,JB02,군산,35.9677,126.7366,4.43,-0.36,9.23,0.0,0.0,49.18
2025-11-03,JB02,군산,35.9677,126.7366,6.7,1.22,12.17,0.0,0.0,64.71
2025-11-04,JB02,군산,35.9677,126.7366,3.7,-0.82,8.22,0.0,0.0,66.07
2025-11-05,JB02,군산,35.9677,126.7366,6.7,0.1,13.3,2.37,0.0,57.35
2025-11-06,JB02,군산,35.9677,126.7366,-1.04,-5.31,3.23,0.0,0.0,65.84
2025-11-07,JB02,군산,35.9677,126.7366,5.27,1.43,9.11,0.0,0.0,65.23
2025-11-08,JB02,군산,35.9677,126.7366,2.4,-1.56,6.36,2.03,0.0,60.37
2025-11-09,JB02,군산,35.9677,126.7366,1.8,-2.14,5.73,0.0,0.0,59.71
2025-11-10,JB02,군산,35.9677,126.7366,4.91,-0.03,9.86,0.0,0.0,42.59
2025-11-11,JB02,군산,35.9677,126.7366,2.23,-1.82,6.28,0.0,0.0,58.75
2025-11-12,JB02,군산,35.9677,126.7366,6.97,1.57,12.36,0.0,0.0,64.78
2025-11-13,JB02,군산,35.9677,126.7366,4.91,1.3,8.53,0.0,0.0,56.4
2025-11-14,JB02,군산,35.9677,126.7366,-0.17,-5.17,4.83,5.94,0.0,55.56
2025-11-15,JB02,군산,35.9677,126.7366,4.51,0.06,8.96,0.0,0.0,61.57
2025-11-16,JB02,군산,35.9677,126.7366,0.12,-3.4,3.63,0.0,0.0,63.65
2025-11-17,JB02,군산,35.9677,126.7366,-0.18,-4.83,4.47,0.0,0.0,64.02
2025-11-18,JB02,군산,35.9677,126.7366,-0.32,-4.74,4.11,0.0,0.0,75.14
2025-11-19,JB02,군산,35.9677,126.7366,4.79,-0.08,9.66,0.0,0.0,65.19
2025-11-20,JB02,군산,35.9677,126.7366,1.89,-3.22,7.01,0.0,0.0,56.27
2025-11-21,JB02,군산,35.9677,126.7366,2.52,-2.25,7.29,4.01,0.0,77.46
2025-11-22,JB02,군산,35.9677,126.7366,7.95,2.96,12.95,0.0,0.0,50.27
2025-11-23,JB02,군산,35.9677,126.7366,3.06,-2.91,9.04,6.6,0.0,71.93
2025-11-24,JB02,군산,35.9677,126.7366,0.88,-1.9,3.66,18.91,0.0,77.18
2025-11-25,JB02,군산,35.9677,126.7366,0.43,-3.14,4.0,10.63,0.0,81.53
2025-11-26,JB02,군산,35.9677,126.7366,-1.1,-4.99,2.8,0.0,0.0,52.36
2025-11-27,JB02,군산,35.9677,126.7366,3.19,-1.11,7.48,0.0,0.0,58.66
2025-11-28,JB02,군산,35.9677,126.7366,1.59,-3.94,7.12,0.0,0.0,62.61
2025-11-29,JB02,군산,35.9677,126.7366,1.83,-2.47,6.12,0.0,0.0,60.89
2025-11-30,JB02,군산,35.9677,126.7366,0.14,-6.22,6.5,0.0,0.0,64.33
2025-12-01,JB02,군산,35.9677,126.7366,1.73,-2.67,6.13,0.0,0.0,59.01
2025-12-02,JB02,군산,35.9677,126.7366,1.26,-3.76,6.28,3.5,0.0,68.51
2025-12-03,JB02,군산,35.9677,126.7366,-0.34,-4.72,4.05,0.0,0.0,62.73
2025-12-04,JB02,군산,35.9677,126.7366,6.58,1.87,11.29,0.0,0.0,41.14
2025-12-05,JB02,군산,35.9677,126.7366,-0.77,-6.62,5.08,0.0,0.0,67.75
2025-12-06,JB02,군산,35.9677,126.7366,-3.97,-9.21,1.27,0.0,0.0,73.19
2025-12-07,JB02,군산,35.9677,126.7366,-6.45,-11.99,-0.92,0.0,0.0,62.46
2025-12-08,JB02,군산,35.9677,126.7366,2.87,-2.03,7.77,0.0,0.0,39.39
2025-12-09,JB02,군산,35.9677,126.7366,1.68,-4.75,8.1,0.0,0.0,42.85
2025-12-10,JB02,군산,35.9677,126.7366,-2.1,-4.85,0.65,0.0,0.0,43.7
2025-12-11,JB02,군산,35.9677,126.7366,1.72,-3.44,6.88,0.0,0.96,61.79
2025-12-12,JB02,군산,35.9677,126.7366,0.36,-3.85,4.57,0.0,0.0,57.05
2025-12-13,JB02,군산,35.9677,126.7366,0.46,-3.83,4.76,0.0,0.0,52.45
2025-12-14,JB02,군산,35.9677,126.7366,0.56,-3.98,5.09,0.0,0.52,61.83
2025-12-15,JB02,군산,35.9677,126.7366,0.12,-5.32,5.55,0.0,0.0,54.2
2025-12-16,JB02,군산,35.9677,126.7366,-2.6,-6.01,0.81,0.0,0.0,71.71
2025-12-17,JB02,군산,35.9677,126.7366,0.88,-2.63,4.4,0.0,0.0,55.31
2025-12-18,JB02,군산,35.9677,126.7366,2.83,-2.39,8.06,0.0,0.0,54.03
2025-12-19,JB02,군산,35.9677,126.7366,-2.14,-4.61,0.33,0.0,0.0,63.99
2025-12-20,JB02,군산,35.9677,126.7366,-0.67,-4.07,2.74,0.0,0.0,62.31
2025-12-21,JB02,군산,35.9677,126.7366,-0.36,-3.98,3.26,0.0,1.4,42.92
2025-12-22,JB02,군산,35.9677,126.7366,-1.38,-5.87,3.11,17.74,0.0,80.17
2025-12-23,JB02,군산,35.9677,126.7366,-0.8,-8.8,7.2,8.97,0.0,76.65
2025-12-24,JB02,군산,35.9677,126.7366,-4.08,-6.2,-1.95,22.41,0.0,57.34
2025-12-25,JB02,군산,35.9677,126.7366,0.18,-5.04,5.41,0.0,0.0,65.66
2025-12-26,JB02,군산,35.9677,126.7366,1.79,-3.35,6.93,0.0,0.0,66.68
2025-12-27,JB02,군산,35.9677,126.7366,-5.31,-8.16,-2.47,6.57,0.0,74.42
2025-12-28,JB02,군산,35.9677,126.7366,1.79,-1.75,5.33,0.0,0.0,56.12
2025-12-29,JB02,군산,35.9677,126.7366,-0.21,-2.21,1.79,0.0,0.0,52.04
2025-12-30,JB02,군산,35.9677,126.7366,3.63,-0.48,7.75,4.47,0.0,63.07
2025-12-31,JB02,군산,35.9677,126.7366,1.89,-3.25,7.04,18.71,0.0,74.14
2026-01-01,JB02,군산,35.9677,126.7366,-0.59,-6.53,5.35,0.0,0.0,42.63
2026-01-02,JB02,군산,35.9677,126.7366,-3.84,-7.77,0.09,28.95,0.0,73.88
2026-01-03,JB02,군산,35.9677,126.7366,2.31,-3.43,8.05,0.0,2.63,61.92
2026-01-04,JB02,군산,35.9677,126.7366,4.47,-0.25,9.2,0.0,0.0,53.3
2026-01-05,JB02,군산,35.9677,126.7366,-4.31,-9.58,0.96,0.0,0.62,56.5
2026-01-06,JB02,군산,35.9677,126.7366,-2.3,-5.69,1.09,0.0,0.0,63.72
2026-01-07,JB02,군산,35.9677,126.7366,1.19,-4.16,6.54,9.62,0.0,69.11
2026-01-08,JB02,군산,35.9677,126.7366,-1.82,-4.86,1.22,6.09,0.0,72.52
2026-01-09,JB02,군산,35.9677,126.7366,5.19,1.12,9.26,0.0,0.0,46.91
2026-01-10,JB02,군산,35.9677,126.7366,-0.34,-5.06,4.38,6.27,0.0,55.31
2026-01-11,JB02,군산,35.9677,126.7366,-0.89,-3.82,2.04,5.62,0.0,76.89
2026-01-12,JB02,군산,35.9677,126.7366,0.99,-4.56,6.55,0.0,0.92,68.73
2026-01-13,JB02,군산,35.9677,126.7366,0.84,-2.06,3.74,0.0,0.0,65.8
2026-01-14,JB02,군산,35.9677,126.7366,-0.72,-6.47,5.03,0.0,0.0,70.06
2026-01-15,JB02,군산,35.9677,126.7366,-3.11,-8.14,1.92,0.76,0.0,63.22
2026-01-16,JB02,군산,35.9677,126.7366,4.28,-0.42,8.97,0.0,0.98,69.11
2026-01-17,JB02,군산,35.9677,126.7366,-1.71,-5.5,2.08,0.0,0.0,69.32
2026-01-18,JB02,군산,35.9677,126.7366,-1.31,-5.76,3.13,0.0,0.0,73.54
2026-01-19,JB02,군산,35.9677,126.7366,0.51,-6.16,7.18,0.0,0.0,66.29
2026-01-20,JB02,군산,35.9677,126.7366,3.79,-2.91,10.49,0.0,0.0,55.83
2026-01-21,JB02,군산,35.9677,126.7366,1.15,-5.19,7.49,0.0,0.0,58.51
2026-01-22,JB02,군산,35.9677,126.7366,-0.94,-5.26,3.38,0.0,0.73,49.35
2026-01-23,JB02,군산,35.9677,126.7366,1.65,-4.36,7.65,0.0,1.67,63.28
2026-01-24,JB02,군산,35.9677,126.7366,0.77,-3.8,5.33,0.0,0.0,55.06
2026-01-25,JB02,군산,35.9677,126.7366,-0.48,-6.86,5.9,0.0,0.0,45.41
2026-01-26,JB02,군산,35.9677,126.7366,-2.1,-6.49,2.28,0.0,1.14,51.08
2026-01-27,JB02,군산,35.9677,126.7366,-0.3,-4.78,4.18,0.0,0.2,60.45
2026-01-28,JB02,군산,35.9677,126.7366,1.85,-0.62,4.33,13.36,0.0,50.46
2026-01-29,JB02,군산,35.9677,126.7366,2.51,-1.01,6.04,13.71,1.46,70.26
2026-01-30,JB02,군산,35.9677,126.7366,-1.59,-6.95,3.76,0.0,0.0,53.91
2026-01-31,JB02,군산,35.9677,126.7366,-2.66,-8.92,3.59,31.49,0.87,98.46
2026-02-01,JB02,군산,35.9677,126.7366,1.87,-2.83,6.56,0.0,3.01,54.05
2026-02-02,JB02,군산,35.9677,126.7366,-0.42,-4.31,3.47,0.0,3.46,57.24
2026-02-03,JB02,군산,35.9677,126.7366,2.74,0.74,4.74,0.0,0.0,53.19
2026-02-04,JB02,군산,35.9677,126.7366,1.61,-2.35,5.56,0.0,0.0,60.43
2026-02-05,JB02,군산,35.9677,126.7366,0.54,-2.89,3.98,0.0,0.0,74.13
2026-02-06,JB02,군산,35.9677,126.7366,1.91,-1.07,4.89,0.0,0.0,66.64
2026-02-07,JB02,군산,35.9677,126.7366,3.01,1.01,5.01,0.0,0.0,47.97
2026-02-08,JB02,군산,35.9677,126.7366,-1.72,-6.01,2.57,0.0,1.87,58.47
2026-02-09,JB02,군산,35.9677,126.7366,-0.25,-3.67,3.17,0.0,0.0,68.64
2026-02-10,JB02,군산,35.9677,126.7366,1.57,-2.82,5.97,0.0,0.0,44.96
2026-02-11,JB02,군산,35.9677,126.7366,3.59,0.56,6.62,0.0,0.0,51.56
2026-02-12,JB02,군산,35.9677,126.7366,4.31,2.24,6.39,0.0,0.0,74.19
2026-02-13,JB02,군산,35.9677,126.7366,5.87,0.94,10.8,3.75,0.0,52.93
2026-02-14,JB02,군산,35.9677,126.7366,4.38,-2.46,11.23,0.0,0.0,44.55
2026-02-15,JB02,군산,35.9677,126.7366,4.58,0.15,9.02,0.0,0.0,66.31
2026-02-16,JB02,군산,35.9677,126.7366,2.5,-1.2,6.19,6.79,0.0,69.88
2026-02-17,JB02,군산,35.9677,126.7366,1.75,-1.59,5.09,0.0,0.0,52.79
2026-02-18,JB02,군산,35.9677,126.7366,1.11,-3.56,5.78,0.0,0.0,62.99
2026-02-19,JB02,군산,35.9677,126.7366,7.31,2.42,12.2,0.0,0.0,65.19
2026-02-20,JB02,군산,35.9677,126.7366,0.77,-2.67,4.21,0.0,0.0,65.95
2026-02-21,JB02,군산,35.9677,126.7366,4.4,-0.19,8.99,34.37,0.0,71.0
2026-02-22,JB02,군산,35.9677,126.7366,1.93,-0.15,4.01,0.0,0.0,47.27
2026-02-23,JB02,군산,35.9677,126.7366,0.76,-4.59,6.12,0.0,0.0,51.14
2026-02-24,JB02,군산,35.9677,126.7366,4.76,1.68,7.84,4.31,0.0,71.62
2026-02-25,JB02,군산,35.9677,126.7366,6.79,3.22,10.37,0.0,0.0,57.56
2026-02-26,JB02,군산,35.9677,126.7366,3.82,0.1,7.54,0.0,0.0,61.07
2026-02-27,JB02,군산,35.9677,126.7366,5.2,0.99,9.41,21.43,0.0,73.0
2026-02-28,JB02,군산,35.9677,126.7366,5.32,1.59,9.05,0.0,0.0,72.52
2026-03-01,JB02,군산,35.9677,126.7366,2.01,-1.25,5.26,4.73,0.0,71.8
2026-03-02,JB02,군산,35.9677,126.7366,7.62,3.41,11.82,1.12,0.0,63.81
2026-03-03,JB02,군산,35.9677,126.7366,8.63,4.36,12.9,0.0,0.0,59.7
2026-03-04,JB02,군산,35.9677,126.7366,7.88,5.0,10.76,0.0,0.0,57.8
2026-03-05,JB02,군산,35.9677,126.7366,3.39,1.19,5.6,0.0,0.0,72.48
2026-03-06,JB02,군산,35.9677,126.7366,10.15,5.26,15.04,0.0,0.0,57.57
2026-03-07,JB02,군산,35.9677,126.7366,8.62,4.62,12.62,0.0,0.0,51.22
2026-03-08,JB02,군산,35.9677,126.7366,1.59,-4.33,7.51,0.0,0.0,55.01
2026-03-09,JB02,군산,35.9677,126.7366,5.2,1.58,8.82,6.08,0.0,83.81
2026-03-10,JB02,군산,35.9677,126.7366,2.96,-1.15,7.07,0.0,0.0,67.88
2026-03-11,JB02,군산,35.9677,126.7366,7.84,4.04,11.64,0.0,0.0,53.23
2026-03-12,JB02,군산,35.9677,126.7366,11.23,6.13,16.34,0.0,0.0,31.33
2026-03-13,JB02,군산,35.9677,126.7366,7.41,0.62,14.2,0.49,0.0,46.38
2026-03-14,JB02,군산,35.9677,126.7366,11.89,7.12,16.66,0.0,0.0,61.4
2026-03-15,JB02,군산,35.9677,126.7366,6.15,1.61,10.69,0.0,0.0,47.15
2026-03-16,JB02,군산,35.9677,126.7366,8.29,2.86,13.72,0.0,0.0,54.19
2026-03-17,JB02,군산,35.9677,126.7366,10.84,7.94,13.75,0.0,0.0,58.66
2026-03-18,JB02,군산,35.9677,126.7366,12.75,8.5,17.0,0.0,0.0,66.55
2026-03-19,JB02,군산,35.9677,126.7366,5.67,1.41,9.93,0.0,0.0,56.61
2026-03-20,JB02,군산,35.9677,126.7366,11.11,6.0,16.21,0.0,0.0,48.14
2026-03-21,JB02,군산,35.9677,126.7366,7.49,2.84,12.14,0.0,0.0,49.69
2026-03-22,JB02,군산,35.9677,126.7366,9.85,5.57,14.14,0.79,0.0,50.89
2026-03-23,JB02,군산,35.9677,126.7366,12.19,8.37,16.01,0.0,0.0,56.78
2026-03-24,JB02,군산,35.9677,126.7366,8.45,2.61,14.28,0.0,0.0,60.09
2026-03-25,JB02,군산,35.9677,126.7366,11.99,7.81,16.18,0.0,0.0,51.38
2026-03-26,JB02,군산,35.9677,126.7366,12.56,8.82,16.3,0.0,0.0,54.84
2026-03-27,JB02,군산,35.9677,126.7366,10.66,5.33,16.0,0.0,0.0,55.02
2026-03-28,JB02,군산,35.9677,126.7366,10.76,5.28,16.25,0.0,0.0,56.74
2026-03-29,JB02,군산,35.9677,126.7366,11.08,5.63,16.53,29.65,0.0,79.35
2026-03-30,JB02,군산,35.9677,126.7366,10.87,7.82,13.92,0.0,0.0,52.69
2026-03-31,JB02,군산,35.9677,126.7366,14.23,9.77,18.69,0.0,0.0,70.27
2026-04-01,JB02,군산,35.9677,126.7366,15.45,9.57,21.33,0.0,0.0,53.05
2026-04-02,JB02,군산,35.9677,126.7366,16.3,11.54,21.07,0.0,0.0,65.18
2026-04-03,JB02,군산,35.9677,126.7366,14.59,10.72,18.46,16.37,0.0,71.22
2026-04-04,JB02,군산,35.9677,126.7366,9.72,6.31,13.14,0.0,0.0,62.77
2026-04-05,JB02,군산,35.9677,126.7366,11.85,8.06,15.64,1.87,0.0,70.81
2026-04-06,JB02,군산,35.9677,126.7366,12.65,8.38,16.93,0.0,0.0,37.72
2026-04-07,JB02,군산,35.9677,126.7366,14.36,6.44,22.27,0.0,0.0,56.81
2026-04-08,JB02,군산,35.9677,126.7366,15.08,8.77,21.39,0.0,0.0,36.44
2026-04-09,JB02,군산,35.9677,126.7366,14.86,7.54,22.19,0.0,0.0,46.45
2026-04-10,JB02,군산,35.9677,126.7366,14.41,11.32,17.5,0.0,0.0,48.44
2026-04-11,JB02,군산,35.9677,126.7366,14.13,10.58,17.69,0.0,0.0,72.86
2026-04-12,JB02,군산,35.9677,126.7366,14.43,10.54,18.31,0.0,0.0,39.28
2026-04-13,JB02,군산,35.9677,126.7366,11.39,6.77,16.02,0.0,0.0,52.4
2026-04-14,JB02,군산,35.9677,126.7366,18.39,14.67,22.1,0.0,0.0,47.2
2026-04-15,JB02,군산,35.9677,126.7366,17.21,10.41,24.02,0.0,0.0,54.54
2026-04-16,JB02,군산,35.9677,126.7366,18.09,15.18,21.0,0.0,0.0,70.21
2026-04-17,JB02,군산,35.9677,126.7366,15.46,10.35,20.56,0.0,0.0,77.48
2026-04-18,JB02,군산,35.9677,126.7366,15.34,11.42,19.25,0.0,0.0,67.77
2026-04-19,JB02,군산,35.9677,126.7366,12.41,8.19,16.63,0.0,0.0,52.97
2026-04-20,JB02,군산,35.9677,126.7366,16.59,9.27,23.91,0.0,0.0,53.65
2026-04-21,JB02,군산,35.9677,126.7366,18.56,13.8,23.33,0.0,0.0,59.65
2026-04-22,JB02,군산,35.9677,126.7366,15.74,13.2,18.28,0.0,0.0,39.64
2026-04-23,JB02,군산,35.9677,126.7366,17.46,14.46,20.46,0.0,0.0,58.3
2026-04-24,JB02,군산,35.9677,126.7366,16.17,12.6,19.74,0.0,0.0,49.96
2026-04-25,JB02,군산,35.9677,126.7366,14.6,8.79,20.41,0.0,0.0,55.65
2026-04-26,JB02,군산,35.9677,126.7366,18.71,14.2,23.22,2.98,0.0,54.59
2026-04-27,JB02,군산,35.9677,126.7366,21.11,16.82,25.4,0.0,0.0,65.34
2026-04-28,JB02,군산,35.9677,126.7366,20.33,16.76,23.91,0.0,0.0,76.46
2026-04-29,JB02,군산,35.9677,126.7366,17.16,12.62,21.7,5.23,0.0,52.14
2026-04-30,JB02,군산,35.9677,126.7366,15.72,9.45,21.99,35.68,0.0,87.81
2026-05-01,JB02,군산,35.9677,126.7366,16.59,11.93,21.25,0.0,0.0,64.85
2026-05-02,JB02,군산,35.9677,126.7366,19.15,14.71,23.59,0.0,0.0,49.05
2026-05-03,JB02,군산,35.9677,126.7366,20.31,17.1,23.52,0.0,0.0,78.74
2026-05-04,JB02,군산,35.9677,126.7366,22.32,19.48,25.17,10.95,0.0,52.76
2026-05-05,JB02,군산,35.9677,126.7366,19.87,15.38,24.36,0.0,0.0,55.47
2026-05-06,JB02,군산,35.9677,126.7366,21.94,18.83,25.05,0.0,0.0,65.22
2026-05-07,JB02,군산,35.9677,126.7366,21.92,18.48,25.37,0.0,0.0,44.18
2026-05-08,JB02,군산,35.9677,126.7366,19.07,13.65,24.49,0.0,0.0,55.51
2026-05-09,JB02,군산,35.9677,126.7366,16.98,13.19,20.76,0.0,0.0,67.03
2026-05-10,JB02,군산,35.9677,126.7366,20.04,16.64,23.44,0.0,0.0,42.03
2026-05-11,JB02,군산,35.9677,126.7366,17.61,11.61,23.61,31.17,0.0,82.58
2026-05-12,JB02,군산,35.9677,126.7366,21.76,19.76,23.76,0.0,0.0,57.51
2026-05-13,JB02,군산,35.9677,126.7366,23.96,18.4,29.52,0.0,0.0,70.42
2026-05-14,JB02,군산,35.9677,126.7366,19.93,16.42,23.44,0.0,0.0,55.97
2026-05-15,JB02,군산,35.9677,126.7366,24.42,19.54,29.29,16.05,0.0,78.68
2026-05-16,JB02,군산,35.9677,126.7366,24.3,19.13,29.47,20.49,0.0,74.72
2026-05-17,JB02,군산,35.9677,126.7366,25.18,18.9,31.47,4.64,0.0,69.72
2026-05-18,JB02,군산,35.9677,126.7366,21.97,17.82,26.12,0.0,0.0,57.78
2026-05-19,JB02,군산,35.9677,126.7366,19.77,15.13,24.42,0.0,0.0,54.25
2026-05-20,JB02,군산,35.9677,126.7366,23.69,17.77,29.61,0.0,0.0,55.24
2026-05-21,JB02,군산,35.9677,126.7366,23.49,18.9,28.07,0.0,0.0,64.73
2026-05-22,JB02,군산,35.9677,126.7366,22.17,14.82,29.52,0.0,0.0,65.11
2026-05-23,JB02,군산,35.9677,126.7366,22.56,17.88,27.24,0.0,0.0,40.61
2026-05-24,JB02,군산,35.9677,126.7366,20.01,15.57,24.46,4.18,0.0,59.19
2026-05-25,JB02,군산,35.9677,126.7366,20.66,16.53,24.78,0.0,0.0,64.62
2026-05-26,JB02,군산,35.9677,126.7366,21.04,16.61,25.46,0.0,0.0,50.32
2026-05-27,JB02,군산,35.9677,126.7366,20.67,15.06,26.28,0.0,0.0,47.05
2026-05-28,JB02,군산,35.9677,126.7366,22.54,17.91,27.17,0.0,0.0,57.59
2026-05-29,JB02,군산,35.9677,126.7366,24.86,19.86,29.85,0.0,0.0,70.51
2026-05-30,JB02,군산,35.9677,126.7366,26.37,18.79,33.95,0.0,0.0,59.63
2026-05-31,JB02,군산,35.9677,126.7366,25.35,21.47,29.24,3.69,0.0,54.44
2026-06-01,JB02,군산,35.9677,126.7366,21.49,16.53,26.44,0.0,0.0,38.72
2026-06-02,JB02,군산,35.9677,126.7366,19.75,16.52,22.99,0.0,0.0,62.14
2026-06-03,JB02,군산,35.9677,126.7366,23.88,18.21,29.56,0.0,0.0,68.72
2026-06-04,JB02,군산,35.9677,126.7366,24.93,20.19,29.66,0.0,0.0,67.19
2026-06-05,JB02,군산,35.9677,126.7366,24.47,18.57,30.37,5.56,0.0,73.97
2026-06-06,JB02,군산,35.9677,126.7366,27.44,24.54,30.35,1.8,0.0,57.09
2026-06-07,JB02,군산,35.9677,126.7366,23.0,20.22,25.79,13.53,0.0,64.49
2026-06-08,JB02,군산,35.9677,126.7366,23.76,19.3,28.23,0.0,0.0,29.66
2026-06-09,JB02,군산,35.9677,126.7366,21.65,17.15,26.16,0.0,0.0,55.42
2026-06-10,JB02,군산,35.9677,126.7366,23.73,19.96,27.51,12.99,0.0,63.86
2026-06-11,JB02,군산,35.9677,126.7366,23.72,19.23,28.21,0.0,0.0,62.62
2026-06-12,JB02,군산,35.9677,126.7366,23.12,17.23,29.0,0.0,0.0,69.7
2026-06-13,JB02,군산,35.9677,126.7366,21.85,17.76,25.94,0.0,0.0,50.95
2026-06-14,JB02,군산,35.9677,126.7366,27.35,21.21,33.49,0.0,0.0,53.42
2026-06-15,JB02,군산,35.9677,126.7366,24.23,19.09,29.37,0.84,0.0,39.18
2026-06-16,JB02,군산,35.9677,126.7366,23.41,18.73,28.08,6.49,0.0,71.64
2026-06-17,JB02,군산,35.9677,126.7366,25.22,21.43,29.01,0.0,0.0,61.83
2026-06-18,JB02,군산,35.9677,126.7366,28.72,23.35,34.08,0.0,0.0,51.89
2026-06-19,JB02,군산,35.9677,126.7366,23.39,19.15,27.63,0.0,0.0,47.92
2026-06-20,JB02,군산,35.9677,126.7366,27.74,22.27,33.21,0.0,0.0,64.42
2026-06-21,JB02,군산,35.9677,126.7366,25.28,19.99,30.57,0.0,0.0,56.54
2026-06-22,JB02,군산,35.9677,126.7366,24.65,19.46,29.83,0.0,0.0,33.0
2026-06-23,JB02,군산,35.9677,126.7366,22.23,17.8,26.66,0.0,0.0,74.84
2026-06-24,JB02,군산,35.9677,126.7366,26.26,21.67,30.85,0.0,0.0,69.04
2026-06-25,JB02,군산,35.9677,126.7366,23.47,19.13,27.82,0.0,0.0,72.19
2026-06-26,JB02,군산,35.9677,126.7366,25.86,22.14,29.58,0.0,0.0,63.1
2026-06-27,JB02,군산,35.9677,126.7366,24.34,20.43,28.25,0.0,0.0,61.39
2026-06-28,JB02,군산,35.9677,126.7366,24.1,20.1,28.1,0.0,0.0,58.78
2026-06-29,JB02,군산,35.9677,126.7366,24.54,20.39,28.69,0.0,0.0,65.48
2026-06-30,JB02,군산,35.9677,126.7366,26.67,21.56,31.78,4.07,0.0,55.33
2026-07-01,JB02,군산,35.9677,126.7366,25.04,21.41,28.68,0.0,0.0,48.35
2026-07-02,JB02,군산,35.9677,126.7366,21.01,15.61,26.41,0.0,0.0,49.63
2026-07-03,JB02,군산,35.9677,126.7366,22.37,17.41,27.34,0.0,0.0,53.97
2026-07-04,JB02,군산,35.9677,126.7366,24.48,18.8,30.16,0.0,0.0,77.67
2026-07-05,JB02,군산,35.9677,126.7366,30.85,28.85,32.85,3.38,0.0,56.52
2026-07-06,JB02,군산,35.9677,126.7366,26.93,22.55,31.3,0.0,0.0,56.28
2026-07-07,JB02,군산,35.9677,126.7366,26.2,23.0,29.4,0.0,0.0,77.93
2026-07-08,JB02,군산,35.9677,126.7366,23.4,19.05,27.75,0.0,0.0,63.48
2026-07-09,JB02,군산,35.9677,126.7366,29.17,24.04,34.31,0.0,0.0,44.16
2026-07-10,JB02,군산,35.9677,126.7366,23.94,19.73,28.14,0.0,0.0,66.19
2026-07-11,JB02,군산,35.9677,126.7366,22.26,16.11,28.4,5.81,0.0,50.33
2026-07-12,JB02,군산,35.9677,126.7366,26.32,22.37,30.28,0.0,0.0,55.11
2026-07-13,JB02,군산,35.9677,126.7366,23.67,19.53,27.81,0.0,0.0,50.15
2026-07-14,JB02,군산,35.9677,126.7366,28.91,25.87,31.95,0.0,0.0,47.83
2026-07-15,JB02,군산,35.9677,126.7366,24.7,20.74,28.66,0.0,0.0,66.01
2026-07-16,JB02,군산,35.9677,126.7366,28.25,22.44,34.06,0.0,0.0,59.84
2026-07-17,JB02,군산,35.9677,126.7366,22.72,19.31,26.13,0.0,0.0,53.62
2026-07-18,JB02,군산,35.9677,126.7366,25.14,22.74,27.54,0.0,0.0,73.16
2026-07-19,JB02,군산,35.9677,126.7366,27.17,23.32,31.03,11.31,0.0,78.15
2026-07-20,JB02,군산,35.9677,126.7366,23.9,17.39,30.42,0.0,0.0,67.18
2026-07-21,JB02,군산,35.9677,126.7366,24.11,19.97,28.24,0.0,0.0,63.96
2026-07-22,JB02,군산,35.9677,126.7366,25.9,19.44,32.36,0.0,0.0,52.06
2026-07-23,JB02,군산,35.9677,126.7366,21.79,18.8,24.79,0.0,0.0,50.22
2026-07-24,JB02,군산,35.9677,126.7366,27.68,22.6,32.75,0.0,0.0,54.93
2026-07-25,JB02,군산,35.9677,126.7366,25.63,21.14,30.11,0.0,0.0,64.96
2026-07-26,JB02,군산,35.9677,126.7366,23.61,19.99,27.23,7.01,0.0,59.07
2026-07-27,JB02,군산,35.9677,126.7366,20.96,14.55,27.37,0.0,0.0,66.84
2026-07-28,JB02,군산,35.9677,126.7366,22.84,18.67,27.01,0.0,0.0,54.46
2026-07-29,JB02,군산,35.9677,126.7366,22.16,15.6,28.72,28.94,0.0,86.33
2026-07-30,JB02,군산,35.9677,126.7366,28.55,24.01,33.08,0.0,0.0,46.32
2026-07-31,JB02,군산,35.9677,126.7366,26.07,22.42,29.72,0.0,0.0,45.65
2026-08-01,JB02,군산,35.9677,126.7366,27.1,21.33,32.87,0.0,0.0,46.46
2026-08-02,JB02,군산,35.9677,126.7366,26.94,22.84,31.04,0.0,0.0,40.38
2026-08-03,JB02,군산,35.9677,126.7366,21.59,18.69,24.49,14.24,0.0,72.95
2026-08-04,JB02,군산,35.9677,126.7366,21.29,16.72,25.86,0.0,0.0,54.52
2026-08-05,JB02,군산,35.9677,126.7366,23.83,21.05,26.6,4.52,0.0,60.38
2026-08-06,JB02,군산,35.9677,126.7366,24.25,19.01,29.49,0.0,0.0,68.92
2026-08-07,JB02,군산,35.9677,126.7366,20.83,15.48,26.19,10.29,0.0,66.73
2026-08-08,JB02,군산,35.9677,126.7366,19.95,15.17,24.72,4.2,0.0,62.7
2026-08-09,JB02,군산,35.9677,126.7366,20.91,16.55,25.27,0.0,0.0,81.46
2026-08-10,JB02,군산,35.9677,126.7366,24.8,20.0,29.6,0.0,0.0,38.21
2026-08-11,JB02,군산,35.9677,126.7366,15.98,11.92,20.04,0.0,0.0,55.63
2026-08-12,JB02,군산,35.9677,126.7366,22.47,16.96,27.98,0.0,0.0,62.0
2026-08-13,JB02,군산,35.9677,126.7366,21.86,16.98,26.75,22.59,0.0,93.82
2026-08-14,JB02,군산,35.9677,126.7366,19.79,14.47,25.1,0.0,0.0,54.72
2026-08-15,JB02,군산,35.9677,126.7366,23.05,18.88,27.22,0.0,0.0,27.37
2024-08-18,JB03,익산,35.9483,126.9576,23.34,16.76,29.92,1.48,0.0,59.3
2024-08-19,JB03,익산,35.9483,126.9576,17.8,11.49,24.11,11.49,0.0,54.24
2024-08-20,JB03,익산,35.9483,126.9576,23.75,19.17,28.34,0.0,0.0,62.81
2024-08-21,JB03,익산,35.9483,126.9576,18.46,13.8,23.12,0.0,0.0,68.87
2024-08-22,JB03,익산,35.9483,126.9576,19.44,13.66,25.21,0.0,0.0,56.64
2024-08-23,JB03,익산,35.9483,126.9576,16.59,11.26,21.93,0.0,0.0,53.14
2024-08-24,JB03,익산,35.9483,126.9576,19.32,14.69,23.96,0.0,0.0,55.69
2024-08-25,JB03,익산,35.9483,126.9576,21.04,16.96,25.13,8.7,0.0,54.66
2024-08-26,JB03,익산,35.9483,126.9576,18.86,13.27,24.45,0.0,0.0,54.26
2024-08-27,JB03,익산,35.9483,126.9576,15.44,9.91,20.98,0.0,0.0,49.5
2024-08-28,JB03,익산,35.9483,126.9576,18.79,15.61,21.96,0.0,0.0,43.4
2024-08-29,JB03,익산,35.9483,126.9576,15.81,9.82,21.8,0.0,0.0,62.66
2024-08-30,JB03,익산,35.9483,126.9576,16.17,10.83,21.5,7.75,0.0,87.48
2024-08-31,JB03,익산,35.9483,126.9576,19.49,15.64,23.34,0.0,0.0,79.38
2024-09-01,JB03,익산,35.9483,126.9576,13.87,10.29,17.44,0.0,0.0,53.83
2024-09-02,JB03,익산,35.9483,126.9576,16.78,13.71,19.84,0.0,0.0,43.77
2024-09-03,JB03,익산,35.9483,126.9576,16.89,11.24,22.54,0.0,0.0,48.21
2024-09-04,JB03,익산,35.9483,126.9576,13.93,9.69,18.18,9.05,0.0,73.37
2024-09-05,JB03,익산,35.9483,126.9576,17.24,12.53,21.95,0.0,0.0,53.62
2024-09-06,JB03,익산,35.9483,126.9576,15.01,11.12,18.91,0.0,0.0,57.09
2024-09-07,JB03,익산,35.9483,126.9576,14.55,12.28,16.83,0.0,0.0,61.6
2024-09-08,JB03,익산,35.9483,126.9576,16.66,10.84,22.48,0.0,0.0,65.59
2024-09-09,JB03,익산,35.9483,126.9576,19.44,14.1,24.79,0.0,0.0,76.51
2024-09-10,JB03,익산,35.9483,126.9576,18.2,12.92,23.47,0.0,0.0,57.59
2024-09-11,JB03,익산,35.9483,126.9576,14.89,9.7,20.07,0.0,0.0,56.09
2024-09-12,JB03,익산,35.9483,126.9576,9.83,3.44,16.23,11.27,0.0,70.02
2024-09-13,JB03,익산,35.9483,126.9576,18.73,15.6,21.87,0.0,0.0,68.87
2024-09-14,JB03,익산,35.9483,126.9576,15.55,9.49,21.62,0.0,0.0,55.11
2024-09-15,JB03,익산,35.9483,126.9576,18.3,15.85,20.75,0.0,0.0,63.32
2024-09-16,JB03,익산,35.9483,126.9576,19.34,16.58,22.1,0.0,0.0,52.41
2024-09-17,JB03,익산,35.9483,126.9576,13.32,10.17,16.48,0.0,0.0,62.04
2024-09-18,JB03,익산,35.9483,126.9576,11.51,6.19,16.82,0.0,0.0,45.87
2024-09-19,JB03,익산,35.9483,126.9576,12.69,7.82,17.56,7.72,0.0,75.0
2024-09-20,JB03,익산,35.9483,126.9576,12.99,9.64,16.34,11.41,0.0,58.22
2024-09-21,JB03,익산,35.9483,126.9576,11.78,7.51,16.06,0.0,0.0,65.07
2024-09-22,JB03,익산,35.9483,126.9576,9.44,6.67,12.2,0.0,0.0,56.24
2024-09-23,JB03,익산,35.9483,126.9576,9.57,5.74,13.41,0.0,0.0,54.07
2024-09-24,JB03,익산,35.9483,126.9576,13.21,9.43,16.98,0.0,0.0,62.88
2024-09-25,JB03,익산,35.9483,126.9576,10.68,6.08,15.29,0.0,0.0,70.15
2024-09-26,JB03,익산,35.9483,126.9576,10.96,5.61,16.3,24.27,0.0,79.39
2024-09-27,JB03,익산,35.9483,126.9576,11.54,6.49,16.6,27.39,0.0,75.86
2024-09-28,JB03,익산,35.9483,126.9576,10.85,7.68,14.01,0.0,0.0,49.8
2024-09-29,JB03,익산,35.9483,126.9576,14.36,11.28,17.44,0.0,0.0,69.5
2024-09-30,JB03,익산,35.9483,126.9576,6.34,-0.38,13.06,0.0,0.0,59.41
2024-10-01,JB03,익산,35.9483,126.9576,12.65,7.35,17.95,17.25,0.0,89.41
2024-10-02,JB03,익산,35.9483,126.9576,12.31,5.65,18.97,0.0,0.0,39.94
2024-10-03,JB03,익산,35.9483,126.9576,17.1,13.23,20.97,0.0,0.0,58.27
2024-10-04,JB03,익산,35.9483,126.9576,13.16,9.41,16.9,0.0,0.0,55.47
2024-10-05,JB03,익산,35.9483,126.9576,14.18,9.19,19.16,0.0,0.0,36.36
2024-10-06,JB03,익산,35.9483,126.9576,9.96,5.01,14.91,0.0,0.0,67.61
2024-10-07,JB03,익산,35.9483,126.9576,9.07,4.51,13.62,0.0,0.0,35.21
2024-10-08,JB03,익산,35.9483,126.9576,11.14,7.01,15.27,0.0,0.0,61.37
2024-10-09,JB03,익산,35.9483,126.9576,12.45,6.81,18.09,0.0,0.0,66.76
2024-10-10,JB03,익산,35.9483,126.9576,11.37,6.96,15.77,0.0,0.0,51.65
2024-10-11,JB03,익산,35.9483,126.9576,11.08,6.62,15.53,0.0,0.0,41.15
2024-10-12,JB03,익산,35.9483,126.9576,10.85,6.95,14.74,20.49,0.0,73.94
2024-10-13,JB03,익산,35.9483,126.9576,8.22,3.31,13.14,0.0,0.0,44.71
2024-10-14,JB03,익산,35.9483,126.9576,9.79,4.15,15.42,6.52,0.0,66.66
2024-10-15,JB03,익산,35.9483,126.9576,9.6,4.48,14.72,0.0,0.0,67.9
2024-10-16,JB03,익산,35.9483,126.9576,10.79,6.09,15.49,0.0,0.0,56.85
2024-10-17,JB03,익산,35.9483,126.9576,8.24,5.0,11.49,0.0,0.0,43.91
2024-10-18,JB03,익산,35.9483,126.9576,9.02,4.34,13.71,0.0,0.0,61.51
2024-10-19,JB03,익산,35.9483,126.9576,7.22,2.15,12.29,0.0,0.0,49.99
2024-10-20,JB03,익산,35.9483,126.9576,5.3,1.39,9.21,8.59,0.0,60.64
2024-10-21,JB03,익산,35.9483,126.9576,6.1,-1.16,13.36,0.0,0.0,52.42
2024-10-22,JB03,익산,35.9483,126.9576,14.64,9.68,19.61,0.0,0.0,66.43
2024-10-23,JB03,익산,35.9483,126.9576,4.35,-1.15,9.85,0.0,0.0,53.6
2024-10-24,JB03,익산,35.9483,126.9576,10.19,5.07,15.32,0.0,0.0,62.35
2024-10-25,JB03,익산,35.9483,126.9576,5.06,-0.11,10.24,0.0,0.0,59.35
2024-10-26,JB03,익산,35.9483,126.9576,10.26,4.82,15.69,0.0,0.0,60.51
2024-10-27,JB03,익산,35.9483,126.9576,6.06,2.94,9.19,9.18,0.0,68.72
2024-10-28,JB03,익산,35.9483,126.9576,5.59,0.24,10.94,0.0,0.0,59.67
2024-10-29,JB03,익산,35.9483,126.9576,2.07,-4.4,8.54,0.0,0.0,57.19
2024-10-30,JB03,익산,35.9483,126.9576,4.33,0.37,8.3,0.0,0.0,71.86
2024-10-31,JB03,익산,35.9483,126.9576,6.03,1.65,10.42,0.0,0.0,58.74
2024-11-01,JB03,익산,35.9483,126.9576,4.32,-0.55,9.2,0.0,0.0,60.52
2024-11-02,JB03,익산,35.9483,126.9576,5.09,-0.08,10.25,0.0,0.0,65.1
2024-11-03,JB03,익산,35.9483,126.9576,2.24,-1.63,6.11,0.0,0.0,47.28
2024-11-04,JB03,익산,35.9483,126.9576,6.67,3.24,10.1,0.0,0.0,70.55
2024-11-05,JB03,익산,35.9483,126.9576,2.68,-1.61,6.98,15.25,0.0,77.59
2024-11-06,JB03,익산,35.9483,126.9576,5.17,0.59,9.75,0.0,0.0,49.85
2024-11-07,JB03,익산,35.9483,126.9576,6.8,1.46,12.14,0.0,0.0,58.4
2024-11-08,JB03,익산,35.9483,126.9576,2.81,-0.45,6.07,0.0,0.0,53.85
2024-11-09,JB03,익산,35.9483,126.9576,1.08,-1.79,3.95,0.0,0.0,54.29
2024-11-10,JB03,익산,35.9483,126.9576,3.0,-0.54,6.53,0.0,0.0,59.24
2024-11-11,JB03,익산,35.9483,126.9576,4.6,0.17,9.03,0.0,0.0,56.17
2024-11-12,JB03,익산,35.9483,126.9576,0.99,-3.64,5.61,0.0,0.0,63.39
2024-11-13,JB03,익산,35.9483,126.9576,0.47,-5.04,5.98,0.0,0.0,68.63
2024-11-14,JB03,익산,35.9483,126.9576,-0.13,-3.89,3.62,0.0,0.0,69.7
2024-11-15,JB03,익산,35.9483,126.9576,6.41,1.86,10.96,0.0,0.0,55.1
2024-11-16,JB03,익산,35.9483,126.9576,4.9,1.43,8.36,0.0,0.0,34.58
2024-11-17,JB03,익산,35.9483,126.9576,-0.58,-5.59,4.44,0.0,0.0,62.27
2024-11-18,JB03,익산,35.9483,126.9576,4.15,0.2,8.09,0.0,0.0,53.26
2024-11-19,JB03,익산,35.9483,126.9576,-0.49,-4.88,3.9,5.47,0.0,55.18
2024-11-20,JB03,익산,35.9483,126.9576,5.03,1.68,8.39,0.0,0.0,69.83
2024-11-21,JB03,익산,35.9483,126.9576,4.27,0.23,8.31,10.94,0.0,72.91
2024-11-22,JB03,익산,35.9483,126.9576,5.9,0.88,10.91,0.0,0.0,64.72
2024-11-23,JB03,익산,35.9483,126.9576,-2.21,-7.22,2.8,0.0,0.0,52.1
2024-11-24,JB03,익산,35.9483,126.9576,6.36,2.14,10.58,0.0,0.0,69.53
2024-11-25,JB03,익산,35.9483,126.9576,-1.23,-5.23,2.78,0.0,0.0,58.43
2024-11-26,JB03,익산,35.9483,126.9576,-2.82,-7.92,2.28,0.0,0.0,73.4
2024-11-27,JB03,익산,35.9483,126.9576,-0.64,-6.3,5.02,0.0,0.0,49.49
2024-11-28,JB03,익산,35.9483,126.9576,0.24,-4.69,5.17,0.0,0.0,60.7
2024-11-29,JB03,익산,35.9483,126.9576,0.05,-4.18,4.28,0.0,0.0,58.71
2024-11-30,JB03,익산,35.9483,126.9576,0.88,-2.96,4.72,0.0,0.0,56.81
2024-12-01,JB03,익산,35.9483,126.9576,0.28,-3.74,4.3,8.56,0.0,56.29
2024-12-02,JB03,익산,35.9483,126.9576,4.2,-0.32,8.72,0.0,0.94,56.3
2024-12-03,JB03,익산,35.9483,126.9576,-2.06,-6.25,2.14,0.0,0.0,72.64
2024-12-04,JB03,익산,35.9483,126.9576,2.09,-3.86,8.04,0.0,0.0,53.47
2024-12-05,JB03,익산,35.9483,126.9576,-2.48,-8.24,3.28,0.0,0.0,54.35
2024-12-06,JB03,익산,35.9483,126.9576,4.66,0.33,8.99,27.68,0.0,69.81
2024-12-07,JB03,익산,35.9483,126.9576,-3.11,-8.34,2.13,0.0,0.0,63.56
2024-12-08,JB03,익산,35.9483,126.9576,-4.69,-10.61,1.23,0.0,1.74,56.95
2024-12-09,JB03,익산,35.9483,126.9576,-5.4,-9.97,-0.84,0.0,0.0,59.47
2024-12-10,JB03,익산,35.9483,126.9576,-1.24,-4.27,1.78,0.0,0.0,53.94
2024-12-11,JB03,익산,35.9483,126.9576,-1.55,-7.41,4.31,8.05,0.0,77.94
2024-12-12,JB03,익산,35.9483,126.9576,1.05,-4.21,6.3,0.0,0.0,49.24
2024-12-13,JB03,익산,35.9483,126.9576,-1.06,-4.76,2.64,0.0,0.13,57.31
2024-12-14,JB03,익산,35.9483,126.9576,-2.52,-7.11,2.06,0.0,0.0,56.38
2024-12-15,JB03,익산,35.9483,126.9576,1.0,-3.72,5.72,0.0,0.17,50.55
2024-12-16,JB03,익산,35.9483,126.9576,0.2,-2.83,3.22,0.0,0.0,63.72
2024-12-17,JB03,익산,35.9483,126.9576,1.41,-2.25,5.07,0.0,3.58,48.89
2024-12-18,JB03,익산,35.9483,126.9576,5.93,1.73,10.13,0.0,0.0,52.17
2024-12-19,JB03,익산,35.9483,126.9576,-7.49,-12.25,-2.72,0.0,0.0,53.29
2024-12-20,JB03,익산,35.9483,126.9576,1.34,-1.23,3.92,0.0,0.0,50.48
2024-12-21,JB03,익산,35.9483,126.9576,-1.61,-4.72,1.5,0.0,1.63,60.07
2024-12-22,JB03,익산,35.9483,126.9576,-4.4,-9.44,0.64,0.0,0.0,68.48
2024-12-23,JB03,익산,35.9483,126.9576,-2.68,-8.66,3.31,0.0,0.0,48.19
2024-12-24,JB03,익산,35.9483,126.9576,-6.22,-11.9,-0.53,3.27,0.0,56.38
2024-12-25,JB03,익산,35.9483,126.9576,0.28,-3.0,3.55,0.0,0.0,60.11
2024-12-26,JB03,익산,35.9483,126.9576,2.0,-3.74,7.75,14.46,1.34,63.81
2024-12-27,JB03,익산,35.9483,126.9576,-2.54,-6.98,1.9,6.41,0.0,64.33
2024-12-28,JB03,익산,35.9483,126.9576,0.07,-3.99,4.13,0.0,0.0,65.89
2024-12-29,JB03,익산,35.9483,126.9576,-0.53,-5.45,4.38,0.0,0.0,70.24
2024-12-30,JB03,익산,35.9483,126.9576,0.53,-2.84,3.91,16.79,0.0,41.27
2024-12-31,JB03,익산,35.9483,126.9576,-1.93,-6.8,2.95,0.0,0.0,55.9
2025-01-01,JB03,익산,35.9483,126.9576,-1.38,-4.41,1.66,0.0,0.0,39.52
2025-01-02,JB03,익산,35.9483,126.9576,-3.57,-9.73,2.59,0.0,0.52,67.36
2025-01-03,JB03,익산,35.9483,126.9576,-6.16,-10.05,-2.27,3.87,0.0,42.72
2025-01-04,JB03,익산,35.9483,126.9576,-2.85,-6.53,0.83,0.0,0.17,59.58
2025-01-05,JB03,익산,35.9483,126.9576,1.4,-2.95,5.76,0.0,0.0,62.34
2025-01-06,JB03,익산,35.9483,126.9576,-4.48,-6.48,-2.48,0.0,0.0,62.76
2025-01-07,JB03,익산,35.9483,126.9576,-2.1,-8.24,4.04,0.0,1.7,54.83
2025-01-08,JB03,익산,35.9483,126.9576,-2.37,-5.22,0.48,0.0,1.5,61.25
2025-01-09,JB03,익산,35.9483,126.9576,-3.89,-8.17,0.4,0.0,0.0,53.97
2025-01-10,JB03,익산,35.9483,126.9576,-2.13,-5.09,0.84,0.0,0.0,55.75
2025-01-11,JB03,익산,35.9483,126.9576,1.15,-3.87,6.17,13.59,0.0,76.41
2025-01-12,JB03,익산,35.9483,126.9576,-0.23,-4.48,4.03,0.0,0.0,61.91
2025-01-13,JB03,익산,35.9483,126.9576,0.43,-3.4,4.26,0.0,0.0,53.08
2025-01-14,JB03,익산,35.9483,126.9576,-4.0,-7.78,-0.22,0.0,1.64,64.41
2025-01-15,JB03,익산,35.9483,126.9576,-1.78,-6.78,3.22,0.0,0.0,56.98
2025-01-16,JB03,익산,35.9483,126.9576,-0.42,-6.4,5.55,0.0,0.0,67.4
2025-01-17,JB03,익산,35.9483,126.9576,1.3,-1.23,3.84,4.62,0.0,49.85
2025-01-18,JB03,익산,35.9483,126.9576,4.52,1.07,7.97,0.0,0.0,59.18
2025-01-19,JB03,익산,35.9483,126.9576,-1.16,-5.61,3.29,0.0,0.0,47.17
2025-01-20,JB03,익산,35.9483,126.9576,-1.02,-6.53,4.5,0.0,0.0,66.51
2025-01-21,JB03,익산,35.9483,126.9576,0.0,-3.9,3.91,0.0,0.0,46.34
2025-01-22,JB03,익산,35.9483,126.9576,4.54,0.06,9.02,0.0,0.0,69.8
2025-01-23,JB03,익산,35.9483,126.9576,-1.06,-3.86,1.74,0.0,0.0,66.32
2025-01-24,JB03,익산,35.9483,126.9576,-0.32,-6.33,5.69,0.0,0.79,49.68
2025-01-25,JB03,익산,35.9483,126.9576,0.4,-4.43,5.24,0.0,0.0,54.97
2025-01-26,JB03,익산,35.9483,126.9576,2.96,0.49,5.43,0.0,0.0,67.6
2025-01-27,JB03,익산,35.9483,126.9576,0.5,-5.98,6.97,0.0,0.0,60.4
2025-01-28,JB03,익산,35.9483,126.9576,-0.14,-5.58,5.31,0.0,0.0,62.56
2025-01-29,JB03,익산,35.9483,126.9576,3.77,1.69,5.84,0.0,0.0,56.6
2025-01-30,JB03,익산,35.9483,126.9576,-3.58,-5.58,-1.58,0.0,0.0,57.34
2025-01-31,JB03,익산,35.9483,126.9576,2.58,-1.32,6.47,4.86,0.0,54.0
2025-02-01,JB03,익산,35.9483,126.9576,3.34,-0.47,7.16,0.0,0.0,68.75
2025-02-02,JB03,익산,35.9483,126.9576,0.99,-2.75,4.72,0.0,0.0,60.1
2025-02-03,JB03,익산,35.9483,126.9576,4.4,-1.24,10.04,7.66,0.0,51.3
2025-02-04,JB03,익산,35.9483,126.9576,1.08,-2.74,4.89,0.0,0.0,55.13
2025-02-05,JB03,익산,35.9483,126.9576,2.98,-1.39,7.35,3.27,0.0,65.65
2025-02-06,JB03,익산,35.9483,126.9576,2.46,-1.18,6.09,0.0,0.2,66.18
2025-02-07,JB03,익산,35.9483,126.9576,4.26,0.43,8.09,0.0,0.0,64.54
2025-02-08,JB03,익산,35.9483,126.9576,0.9,-3.35,5.15,5.49,0.0,79.95
2025-02-09,JB03,익산,35.9483,126.9576,-0.52,-4.4,3.36,0.0,0.0,68.31
2025-02-10,JB03,익산,35.9483,126.9576,5.97,2.24,9.7,0.0,0.0,46.43
2025-02-11,JB03,익산,35.9483,126.9576,5.71,-0.02,11.44,0.0,0.0,44.93
2025-02-12,JB03,익산,35.9483,126.9576,3.14,-1.96,8.24,0.0,0.0,74.18
2025-02-13,JB03,익산,35.9483,126.9576,2.37,-3.77,8.51,0.0,0.0,55.07
2025-02-14,JB03,익산,35.9483,126.9576,2.74,-0.71,6.19,0.0,0.0,48.23
2025-02-15,JB03,익산,35.9483,126.9576,5.8,1.78,9.82,12.31,0.0,73.53
2025-02-16,JB03,익산,35.9483,126.9576,-1.53,-6.52,3.45,0.0,0.0,66.54
2025-02-17,JB03,익산,35.9483,126.9576,5.04,1.97,8.11,0.0,0.0,51.11
2025-02-18,JB03,익산,35.9483,126.9576,4.17,1.9,6.43,0.0,0.0,61.11
2025-02-19,JB03,익산,35.9483,126.9576,3.21,-1.86,8.29,0.0,0.0,38.64
2025-02-20,JB03,익산,35.9483,126.9576,4.39,0.94,7.84,0.0,0.0,72.17
2025-02-21,JB03,익산,35.9483,126.9576,4.16,-0.95,9.27,0.0,0.89,52.6
2025-02-22,JB03,익산,35.9483,126.9576,3.85,-1.82,9.51,0.0,0.0,83.52
2025-02-23,JB03,익산,35.9483,126.9576,2.02,-2.41,6.45,9.57,0.0,63.31
2025-02-24,JB03,익산,35.9483,126.9576,2.12,-4.75,8.98,0.0,0.0,54.65
2025-02-25,JB03,익산,35.9483,126.9576,4.13,0.13,8.13,0.0,0.0,53.93
2025-02-26,JB03,익산,35.9483,126.9576,7.98,4.8,11.17,0.0,0.0,49.02
2025-02-27,JB03,익산,35.9483,126.9576,8.83,5.28,12.37,16.91,0.0,57.76
2025-02-28,JB03,익산,35.9483,126.9576,2.28,-3.16,7.73,0.0,0.0,59.14
2025-03-01,JB03,익산,35.9483,126.9576,6.66,1.64,11.68,0.0,0.0,48.24
2025-03-02,JB03,익산,35.9483,126.9576,7.66,3.86,11.47,0.0,0.0,64.49
2025-03-03,JB03,익산,35.9483,126.9576,3.66,-1.35,8.67,0.0,0.0,58.17
2025-03-04,JB03,익산,35.9483,126.9576,8.74,4.07,13.41,0.0,0.0,47.38
2025-03-05,JB03,익산,35.9483,126.9576,6.53,1.29,11.77,0.0,0.0,69.52
2025-03-06,JB03,익산,35.9483,126.9576,5.72,-1.06,12.49,0.0,0.0,60.82
2025-03-07,JB03,익산,35.9483,126.9576,8.29,2.47,14.1,0.0,0.0,44.88
2025-03-08,JB03,익산,35.9483,126.9576,10.18,5.38,14.98,0.0,0.0,58.11
2025-03-09,JB03,익산,35.9483,126.9576,1.65,-2.64,5.94,0.0,0.0,67.18
2025-03-10,JB03,익산,35.9483,126.9576,9.97,4.84,15.11,0.0,0.0,43.03
2025-03-11,JB03,익산,35.9483,126.9576,9.21,4.02,14.41,0.0,0.0,79.18
2025-03-12,JB03,익산,35.9483,126.9576,3.95,-0.13,8.02,0.0,0.0,59.73
2025-03-13,JB03,익산,35.9483,126.9576,8.25,4.01,12.5,0.0,0.0,46.99
2025-03-14,JB03,익산,35.9483,126.9576,5.94,2.56,9.31,0.0,0.0,45.71
2025-03-15,JB03,익산,35.9483,126.9576,8.53,4.22,12.85,0.0,0.0,66.74
2025-03-16,JB03,익산,35.9483,126.9576,8.72,3.06,14.39,7.29,0.0,63.76
2025-03-17,JB03,익산,35.9483,126.9576,10.79,6.75,14.84,0.0,0.0,49.87
2025-03-18,JB03,익산,35.9483,126.9576,11.13,7.26,14.99,0.0,0.0,58.61
2025-03-19,JB03,익산,35.9483,126.9576,13.17,9.94,16.4,0.0,0.0,51.84
2025-03-20,JB03,익산,35.9483,126.9576,6.42,3.44,9.4,0.0,0.0,57.96
2025-03-21,JB03,익산,35.9483,126.9576,8.81,4.74,12.89,26.88,0.0,66.28
2025-03-22,JB03,익산,35.9483,126.9576,12.09,7.83,16.36,0.0,0.0,52.74
2025-03-23,JB03,익산,35.9483,126.9576,12.44,6.75,18.13,0.0,0.0,50.57
2025-03-24,JB03,익산,35.9483,126.9576,12.41,7.28,17.54,1.92,0.0,65.49
2025-03-25,JB03,익산,35.9483,126.9576,10.22,5.9,14.54,0.0,0.0,47.02
2025-03-26,JB03,익산,35.9483,126.9576,9.93,6.17,13.69,0.0,0.0,63.83
2025-03-27,JB03,익산,35.9483,126.9576,16.74,12.27,21.22,0.0,0.0,49.7
2025-03-28,JB03,익산,35.9483,126.9576,7.5,3.39,11.61,0.0,0.0,58.15
2025-03-29,JB03,익산,35.9483,126.9576,9.87,7.52,12.22,0.0,0.0,52.62
2025-03-30,JB03,익산,35.9483,126.9576,8.04,2.55,13.53,0.0,0.0,68.9
2025-03-31,JB03,익산,35.9483,126.9576,10.43,6.53,14.34,0.0,0.0,63.93
2025-04-01,JB03,익산,35.9483,126.9576,14.26,9.86,18.66,0.0,0.0,65.46
2025-04-02,JB03,익산,35.9483,126.9576,13.12,8.78,17.46,0.0,0.0,63.99
2025-04-03,JB03,익산,35.9483,126.9576,12.96,8.92,17.01,0.0,0.0,43.72
2025-04-04,JB03,익산,35.9483,126.9576,17.03,12.55,21.51,0.0,0.0,54.05
2025-04-05,JB03,익산,35.9483,126.9576,9.31,4.96,13.65,0.0,0.0,64.76
2025-04-06,JB03,익산,35.9483,126.9576,13.05,10.97,15.14,0.0,0.0,78.52
2025-04-07,JB03,익산,35.9483,126.9576,11.13,5.06,17.2,0.0,0.0,56.18
2025-04-08,JB03,익산,35.9483,126.9576,15.47,11.88,19.07,0.0,0.0,58.76
2025-04-09,JB03,익산,35.9483,126.9576,15.3,11.09,19.5,0.0,0.0,73.79
2025-04-10,JB03,익산,35.9483,126.9576,14.1,7.7,20.5,0.0,0.0,65.64
2025-04-11,JB03,익산,35.9483,126.9576,15.81,12.48,19.13,0.0,0.0,58.07
2025-04-12,JB03,익산,35.9483,126.9576,12.8,7.91,17.7,0.0,0.0,57.27
2025-04-13,JB03,익산,35.9483,126.9576,14.9,10.5,19.31,8.52,0.0,91.39
2025-04-14,JB03,익산,35.9483,126.9576,11.9,8.05,15.76,0.0,0.0,78.4
2025-04-15,JB03,익산,35.9483,126.9576,12.33,7.36,17.3,0.0,0.0,61.34
2025-04-16,JB03,익산,35.9483,126.9576,18.68,12.85,24.52,0.0,0.0,59.94
2025-04-17,JB03,익산,35.9483,126.9576,11.46,6.85,16.07,0.0,0.0,56.14
2025-04-18,JB03,익산,35.9483,126.9576,12.1,7.15,17.04,0.0,0.0,59.48
2025-04-19,JB03,익산,35.9483,126.9576,13.41,9.85,16.98,0.0,0.0,63.88
2025-04-20,JB03,익산,35.9483,126.9576,19.32,13.11,25.54,24.39,0.0,84.97
2025-04-21,JB03,익산,35.9483,126.9576,15.59,12.11,19.07,0.0,0.0,67.45
2025-04-22,JB03,익산,35.9483,126.9576,19.18,14.44,23.91,11.96,0.0,72.98
2025-04-23,JB03,익산,35.9483,126.9576,17.68,12.25,23.1,0.0,0.0,56.69
2025-04-24,JB03,익산,35.9483,126.9576,14.07,9.26,18.87,4.54,0.0,69.19
2025-04-25,JB03,익산,35.9483,126.9576,12.63,8.7,16.56,0.0,0.0,29.03
2025-04-26,JB03,익산,35.9483,126.9576,15.45,9.74,21.16,10.51,0.0,68.56
2025-04-27,JB03,익산,35.9483,126.9576,19.33,15.17,23.48,3.76,0.0,76.23
2025-04-28,JB03,익산,35.9483,126.9576,21.5,17.45,25.55,0.0,0.0,59.94
2025-04-29,JB03,익산,35.9483,126.9576,16.1,10.19,22.0,10.1,0.0,70.34
2025-04-30,JB03,익산,35.9483,126.9576,15.98,10.78,21.17,0.0,0.0,74.31
2025-05-01,JB03,익산,35.9483,126.9576,20.47,17.49,23.45,36.08,0.0,86.27
2025-05-02,JB03,익산,35.9483,126.9576,22.35,17.18,27.53,0.0,0.0,50.67
2025-05-03,JB03,익산,35.9483,126.9576,16.77,10.93,22.62,0.0,0.0,56.03
2025-05-04,JB03,익산,35.9483,126.9576,19.18,13.54,24.82,11.28,0.0,79.18
2025-05-05,JB03,익산,35.9483,126.9576,29.18,23.92,34.44,1.47,0.0,57.04
2025-05-06,JB03,익산,35.9483,126.9576,18.42,13.94,22.9,0.0,0.0,70.47
2025-05-07,JB03,익산,35.9483,126.9576,19.5,16.33,22.67,0.0,0.0,57.51
2025-05-08,JB03,익산,35.9483,126.9576,15.91,10.63,21.2,0.0,0.0,33.74
2025-05-09,JB03,익산,35.9483,126.9576,18.25,13.87,22.63,0.0,0.0,52.84
2025-05-10,JB03,익산,35.9483,126.9576,18.41,13.11,23.71,0.0,0.0,63.42
2025-05-11,JB03,익산,35.9483,126.9576,17.9,14.89,20.92,0.0,0.0,60.53
2025-05-12,JB03,익산,35.9483,126.9576,22.95,19.04,26.87,0.0,0.0,71.61
2025-05-13,JB03,익산,35.9483,126.9576,17.25,11.37,23.12,0.0,0.0,66.6
2025-05-14,JB03,익산,35.9483,126.9576,19.41,15.81,23.02,0.0,0.0,45.05
2025-05-15,JB03,익산,35.9483,126.9576,18.92,13.71,24.12,0.0,0.0,47.5
2025-05-16,JB03,익산,35.9483,126.9576,23.0,18.0,28.0,0.0,0.0,63.69
2025-05-17,JB03,익산,35.9483,126.9576,24.07,19.05,29.1,0.0,0.0,45.13
2025-05-18,JB03,익산,35.9483,126.9576,21.39,16.93,25.85,11.16,0.0,70.85
2025-05-19,JB03,익산,35.9483,126.9576,21.41,17.72,25.1,0.0,0.0,61.5
2025-05-20,JB03,익산,35.9483,126.9576,19.53,15.24,23.82,7.73,0.0,58.44
2025-05-21,JB03,익산,35.9483,126.9576,25.92,22.69,29.15,0.0,0.0,79.87
2025-05-22,JB03,익산,35.9483,126.9576,24.84,20.38,29.31,0.0,0.0,44.38
2025-05-23,JB03,익산,35.9483,126.9576,21.41,17.66,25.15,0.0,0.0,54.74
2025-05-24,JB03,익산,35.9483,126.9576,22.28,17.25,27.31,0.0,0.0,51.18
2025-05-25,JB03,익산,35.9483,126.9576,22.27,17.99,26.56,0.0,0.0,60.32
2025-05-26,JB03,익산,35.9483,126.9576,18.91,13.95,23.87,6.6,0.0,80.86
2025-05-27,JB03,익산,35.9483,126.9576,20.34,15.11,25.56,0.0,0.0,64.01
2025-05-28,JB03,익산,35.9483,126.9576,27.12,22.0,32.24,18.66,0.0,74.56
2025-05-29,JB03,익산,35.9483,126.9576,20.04,16.68,23.4,0.0,0.0,61.68
2025-05-30,JB03,익산,35.9483,126.9576,19.17,14.12,24.22,0.0,0.0,70.8
2025-05-31,JB03,익산,35.9483,126.9576,22.52,19.26,25.79,0.0,0.0,48.84
2025-06-01,JB03,익산,35.9483,126.9576,26.52,22.02,31.02,0.0,0.0,63.92
2025-06-02,JB03,익산,35.9483,126.9576,21.16,18.08,24.25,0.0,0.0,47.0
2025-06-03,JB03,익산,35.9483,126.9576,21.04,15.62,26.46,1.58,0.0,50.22
2025-06-04,JB03,익산,35.9483,126.9576,28.04,22.54,33.53,0.0,0.0,63.76
2025-06-05,JB03,익산,35.9483,126.9576,20.61,16.85,24.37,11.24,0.0,69.47
2025-06-06,JB03,익산,35.9483,126.9576,24.14,19.82,28.46,0.0,0.0,53.74
2025-06-07,JB03,익산,35.9483,126.9576,24.6,19.65,29.55,0.0,0.0,46.21
2025-06-08,JB03,익산,35.9483,126.9576,21.73,16.79,26.67,0.0,0.0,59.52
2025-06-09,JB03,익산,35.9483,126.9576,23.22,18.47,27.96,2.51,0.0,73.1
2025-06-10,JB03,익산,35.9483,126.9576,24.73,20.96,28.49,4.27,0.0,59.39
2025-06-11,JB03,익산,35.9483,126.9576,24.72,19.59,29.85,0.0,0.0,59.94
2025-06-12,JB03,익산,35.9483,126.9576,25.08,22.29,27.87,0.0,0.0,57.54
2025-06-13,JB03,익산,35.9483,126.9576,24.79,20.26,29.33,0.0,0.0,71.37
2025-06-14,JB03,익산,35.9483,126.9576,21.71,17.59,25.84,0.0,0.0,62.81
2025-06-15,JB03,익산,35.9483,126.9576,25.7,18.17,33.23,0.0,0.0,69.31
2025-06-16,JB03,익산,35.9483,126.9576,23.92,20.51,27.32,13.89,0.0,73.14
2025-06-17,JB03,익산,35.9483,126.9576,24.19,20.1,28.28,0.0,0.0,65.24
2025-06-18,JB03,익산,35.9483,126.9576,26.77,23.37,30.16,3.68,0.0,59.03
2025-06-19,JB03,익산,35.9483,126.9576,28.55,24.51,32.59,12.77,0.0,67.48
2025-06-20,JB03,익산,35.9483,126.9576,24.19,20.25,28.12,18.74,0.0,78.65
2025-06-21,JB03,익산,35.9483,126.9576,25.62,22.65,28.58,0.0,0.0,43.86
2025-06-22,JB03,익산,35.9483,126.9576,26.4,22.46,30.34,0.0,0.0,45.06
2025-06-23,JB03,익산,35.9483,126.9576,25.21,19.69,30.73,0.0,0.0,51.93
2025-06-24,JB03,익산,35.9483,126.9576,26.03,21.01,31.06,0.0,0.0,78.15
2025-06-25,JB03,익산,35.9483,126.9576,26.23,20.96,31.5,4.08,0.0,58.9
2025-06-26,JB03,익산,35.9483,126.9576,24.45,19.69,29.21,15.62,0.0,92.95
2025-06-27,JB03,익산,35.9483,126.9576,30.36,24.06,36.66,6.87,0.0,62.54
2025-06-28,JB03,익산,35.9483,126.9576,21.27,15.11,27.42,0.0,0.0,57.69
2025-06-29,JB03,익산,35.9483,126.9576,22.06,18.2,25.91,0.0,0.0,67.45
2025-06-30,JB03,익산,35.9483,126.9576,21.15,16.34,25.97,0.0,0.0,43.73
2025-07-01,JB03,익산,35.9483,126.9576,25.57,21.43,29.7,0.0,0.0,45.32
2025-07-02,JB03,익산,35.9483,126.9576,23.17,21.17,25.17,29.47,0.0,82.5
2025-07-03,JB03,익산,35.9483,126.9576,23.0,18.83,27.17,0.0,0.0,52.86
2025-07-04,JB03,익산,35.9483,126.9576,25.53,21.04,30.02,0.0,0.0,52.74
2025-07-05,JB03,익산,35.9483,126.9576,25.64,22.22,29.07,0.0,0.0,53.28
2025-07-06,JB03,익산,35.9483,126.9576,25.22,19.2,31.25,16.29,0.0,66.33
2025-07-07,JB03,익산,35.9483,126.9576,24.96,18.34,31.57,0.0,0.0,57.04
2025-07-08,JB03,익산,35.9483,126.9576,28.36,24.72,31.99,0.0,0.0,61.32
2025-07-09,JB03,익산,35.9483,126.9576,25.27,19.05,31.49,0.0,0.0,71.28
2025-07-10,JB03,익산,35.9483,126.9576,23.92,20.24,27.61,0.0,0.0,46.41
2025-07-11,JB03,익산,35.9483,126.9576,25.91,21.83,29.98,11.68,0.0,75.05
2025-07-12,JB03,익산,35.9483,126.9576,23.55,17.78,29.33,0.0,0.0,59.47
2025-07-13,JB03,익산,35.9483,126.9576,26.17,21.47,30.86,0.0,0.0,59.1
2025-07-14,JB03,익산,35.9483,126.9576,20.6,14.99,26.21,0.0,0.0,65.9
2025-07-15,JB03,익산,35.9483,126.9576,26.19,22.55,29.84,0.0,0.0,64.55
2025-07-16,JB03,익산,35.9483,126.9576,23.75,18.22,29.28,0.0,0.0,68.23
2025-07-17,JB03,익산,35.9483,126.9576,25.43,20.61,30.25,0.0,0.0,60.32
2025-07-18,JB03,익산,35.9483,126.9576,27.21,22.77,31.65,0.0,0.0,58.46
2025-07-19,JB03,익산,35.9483,126.9576,24.57,18.18,30.97,0.0,0.0,58.79
2025-07-20,JB03,익산,35.9483,126.9576,24.71,20.98,28.44,9.93,0.0,73.44
2025-07-21,JB03,익산,35.9483,126.9576,21.46,15.88,27.03,0.0,0.0,48.13
2025-07-22,JB03,익산,35.9483,126.9576,27.24,21.13,33.35,0.0,0.0,65.09
2025-07-23,JB03,익산,35.9483,126.9576,25.79,19.76,31.83,1.39,0.0,69.77
2025-07-24,JB03,익산,35.9483,126.9576,22.64,19.27,26.0,0.0,0.0,55.22
2025-07-25,JB03,익산,35.9483,126.9576,24.56,19.24,29.87,0.0,0.0,46.84
2025-07-26,JB03,익산,35.9483,126.9576,24.59,20.68,28.51,0.0,0.0,44.57
2025-07-27,JB03,익산,35.9483,126.9576,22.96,17.68,28.25,0.0,0.0,50.12
2025-07-28,JB03,익산,35.9483,126.9576,20.66,16.14,25.18,0.0,0.0,62.05
2025-07-29,JB03,익산,35.9483,126.9576,22.13,17.3,26.96,0.0,0.0,60.05
2025-07-30,JB03,익산,35.9483,126.9576,19.33,14.6,24.05,0.0,0.0,45.13
2025-07-31,JB03,익산,35.9483,126.9576,23.2,18.95,27.46,8.96,0.0,66.02
2025-08-01,JB03,익산,35.9483,126.9576,26.08,21.71,30.45,3.6,0.0,63.64
2025-08-02,JB03,익산,35.9483,126.9576,27.82,22.82,32.83,4.86,0.0,71.74
2025-08-03,JB03,익산,35.9483,126.9576,27.59,21.46,33.73,0.0,0.0,58.35
2025-08-04,JB03,익산,35.9483,126.9576,23.15,19.48,26.82,0.0,0.0,46.73
2025-08-05,JB03,익산,35.9483,126.9576,22.63,18.46,26.81,0.0,0.0,57.63
2025-08-06,JB03,익산,35.9483,126.9576,21.62,18.41,24.83,5.38,0.0,71.57
2025-08-07,JB03,익산,35.9483,126.9576,17.68,15.36,19.99,0.0,0.0,58.96
2025-08-08,JB03,익산,35.9483,126.9576,23.08,19.17,26.98,0.0,0.0,57.93
2025-08-09,JB03,익산,35.9483,126.9576,20.9,14.7,27.11,0.0,0.0,57.47
2025-08-10,JB03,익산,35.9483,126.9576,27.76,23.47,32.05,13.18,0.0,71.44
2025-08-11,JB03,익산,35.9483,126.9576,22.14,17.53,26.75,0.0,0.0,61.26
2025-08-12,JB03,익산,35.9483,126.9576,26.39,20.56,32.22,0.0,0.0,66.56
2025-08-13,JB03,익산,35.9483,126.9576,19.28,15.07,23.49,0.0,0.0,72.87
2025-08-14,JB03,익산,35.9483,126.9576,19.36,15.39,23.33,0.0,0.0,58.96
2025-08-15,JB03,익산,35.9483,126.9576,25.43,20.7,30.15,5.47,0.0,75.95
2025-08-16,JB03,익산,35.9483,126.9576,18.41,14.29,22.52,0.0,0.0,56.7
2025-08-17,JB03,익산,35.9483,126.9576,19.54,13.93,25.15,0.0,0.0,53.5
2025-08-18,JB03,익산,35.9483,126.9576,21.07,17.9,24.24,0.0,0.0,59.24
2025-08-19,JB03,익산,35.9483,126.9576,20.46,17.03,23.9,2.11,0.0,40.01
2025-08-20,JB03,익산,35.9483,126.9576,17.79,15.34,20.24,0.55,0.0,74.83
2025-08-21,JB03,익산,35.9483,126.9576,24.06,21.54,26.57,0.0,0.0,48.11
2025-08-22,JB03,익산,35.9483,126.9576,17.0,12.63,21.38,0.0,0.0,64.0
2025-08-23,JB03,익산,35.9483,126.9576,17.97,12.69,23.24,0.0,0.0,50.47
2025-08-24,JB03,익산,35.9483,126.9576,17.53,12.94,22.11,0.0,0.0,56.59
2025-08-25,JB03,익산,35.9483,126.9576,18.9,14.38,23.43,8.6,0.0,68.9
2025-08-26,JB03,익산,35.9483,126.9576,21.12,17.23,25.01,0.0,0.0,69.62
2025-08-27,JB03,익산,35.9483,126.9576,16.3,9.81,22.79,0.0,0.0,54.55
2025-08-28,JB03,익산,35.9483,126.9576,16.48,9.57,23.38,0.0,0.0,52.99
2025-08-29,JB03,익산,35.9483,126.9576,17.67,13.07,22.28,0.0,0.0,56.67
2025-08-30,JB03,익산,35.9483,126.9576,9.9,5.34,14.46,0.0,0.0,68.39
2025-08-31,JB03,익산,35.9483,126.9576,21.32,17.02,25.61,0.0,0.0,46.98
2025-09-01,JB03,익산,35.9483,126.9576,19.82,15.95,23.69,0.0,0.0,56.14
2025-09-02,JB03,익산,35.9483,126.9576,21.14,16.44,25.84,0.0,0.0,50.51
2025-09-03,JB03,익산,35.9483,126.9576,20.09,16.31,23.87,9.15,0.0,67.82
2025-09-04,JB03,익산,35.9483,126.9576,15.6,10.13,21.07,0.0,0.0,52.16
2025-09-05,JB03,익산,35.9483,126.9576,12.76,7.72,17.81,6.56,0.0,58.68
2025-09-06,JB03,익산,35.9483,126.9576,16.32,11.93,20.71,0.0,0.0,58.3
2025-09-07,JB03,익산,35.9483,126.9576,13.79,10.61,16.97,0.0,0.0,46.71
2025-09-08,JB03,익산,35.9483,126.9576,12.8,7.6,18.0,0.0,0.0,54.32
2025-09-09,JB03,익산,35.9483,126.9576,17.04,12.33,21.75,0.0,0.0,64.05
2025-09-10,JB03,익산,35.9483,126.9576,9.87,5.64,14.11,4.87,0.0,69.41
2025-09-11,JB03,익산,35.9483,126.9576,16.11,9.95,22.27,0.0,0.0,56.81
2025-09-12,JB03,익산,35.9483,126.9576,15.22,13.22,17.22,1.33,0.0,60.6
2025-09-13,JB03,익산,35.9483,126.9576,17.15,11.12,23.19,0.0,0.0,80.8
2025-09-14,JB03,익산,35.9483,126.9576,15.83,12.77,18.88,0.0,0.0,54.27
2025-09-15,JB03,익산,35.9483,126.9576,16.47,13.01,19.93,0.0,0.0,56.39
2025-09-16,JB03,익산,35.9483,126.9576,13.76,8.37,19.15,0.0,0.0,69.67
2025-09-17,JB03,익산,35.9483,126.9576,13.82,8.0,19.64,0.0,0.0,44.12
2025-09-18,JB03,익산,35.9483,126.9576,11.48,6.97,15.99,0.0,0.0,51.98
2025-09-19,JB03,익산,35.9483,126.9576,13.03,8.77,17.29,0.0,0.0,53.22
2025-09-20,JB03,익산,35.9483,126.9576,12.67,9.65,15.69,0.0,0.0,69.77
2025-09-21,JB03,익산,35.9483,126.9576,13.95,10.26,17.64,0.0,0.0,52.15
2025-09-22,JB03,익산,35.9483,126.9576,16.92,10.87,22.96,0.0,0.0,43.01
2025-09-23,JB03,익산,35.9483,126.9576,18.78,13.86,23.71,16.73,0.0,84.49
2025-09-24,JB03,익산,35.9483,126.9576,11.48,6.63,16.33,0.0,0.0,64.66
2025-09-25,JB03,익산,35.9483,126.9576,12.79,7.98,17.6,0.0,0.0,55.49
2025-09-26,JB03,익산,35.9483,126.9576,10.54,5.17,15.91,0.0,0.0,52.43
2025-09-27,JB03,익산,35.9483,126.9576,13.72,8.75,18.7,0.0,0.0,42.73
2025-09-28,JB03,익산,35.9483,126.9576,9.05,5.41,12.69,0.0,0.0,72.08
2025-09-29,JB03,익산,35.9483,126.9576,12.83,8.36,17.3,0.0,0.0,39.76
2025-09-30,JB03,익산,35.9483,126.9576,11.72,5.05,18.39,0.0,0.0,66.64
2025-10-01,JB03,익산,35.9483,126.9576,10.35,5.79,14.91,0.0,0.0,54.54
2025-10-02,JB03,익산,35.9483,126.9576,9.62,3.56,15.68,0.0,0.0,68.91
2025-10-03,JB03,익산,35.9483,126.9576,9.41,3.36,15.46,11.07,0.0,61.8
2025-10-04,JB03,익산,35.9483,126.9576,10.83,6.81,14.84,0.0,0.0,55.97
2025-10-05,JB03,익산,35.9483,126.9576,7.02,4.37,9.67,0.0,0.0,64.18
2025-10-06,JB03,익산,35.9483,126.9576,7.62,2.79,12.45,0.0,0.0,57.35
2025-10-07,JB03,익산,35.9483,126.9576,11.22,6.54,15.89,0.0,0.0,54.76
2025-10-08,JB03,익산,35.9483,126.9576,10.96,4.66,17.27,0.0,0.0,44.37
2025-10-09,JB03,익산,35.9483,126.9576,8.88,6.11,11.66,0.0,0.0,68.13
2025-10-10,JB03,익산,35.9483,126.9576,10.35,5.66,15.03,0.0,0.0,70.11
2025-10-11,JB03,익산,35.9483,126.9576,12.06,7.06,17.07,14.5,0.0,67.69
2025-10-12,JB03,익산,35.9483,126.9576,8.22,2.48,13.97,0.0,0.0,50.51
2025-10-13,JB03,익산,35.9483,126.9576,8.22,3.33,13.1,0.0,0.0,52.78
2025-10-14,JB03,익산,35.9483,126.9576,13.15,8.19,18.12,0.0,0.0,75.59
2025-10-15,JB03,익산,35.9483,126.9576,7.34,2.94,11.74,0.0,0.0,56.28
2025-10-16,JB03,익산,35.9483,126.9576,4.63,-0.69,9.95,0.0,0.0,55.23
2025-10-17,JB03,익산,35.9483,126.9576,7.75,2.41,13.09,0.0,0.0,60.04
2025-10-18,JB03,익산,35.9483,126.9576,9.46,6.92,12.0,0.73,0.0,46.95
2025-10-19,JB03,익산,35.9483,126.9576,11.0,7.77,14.23,8.47,0.0,49.73
2025-10-20,JB03,익산,35.9483,126.9576,8.62,6.31,10.93,0.0,0.0,52.25
2025-10-21,JB03,익산,35.9483,126.9576,9.07,3.15,15.0,0.0,0.0,56.47
2025-10-22,JB03,익산,35.9483,126.9576,1.12,-3.81,6.05,0.0,0.0,70.34
2025-10-23,JB03,익산,35.9483,126.9576,7.85,4.66,11.04,0.0,0.0,77.34
2025-10-24,JB03,익산,35.9483,126.9576,3.13,-0.1,6.37,0.0,0.0,53.69
2025-10-25,JB03,익산,35.9483,126.9576,3.5,-2.69,9.68,0.0,0.0,54.18
2025-10-26,JB03,익산,35.9483,126.9576,3.38,-3.37,10.13,22.81,0.0,71.04
2025-10-27,JB03,익산,35.9483,126.9576,4.7,-1.39,10.79,0.0,0.0,39.23
2025-10-28,JB03,익산,35.9483,126.9576,7.05,2.69,11.42,9.52,0.0,60.95
2025-10-29,JB03,익산,35.9483,126.9576,3.62,-0.33,7.57,0.0,0.0,59.8
2025-10-30,JB03,익산,35.9483,126.9576,2.91,-3.32,9.14,0.0,0.0,75.95
2025-10-31,JB03,익산,35.9483,126.9576,4.77,0.88,8.67,0.0,0.0,52.22
2025-11-01,JB03,익산,35.9483,126.9576,4.54,-0.75,9.83,0.0,0.0,65.11
2025-11-02,JB03,익산,35.9483,126.9576,6.18,0.28,12.08,0.0,0.0,71.0
2025-11-03,JB03,익산,35.9483,126.9576,4.33,0.78,7.88,0.0,0.0,42.73
2025-11-04,JB03,익산,35.9483,126.9576,0.99,-4.13,6.11,0.0,0.0,59.9
2025-11-05,JB03,익산,35.9483,126.9576,6.63,4.33,8.93,0.0,0.0,39.26
2025-11-06,JB03,익산,35.9483,126.9576,5.93,3.13,8.72,0.0,0.0,63.14
2025-11-07,JB03,익산,35.9483,126.9576,6.43,2.1,10.75,0.0,0.0,63.38
2025-11-08,JB03,익산,35.9483,126.9576,3.19,-0.11,6.48,0.0,0.0,64.13
2025-11-09,JB03,익산,35.9483,126.9576,5.68,0.84,10.52,0.0,0.0,64.9
2025-11-10,JB03,익산,35.9483,126.9576,3.36,-0.61,7.33,3.51,0.0,46.62
2025-11-11,JB03,익산,35.9483,126.9576,0.81,-3.32,4.95,0.0,0.0,68.54
2025-11-12,JB03,익산,35.9483,126.9576,-0.9,-6.89,5.08,1.79,0.0,58.71
2025-11-13,JB03,익산,35.9483,126.9576,5.57,-0.68,11.82,0.0,0.0,75.52
2025-11-14,JB03,익산,35.9483,126.9576,-2.63,-6.72,1.47,0.0,0.0,69.52
2025-11-15,JB03,익산,35.9483,126.9576,5.68,0.13,11.23,0.0,0.0,66.63
2025-11-16,JB03,익산,35.9483,126.9576,3.63,0.97,6.29,3.89,0.0,59.31
2025-11-17,JB03,익산,35.9483,126.9576,-0.82,-5.1,3.45,6.88,0.0,82.36
2025-11-18,JB03,익산,35.9483,126.9576,4.52,0.39,8.65,10.38,0.0,69.53
2025-11-19,JB03,익산,35.9483,126.9576,-1.22,-5.65,3.2,0.0,0.0,46.82
2025-11-20,JB03,익산,35.9483,126.9576,5.78,1.21,10.34,0.0,0.0,37.89
2025-11-21,JB03,익산,35.9483,126.9576,0.26,-4.75,5.27,0.0,0.0,36.46
2025-11-22,JB03,익산,35.9483,126.9576,2.05,-2.85,6.96,0.0,0.0,51.45
2025-11-23,JB03,익산,35.9483,126.9576,-3.96,-7.36,-0.55,0.0,0.0,65.37
2025-11-24,JB03,익산,35.9483,126.9576,-5.22,-9.23,-1.22,0.0,0.0,58.07
2025-11-25,JB03,익산,35.9483,126.9576,3.32,0.63,6.02,0.0,0.0,72.37
2025-11-26,JB03,익산,35.9483,126.9576,1.29,-3.32,5.91,8.22,0.0,76.44
2025-11-27,JB03,익산,35.9483,126.9576,7.48,2.44,12.51,25.29,0.0,74.53
2025-11-28,JB03,익산,35.9483,126.9576,2.39,-3.74,8.52,0.0,0.0,53.95
2025-11-29,JB03,익산,35.9483,126.9576,0.87,-2.94,4.68,0.0,0.0,62.12
2025-11-30,JB03,익산,35.9483,126.9576,1.04,-5.81,7.88,0.0,0.0,69.51
2025-12-01,JB03,익산,35.9483,126.9576,-2.08,-7.16,2.99,0.0,0.0,64.89
2025-12-02,JB03,익산,35.9483,126.9576,0.51,-6.64,7.65,0.0,0.0,65.64
2025-12-03,JB03,익산,35.9483,126.9576,4.52,1.6,7.44,0.0,0.0,48.09
2025-12-04,JB03,익산,35.9483,126.9576,-1.16,-6.28,3.95,0.0,0.0,52.87
2025-12-05,JB03,익산,35.9483,126.9576,0.33,-3.96,4.63,0.0,0.0,62.19
2025-12-06,JB03,익산,35.9483,126.9576,-1.75,-4.83,1.32,2.52,0.0,55.39
2025-12-07,JB03,익산,35.9483,126.9576,4.69,1.0,8.38,0.0,0.0,66.92
2025-12-08,JB03,익산,35.9483,126.9576,2.91,-2.06,7.88,0.0,2.24,73.13
2025-12-09,JB03,익산,35.9483,126.9576,-4.24,-7.74,-0.73,0.02,0.0,52.25
2025-12-10,JB03,익산,35.9483,126.9576,-1.34,-4.66,1.98,0.0,0.0,51.17
2025-12-11,JB03,익산,35.9483,126.9576,-2.15,-6.35,2.06,0.0,0.6,52.23
2025-12-12,JB03,익산,35.9483,126.9576,-1.86,-4.48,0.77,0.0,0.0,59.84
2025-12-13,JB03,익산,35.9483,126.9576,2.08,-0.46,4.61,0.0,0.0,55.36
2025-12-14,JB03,익산,35.9483,126.9576,2.02,-1.99,6.03,0.0,0.0,62.58
2025-12-15,JB03,익산,35.9483,126.9576,-2.44,-7.12,2.23,0.0,0.0,63.15
2025-12-16,JB03,익산,35.9483,126.9576,-3.95,-8.65,0.74,12.14,0.0,64.68
2025-12-17,JB03,익산,35.9483,126.9576,1.52,-2.02,5.06,0.0,0.0,62.14
2025-12-18,JB03,익산,35.9483,126.9576,-0.93,-4.53,2.66,0.0,0.0,51.53
2025-12-19,JB03,익산,35.9483,126.9576,0.32,-3.04,3.69,0.0,0.92,67.53
2025-12-20,JB03,익산,35.9483,126.9576,-0.62,-4.22,2.98,0.0,0.0,47.79
2025-12-21,JB03,익산,35.9483,126.9576,-1.3,-5.38,2.77,0.0,0.0,39.48
2025-12-22,JB03,익산,35.9483,126.9576,0.35,-5.21,5.91,0.0,0.0,68.83
2025-12-23,JB03,익산,35.9483,126.9576,0.5,-3.54,4.54,0.0,0.0,60.48
2025-12-24,JB03,익산,35.9483,126.9576,-0.72,-5.02,3.58,0.0,0.0,62.71
2025-12-25,JB03,익산,35.9483,126.9576,-0.49,-5.11,4.14,3.8,0.0,72.13
2025-12-26,JB03,익산,35.9483,126.9576,1.98,-2.2,6.16,0.0,0.0,49.23
2025-12-27,JB03,익산,35.9483,126.9576,-1.89,-7.64,3.86,0.0,0.0,56.61
2025-12-28,JB03,익산,35.9483,126.9576,-0.51,-4.45,3.43,0.0,0.89,54.35
2025-12-29,JB03,익산,35.9483,126.9576,1.42,-1.25,4.08,0.0,0.0,73.7
2025-12-30,JB03,익산,35.9483,126.9576,-2.85,-6.38,0.67,0.0,0.0,55.31
2025-12-31,JB03,익산,35.9483,126.9576,1.11,-2.79,5.01,0.0,0.0,58.1
2026-01-01,JB03,익산,35.9483,126.9576,-5.45,-9.63,-1.28,0.0,0.0,79.65
2026-01-02,JB03,익산,35.9483,126.9576,-3.51,-8.29,1.28,0.0,0.0,76.03
2026-01-03,JB03,익산,35.9483,126.9576,-2.07,-6.25,2.12,0.0,0.0,25.37
2026-01-04,JB03,익산,35.9483,126.9576,-1.99,-6.44,2.46,0.0,0.0,70.02
2026-01-05,JB03,익산,35.9483,126.9576,-4.29,-11.09,2.51,0.0,0.0,59.5
2026-01-06,JB03,익산,35.9483,126.9576,-2.08,-6.13,1.97,0.0,0.0,48.8
2026-01-07,JB03,익산,35.9483,126.9576,-1.4,-5.05,2.25,0.0,0.0,46.5
2026-01-08,JB03,익산,35.9483,126.9576,-1.81,-6.79,3.17,0.0,0.0,35.9
2026-01-09,JB03,익산,35.9483,126.9576,0.37,-4.14,4.87,0.0,0.0,56.35
2026-01-10,JB03,익산,35.9483,126.9576,-0.3,-3.98,3.38,7.3,0.0,62.25
2026-01-11,JB03,익산,35.9483,126.9576,2.45,-5.61,10.5,0.0,0.0,64.3
2026-01-12,JB03,익산,35.9483,126.9576,1.0,-2.48,4.48,7.02,0.0,56.41
2026-01-13,JB03,익산,35.9483,126.9576,0.81,-3.73,5.36,0.0,0.0,81.52
2026-01-14,JB03,익산,35.9483,126.9576,-4.19,-6.46,-1.92,0.0,0.0,57.61
2026-01-15,JB03,익산,35.9483,126.9576,-0.61,-4.9,3.67,0.0,0.0,54.83
2026-01-16,JB03,익산,35.9483,126.9576,2.28,-2.02,6.58,0.0,0.79,44.5
2026-01-17,JB03,익산,35.9483,126.9576,0.97,-1.58,3.51,0.0,0.0,57.56
2026-01-18,JB03,익산,35.9483,126.9576,-2.71,-8.05,2.63,0.0,0.0,60.0
2026-01-19,JB03,익산,35.9483,126.9576,-4.19,-6.89,-1.49,0.0,0.0,57.97
2026-01-20,JB03,익산,35.9483,126.9576,2.45,-1.04,5.94,0.0,0.0,48.57
2026-01-21,JB03,익산,35.9483,126.9576,0.94,-3.48,5.37,0.0,0.0,56.7
2026-01-22,JB03,익산,35.9483,126.9576,-0.26,-4.31,3.78,0.0,0.0,49.97
2026-01-23,JB03,익산,35.9483,126.9576,-2.25,-6.48,1.99,0.0,0.0,52.69
2026-01-24,JB03,익산,35.9483,126.9576,-1.08,-6.28,4.12,0.0,0.0,39.26
2026-01-25,JB03,익산,35.9483,126.9576,-3.0,-6.94,0.93,0.0,0.0,65.06
2026-01-26,JB03,익산,35.9483,126.9576,1.35,-1.1,3.8,0.0,0.0,49.83
2026-01-27,JB03,익산,35.9483,126.9576,0.97,-3.01,4.96,0.0,1.03,53.9
2026-01-28,JB03,익산,35.9483,126.9576,1.44,-1.83,4.71,0.0,0.0,51.39
2026-01-29,JB03,익산,35.9483,126.9576,-0.31,-4.64,4.02,7.52,0.0,79.91
2026-01-30,JB03,익산,35.9483,126.9576,1.94,-2.14,6.02,0.0,0.57,45.53
2026-01-31,JB03,익산,35.9483,126.9576,1.99,-1.96,5.93,4.06,0.02,68.84
2026-02-01,JB03,익산,35.9483,126.9576,4.39,0.64,8.14,0.0,0.0,56.11
2026-02-02,JB03,익산,35.9483,126.9576,0.68,-4.02,5.38,0.0,0.41,77.81
2026-02-03,JB03,익산,35.9483,126.9576,2.04,-3.42,7.5,0.0,0.0,59.09
2026-02-04,JB03,익산,35.9483,126.9576,3.72,-1.57,9.01,0.0,0.0,61.86
2026-02-05,JB03,익산,35.9483,126.9576,1.54,-2.62,5.7,0.0,0.0,67.59
2026-02-06,JB03,익산,35.9483,126.9576,-0.23,-4.87,4.41,0.0,0.39,74.23
2026-02-07,JB03,익산,35.9483,126.9576,-0.05,-5.52,5.42,13.26,0.0,66.32
2026-02-08,JB03,익산,35.9483,126.9576,-1.64,-7.81,4.53,0.0,0.0,62.14
2026-02-09,JB03,익산,35.9483,126.9576,0.87,-1.96,3.7,0.0,0.0,56.04
2026-02-10,JB03,익산,35.9483,126.9576,1.92,-3.36,7.2,0.0,0.0,54.74
2026-02-11,JB03,익산,35.9483,126.9576,2.03,-3.29,7.35,0.0,0.0,50.41
2026-02-12,JB03,익산,35.9483,126.9576,2.71,-0.51,5.93,0.0,0.0,48.29
2026-02-13,JB03,익산,35.9483,126.9576,1.89,-1.53,5.32,0.0,0.3,67.93
2026-02-14,JB03,익산,35.9483,126.9576,3.57,-0.83,7.96,0.0,1.61,52.36
2026-02-15,JB03,익산,35.9483,126.9576,1.23,-2.29,4.76,0.0,0.0,78.81
2026-02-16,JB03,익산,35.9483,126.9576,6.38,0.44,12.32,0.0,0.0,63.98
2026-02-17,JB03,익산,35.9483,126.9576,2.71,-3.58,9.0,0.0,1.09,43.66
2026-02-18,JB03,익산,35.9483,126.9576,8.13,3.84,12.43,0.0,0.0,50.48
2026-02-19,JB03,익산,35.9483,126.9576,-0.07,-5.29,5.15,0.0,0.0,69.34
2026-02-20,JB03,익산,35.9483,126.9576,2.46,-1.75,6.66,0.0,0.71,57.57
2026-02-21,JB03,익산,35.9483,126.9576,4.56,0.52,8.6,0.0,0.0,48.42
2026-02-22,JB03,익산,35.9483,126.9576,5.32,2.1,8.53,0.0,0.0,57.86
2026-02-23,JB03,익산,35.9483,126.9576,0.22,-4.4,4.84,13.68,0.0,79.66
2026-02-24,JB03,익산,35.9483,126.9576,2.25,-0.03,4.53,0.0,0.0,76.26
2026-02-25,JB03,익산,35.9483,126.9576,4.96,-0.57,10.48,0.0,0.0,57.67
2026-02-26,JB03,익산,35.9483,126.9576,7.83,2.98,12.67,26.41,0.0,74.57
2026-02-27,JB03,익산,35.9483,126.9576,-1.43,-6.63,3.77,0.0,0.0,53.97
2026-02-28,JB03,익산,35.9483,126.9576,4.18,0.08,8.27,0.0,0.0,55.69
2026-03-01,JB03,익산,35.9483,126.9576,8.03,3.62,12.44,0.0,0.0,59.98
2026-03-02,JB03,익산,35.9483,126.9576,2.69,-2.07,7.44,0.0,0.0,47.72
2026-03-03,JB03,익산,35.9483,126.9576,1.3,-3.0,5.61,0.0,0.0,56.83
2026-03-04,JB03,익산,35.9483,126.9576,7.89,0.81,14.98,0.0,0.0,50.35
2026-03-05,JB03,익산,35.9483,126.9576,5.04,0.54,9.54,0.0,0.0,52.42
2026-03-06,JB03,익산,35.9483,126.9576,9.12,3.49,14.75,0.0,0.0,49.82
2026-03-07,JB03,익산,35.9483,126.9576,5.85,0.69,11.0,48.99,0.0,93.03
2026-03-08,JB03,익산,35.9483,126.9576,8.58,4.83,12.33,0.0,0.0,53.85
2026-03-09,JB03,익산,35.9483,126.9576,1.08,-3.55,5.72,0.0,0.0,70.71
2026-03-10,JB03,익산,35.9483,126.9576,7.6,4.48,10.72,0.0,0.0,37.09
2026-03-11,JB03,익산,35.9483,126.9576,4.89,-0.31,10.09,16.32,0.0,68.63
2026-03-12,JB03,익산,35.9483,126.9576,6.87,1.31,12.42,0.0,0.0,64.42
2026-03-13,JB03,익산,35.9483,126.9576,11.92,7.83,16.02,0.0,0.0,47.56
2026-03-14,JB03,익산,35.9483,126.9576,5.84,0.51,11.17,12.42,0.0,78.65
2026-03-15,JB03,익산,35.9483,126.9576,8.51,3.95,13.07,3.63,0.0,65.65
2026-03-16,JB03,익산,35.9483,126.9576,8.8,4.75,12.85,0.0,0.0,73.95
2026-03-17,JB03,익산,35.9483,126.9576,8.02,4.04,12.0,0.0,0.0,57.58
2026-03-18,JB03,익산,35.9483,126.9576,10.88,5.46,16.3,0.0,0.0,73.44
2026-03-19,JB03,익산,35.9483,126.9576,9.78,4.23,15.33,0.0,0.0,69.13
2026-03-20,JB03,익산,35.9483,126.9576,12.1,5.88,18.33,1.4,0.0,66.92
2026-03-21,JB03,익산,35.9483,126.9576,13.73,7.82,19.64,0.0,0.0,64.2
2026-03-22,JB03,익산,35.9483,126.9576,10.73,7.76,13.71,0.0,0.0,52.47
2026-03-23,JB03,익산,35.9483,126.9576,10.91,6.35,15.47,6.78,0.0,36.2
2026-03-24,JB03,익산,35.9483,126.9576,11.08,5.26,16.91,14.11,0.0,70.97
2026-03-25,JB03,익산,35.9483,126.9576,10.86,5.78,15.94,0.0,0.0,50.18
2026-03-26,JB03,익산,35.9483,126.9576,9.84,6.56,13.11,0.0,0.0,58.11
2026-03-27,JB03,익산,35.9483,126.9576,10.43,6.56,14.31,0.0,0.0,65.8
2026-03-28,JB03,익산,35.9483,126.9576,8.81,5.72,11.89,0.0,0.0,44.25
2026-03-29,JB03,익산,35.9483,126.9576,13.06,6.78,19.34,0.0,0.0,65.38
2026-03-30,JB03,익산,35.9483,126.9576,13.67,6.69,20.65,0.0,0.0,53.36
2026-03-31,JB03,익산,35.9483,126.9576,14.23,10.1,18.36,0.0,0.0,57.61
2026-04-01,JB03,익산,35.9483,126.9576,12.73,8.53,16.93,0.0,0.0,52.53
2026-04-02,JB03,익산,35.9483,126.9576,13.29,9.64,16.94,0.0,0.0,64.53
2026-04-03,JB03,익산,35.9483,126.9576,15.5,12.24,18.76,0.0,0.0,57.96
2026-04-04,JB03,익산,35.9483,126.9576,20.04,14.15,25.93,0.0,0.0,62.25
2026-04-05,JB03,익산,35.9483,126.9576,15.05,12.06,18.05,6.32,0.0,63.29
2026-04-06,JB03,익산,35.9483,126.9576,16.28,12.61,19.95,0.0,0.0,61.23
2026-04-07,JB03,익산,35.9483,126.9576,8.85,4.68,13.02,0.0,0.0,63.79
2026-04-08,JB03,익산,35.9483,126.9576,16.47,11.29,21.66,3.97,0.0,56.79
2026-04-09,JB03,익산,35.9483,126.9576,16.49,12.06,20.92,4.25,0.0,67.33
2026-04-10,JB03,익산,35.9483,126.9576,14.34,9.24,19.43,0.0,0.0,61.56
2026-04-11,JB03,익산,35.9483,126.9576,14.14,10.41,17.86,0.0,0.0,41.17
2026-04-12,JB03,익산,35.9483,126.9576,16.87,13.73,20.01,0.0,0.0,64.48
2026-04-13,JB03,익산,35.9483,126.9576,17.08,14.54,19.63,0.0,0.0,62.6
2026-04-14,JB03,익산,35.9483,126.9576,15.41,9.43,21.39,0.0,0.0,37.51
2026-04-15,JB03,익산,35.9483,126.9576,17.45,13.54,21.36,0.0,0.0,56.41
2026-04-16,JB03,익산,35.9483,126.9576,18.67,15.56,21.78,0.0,0.0,49.62
2026-04-17,JB03,익산,35.9483,126.9576,16.14,12.98,19.3,6.54,0.0,91.49
2026-04-18,JB03,익산,35.9483,126.9576,14.95,11.0,18.91,0.0,0.0,76.14
2026-04-19,JB03,익산,35.9483,126.9576,19.06,15.88,22.24,0.0,0.0,39.19
2026-04-20,JB03,익산,35.9483,126.9576,18.73,16.03,21.43,7.44,0.0,61.35
2026-04-21,JB03,익산,35.9483,126.9576,20.42,15.12,25.71,0.0,0.0,45.71
2026-04-22,JB03,익산,35.9483,126.9576,21.06,17.44,24.68,0.0,0.0,78.22
2026-04-23,JB03,익산,35.9483,126.9576,18.42,12.78,24.05,0.0,0.0,56.05
2026-04-24,JB03,익산,35.9483,126.9576,20.04,14.52,25.55,0.0,0.0,55.06
2026-04-25,JB03,익산,35.9483,126.9576,11.51,6.55,16.46,0.0,0.0,69.3
2026-04-26,JB03,익산,35.9483,126.9576,20.63,16.65,24.61,0.0,0.0,55.83
2026-04-27,JB03,익산,35.9483,126.9576,18.57,15.34,21.81,0.0,0.0,41.59
2026-04-28,JB03,익산,35.9483,126.9576,13.8,9.43,18.17,9.61,0.0,84.55
2026-04-29,JB03,익산,35.9483,126.9576,18.77,14.02,23.53,0.0,0.0,68.03
2026-04-30,JB03,익산,35.9483,126.9576,19.96,14.98,24.95,0.0,0.0,39.75
2026-05-01,JB03,익산,35.9483,126.9576,14.48,10.07,18.9,0.0,0.0,63.8
2026-05-02,JB03,익산,35.9483,126.9576,19.01,13.87,24.15,0.0,0.0,57.89
2026-05-03,JB03,익산,35.9483,126.9576,15.93,11.01,20.86,0.0,0.0,66.92
2026-05-04,JB03,익산,35.9483,126.9576,20.17,17.29,23.06,0.0,0.0,66.95
2026-05-05,JB03,익산,35.9483,126.9576,20.07,17.38,22.75,0.0,0.0,42.99
2026-05-06,JB03,익산,35.9483,126.9576,15.63,11.0,20.26,0.0,0.0,62.41
2026-05-07,JB03,익산,35.9483,126.9576,21.33,16.84,25.81,2.09,0.0,46.45
2026-05-08,JB03,익산,35.9483,126.9576,18.03,13.43,22.63,0.0,0.0,88.65
2026-05-09,JB03,익산,35.9483,126.9576,17.0,12.64,21.36,0.0,0.0,54.12
2026-05-10,JB03,익산,35.9483,126.9576,19.57,14.14,25.0,0.0,0.0,56.09
2026-05-11,JB03,익산,35.9483,126.9576,19.54,16.58,22.5,5.03,0.0,67.61
2026-05-12,JB03,익산,35.9483,126.9576,20.18,15.95,24.4,0.0,0.0,63.4
2026-05-13,JB03,익산,35.9483,126.9576,19.23,13.91,24.55,0.0,0.0,56.12
2026-05-14,JB03,익산,35.9483,126.9576,18.61,14.13,23.09,0.0,0.0,54.84
2026-05-15,JB03,익산,35.9483,126.9576,19.87,14.75,24.99,0.0,0.0,54.54
2026-05-16,JB03,익산,35.9483,126.9576,17.41,12.41,22.41,9.13,0.0,46.41
2026-05-17,JB03,익산,35.9483,126.9576,21.73,16.66,26.79,0.0,0.0,59.17
2026-05-18,JB03,익산,35.9483,126.9576,16.94,11.03,22.84,0.0,0.0,45.97
2026-05-19,JB03,익산,35.9483,126.9576,19.94,15.19,24.7,0.0,0.0,53.12
2026-05-20,JB03,익산,35.9483,126.9576,23.96,21.43,26.49,0.0,0.0,37.36
2026-05-21,JB03,익산,35.9483,126.9576,19.96,13.81,26.12,0.0,0.0,60.35
2026-05-22,JB03,익산,35.9483,126.9576,20.73,16.47,24.98,0.0,0.0,42.37
2026-05-23,JB03,익산,35.9483,126.9576,21.02,14.94,27.1,0.0,0.0,50.51
2026-05-24,JB03,익산,35.9483,126.9576,22.56,17.75,27.37,0.0,0.0,58.77
2026-05-25,JB03,익산,35.9483,126.9576,24.11,17.46,30.77,0.0,0.0,57.59
2026-05-26,JB03,익산,35.9483,126.9576,26.45,22.55,30.34,0.0,0.0,60.5
2026-05-27,JB03,익산,35.9483,126.9576,25.49,20.59,30.39,0.0,0.0,85.67
2026-05-28,JB03,익산,35.9483,126.9576,19.55,15.11,23.99,0.0,0.0,45.66
2026-05-29,JB03,익산,35.9483,126.9576,22.56,18.48,26.63,0.0,0.0,60.48
2026-05-30,JB03,익산,35.9483,126.9576,24.32,19.34,29.3,0.0,0.0,41.54
2026-05-31,JB03,익산,35.9483,126.9576,24.0,20.05,27.94,0.0,0.0,76.85
2026-06-01,JB03,익산,35.9483,126.9576,28.25,24.78,31.72,0.0,0.0,66.71
2026-06-02,JB03,익산,35.9483,126.9576,25.4,21.29,29.51,0.0,0.0,58.0
2026-06-03,JB03,익산,35.9483,126.9576,23.98,21.18,26.79,0.0,0.0,55.4
2026-06-04,JB03,익산,35.9483,126.9576,24.89,20.13,29.65,7.14,0.0,61.72
2026-06-05,JB03,익산,35.9483,126.9576,20.37,15.25,25.5,0.0,0.0,44.76
2026-06-06,JB03,익산,35.9483,126.9576,21.5,16.69,26.31,0.0,0.0,36.67
2026-06-07,JB03,익산,35.9483,126.9576,23.12,17.33,28.91,6.33,0.0,71.02
2026-06-08,JB03,익산,35.9483,126.9576,26.58,24.58,28.58,13.08,0.0,60.64
2026-06-09,JB03,익산,35.9483,126.9576,19.97,15.46,24.48,0.0,0.0,64.54
2026-06-10,JB03,익산,35.9483,126.9576,26.86,22.45,31.26,0.0,0.0,63.23
2026-06-11,JB03,익산,35.9483,126.9576,23.73,19.61,27.86,0.0,0.0,70.6
2026-06-12,JB03,익산,35.9483,126.9576,27.02,22.7,31.33,6.45,0.0,61.86
2026-06-13,JB03,익산,35.9483,126.9576,22.87,18.39,27.35,0.0,0.0,45.19
2026-06-14,JB03,익산,35.9483,126.9576,27.48,24.04,30.91,16.71,0.0,79.32
2026-06-15,JB03,익산,35.9483,126.9576,25.33,20.03,30.62,0.0,0.0,62.25
2026-06-16,JB03,익산,35.9483,126.9576,20.24,16.33,24.16,3.79,0.0,60.4
2026-06-17,JB03,익산,35.9483,126.9576,24.91,19.17,30.64,8.81,0.0,54.9
2026-06-18,JB03,익산,35.9483,126.9576,26.91,24.03,29.79,0.0,0.0,66.29
2026-06-19,JB03,익산,35.9483,126.9576,24.95,18.83,31.06,0.0,0.0,41.1
2026-06-20,JB03,익산,35.9483,126.9576,26.68,21.22,32.13,0.0,0.0,62.0
2026-06-21,JB03,익산,35.9483,126.9576,26.65,23.05,30.26,0.0,0.0,59.9
2026-06-22,JB03,익산,35.9483,126.9576,27.06,23.85,30.28,5.84,0.0,62.58
2026-06-23,JB03,익산,35.9483,126.9576,23.61,17.74,29.48,0.0,0.0,55.08
2026-06-24,JB03,익산,35.9483,126.9576,21.12,17.41,24.84,0.0,0.0,61.21
2026-06-25,JB03,익산,35.9483,126.9576,26.4,21.29,31.51,3.26,0.0,50.1
2026-06-26,JB03,익산,35.9483,126.9576,23.29,19.86,26.72,20.68,0.0,79.59
2026-06-27,JB03,익산,35.9483,126.9576,30.13,26.02,34.24,0.0,0.0,68.53
2026-06-28,JB03,익산,35.9483,126.9576,20.58,16.91,24.25,6.75,0.0,51.59
2026-06-29,JB03,익산,35.9483,126.9576,24.97,19.37,30.58,0.0,0.0,49.7
2026-06-30,JB03,익산,35.9483,126.9576,22.01,18.4,25.61,0.0,0.0,61.44
2026-07-01,JB03,익산,35.9483,126.9576,23.07,21.01,25.14,1.27,0.0,65.91
2026-07-02,JB03,익산,35.9483,126.9576,23.17,19.76,26.59,0.0,0.0,81.58
2026-07-03,JB03,익산,35.9483,126.9576,26.77,22.12,31.42,0.61,0.0,33.38
2026-07-04,JB03,익산,35.9483,126.9576,29.11,22.93,35.29,0.0,0.0,59.35
2026-07-05,JB03,익산,35.9483,126.9576,21.22,16.96,25.48,0.0,0.0,59.31
2026-07-06,JB03,익산,35.9483,126.9576,23.56,21.0,26.13,6.97,0.0,54.33
2026-07-07,JB03,익산,35.9483,126.9576,21.82,17.47,26.18,0.0,0.0,52.97
2026-07-08,JB03,익산,35.9483,126.9576,26.72,22.14,31.31,5.17,0.0,56.49
2026-07-09,JB03,익산,35.9483,126.9576,22.66,19.29,26.03,0.0,0.0,40.8
2026-07-10,JB03,익산,35.9483,126.9576,25.49,23.09,27.9,0.0,0.0,44.49
2026-07-11,JB03,익산,35.9483,126.9576,23.83,18.66,28.99,0.0,0.0,47.22
2026-07-12,JB03,익산,35.9483,126.9576,24.34,20.63,28.04,0.0,0.0,50.85
2026-07-13,JB03,익산,35.9483,126.9576,26.63,22.66,30.59,0.0,0.0,62.16
2026-07-14,JB03,익산,35.9483,126.9576,22.17,18.07,26.27,14.87,0.0,56.49
2026-07-15,JB03,익산,35.9483,126.9576,23.12,17.87,28.37,0.0,0.0,71.81
2026-07-16,JB03,익산,35.9483,126.9576,25.75,21.34,30.16,1.87,0.0,63.86
2026-07-17,JB03,익산,35.9483,126.9576,22.0,17.57,26.43,0.0,0.0,60.48
2026-07-18,JB03,익산,35.9483,126.9576,26.6,21.18,32.01,4.71,0.0,55.8
2026-07-19,JB03,익산,35.9483,126.9576,23.8,16.42,31.18,11.22,0.0,77.17
2026-07-20,JB03,익산,35.9483,126.9576,26.02,20.68,31.37,0.0,0.0,68.34
2026-07-21,JB03,익산,35.9483,126.9576,27.17,22.36,31.98,0.0,0.0,66.95
2026-07-22,JB03,익산,35.9483,126.9576,21.86,18.15,25.58,0.0,0.0,40.59
2026-07-23,JB03,익산,35.9483,126.9576,25.93,22.49,29.38,0.0,0.0,55.87
2026-07-24,JB03,익산,35.9483,126.9576,23.95,19.83,28.07,7.04,0.0,55.9
2026-07-25,JB03,익산,35.9483,126.9576,26.36,24.18,28.55,4.56,0.0,47.11
2026-07-26,JB03,익산,35.9483,126.9576,22.47,18.08,26.86,0.0,0.0,61.32
2026-07-27,JB03,익산,35.9483,126.9576,20.73,16.76,24.69,0.0,0.0,45.99
2026-07-28,JB03,익산,35.9483,126.9576,23.28,18.79,27.77,48.83,0.0,100.0
2026-07-29,JB03,익산,35.9483,126.9576,21.52,16.44,26.6,0.0,0.0,52.12
2026-07-30,JB03,익산,35.9483,126.9576,23.12,19.6,26.63,0.0,0.0,68.37
2026-07-31,JB03,익산,35.9483,126.9576,21.8,19.8,23.8,3.04,0.0,76.84
2026-08-01,JB03,익산,35.9483,126.9576,22.68,18.36,27.0,0.79,0.0,62.26
2026-08-02,JB03,익산,35.9483,126.9576,23.63,19.66,27.6,0.0,0.0,39.63
2026-08-03,JB03,익산,35.9483,126.9576,23.88,19.2,28.55,0.0,0.0,58.07
2026-08-04,JB03,익산,35.9483,126.9576,20.38,15.94,24.83,11.07,0.0,54.26
2026-08-05,JB03,익산,35.9483,126.9576,18.59,13.8,23.38,0.0,0.0,58.79
2026-08-06,JB03,익산,35.9483,126.9576,24.33,18.72,29.95,0.0,0.0,49.86
2026-08-07,JB03,익산,35.9483,126.9576,22.71,16.89,28.54,14.29,0.0,67.41
2026-08-08,JB03,익산,35.9483,126.9576,21.82,17.38,26.27,6.91,0.0,70.24
2026-08-09,JB03,익산,35.9483,126.9576,20.23,16.12,24.33,0.0,0.0,68.1
2026-08-10,JB03,익산,35.9483,126.9576,23.2,18.28,28.12,0.0,0.0,77.99
2026-08-11,JB03,익산,35.9483,126.9576,23.6,19.92,27.27,0.0,0.0,63.67
2026-08-12,JB03,익산,35.9483,126.9576,21.39,18.46,24.31,5.69,0.0,66.97
2026-08-13,JB03,익산,35.9483,126.9576,19.91,14.71,25.1,0.0,0.0,53.67
2026-08-14,JB03,익산,35.9483,126.9576,19.93,14.19,25.68,0.0,0.0,71.72
2026-08-15,JB03,익산,35.9483,126.9576,25.33,21.64,29.02,0.0,0.0,55.62
2024-08-18,JB04,남원,35.4164,127.3904,19.34,15.8,22.89,0.0,0.0,53.85
2024-08-19,JB04,남원,35.4164,127.3904,23.1,18.43,27.78,0.0,0.0,62.94
2024-08-20,JB04,남원,35.4164,127.3904,19.07,15.0,23.14,15.11,0.0,67.47
2024-08-21,JB04,남원,35.4164,127.3904,20.05,14.91,25.19,0.0,0.0,46.65
2024-08-22,JB04,남원,35.4164,127.3904,17.51,13.28,21.75,20.77,0.0,68.64
2024-08-23,JB04,남원,35.4164,127.3904,18.4,13.03,23.78,0.0,0.0,53.7
2024-08-24,JB04,남원,35.4164,127.3904,15.69,10.66,20.72,0.0,0.0,51.46
2024-08-25,JB04,남원,35.4164,127.3904,18.27,12.53,24.01,0.0,0.0,49.58
2024-08-26,JB04,남원,35.4164,127.3904,21.7,17.12,26.29,0.0,0.0,62.02
2024-08-27,JB04,남원,35.4164,127.3904,18.42,14.3,22.54,19.42,0.0,61.68
2024-08-28,JB04,남원,35.4164,127.3904,21.44,17.34,25.55,0.0,0.0,56.31
2024-08-29,JB04,남원,35.4164,127.3904,20.11,15.01,25.2,0.0,0.0,66.38
2024-08-30,JB04,남원,35.4164,127.3904,18.25,14.38,22.12,0.0,0.0,62.1
2024-08-31,JB04,남원,35.4164,127.3904,17.52,14.53,20.5,0.0,0.0,53.2
2024-09-01,JB04,남원,35.4164,127.3904,21.34,18.38,24.29,3.46,0.0,55.9
2024-09-02,JB04,남원,35.4164,127.3904,21.56,16.9,26.22,0.0,0.0,39.71
2024-09-03,JB04,남원,35.4164,127.3904,12.97,9.06,16.88,5.96,0.0,61.85
2024-09-04,JB04,남원,35.4164,127.3904,19.37,13.08,25.65,0.0,0.0,49.99
2024-09-05,JB04,남원,35.4164,127.3904,14.64,9.98,19.3,0.0,0.0,74.82
2024-09-06,JB04,남원,35.4164,127.3904,16.59,12.22,20.95,0.0,0.0,57.84
2024-09-07,JB04,남원,35.4164,127.3904,17.23,13.56,20.91,0.0,0.0,51.9
2024-09-08,JB04,남원,35.4164,127.3904,21.31,16.11,26.51,0.0,0.0,48.24
2024-09-09,JB04,남원,35.4164,127.3904,18.03,15.03,21.04,0.0,0.0,52.41
2024-09-10,JB04,남원,35.4164,127.3904,20.32,13.74,26.91,3.58,0.0,61.64
2024-09-11,JB04,남원,35.4164,127.3904,15.81,10.44,21.17,0.0,0.0,56.03
2024-09-12,JB04,남원,35.4164,127.3904,16.54,12.81,20.27,0.0,0.0,52.93
2024-09-13,JB04,남원,35.4164,127.3904,16.09,11.17,21.0,0.0,0.0,65.95
2024-09-14,JB04,남원,35.4164,127.3904,11.0,7.67,14.33,0.0,0.0,43.57
2024-09-15,JB04,남원,35.4164,127.3904,13.57,9.48,17.66,0.0,0.0,59.43
2024-09-16,JB04,남원,35.4164,127.3904,16.8,11.97,21.63,0.0,0.0,59.34
2024-09-17,JB04,남원,35.4164,127.3904,15.86,10.05,21.67,5.35,0.0,80.23
2024-09-18,JB04,남원,35.4164,127.3904,15.32,11.52,19.12,17.64,0.0,61.93
2024-09-19,JB04,남원,35.4164,127.3904,11.83,7.2,16.45,0.0,0.0,69.93
2024-09-20,JB04,남원,35.4164,127.3904,15.95,11.45,20.45,3.59,0.0,54.16
2024-09-21,JB04,남원,35.4164,127.3904,11.29,7.48,15.09,0.0,0.0,53.39
2024-09-22,JB04,남원,35.4164,127.3904,14.49,8.1,20.87,0.0,0.0,45.12
2024-09-23,JB04,남원,35.4164,127.3904,10.87,5.53,16.22,0.0,0.0,50.76
2024-09-24,JB04,남원,35.4164,127.3904,14.27,8.72,19.82,0.0,0.0,49.84
2024-09-25,JB04,남원,35.4164,127.3904,12.98,8.73,17.22,4.34,0.0,63.97
2024-09-26,JB04,남원,35.4164,127.3904,14.59,8.62,20.56,0.0,0.0,52.94
2024-09-27,JB04,남원,35.4164,127.3904,14.38,9.36,19.39,0.0,0.0,61.1
2024-09-28,JB04,남원,35.4164,127.3904,13.33,8.51,18.15,0.0,0.0,55.41
2024-09-29,JB04,남원,35.4164,127.3904,12.14,7.07,17.21,9.93,0.0,62.68
2024-09-30,JB04,남원,35.4164,127.3904,8.03,1.71,14.36,0.0,0.0,67.67
2024-10-01,JB04,남원,35.4164,127.3904,11.65,6.82,16.48,0.0,0.0,50.12
2024-10-02,JB04,남원,35.4164,127.3904,8.44,2.04,14.84,0.0,0.0,69.25
2024-10-03,JB04,남원,35.4164,127.3904,13.87,9.82,17.91,0.0,0.0,58.45
2024-10-04,JB04,남원,35.4164,127.3904,7.54,3.25,11.84,4.41,0.0,59.79
2024-10-05,JB04,남원,35.4164,127.3904,15.17,12.68,17.65,0.0,0.0,55.47
2024-10-06,JB04,남원,35.4164,127.3904,8.34,4.15,12.53,0.0,0.0,65.25
2024-10-07,JB04,남원,35.4164,127.3904,10.1,4.4,15.81,0.0,0.0,66.16
2024-10-08,JB04,남원,35.4164,127.3904,8.13,3.08,13.17,0.0,0.0,49.84
2024-10-09,JB04,남원,35.4164,127.3904,5.45,3.18,7.73,0.0,0.0,60.98
2024-10-10,JB04,남원,35.4164,127.3904,6.16,0.51,11.81,0.0,0.0,71.49
2024-10-11,JB04,남원,35.4164,127.3904,9.67,6.35,13.0,0.0,0.0,64.7
2024-10-12,JB04,남원,35.4164,127.3904,7.25,4.34,10.17,0.0,0.0,47.99
2024-10-13,JB04,남원,35.4164,127.3904,11.04,6.99,15.09,0.0,0.0,36.76
2024-10-14,JB04,남원,35.4164,127.3904,8.46,2.39,14.53,0.0,0.0,56.41
2024-10-15,JB04,남원,35.4164,127.3904,6.96,3.21,10.71,0.0,0.0,45.05
2024-10-16,JB04,남원,35.4164,127.3904,7.45,2.38,12.51,2.32,0.0,67.16
2024-10-17,JB04,남원,35.4164,127.3904,5.0,1.93,8.08,12.14,0.0,75.62
2024-10-18,JB04,남원,35.4164,127.3904,6.51,3.03,9.99,0.0,0.0,52.47
2024-10-19,JB04,남원,35.4164,127.3904,7.53,4.74,10.33,0.0,0.0,68.09
2024-10-20,JB04,남원,35.4164,127.3904,5.16,-0.24,10.56,0.0,0.0,52.41
2024-10-21,JB04,남원,35.4164,127.3904,6.26,-0.15,12.68,0.0,0.0,64.71
2024-10-22,JB04,남원,35.4164,127.3904,9.01,5.3,12.71,0.0,0.0,59.42
2024-10-23,JB04,남원,35.4164,127.3904,2.71,-1.29,6.71,0.0,0.0,63.23
2024-10-24,JB04,남원,35.4164,127.3904,5.69,1.07,10.32,0.0,0.0,65.72
2024-10-25,JB04,남원,35.4164,127.3904,4.54,-1.65,10.72,0.0,0.0,64.77
2024-10-26,JB04,남원,35.4164,127.3904,3.65,0.27,7.03,0.0,0.0,58.61
2024-10-27,JB04,남원,35.4164,127.3904,1.24,-3.81,6.28,0.0,0.0,63.76
2024-10-28,JB04,남원,35.4164,127.3904,3.67,0.04,7.29,0.0,0.0,56.47
2024-10-29,JB04,남원,35.4164,127.3904,6.16,1.0,11.32,0.0,0.0,46.68
2024-10-30,JB04,남원,35.4164,127.3904,5.44,1.34,9.54,0.0,0.0,66.64
2024-10-31,JB04,남원,35.4164,127.3904,7.06,1.02,13.1,0.0,0.0,56.9
2024-11-01,JB04,남원,35.4164,127.3904,3.93,1.34,6.52,0.0,0.0,54.78
2024-11-02,JB04,남원,35.4164,127.3904,5.57,0.32,10.82,0.0,0.0,48.77
2024-11-03,JB04,남원,35.4164,127.3904,7.89,3.07,12.71,0.0,0.0,56.74
2024-11-04,JB04,남원,35.4164,127.3904,6.61,1.08,12.13,0.0,0.0,74.34
2024-11-05,JB04,남원,35.4164,127.3904,6.14,1.81,10.48,17.97,0.0,57.8
2024-11-06,JB04,남원,35.4164,127.3904,3.09,-4.84,11.03,0.0,0.0,50.58
2024-11-07,JB04,남원,35.4164,127.3904,1.06,-5.39,7.51,0.0,0.0,72.07
2024-11-08,JB04,남원,35.4164,127.3904,3.91,-1.97,9.79,0.0,0.0,59.63
2024-11-09,JB04,남원,35.4164,127.3904,3.84,-2.18,9.86,3.8,0.0,44.27
2024-11-10,JB04,남원,35.4164,127.3904,-2.58,-8.0,2.83,0.0,0.0,55.39
2024-11-11,JB04,남원,35.4164,127.3904,4.82,-1.22,10.86,0.0,0.0,77.28
2024-11-12,JB04,남원,35.4164,127.3904,3.88,-0.96,8.71,0.0,0.0,45.15
2024-11-13,JB04,남원,35.4164,127.3904,4.81,2.81,6.81,0.0,0.0,58.23
2024-11-14,JB04,남원,35.4164,127.3904,0.47,-3.53,4.47,0.0,0.0,69.04
2024-11-15,JB04,남원,35.4164,127.3904,0.57,-3.41,4.55,0.0,0.0,65.05
2024-11-16,JB04,남원,35.4164,127.3904,1.47,-0.87,3.81,0.0,0.0,62.39
2024-11-17,JB04,남원,35.4164,127.3904,4.24,-0.18,8.66,0.0,0.0,77.86
2024-11-18,JB04,남원,35.4164,127.3904,1.8,-3.49,7.09,0.0,0.0,64.9
2024-11-19,JB04,남원,35.4164,127.3904,-1.84,-5.84,2.15,0.0,0.0,51.95
2024-11-20,JB04,남원,35.4164,127.3904,4.52,0.69,8.34,0.0,0.0,73.17
2024-11-21,JB04,남원,35.4164,127.3904,1.32,-4.27,6.91,0.0,0.0,59.16
2024-11-22,JB04,남원,35.4164,127.3904,3.06,-3.47,9.58,0.0,0.0,48.41
2024-11-23,JB04,남원,35.4164,127.3904,-1.31,-6.9,4.28,0.0,0.0,52.63
2024-11-24,JB04,남원,35.4164,127.3904,-4.11,-7.87,-0.36,0.0,0.0,57.33
2024-11-25,JB04,남원,35.4164,127.3904,1.33,-2.6,5.25,0.0,0.0,61.43
2024-11-26,JB04,남원,35.4164,127.3904,2.19,-2.49,6.86,0.0,0.0,62.59
2024-11-27,JB04,남원,35.4164,127.3904,-1.56,-6.47,3.35,0.0,0.0,69.55
2024-11-28,JB04,남원,35.4164,127.3904,1.56,-1.88,5.0,0.0,0.0,53.65
2024-11-29,JB04,남원,35.4164,127.3904,0.91,-3.45,5.28,0.0,0.0,46.7
2024-11-30,JB04,남원,35.4164,127.3904,-4.68,-6.68,-2.68,0.0,0.0,81.2
2024-12-01,JB04,남원,35.4164,127.3904,4.57,1.15,7.99,0.0,0.0,43.35
2024-12-02,JB04,남원,35.4164,127.3904,-2.99,-6.17,0.2,0.0,0.0,60.53
2024-12-03,JB04,남원,35.4164,127.3904,1.66,-2.47,5.79,0.0,0.0,44.56
2024-12-04,JB04,남원,35.4164,127.3904,-3.61,-8.83,1.6,0.0,0.0,57.37
2024-12-05,JB04,남원,35.4164,127.3904,-3.1,-9.42,3.23,0.0,0.0,68.89
2024-12-06,JB04,남원,35.4164,127.3904,-2.47,-7.05,2.11,0.0,1.37,63.54
2024-12-07,JB04,남원,35.4164,127.3904,-1.42,-6.31,3.46,0.0,0.0,61.49
2024-12-08,JB04,남원,35.4164,127.3904,1.21,-4.04,6.47,0.0,0.0,59.64
2024-12-09,JB04,남원,35.4164,127.3904,1.84,-2.12,5.8,0.0,0.0,55.94
2024-12-10,JB04,남원,35.4164,127.3904,-3.36,-8.41,1.69,0.0,0.0,68.22
2024-12-11,JB04,남원,35.4164,127.3904,-6.61,-10.67,-2.55,0.0,0.0,58.9
2024-12-12,JB04,남원,35.4164,127.3904,1.25,-1.36,3.86,0.0,4.41,54.18
2024-12-13,JB04,남원,35.4164,127.3904,-2.86,-6.23,0.5,0.0,0.0,52.44
2024-12-14,JB04,남원,35.4164,127.3904,-1.93,-5.81,1.95,0.0,0.0,55.41
2024-12-15,JB04,남원,35.4164,127.3904,-1.6,-5.26,2.07,0.0,0.0,52.43
2024-12-16,JB04,남원,35.4164,127.3904,-1.12,-8.0,5.75,2.14,0.0,70.29
2024-12-17,JB04,남원,35.4164,127.3904,-1.77,-6.54,2.99,0.0,0.0,65.06
2024-12-18,JB04,남원,35.4164,127.3904,0.4,-3.46,4.25,0.0,0.0,71.4
2024-12-19,JB04,남원,35.4164,127.3904,-2.29,-6.27,1.68,0.0,0.0,53.73
2024-12-20,JB04,남원,35.4164,127.3904,-6.75,-10.99,-2.5,0.0,2.01,50.92
2024-12-21,JB04,남원,35.4164,127.3904,-2.04,-6.28,2.21,0.0,0.39,43.18
2024-12-22,JB04,남원,35.4164,127.3904,-0.22,-4.94,4.5,0.0,0.0,81.97
2024-12-23,JB04,남원,35.4164,127.3904,-1.15,-5.36,3.06,13.72,0.0,71.42
2024-12-24,JB04,남원,35.4164,127.3904,-3.72,-8.61,1.17,0.0,0.0,51.17
2024-12-25,JB04,남원,35.4164,127.3904,1.86,-4.89,8.62,0.0,0.0,29.22
2024-12-26,JB04,남원,35.4164,127.3904,0.61,-1.84,3.05,0.0,0.0,55.84
2024-12-27,JB04,남원,35.4164,127.3904,1.01,-1.44,3.47,0.0,0.0,73.81
2024-12-28,JB04,남원,35.4164,127.3904,0.04,-3.17,3.24,25.31,0.0,75.58
2024-12-29,JB04,남원,35.4164,127.3904,-1.55,-5.46,2.35,3.56,0.0,59.82
2024-12-30,JB04,남원,35.4164,127.3904,-0.64,-7.58,6.3,0.0,0.0,52.02
2024-12-31,JB04,남원,35.4164,127.3904,-1.59,-6.1,2.93,0.0,0.0,66.88
2025-01-01,JB04,남원,35.4164,127.3904,-2.88,-7.38,1.62,0.0,0.0,68.95
2025-01-02,JB04,남원,35.4164,127.3904,-0.77,-5.09,3.55,0.0,0.0,61.72
2025-01-03,JB04,남원,35.4164,127.3904,3.27,-1.86,8.39,0.0,0.0,56.73
2025-01-04,JB04,남원,35.4164,127.3904,2.04,-1.49,5.56,0.0,0.0,60.75
2025-01-05,JB04,남원,35.4164,127.3904,-1.65,-5.07,1.76,0.0,1.35,58.38
2025-01-06,JB04,남원,35.4164,127.3904,-0.43,-5.37,4.51,3.12,0.0,43.02
2025-01-07,JB04,남원,35.4164,127.3904,-1.57,-5.51,2.37,32.93,0.73,70.19
2025-01-08,JB04,남원,35.4164,127.3904,1.64,-2.9,6.19,0.0,0.0,58.74
2025-01-09,JB04,남원,35.4164,127.3904,1.33,-2.91,5.57,0.0,0.44,58.45
2025-01-10,JB04,남원,35.4164,127.3904,-0.53,-5.14,4.08,0.0,0.0,56.14
2025-01-11,JB04,남원,35.4164,127.3904,-3.87,-10.16,2.42,15.47,0.0,63.8
2025-01-12,JB04,남원,35.4164,127.3904,4.12,0.38,7.86,0.0,3.46,68.38
2025-01-13,JB04,남원,35.4164,127.3904,2.4,-2.16,6.96,0.0,1.74,57.87
2025-01-14,JB04,남원,35.4164,127.3904,-0.85,-4.29,2.59,0.0,0.0,76.74
2025-01-15,JB04,남원,35.4164,127.3904,-0.36,-5.17,4.45,0.0,0.0,75.6
2025-01-16,JB04,남원,35.4164,127.3904,-3.95,-8.96,1.06,11.97,0.0,65.24
2025-01-17,JB04,남원,35.4164,127.3904,1.41,-3.18,6.01,0.0,0.0,64.71
2025-01-18,JB04,남원,35.4164,127.3904,0.4,-3.13,3.93,0.0,0.32,62.18
2025-01-19,JB04,남원,35.4164,127.3904,2.31,-1.25,5.87,25.29,0.79,89.95
2025-01-20,JB04,남원,35.4164,127.3904,2.72,-1.81,7.25,31.82,0.0,97.7
2025-01-21,JB04,남원,35.4164,127.3904,-1.15,-7.2,4.9,0.0,0.0,63.82
2025-01-22,JB04,남원,35.4164,127.3904,2.11,-5.27,9.48,0.0,0.0,58.17
2025-01-23,JB04,남원,35.4164,127.3904,-2.65,-7.02,1.71,0.0,0.0,61.12
2025-01-24,JB04,남원,35.4164,127.3904,2.72,-2.04,7.49,0.0,0.0,57.95
2025-01-25,JB04,남원,35.4164,127.3904,1.05,-4.67,6.77,0.0,0.0,52.38
2025-01-26,JB04,남원,35.4164,127.3904,1.03,-4.7,6.77,0.0,0.0,59.31
2025-01-27,JB04,남원,35.4164,127.3904,2.58,-0.32,5.48,0.0,0.0,57.37
2025-01-28,JB04,남원,35.4164,127.3904,8.13,3.3,12.96,0.0,0.0,62.08
2025-01-29,JB04,남원,35.4164,127.3904,-0.26,-3.71,3.18,0.0,0.0,61.46
2025-01-30,JB04,남원,35.4164,127.3904,0.16,-4.0,4.31,9.91,0.0,67.76
2025-01-31,JB04,남원,35.4164,127.3904,2.04,-3.65,7.74,0.0,0.0,53.76
2025-02-01,JB04,남원,35.4164,127.3904,-1.61,-6.41,3.2,0.0,0.39,53.43
2025-02-02,JB04,남원,35.4164,127.3904,0.49,-3.6,4.58,0.89,0.0,60.94
2025-02-03,JB04,남원,35.4164,127.3904,4.39,-2.14,10.91,0.0,0.0,56.51
2025-02-04,JB04,남원,35.4164,127.3904,0.25,-4.27,4.77,0.0,0.0,64.23
2025-02-05,JB04,남원,35.4164,127.3904,1.59,-3.77,6.96,15.81,0.0,62.07
2025-02-06,JB04,남원,35.4164,127.3904,0.39,-4.39,5.17,0.0,0.0,52.96
2025-02-07,JB04,남원,35.4164,127.3904,2.75,-0.76,6.26,0.0,0.0,50.77
2025-02-08,JB04,남원,35.4164,127.3904,2.45,-2.49,7.38,0.0,0.0,62.68
2025-02-09,JB04,남원,35.4164,127.3904,0.64,-2.04,3.32,0.0,0.0,44.82
2025-02-10,JB04,남원,35.4164,127.3904,1.79,-4.54,8.12,0.0,5.23,54.32
2025-02-11,JB04,남원,35.4164,127.3904,2.4,-2.57,7.37,0.0,0.0,50.42
2025-02-12,JB04,남원,35.4164,127.3904,-0.37,-4.98,4.24,0.0,0.0,48.91
2025-02-13,JB04,남원,35.4164,127.3904,5.68,1.74,9.62,0.0,0.0,41.96
2025-02-14,JB04,남원,35.4164,127.3904,3.58,0.4,6.76,0.0,0.0,67.32
2025-02-15,JB04,남원,35.4164,127.3904,3.12,-4.9,11.14,19.46,0.0,60.09
2025-02-16,JB04,남원,35.4164,127.3904,4.22,-0.34,8.78,18.47,0.0,80.98
2025-02-17,JB04,남원,35.4164,127.3904,0.21,-3.46,3.89,0.0,0.0,72.21
2025-02-18,JB04,남원,35.4164,127.3904,3.43,-0.72,7.58,10.12,0.0,65.15
2025-02-19,JB04,남원,35.4164,127.3904,5.45,1.57,9.33,0.0,0.0,62.32
2025-02-20,JB04,남원,35.4164,127.3904,-2.96,-6.8,0.88,0.0,2.79,52.39
2025-02-21,JB04,남원,35.4164,127.3904,4.37,0.52,8.21,0.0,0.0,53.78
2025-02-22,JB04,남원,35.4164,127.3904,3.64,0.25,7.03,0.0,0.0,61.07
2025-02-23,JB04,남원,35.4164,127.3904,1.43,-3.91,6.76,16.96,0.0,93.42
2025-02-24,JB04,남원,35.4164,127.3904,4.32,0.97,7.67,0.0,0.0,75.69
2025-02-25,JB04,남원,35.4164,127.3904,3.01,-0.69,6.71,0.0,0.0,45.13
2025-02-26,JB04,남원,35.4164,127.3904,0.7,-6.18,7.59,11.26,0.0,51.86
2025-02-27,JB04,남원,35.4164,127.3904,3.6,-1.02,8.21,0.0,0.0,54.36
2025-02-28,JB04,남원,35.4164,127.3904,5.09,1.19,8.98,0.0,0.0,39.78
2025-03-01,JB04,남원,35.4164,127.3904,6.36,2.19,10.53,0.0,0.0,58.63
2025-03-02,JB04,남원,35.4164,127.3904,5.5,1.51,9.49,0.0,0.0,64.83
2025-03-03,JB04,남원,35.4164,127.3904,3.45,-1.12,8.02,0.0,0.0,54.11
2025-03-04,JB04,남원,35.4164,127.3904,9.38,4.29,14.46,0.0,0.0,61.3
2025-03-05,JB04,남원,35.4164,127.3904,7.77,5.23,10.31,5.96,0.0,57.7
2025-03-06,JB04,남원,35.4164,127.3904,7.66,2.91,12.41,0.0,0.0,56.66
2025-03-07,JB04,남원,35.4164,127.3904,9.22,6.59,11.84,0.14,0.0,53.93
2025-03-08,JB04,남원,35.4164,127.3904,9.06,3.57,14.54,0.0,0.0,52.36
2025-03-09,JB04,남원,35.4164,127.3904,7.36,1.27,13.45,0.0,0.0,65.94
2025-03-10,JB04,남원,35.4164,127.3904,8.65,2.69,14.62,0.0,0.0,54.09
2025-03-11,JB04,남원,35.4164,127.3904,7.76,4.34,11.19,0.0,0.0,46.83
2025-03-12,JB04,남원,35.4164,127.3904,10.75,5.65,15.84,0.0,0.0,41.71
2025-03-13,JB04,남원,35.4164,127.3904,13.07,10.3,15.84,0.0,0.0,51.79
2025-03-14,JB04,남원,35.4164,127.3904,11.86,7.11,16.6,3.08,0.0,71.79
2025-03-15,JB04,남원,35.4164,127.3904,10.85,4.86,16.84,0.0,0.0,31.58
2025-03-16,JB04,남원,35.4164,127.3904,6.17,1.15,11.18,0.0,0.0,52.41
2025-03-17,JB04,남원,35.4164,127.3904,6.72,1.18,12.27,0.0,0.0,63.01
2025-03-18,JB04,남원,35.4164,127.3904,8.07,3.38,12.76,0.0,0.0,56.7
2025-03-19,JB04,남원,35.4164,127.3904,3.74,0.97,6.52,0.0,0.0,81.75
2025-03-20,JB04,남원,35.4164,127.3904,5.71,2.58,8.84,0.0,0.0,75.69
2025-03-21,JB04,남원,35.4164,127.3904,10.74,5.47,16.01,0.0,0.0,52.89
2025-03-22,JB04,남원,35.4164,127.3904,10.67,6.9,14.45,0.0,0.0,41.94
2025-03-23,JB04,남원,35.4164,127.3904,12.83,8.29,17.38,0.0,0.0,41.57
2025-03-24,JB04,남원,35.4164,127.3904,8.57,2.75,14.39,0.0,0.0,60.78
2025-03-25,JB04,남원,35.4164,127.3904,9.03,4.56,13.5,8.21,0.0,67.78
2025-03-26,JB04,남원,35.4164,127.3904,9.2,5.07,13.32,0.0,0.0,55.89
2025-03-27,JB04,남원,35.4164,127.3904,10.9,4.31,17.49,0.0,0.0,68.8
2025-03-28,JB04,남원,35.4164,127.3904,9.04,3.82,14.26,0.0,0.0,52.9
2025-03-29,JB04,남원,35.4164,127.3904,9.11,6.78,11.45,0.0,0.0,63.26
2025-03-30,JB04,남원,35.4164,127.3904,9.67,5.07,14.28,0.0,0.0,55.66
2025-03-31,JB04,남원,35.4164,127.3904,9.73,5.32,14.14,0.0,0.0,46.1
2025-04-01,JB04,남원,35.4164,127.3904,11.13,7.65,14.6,0.0,0.0,68.83
2025-04-02,JB04,남원,35.4164,127.3904,12.07,9.99,14.14,0.0,0.0,67.15
2025-04-03,JB04,남원,35.4164,127.3904,11.33,5.18,17.47,0.0,0.0,63.03
2025-04-04,JB04,남원,35.4164,127.3904,15.86,10.87,20.86,0.0,0.0,48.58
2025-04-05,JB04,남원,35.4164,127.3904,16.41,12.79,20.02,0.0,0.0,53.7
2025-04-06,JB04,남원,35.4164,127.3904,14.16,11.18,17.13,0.0,0.0,49.25
2025-04-07,JB04,남원,35.4164,127.3904,14.58,9.98,19.18,0.0,0.0,53.09
2025-04-08,JB04,남원,35.4164,127.3904,12.03,7.33,16.73,0.0,0.0,68.78
2025-04-09,JB04,남원,35.4164,127.3904,14.21,10.06,18.35,0.0,0.0,57.24
2025-04-10,JB04,남원,35.4164,127.3904,10.72,7.39,14.05,0.0,0.0,58.84
2025-04-11,JB04,남원,35.4164,127.3904,10.88,6.0,15.77,0.0,0.0,49.26
2025-04-12,JB04,남원,35.4164,127.3904,12.39,6.79,17.99,0.0,0.0,49.62
2025-04-13,JB04,남원,35.4164,127.3904,15.64,9.4,21.88,0.0,0.0,49.54
2025-04-14,JB04,남원,35.4164,127.3904,19.24,16.23,22.25,0.0,0.0,62.88
2025-04-15,JB04,남원,35.4164,127.3904,13.67,8.4,18.93,0.0,0.0,64.95
2025-04-16,JB04,남원,35.4164,127.3904,11.58,6.71,16.45,0.0,0.0,69.5
2025-04-17,JB04,남원,35.4164,127.3904,16.1,10.23,21.98,0.0,0.0,56.72
2025-04-18,JB04,남원,35.4164,127.3904,18.31,12.94,23.68,0.0,0.0,35.08
2025-04-19,JB04,남원,35.4164,127.3904,14.27,8.25,20.29,0.0,0.0,66.82
2025-04-20,JB04,남원,35.4164,127.3904,18.53,14.83,22.23,0.0,0.0,52.31
2025-04-21,JB04,남원,35.4164,127.3904,22.03,18.48,25.58,0.0,0.0,48.02
2025-04-22,JB04,남원,35.4164,127.3904,20.16,15.93,24.4,23.06,0.0,67.25
2025-04-23,JB04,남원,35.4164,127.3904,14.52,8.74,20.29,0.0,0.0,42.51
2025-04-24,JB04,남원,35.4164,127.3904,13.38,10.1,16.65,0.0,0.0,37.54
2025-04-25,JB04,남원,35.4164,127.3904,15.22,11.73,18.71,0.0,0.0,74.93
2025-04-26,JB04,남원,35.4164,127.3904,17.41,13.1,21.73,0.0,0.0,55.63
2025-04-27,JB04,남원,35.4164,127.3904,19.21,14.4,24.02,0.0,0.0,85.66
2025-04-28,JB04,남원,35.4164,127.3904,20.63,17.32,23.94,0.0,0.0,50.08
2025-04-29,JB04,남원,35.4164,127.3904,19.71,16.72,22.7,0.0,0.0,61.44
2025-04-30,JB04,남원,35.4164,127.3904,21.23,16.17,26.28,0.0,0.0,61.74
2025-05-01,JB04,남원,35.4164,127.3904,19.43,15.49,23.38,17.6,0.0,70.91
2025-05-02,JB04,남원,35.4164,127.3904,23.03,18.55,27.5,0.0,0.0,62.84
2025-05-03,JB04,남원,35.4164,127.3904,19.16,15.56,22.76,7.19,0.0,71.64
2025-05-04,JB04,남원,35.4164,127.3904,18.15,12.84,23.45,0.0,0.0,71.09
2025-05-05,JB04,남원,35.4164,127.3904,18.5,13.79,23.2,7.9,0.0,70.08
2025-05-06,JB04,남원,35.4164,127.3904,20.94,15.02,26.85,0.0,0.0,53.88
2025-05-07,JB04,남원,35.4164,127.3904,22.0,18.38,25.63,0.0,0.0,68.83
2025-05-08,JB04,남원,35.4164,127.3904,23.3,18.39,28.22,0.0,0.0,59.09
2025-05-09,JB04,남원,35.4164,127.3904,21.37,17.48,25.25,0.0,0.0,63.8
2025-05-10,JB04,남원,35.4164,127.3904,18.48,11.91,25.05,0.0,0.0,47.06
2025-05-11,JB04,남원,35.4164,127.3904,18.8,12.66,24.93,0.0,0.0,68.09
2025-05-12,JB04,남원,35.4164,127.3904,24.12,18.28,29.96,0.0,0.0,61.29
2025-05-13,JB04,남원,35.4164,127.3904,22.41,17.1,27.72,0.0,0.0,65.32
2025-05-14,JB04,남원,35.4164,127.3904,24.77,20.5,29.05,0.0,0.0,62.77
2025-05-15,JB04,남원,35.4164,127.3904,19.87,16.82,22.92,0.0,0.0,53.49
2025-05-16,JB04,남원,35.4164,127.3904,21.62,17.8,25.45,0.0,0.0,66.53
2025-05-17,JB04,남원,35.4164,127.3904,21.15,17.95,24.35,0.0,0.0,63.7
2025-05-18,JB04,남원,35.4164,127.3904,22.33,17.71,26.95,0.0,0.0,65.59
2025-05-19,JB04,남원,35.4164,127.3904,21.92,16.92,26.91,0.0,0.0,83.54
2025-05-20,JB04,남원,35.4164,127.3904,21.48,16.76,26.2,4.87,0.0,61.86
2025-05-21,JB04,남원,35.4164,127.3904,20.11,15.12,25.09,0.0,0.0,75.53
2025-05-22,JB04,남원,35.4164,127.3904,24.34,19.13,29.54,0.0,0.0,50.07
2025-05-23,JB04,남원,35.4164,127.3904,25.9,16.83,34.97,0.0,0.0,68.37
2025-05-24,JB04,남원,35.4164,127.3904,23.95,20.39,27.52,2.0,0.0,46.86
2025-05-25,JB04,남원,35.4164,127.3904,25.16,20.73,29.6,0.0,0.0,57.85
2025-05-26,JB04,남원,35.4164,127.3904,20.24,16.48,24.0,1.22,0.0,48.16
2025-05-27,JB04,남원,35.4164,127.3904,24.45,19.22,29.68,0.0,0.0,55.03
2025-05-28,JB04,남원,35.4164,127.3904,27.63,24.21,31.05,0.0,0.0,59.06
2025-05-29,JB04,남원,35.4164,127.3904,25.91,21.09,30.74,0.0,0.0,62.08
2025-05-30,JB04,남원,35.4164,127.3904,22.36,17.79,26.94,0.0,0.0,57.08
2025-05-31,JB04,남원,35.4164,127.3904,20.34,14.47,26.21,0.0,0.0,47.56
2025-06-01,JB04,남원,35.4164,127.3904,22.89,18.63,27.14,0.0,0.0,39.33
2025-06-02,JB04,남원,35.4164,127.3904,22.1,17.99,26.21,0.0,0.0,59.77
2025-06-03,JB04,남원,35.4164,127.3904,26.59,21.17,32.02,0.5,0.0,59.86
2025-06-04,JB04,남원,35.4164,127.3904,24.91,18.28,31.54,0.0,0.0,29.25
2025-06-05,JB04,남원,35.4164,127.3904,21.45,16.42,26.49,0.0,0.0,45.84
2025-06-06,JB04,남원,35.4164,127.3904,20.66,16.55,24.77,0.0,0.0,63.21
2025-06-07,JB04,남원,35.4164,127.3904,23.16,19.35,26.97,0.0,0.0,60.63
2025-06-08,JB04,남원,35.4164,127.3904,24.33,19.61,29.05,0.0,0.0,57.28
2025-06-09,JB04,남원,35.4164,127.3904,21.82,18.12,25.52,0.0,0.0,78.65
2025-06-10,JB04,남원,35.4164,127.3904,21.13,17.1,25.17,0.0,0.0,54.97
2025-06-11,JB04,남원,35.4164,127.3904,27.02,22.86,31.18,0.0,0.0,66.15
2025-06-12,JB04,남원,35.4164,127.3904,28.85,22.8,34.9,0.0,0.0,55.45
2025-06-13,JB04,남원,35.4164,127.3904,24.23,19.79,28.68,8.58,0.0,74.23
2025-06-14,JB04,남원,35.4164,127.3904,25.11,20.66,29.56,7.93,0.0,58.52
2025-06-15,JB04,남원,35.4164,127.3904,23.32,18.5,28.13,0.0,0.0,63.72
2025-06-16,JB04,남원,35.4164,127.3904,28.19,22.98,33.4,0.0,0.0,76.57
2025-06-17,JB04,남원,35.4164,127.3904,23.01,19.38,26.63,0.0,0.0,57.96
2025-06-18,JB04,남원,35.4164,127.3904,25.33,21.1,29.56,26.38,0.0,85.97
2025-06-19,JB04,남원,35.4164,127.3904,26.1,23.33,28.86,3.63,0.0,57.23
2025-06-20,JB04,남원,35.4164,127.3904,24.67,21.77,27.56,0.0,0.0,58.71
2025-06-21,JB04,남원,35.4164,127.3904,26.1,22.19,30.0,0.0,0.0,77.13
2025-06-22,JB04,남원,35.4164,127.3904,20.33,15.52,25.13,0.0,0.0,53.95
2025-06-23,JB04,남원,35.4164,127.3904,23.42,20.0,26.83,6.83,0.0,78.6
2025-06-24,JB04,남원,35.4164,127.3904,23.54,19.3,27.78,6.89,0.0,88.24
2025-06-25,JB04,남원,35.4164,127.3904,26.77,21.07,32.47,9.41,0.0,73.46
2025-06-26,JB04,남원,35.4164,127.3904,25.34,20.45,30.22,0.0,0.0,60.92
2025-06-27,JB04,남원,35.4164,127.3904,21.29,18.58,24.0,0.0,0.0,46.86
2025-06-28,JB04,남원,35.4164,127.3904,24.98,20.33,29.64,2.65,0.0,59.23
2025-06-29,JB04,남원,35.4164,127.3904,26.06,22.87,29.24,0.0,0.0,68.97
2025-06-30,JB04,남원,35.4164,127.3904,27.32,23.7,30.94,2.36,0.0,45.9
2025-07-01,JB04,남원,35.4164,127.3904,24.65,19.46,29.85,0.0,0.0,57.09
2025-07-02,JB04,남원,35.4164,127.3904,24.44,18.78,30.1,0.0,0.0,52.25
2025-07-03,JB04,남원,35.4164,127.3904,22.92,19.68,26.17,0.0,0.0,56.65
2025-07-04,JB04,남원,35.4164,127.3904,25.07,19.16,30.97,0.0,0.0,41.54
2025-07-05,JB04,남원,35.4164,127.3904,26.46,21.72,31.21,0.0,0.0,61.28
2025-07-06,JB04,남원,35.4164,127.3904,20.74,14.63,26.85,0.0,0.0,49.35
2025-07-07,JB04,남원,35.4164,127.3904,23.44,20.82,26.07,4.49,0.0,69.36
2025-07-08,JB04,남원,35.4164,127.3904,27.88,23.41,32.35,0.0,0.0,62.35
2025-07-09,JB04,남원,35.4164,127.3904,24.73,21.42,28.04,0.0,0.0,55.04
2025-07-10,JB04,남원,35.4164,127.3904,25.33,20.82,29.84,0.98,0.0,58.82
2025-07-11,JB04,남원,35.4164,127.3904,30.81,26.74,34.88,0.0,0.0,86.29
2025-07-12,JB04,남원,35.4164,127.3904,25.1,20.67,29.52,24.86,0.0,82.16
2025-07-13,JB04,남원,35.4164,127.3904,23.44,19.15,27.73,0.0,0.0,71.43
2025-07-14,JB04,남원,35.4164,127.3904,23.85,20.69,27.02,4.38,0.0,69.92
2025-07-15,JB04,남원,35.4164,127.3904,25.6,23.51,27.68,6.76,0.0,62.32
2025-07-16,JB04,남원,35.4164,127.3904,20.53,15.82,25.24,0.0,0.0,55.14
2025-07-17,JB04,남원,35.4164,127.3904,24.7,19.02,30.38,0.0,0.0,72.52
2025-07-18,JB04,남원,35.4164,127.3904,26.52,22.49,30.55,1.14,0.0,51.54
2025-07-19,JB04,남원,35.4164,127.3904,27.05,23.3,30.8,0.0,0.0,60.34
2025-07-20,JB04,남원,35.4164,127.3904,22.45,17.94,26.96,0.0,0.0,59.17
2025-07-21,JB04,남원,35.4164,127.3904,24.3,19.57,29.02,0.0,0.0,61.92
2025-07-22,JB04,남원,35.4164,127.3904,24.31,18.82,29.79,0.0,0.0,55.98
2025-07-23,JB04,남원,35.4164,127.3904,26.31,22.13,30.49,5.44,0.0,58.58
2025-07-24,JB04,남원,35.4164,127.3904,27.69,20.97,34.41,0.0,0.0,73.41
2025-07-25,JB04,남원,35.4164,127.3904,19.94,17.01,22.88,7.77,0.0,47.79
2025-07-26,JB04,남원,35.4164,127.3904,26.3,19.43,33.17,0.0,0.0,68.86
2025-07-27,JB04,남원,35.4164,127.3904,23.97,20.4,27.55,0.0,0.0,79.06
2025-07-28,JB04,남원,35.4164,127.3904,22.48,18.48,26.48,0.0,0.0,69.74
2025-07-29,JB04,남원,35.4164,127.3904,21.18,16.96,25.39,0.0,0.0,58.7
2025-07-30,JB04,남원,35.4164,127.3904,25.75,22.13,29.36,0.0,0.0,59.02
2025-07-31,JB04,남원,35.4164,127.3904,28.56,23.71,33.41,12.44,0.0,50.0
2025-08-01,JB04,남원,35.4164,127.3904,22.28,18.06,26.5,6.95,0.0,60.08
2025-08-02,JB04,남원,35.4164,127.3904,23.32,18.71,27.92,0.0,0.0,57.14
2025-08-03,JB04,남원,35.4164,127.3904,20.72,16.21,25.24,0.0,0.0,49.0
2025-08-04,JB04,남원,35.4164,127.3904,23.12,18.33,27.9,0.0,0.0,82.21
2025-08-05,JB04,남원,35.4164,127.3904,22.0,17.81,26.2,2.42,0.0,53.07
2025-08-06,JB04,남원,35.4164,127.3904,20.84,16.93,24.75,0.0,0.0,40.49
2025-08-07,JB04,남원,35.4164,127.3904,20.95,15.49,26.41,0.0,0.0,73.61
2025-08-08,JB04,남원,35.4164,127.3904,23.72,18.65,28.8,6.79,0.0,63.31
2025-08-09,JB04,남원,35.4164,127.3904,25.48,20.98,29.98,0.0,0.0,63.88
2025-08-10,JB04,남원,35.4164,127.3904,19.67,14.58,24.75,0.0,0.0,56.11
2025-08-11,JB04,남원,35.4164,127.3904,22.83,19.97,25.7,0.0,0.0,53.37
2025-08-12,JB04,남원,35.4164,127.3904,28.19,23.52,32.86,0.0,0.0,44.22
2025-08-13,JB04,남원,35.4164,127.3904,24.29,20.18,28.41,0.0,0.0,61.36
2025-08-14,JB04,남원,35.4164,127.3904,22.56,17.36,27.76,8.68,0.0,68.31
2025-08-15,JB04,남원,35.4164,127.3904,21.86,16.16,27.56,2.98,0.0,67.92
2025-08-16,JB04,남원,35.4164,127.3904,16.39,13.85,18.93,24.73,0.0,78.79
2025-08-17,JB04,남원,35.4164,127.3904,19.55,15.33,23.76,1.48,0.0,56.17
2025-08-18,JB04,남원,35.4164,127.3904,19.99,16.73,23.25,0.0,0.0,53.82
2025-08-19,JB04,남원,35.4164,127.3904,19.15,14.34,23.96,0.0,0.0,66.37
2025-08-20,JB04,남원,35.4164,127.3904,17.75,14.78,20.71,7.91,0.0,50.45
2025-08-21,JB04,남원,35.4164,127.3904,20.25,16.58,23.91,0.0,0.0,67.65
2025-08-22,JB04,남원,35.4164,127.3904,18.11,12.35,23.88,0.0,0.0,60.95
2025-08-23,JB04,남원,35.4164,127.3904,18.94,16.94,20.94,6.59,0.0,45.38
2025-08-24,JB04,남원,35.4164,127.3904,19.13,15.87,22.4,0.0,0.0,57.81
2025-08-25,JB04,남원,35.4164,127.3904,20.86,15.19,26.53,0.0,0.0,66.6
2025-08-26,JB04,남원,35.4164,127.3904,18.05,10.44,25.65,0.0,0.0,52.72
2025-08-27,JB04,남원,35.4164,127.3904,20.86,15.53,26.19,0.0,0.0,64.75
2025-08-28,JB04,남원,35.4164,127.3904,13.5,7.26,19.75,0.0,0.0,70.46
2025-08-29,JB04,남원,35.4164,127.3904,13.43,8.65,18.21,12.41,0.0,71.59
2025-08-30,JB04,남원,35.4164,127.3904,15.57,11.14,20.01,0.0,0.0,62.95
2025-08-31,JB04,남원,35.4164,127.3904,20.29,15.62,24.96,8.27,0.0,81.08
2025-09-01,JB04,남원,35.4164,127.3904,10.58,6.01,15.15,0.0,0.0,56.18
2025-09-02,JB04,남원,35.4164,127.3904,16.41,12.2,20.62,0.0,0.0,46.52
2025-09-03,JB04,남원,35.4164,127.3904,20.16,15.73,24.6,0.0,0.0,69.24
2025-09-04,JB04,남원,35.4164,127.3904,13.4,9.51,17.29,0.0,0.0,79.44
2025-09-05,JB04,남원,35.4164,127.3904,15.26,13.13,17.39,11.27,0.0,89.78
2025-09-06,JB04,남원,35.4164,127.3904,20.07,15.36,24.77,0.0,0.0,74.24
2025-09-07,JB04,남원,35.4164,127.3904,15.6,11.82,19.37,0.0,0.0,45.48
2025-09-08,JB04,남원,35.4164,127.3904,15.16,10.91,19.4,0.0,0.0,54.12
2025-09-09,JB04,남원,35.4164,127.3904,13.02,10.28,15.75,0.0,0.0,58.73
2025-09-10,JB04,남원,35.4164,127.3904,14.52,10.53,18.5,0.0,0.0,71.91
2025-09-11,JB04,남원,35.4164,127.3904,13.76,9.16,18.36,0.0,0.0,50.24
2025-09-12,JB04,남원,35.4164,127.3904,15.38,10.92,19.84,0.0,0.0,59.68
2025-09-13,JB04,남원,35.4164,127.3904,15.28,10.17,20.39,7.54,0.0,84.81
2025-09-14,JB04,남원,35.4164,127.3904,18.06,14.85,21.26,0.0,0.0,53.17
2025-09-15,JB04,남원,35.4164,127.3904,15.45,11.8,19.1,0.0,0.0,54.55
2025-09-16,JB04,남원,35.4164,127.3904,16.28,11.46,21.1,0.0,0.0,60.16
2025-09-17,JB04,남원,35.4164,127.3904,15.3,10.22,20.38,0.0,0.0,58.83
2025-09-18,JB04,남원,35.4164,127.3904,18.29,13.63,22.95,8.24,0.0,60.23
2025-09-19,JB04,남원,35.4164,127.3904,14.39,10.44,18.33,3.09,0.0,66.31
2025-09-20,JB04,남원,35.4164,127.3904,13.16,10.87,15.45,0.0,0.0,59.2
2025-09-21,JB04,남원,35.4164,127.3904,11.06,5.71,16.41,0.0,0.0,68.45
2025-09-22,JB04,남원,35.4164,127.3904,13.08,11.08,15.09,4.9,0.0,54.54
2025-09-23,JB04,남원,35.4164,127.3904,12.69,8.73,16.66,0.0,0.0,70.72
2025-09-24,JB04,남원,35.4164,127.3904,12.19,8.49,15.88,0.0,0.0,65.71
2025-09-25,JB04,남원,35.4164,127.3904,9.43,4.79,14.08,0.0,0.0,52.75
2025-09-26,JB04,남원,35.4164,127.3904,9.68,5.86,13.5,0.0,0.0,60.35
2025-09-27,JB04,남원,35.4164,127.3904,10.22,5.82,14.62,0.0,0.0,41.37
2025-09-28,JB04,남원,35.4164,127.3904,11.87,8.41,15.32,0.0,0.0,60.61
2025-09-29,JB04,남원,35.4164,127.3904,10.35,7.19,13.51,0.0,0.0,67.2
2025-09-30,JB04,남원,35.4164,127.3904,6.8,3.92,9.67,0.0,0.0,55.15
2025-10-01,JB04,남원,35.4164,127.3904,14.81,9.63,19.99,0.0,0.0,47.78
2025-10-02,JB04,남원,35.4164,127.3904,12.17,9.07,15.26,0.0,0.0,62.22
2025-10-03,JB04,남원,35.4164,127.3904,8.78,3.4,14.17,0.0,0.0,55.82
2025-10-04,JB04,남원,35.4164,127.3904,11.86,7.84,15.89,0.0,0.0,42.93
2025-10-05,JB04,남원,35.4164,127.3904,10.32,5.77,14.87,0.0,0.0,40.05
2025-10-06,JB04,남원,35.4164,127.3904,9.42,3.51,15.34,0.0,0.0,56.29
2025-10-07,JB04,남원,35.4164,127.3904,7.88,4.4,11.35,0.0,0.0,51.71
2025-10-08,JB04,남원,35.4164,127.3904,7.28,2.65,11.91,0.0,0.0,53.2
2025-10-09,JB04,남원,35.4164,127.3904,8.35,3.9,12.8,0.0,0.0,47.38
2025-10-10,JB04,남원,35.4164,127.3904,9.42,3.75,15.1,0.0,0.0,51.9
2025-10-11,JB04,남원,35.4164,127.3904,8.7,6.46,10.95,0.0,0.0,54.0
2025-10-12,JB04,남원,35.4164,127.3904,6.54,2.87,10.22,0.0,0.0,67.92
2025-10-13,JB04,남원,35.4164,127.3904,11.19,7.71,14.67,0.0,0.0,53.07
2025-10-14,JB04,남원,35.4164,127.3904,10.29,5.63,14.95,0.0,0.0,63.36
2025-10-15,JB04,남원,35.4164,127.3904,6.71,0.71,12.71,0.0,0.0,49.44
2025-10-16,JB04,남원,35.4164,127.3904,7.37,1.52,13.23,0.0,0.0,67.5
2025-10-17,JB04,남원,35.4164,127.3904,6.21,2.55,9.87,0.0,0.0,49.26
2025-10-18,JB04,남원,35.4164,127.3904,9.48,4.59,14.36,0.0,0.0,57.29
2025-10-19,JB04,남원,35.4164,127.3904,5.98,1.09,10.86,5.09,0.0,62.32
2025-10-20,JB04,남원,35.4164,127.3904,7.14,2.83,11.46,0.0,0.0,61.35
2025-10-21,JB04,남원,35.4164,127.3904,6.19,2.68,9.69,0.0,0.0,58.99
2025-10-22,JB04,남원,35.4164,127.3904,6.13,0.15,12.1,0.0,0.0,70.73
2025-10-23,JB04,남원,35.4164,127.3904,4.36,-0.37,9.09,0.0,0.0,48.77
2025-10-24,JB04,남원,35.4164,127.3904,9.42,2.88,15.96,0.0,0.0,61.35
2025-10-25,JB04,남원,35.4164,127.3904,6.21,-0.2,12.61,0.0,0.0,61.77
2025-10-26,JB04,남원,35.4164,127.3904,4.13,2.13,6.13,0.0,0.0,76.48
2025-10-27,JB04,남원,35.4164,127.3904,4.1,-1.27,9.47,0.0,0.0,57.87
2025-10-28,JB04,남원,35.4164,127.3904,5.77,3.16,8.38,16.13,0.0,74.58
2025-10-29,JB04,남원,35.4164,127.3904,5.61,-1.3,12.52,0.0,0.0,74.05
2025-10-30,JB04,남원,35.4164,127.3904,5.42,-0.95,11.78,0.0,0.0,59.85
2025-10-31,JB04,남원,35.4164,127.3904,3.96,-0.69,8.62,0.0,0.0,61.79
2025-11-01,JB04,남원,35.4164,127.3904,7.65,3.89,11.41,0.0,0.0,58.16
2025-11-02,JB04,남원,35.4164,127.3904,4.45,0.15,8.74,0.0,0.0,69.99
2025-11-03,JB04,남원,35.4164,127.3904,3.49,-2.58,9.55,13.2,0.0,60.32
2025-11-04,JB04,남원,35.4164,127.3904,5.06,-1.56,11.68,0.0,0.0,67.01
2025-11-05,JB04,남원,35.4164,127.3904,5.66,0.83,10.5,0.0,0.0,63.47
2025-11-06,JB04,남원,35.4164,127.3904,5.66,2.64,8.67,0.0,0.0,56.16
2025-11-07,JB04,남원,35.4164,127.3904,2.71,-3.21,8.64,0.0,0.0,44.05
2025-11-08,JB04,남원,35.4164,127.3904,5.39,2.45,8.33,16.15,0.0,75.64
2025-11-09,JB04,남원,35.4164,127.3904,2.25,-0.72,5.23,0.0,0.0,55.28
2025-11-10,JB04,남원,35.4164,127.3904,0.1,-4.74,4.93,0.0,0.0,59.85
2025-11-11,JB04,남원,35.4164,127.3904,3.36,-1.57,8.28,0.0,0.0,54.56
2025-11-12,JB04,남원,35.4164,127.3904,3.27,-1.49,8.03,13.18,0.0,74.19
2025-11-13,JB04,남원,35.4164,127.3904,-0.42,-4.57,3.73,0.0,0.0,65.45
2025-11-14,JB04,남원,35.4164,127.3904,-0.86,-4.34,2.62,0.0,0.0,51.71
2025-11-15,JB04,남원,35.4164,127.3904,0.14,-5.36,5.63,14.0,0.0,66.88
2025-11-16,JB04,남원,35.4164,127.3904,1.72,-2.06,5.51,4.26,0.0,67.41
2025-11-17,JB04,남원,35.4164,127.3904,4.91,-0.03,9.85,0.0,0.0,50.94
2025-11-18,JB04,남원,35.4164,127.3904,-2.48,-7.77,2.8,5.66,0.0,53.53
2025-11-19,JB04,남원,35.4164,127.3904,-1.82,-5.84,2.2,8.14,0.0,71.28
2025-11-20,JB04,남원,35.4164,127.3904,-2.24,-7.41,2.93,0.0,0.0,57.02
2025-11-21,JB04,남원,35.4164,127.3904,1.46,-3.26,6.19,0.0,0.0,56.18
2025-11-22,JB04,남원,35.4164,127.3904,4.23,0.5,7.95,0.0,0.0,57.38
2025-11-23,JB04,남원,35.4164,127.3904,-1.46,-4.06,1.15,23.6,0.0,78.67
2025-11-24,JB04,남원,35.4164,127.3904,-3.98,-8.96,1.0,0.0,0.0,51.35
2025-11-25,JB04,남원,35.4164,127.3904,1.44,-3.24,6.13,0.0,0.0,61.32
2025-11-26,JB04,남원,35.4164,127.3904,3.77,-0.48,8.02,6.26,0.0,50.74
2025-11-27,JB04,남원,35.4164,127.3904,2.17,-1.59,5.92,0.0,0.0,52.36
2025-11-28,JB04,남원,35.4164,127.3904,-0.69,-6.87,5.48,0.0,0.0,62.85
2025-11-29,JB04,남원,35.4164,127.3904,4.72,-0.54,9.97,0.0,0.0,45.18
2025-11-30,JB04,남원,35.4164,127.3904,-1.35,-6.02,3.33,1.53,0.0,51.11
2025-12-01,JB04,남원,35.4164,127.3904,-0.08,-6.76,6.6,0.0,0.0,46.67
2025-12-02,JB04,남원,35.4164,127.3904,1.78,-2.67,6.24,0.0,0.35,84.84
2025-12-03,JB04,남원,35.4164,127.3904,1.49,-2.91,5.88,0.0,0.0,65.34
2025-12-04,JB04,남원,35.4164,127.3904,1.7,-2.28,5.69,0.0,1.99,56.23
2025-12-05,JB04,남원,35.4164,127.3904,-2.31,-6.65,2.03,0.0,1.48,65.8
2025-12-06,JB04,남원,35.4164,127.3904,0.65,-2.53,3.83,0.0,0.16,57.31
2025-12-07,JB04,남원,35.4164,127.3904,4.94,1.18,8.7,0.0,0.0,60.6
2025-12-08,JB04,남원,35.4164,127.3904,-1.67,-6.35,3.01,0.0,0.06,66.99
2025-12-09,JB04,남원,35.4164,127.3904,-0.19,-5.89,5.51,0.0,0.0,51.72
2025-12-10,JB04,남원,35.4164,127.3904,-1.56,-4.45,1.32,8.57,0.0,56.21
2025-12-11,JB04,남원,35.4164,127.3904,-3.92,-8.19,0.36,0.0,0.0,63.42
2025-12-12,JB04,남원,35.4164,127.3904,-0.96,-6.25,4.33,0.0,0.0,46.88
2025-12-13,JB04,남원,35.4164,127.3904,1.32,-2.88,5.52,0.0,0.0,55.59
2025-12-14,JB04,남원,35.4164,127.3904,-0.02,-5.03,4.98,0.0,0.0,61.32
2025-12-15,JB04,남원,35.4164,127.3904,3.43,-1.18,8.03,0.0,0.0,52.51
2025-12-16,JB04,남원,35.4164,127.3904,-0.3,-5.35,4.75,10.87,0.0,37.25
2025-12-17,JB04,남원,35.4164,127.3904,3.25,-0.92,7.42,0.0,0.0,54.64
2025-12-18,JB04,남원,35.4164,127.3904,-2.17,-5.86,1.52,0.0,4.91,69.23
2025-12-19,JB04,남원,35.4164,127.3904,-1.76,-6.37,2.86,3.64,0.0,71.82
2025-12-20,JB04,남원,35.4164,127.3904,-0.72,-3.91,2.46,1.14,0.0,56.21
2025-12-21,JB04,남원,35.4164,127.3904,-0.33,-5.29,4.63,0.0,0.72,73.79
2025-12-22,JB04,남원,35.4164,127.3904,-1.59,-6.69,3.52,6.13,3.18,86.51
2025-12-23,JB04,남원,35.4164,127.3904,-2.43,-9.27,4.4,0.0,0.0,54.8
2025-12-24,JB04,남원,35.4164,127.3904,1.05,-5.02,7.12,0.0,0.0,36.59
2025-12-25,JB04,남원,35.4164,127.3904,-1.41,-5.02,2.19,0.0,0.0,75.18
2025-12-26,JB04,남원,35.4164,127.3904,-4.45,-9.56,0.66,0.0,1.15,44.53
2025-12-27,JB04,남원,35.4164,127.3904,-3.47,-8.16,1.22,0.0,0.0,50.06
2025-12-28,JB04,남원,35.4164,127.3904,-1.22,-6.69,4.26,0.0,0.0,51.04
2025-12-29,JB04,남원,35.4164,127.3904,-0.53,-4.64,3.58,0.0,0.0,77.27
2025-12-30,JB04,남원,35.4164,127.3904,-5.05,-11.43,1.34,0.0,3.08,50.7
2025-12-31,JB04,남원,35.4164,127.3904,0.46,-6.09,7.01,0.0,0.0,61.86
2026-01-01,JB04,남원,35.4164,127.3904,-2.0,-5.52,1.52,0.0,0.0,53.85
2026-01-02,JB04,남원,35.4164,127.3904,-1.57,-4.89,1.74,0.0,0.0,51.64
2026-01-03,JB04,남원,35.4164,127.3904,-1.7,-6.59,3.19,0.0,0.0,59.26
2026-01-04,JB04,남원,35.4164,127.3904,-1.01,-4.26,2.23,0.0,0.0,63.72
2026-01-05,JB04,남원,35.4164,127.3904,-1.41,-6.66,3.83,0.0,0.0,55.49
2026-01-06,JB04,남원,35.4164,127.3904,2.77,-1.91,7.45,0.0,0.0,55.13
2026-01-07,JB04,남원,35.4164,127.3904,4.57,0.64,8.51,0.0,0.72,84.02
2026-01-08,JB04,남원,35.4164,127.3904,0.02,-4.99,5.03,0.0,0.0,56.01
2026-01-09,JB04,남원,35.4164,127.3904,-2.09,-7.72,3.54,1.88,0.0,55.76
2026-01-10,JB04,남원,35.4164,127.3904,0.35,-4.18,4.88,0.0,0.0,65.36
2026-01-11,JB04,남원,35.4164,127.3904,-1.08,-6.59,4.44,0.0,0.0,56.97
2026-01-12,JB04,남원,35.4164,127.3904,-2.95,-6.04,0.14,0.0,0.0,50.43
2026-01-13,JB04,남원,35.4164,127.3904,-1.27,-3.7,1.15,0.0,0.0,65.05
2026-01-14,JB04,남원,35.4164,127.3904,-0.63,-5.39,4.14,0.0,0.0,78.68
2026-01-15,JB04,남원,35.4164,127.3904,0.05,-7.3,7.4,1.58,0.0,82.39
2026-01-16,JB04,남원,35.4164,127.3904,-0.95,-4.51,2.6,0.0,2.38,39.24
2026-01-17,JB04,남원,35.4164,127.3904,-2.91,-9.3,3.48,0.0,4.43,57.64
2026-01-18,JB04,남원,35.4164,127.3904,-0.17,-4.03,3.69,0.0,0.0,43.1
2026-01-19,JB04,남원,35.4164,127.3904,-4.17,-9.87,1.52,0.0,0.38,54.35
2026-01-20,JB04,남원,35.4164,127.3904,-3.71,-9.63,2.2,0.0,0.65,56.79
2026-01-21,JB04,남원,35.4164,127.3904,0.39,-3.72,4.51,0.0,1.87,54.73
2026-01-22,JB04,남원,35.4164,127.3904,-2.01,-5.83,1.82,0.0,0.0,65.21
2026-01-23,JB04,남원,35.4164,127.3904,0.44,-4.33,5.21,0.0,0.95,61.31
2026-01-24,JB04,남원,35.4164,127.3904,1.52,-5.37,8.41,0.42,0.0,78.45
2026-01-25,JB04,남원,35.4164,127.3904,4.06,0.11,8.0,0.0,0.0,58.03
2026-01-26,JB04,남원,35.4164,127.3904,2.26,-3.47,7.98,0.0,0.07,72.74
2026-01-27,JB04,남원,35.4164,127.3904,0.56,-4.11,5.24,0.0,0.35,57.03
2026-01-28,JB04,남원,35.4164,127.3904,1.9,-2.97,6.78,0.0,0.0,42.54
2026-01-29,JB04,남원,35.4164,127.3904,8.24,2.11,14.37,0.0,0.0,51.25
2026-01-30,JB04,남원,35.4164,127.3904,1.12,-2.48,4.72,3.97,0.27,68.67
2026-01-31,JB04,남원,35.4164,127.3904,-0.15,-4.74,4.44,0.0,0.0,60.54
2026-02-01,JB04,남원,35.4164,127.3904,-0.22,-4.12,3.67,0.0,0.0,56.85
2026-02-02,JB04,남원,35.4164,127.3904,3.44,0.45,6.42,0.0,0.0,39.63
2026-02-03,JB04,남원,35.4164,127.3904,0.96,-5.35,7.27,0.0,1.8,64.91
2026-02-04,JB04,남원,35.4164,127.3904,0.09,-4.35,4.53,0.0,0.0,52.33
2026-02-05,JB04,남원,35.4164,127.3904,1.35,-1.86,4.55,8.81,0.0,63.28
2026-02-06,JB04,남원,35.4164,127.3904,2.41,-2.93,7.75,0.0,0.0,55.07
2026-02-07,JB04,남원,35.4164,127.3904,4.65,0.02,9.29,10.78,0.0,62.2
2026-02-08,JB04,남원,35.4164,127.3904,0.78,-3.67,5.22,0.0,0.0,36.72
2026-02-09,JB04,남원,35.4164,127.3904,-1.25,-7.93,5.43,31.41,0.09,100.0
2026-02-10,JB04,남원,35.4164,127.3904,6.36,1.56,11.16,0.0,0.0,48.43
2026-02-11,JB04,남원,35.4164,127.3904,0.73,-5.17,6.64,0.0,0.0,54.97
2026-02-12,JB04,남원,35.4164,127.3904,6.65,3.23,10.08,0.0,0.0,62.63
2026-02-13,JB04,남원,35.4164,127.3904,1.03,-2.77,4.83,0.0,0.0,58.02
2026-02-14,JB04,남원,35.4164,127.3904,6.66,0.06,13.27,5.69,0.49,66.68
2026-02-15,JB04,남원,35.4164,127.3904,2.46,-1.83,6.75,0.0,0.0,53.59
2026-02-16,JB04,남원,35.4164,127.3904,5.43,2.88,7.98,0.0,0.0,59.36
2026-02-17,JB04,남원,35.4164,127.3904,5.24,-0.06,10.53,0.0,0.0,47.68
2026-02-18,JB04,남원,35.4164,127.3904,3.35,-1.92,8.62,0.0,0.0,34.32
2026-02-19,JB04,남원,35.4164,127.3904,3.2,-2.59,8.98,0.0,0.0,51.43
2026-02-20,JB04,남원,35.4164,127.3904,-2.97,-6.35,0.42,0.0,0.0,53.35
2026-02-21,JB04,남원,35.4164,127.3904,-1.11,-3.82,1.59,12.88,0.92,48.26
2026-02-22,JB04,남원,35.4164,127.3904,4.28,-0.84,9.41,0.0,0.0,42.46
2026-02-23,JB04,남원,35.4164,127.3904,4.99,0.79,9.2,0.0,0.42,69.62
2026-02-24,JB04,남원,35.4164,127.3904,5.83,2.97,8.7,0.0,0.0,53.53
2026-02-25,JB04,남원,35.4164,127.3904,4.22,0.57,7.88,3.05,0.0,58.65
2026-02-26,JB04,남원,35.4164,127.3904,5.07,-0.19,10.33,0.0,0.0,61.06
2026-02-27,JB04,남원,35.4164,127.3904,1.92,-2.83,6.66,0.0,0.0,63.47
2026-02-28,JB04,남원,35.4164,127.3904,6.81,4.07,9.54,0.0,0.0,67.62
2026-03-01,JB04,남원,35.4164,127.3904,3.18,-1.28,7.64,0.0,0.0,42.59
2026-03-02,JB04,남원,35.4164,127.3904,9.06,4.16,13.97,0.0,0.0,48.91
2026-03-03,JB04,남원,35.4164,127.3904,3.81,-0.91,8.53,0.0,0.0,73.47
2026-03-04,JB04,남원,35.4164,127.3904,6.17,1.6,10.73,0.0,0.0,54.39
2026-03-05,JB04,남원,35.4164,127.3904,7.24,3.15,11.33,0.0,0.0,61.27
2026-03-06,JB04,남원,35.4164,127.3904,10.66,6.0,15.32,0.0,0.0,64.22
2026-03-07,JB04,남원,35.4164,127.3904,9.83,6.0,13.66,6.09,0.0,70.8
2026-03-08,JB04,남원,35.4164,127.3904,7.74,2.27,13.2,15.87,0.0,77.47
2026-03-09,JB04,남원,35.4164,127.3904,7.97,2.69,13.26,0.0,0.0,59.98
2026-03-10,JB04,남원,35.4164,127.3904,8.58,5.54,11.62,0.0,0.0,45.51
2026-03-11,JB04,남원,35.4164,127.3904,7.05,2.5,11.59,8.08,0.0,56.26
2026-03-12,JB04,남원,35.4164,127.3904,9.65,5.99,13.31,0.0,0.0,56.91
2026-03-13,JB04,남원,35.4164,127.3904,5.69,2.27,9.11,4.88,0.0,70.44
2026-03-14,JB04,남원,35.4164,127.3904,7.72,2.5,12.94,0.0,0.0,60.74
2026-03-15,JB04,남원,35.4164,127.3904,14.68,12.08,17.29,0.0,0.0,55.44
2026-03-16,JB04,남원,35.4164,127.3904,14.58,8.1,21.06,0.0,0.0,50.06
2026-03-17,JB04,남원,35.4164,127.3904,7.74,4.16,11.33,0.0,0.0,72.93
2026-03-18,JB04,남원,35.4164,127.3904,9.01,4.63,13.38,0.0,0.0,41.36
2026-03-19,JB04,남원,35.4164,127.3904,9.94,6.64,13.23,0.0,0.0,52.14
2026-03-20,JB04,남원,35.4164,127.3904,8.5,3.75,13.25,5.99,0.0,54.1
2026-03-21,JB04,남원,35.4164,127.3904,11.89,7.61,16.16,0.0,0.0,50.05
2026-03-22,JB04,남원,35.4164,127.3904,9.89,3.34,16.45,0.0,0.0,46.56
2026-03-23,JB04,남원,35.4164,127.3904,12.9,8.92,16.88,0.0,0.0,51.94
2026-03-24,JB04,남원,35.4164,127.3904,13.99,10.14,17.84,0.0,0.0,47.51
2026-03-25,JB04,남원,35.4164,127.3904,10.44,4.4,16.48,0.0,0.0,80.71
2026-03-26,JB04,남원,35.4164,127.3904,10.72,5.94,15.5,0.0,0.0,42.86
2026-03-27,JB04,남원,35.4164,127.3904,7.66,4.03,11.28,0.83,0.0,63.93
2026-03-28,JB04,남원,35.4164,127.3904,16.65,11.0,22.3,0.0,0.0,71.59
2026-03-29,JB04,남원,35.4164,127.3904,13.33,9.34,17.32,0.0,0.0,52.31
2026-03-30,JB04,남원,35.4164,127.3904,12.16,7.47,16.86,0.0,0.0,55.8
2026-03-31,JB04,남원,35.4164,127.3904,12.55,7.45,17.65,0.0,0.0,59.86
2026-04-01,JB04,남원,35.4164,127.3904,10.52,8.02,13.02,0.0,0.0,49.31
2026-04-02,JB04,남원,35.4164,127.3904,15.01,8.97,21.05,0.0,0.0,63.54
2026-04-03,JB04,남원,35.4164,127.3904,16.25,10.63,21.88,0.0,0.0,49.46
2026-04-04,JB04,남원,35.4164,127.3904,10.3,5.23,15.38,0.0,0.0,31.02
2026-04-05,JB04,남원,35.4164,127.3904,12.88,7.49,18.26,0.0,0.0,59.46
2026-04-06,JB04,남원,35.4164,127.3904,12.94,9.61,16.28,7.85,0.0,71.24
2026-04-07,JB04,남원,35.4164,127.3904,14.25,8.54,19.95,0.0,0.0,43.56
2026-04-08,JB04,남원,35.4164,127.3904,15.41,10.77,20.04,0.0,0.0,45.36
2026-04-09,JB04,남원,35.4164,127.3904,18.78,13.5,24.06,0.0,0.0,67.81
2026-04-10,JB04,남원,35.4164,127.3904,14.01,10.54,17.48,2.0,0.0,53.47
2026-04-11,JB04,남원,35.4164,127.3904,19.05,14.75,23.34,0.0,0.0,50.65
2026-04-12,JB04,남원,35.4164,127.3904,15.18,9.8,20.57,0.0,0.0,69.01
2026-04-13,JB04,남원,35.4164,127.3904,14.18,9.59,18.78,0.0,0.0,50.95
2026-04-14,JB04,남원,35.4164,127.3904,16.94,12.68,21.2,8.09,0.0,61.87
2026-04-15,JB04,남원,35.4164,127.3904,16.13,11.74,20.52,0.0,0.0,68.1
2026-04-16,JB04,남원,35.4164,127.3904,16.69,13.03,20.35,0.0,0.0,77.74
2026-04-17,JB04,남원,35.4164,127.3904,13.78,9.16,18.41,0.0,0.0,54.89
2026-04-18,JB04,남원,35.4164,127.3904,14.01,10.38,17.65,0.0,0.0,50.91
2026-04-19,JB04,남원,35.4164,127.3904,19.81,15.32,24.3,0.0,0.0,59.07
2026-04-20,JB04,남원,35.4164,127.3904,18.44,14.32,22.56,0.0,0.0,45.29
2026-04-21,JB04,남원,35.4164,127.3904,19.85,15.36,24.34,0.0,0.0,51.07
2026-04-22,JB04,남원,35.4164,127.3904,14.3,11.64,16.97,12.57,0.0,52.57
2026-04-23,JB04,남원,35.4164,127.3904,15.27,11.19,19.35,0.0,0.0,56.71
2026-04-24,JB04,남원,35.4164,127.3904,20.13,14.26,26.01,0.8,0.0,65.63
2026-04-25,JB04,남원,35.4164,127.3904,16.77,11.32,22.21,0.0,0.0,73.79
2026-04-26,JB04,남원,35.4164,127.3904,20.56,14.89,26.22,0.0,0.0,57.03
2026-04-27,JB04,남원,35.4164,127.3904,17.52,14.68,20.36,0.0,0.0,65.45
2026-04-28,JB04,남원,35.4164,127.3904,17.62,11.68,23.55,0.0,0.0,39.62
2026-04-29,JB04,남원,35.4164,127.3904,21.06,17.96,24.15,0.0,0.0,60.06
2026-04-30,JB04,남원,35.4164,127.3904,19.76,14.32,25.19,0.0,0.0,63.5
2026-05-01,JB04,남원,35.4164,127.3904,17.12,12.3,21.95,0.0,0.0,73.62
2026-05-02,JB04,남원,35.4164,127.3904,15.84,11.72,19.96,3.33,0.0,55.38
2026-05-03,JB04,남원,35.4164,127.3904,22.14,17.39,26.89,6.54,0.0,72.32
2026-05-04,JB04,남원,35.4164,127.3904,16.84,13.09,20.59,0.0,0.0,61.53
2026-05-05,JB04,남원,35.4164,127.3904,17.23,11.91,22.56,0.0,0.0,71.04
2026-05-06,JB04,남원,35.4164,127.3904,21.2,17.95,24.46,0.0,0.0,52.54
2026-05-07,JB04,남원,35.4164,127.3904,20.49,16.22,24.77,0.0,0.0,44.06
2026-05-08,JB04,남원,35.4164,127.3904,21.6,16.79,26.42,0.0,0.0,60.71
2026-05-09,JB04,남원,35.4164,127.3904,18.97,14.27,23.67,5.73,0.0,74.33
2026-05-10,JB04,남원,35.4164,127.3904,19.93,16.01,23.86,0.0,0.0,68.69
2026-05-11,JB04,남원,35.4164,127.3904,22.68,18.78,26.58,0.0,0.0,46.45
2026-05-12,JB04,남원,35.4164,127.3904,22.02,17.62,26.42,0.0,0.0,58.86
2026-05-13,JB04,남원,35.4164,127.3904,23.43,18.53,28.34,0.0,0.0,37.1
2026-05-14,JB04,남원,35.4164,127.3904,18.31,14.21,22.41,30.98,0.0,76.67
2026-05-15,JB04,남원,35.4164,127.3904,16.74,11.29,22.19,0.0,0.0,87.58
2026-05-16,JB04,남원,35.4164,127.3904,19.81,12.99,26.62,0.0,0.0,47.72
2026-05-17,JB04,남원,35.4164,127.3904,22.29,16.94,27.64,15.31,0.0,76.21
2026-05-18,JB04,남원,35.4164,127.3904,21.84,18.63,25.04,8.81,0.0,66.74
2026-05-19,JB04,남원,35.4164,127.3904,21.79,18.71,24.86,0.0,0.0,54.88
2026-05-20,JB04,남원,35.4164,127.3904,26.79,22.05,31.54,0.0,0.0,56.82
2026-05-21,JB04,남원,35.4164,127.3904,17.8,12.56,23.04,0.0,0.0,54.64
2026-05-22,JB04,남원,35.4164,127.3904,19.91,15.33,24.49,0.0,0.0,67.33
2026-05-23,JB04,남원,35.4164,127.3904,26.37,19.97,32.77,0.0,0.0,46.06
2026-05-24,JB04,남원,35.4164,127.3904,18.36,13.16,23.55,0.0,0.0,53.11
2026-05-25,JB04,남원,35.4164,127.3904,22.3,17.38,27.22,0.0,0.0,45.41
2026-05-26,JB04,남원,35.4164,127.3904,22.95,17.13,28.76,0.0,0.0,50.08
2026-05-27,JB04,남원,35.4164,127.3904,17.91,12.36,23.45,0.0,0.0,46.53
2026-05-28,JB04,남원,35.4164,127.3904,19.06,16.14,21.98,0.0,0.0,55.61
2026-05-29,JB04,남원,35.4164,127.3904,20.39,15.68,25.09,37.8,0.0,89.86
2026-05-30,JB04,남원,35.4164,127.3904,23.82,20.45,27.18,0.0,0.0,65.7
2026-05-31,JB04,남원,35.4164,127.3904,23.74,17.71,29.76,2.88,0.0,69.43
2026-06-01,JB04,남원,35.4164,127.3904,24.9,19.05,30.76,14.82,0.0,63.27
2026-06-02,JB04,남원,35.4164,127.3904,30.02,25.3,34.73,10.58,0.0,78.11
2026-06-03,JB04,남원,35.4164,127.3904,25.12,21.27,28.96,16.53,0.0,69.7
2026-06-04,JB04,남원,35.4164,127.3904,25.13,21.04,29.23,0.0,0.0,58.37
2026-06-05,JB04,남원,35.4164,127.3904,21.42,19.38,23.47,0.0,0.0,38.11
2026-06-06,JB04,남원,35.4164,127.3904,21.68,19.13,24.24,0.0,0.0,62.26
2026-06-07,JB04,남원,35.4164,127.3904,23.62,19.4,27.83,0.0,0.0,51.44
2026-06-08,JB04,남원,35.4164,127.3904,25.13,20.69,29.57,0.0,0.0,67.65
2026-06-09,JB04,남원,35.4164,127.3904,23.7,21.23,26.16,0.0,0.0,57.02
2026-06-10,JB04,남원,35.4164,127.3904,22.51,19.17,25.85,0.0,0.0,82.3
2026-06-11,JB04,남원,35.4164,127.3904,23.27,18.77,27.76,0.0,0.0,70.43
2026-06-12,JB04,남원,35.4164,127.3904,26.6,21.21,31.99,0.0,0.0,53.73
2026-06-13,JB04,남원,35.4164,127.3904,23.84,17.45,30.22,4.0,0.0,65.28
2026-06-14,JB04,남원,35.4164,127.3904,20.44,15.64,25.24,10.41,0.0,81.29
2026-06-15,JB04,남원,35.4164,127.3904,25.66,21.14,30.19,0.0,0.0,80.43
2026-06-16,JB04,남원,35.4164,127.3904,26.91,22.19,31.64,0.0,0.0,60.56
2026-06-17,JB04,남원,35.4164,127.3904,24.81,17.92,31.69,0.0,0.0,69.55
2026-06-18,JB04,남원,35.4164,127.3904,24.5,21.63,27.37,0.0,0.0,52.53
2026-06-19,JB04,남원,35.4164,127.3904,26.23,21.62,30.83,0.0,0.0,72.71
2026-06-20,JB04,남원,35.4164,127.3904,27.49,21.24,33.73,7.21,0.0,57.99
2026-06-21,JB04,남원,35.4164,127.3904,25.21,20.91,29.52,8.43,0.0,62.32
2026-06-22,JB04,남원,35.4164,127.3904,25.8,19.9,31.7,0.0,0.0,54.63
2026-06-23,JB04,남원,35.4164,127.3904,23.11,19.53,26.7,0.0,0.0,56.04
2026-06-24,JB04,남원,35.4164,127.3904,26.37,21.52,31.23,0.0,0.0,70.94
2026-06-25,JB04,남원,35.4164,127.3904,27.25,23.74,30.76,0.0,0.0,61.27
2026-06-26,JB04,남원,35.4164,127.3904,24.62,19.72,29.51,0.0,0.0,63.45
2026-06-27,JB04,남원,35.4164,127.3904,25.45,21.32,29.58,0.0,0.0,63.27
2026-06-28,JB04,남원,35.4164,127.3904,24.1,18.75,29.46,5.22,0.0,64.23
2026-06-29,JB04,남원,35.4164,127.3904,25.39,21.04,29.74,3.41,0.0,48.35
2026-06-30,JB04,남원,35.4164,127.3904,26.74,22.88,30.6,0.0,0.0,52.83
2026-07-01,JB04,남원,35.4164,127.3904,25.13,22.01,28.26,0.0,0.0,62.58
2026-07-02,JB04,남원,35.4164,127.3904,19.9,14.46,25.34,6.34,0.0,62.83
2026-07-03,JB04,남원,35.4164,127.3904,28.79,24.79,32.79,0.0,0.0,57.2
2026-07-04,JB04,남원,35.4164,127.3904,29.03,23.94,34.12,0.0,0.0,61.29
2026-07-05,JB04,남원,35.4164,127.3904,27.24,22.83,31.65,0.0,0.0,52.83
2026-07-06,JB04,남원,35.4164,127.3904,27.29,21.95,32.63,0.0,0.0,53.76
2026-07-07,JB04,남원,35.4164,127.3904,27.29,22.63,31.95,0.0,0.0,41.64
2026-07-08,JB04,남원,35.4164,127.3904,26.39,21.57,31.2,0.0,0.0,61.61
2026-07-09,JB04,남원,35.4164,127.3904,23.79,19.94,27.64,4.59,0.0,70.79
2026-07-10,JB04,남원,35.4164,127.3904,22.41,15.67,29.15,0.0,0.0,58.29
2026-07-11,JB04,남원,35.4164,127.3904,26.84,24.5,29.17,0.0,0.0,52.27
2026-07-12,JB04,남원,35.4164,127.3904,25.13,20.22,30.03,0.0,0.0,56.76
2026-07-13,JB04,남원,35.4164,127.3904,27.13,22.3,31.97,0.0,0.0,59.48
2026-07-14,JB04,남원,35.4164,127.3904,28.93,24.24,33.62,0.0,0.0,38.91
2026-07-15,JB04,남원,35.4164,127.3904,21.02,17.03,25.0,0.0,0.0,52.44
2026-07-16,JB04,남원,35.4164,127.3904,25.23,21.36,29.11,0.0,0.0,64.13
2026-07-17,JB04,남원,35.4164,127.3904,27.61,24.33,30.89,0.43,0.0,52.45
2026-07-18,JB04,남원,35.4164,127.3904,26.97,23.33,30.62,0.0,0.0,58.36
2026-07-19,JB04,남원,35.4164,127.3904,24.26,20.63,27.9,0.0,0.0,55.35
2026-07-20,JB04,남원,35.4164,127.3904,24.37,20.31,28.42,0.0,0.0,70.35
2026-07-21,JB04,남원,35.4164,127.3904,28.0,24.34,31.66,0.0,0.0,63.5
2026-07-22,JB04,남원,35.4164,127.3904,26.26,21.86,30.66,0.0,0.0,67.36
2026-07-23,JB04,남원,35.4164,127.3904,26.12,19.9,32.34,0.0,0.0,56.93
2026-07-24,JB04,남원,35.4164,127.3904,17.83,15.1,20.56,2.0,0.0,46.5
2026-07-25,JB04,남원,35.4164,127.3904,22.43,18.44,26.43,0.0,0.0,51.92
2026-07-26,JB04,남원,35.4164,127.3904,24.62,19.91,29.34,0.0,0.0,66.5
2026-07-27,JB04,남원,35.4164,127.3904,23.35,20.72,25.99,0.0,0.0,57.8
2026-07-28,JB04,남원,35.4164,127.3904,24.01,20.32,27.7,7.57,0.0,59.47
2026-07-29,JB04,남원,35.4164,127.3904,27.84,22.61,33.07,0.0,0.0,47.58
2026-07-30,JB04,남원,35.4164,127.3904,21.44,17.69,25.19,6.28,0.0,59.38
2026-07-31,JB04,남원,35.4164,127.3904,21.07,16.77,25.38,0.0,0.0,42.87
2026-08-01,JB04,남원,35.4164,127.3904,23.69,17.67,29.71,4.26,0.0,51.56
2026-08-02,JB04,남원,35.4164,127.3904,22.68,19.32,26.03,0.0,0.0,56.48
2026-08-03,JB04,남원,35.4164,127.3904,19.57,15.09,24.06,0.0,0.0,76.54
2026-08-04,JB04,남원,35.4164,127.3904,22.7,17.08,28.32,5.03,0.0,78.29
2026-08-05,JB04,남원,35.4164,127.3904,19.82,13.8,25.84,0.0,0.0,48.24
2026-08-06,JB04,남원,35.4164,127.3904,22.95,16.11,29.8,0.0,0.0,52.87
2026-08-07,JB04,남원,35.4164,127.3904,20.35,15.74,24.96,0.0,0.0,70.0
2026-08-08,JB04,남원,35.4164,127.3904,23.7,21.06,26.33,0.0,0.0,56.21
2026-08-09,JB04,남원,35.4164,127.3904,21.86,17.09,26.64,0.0,0.0,67.78
2026-08-10,JB04,남원,35.4164,127.3904,19.83,15.39,24.26,0.0,0.0,41.18
2026-08-11,JB04,남원,35.4164,127.3904,21.21,14.68,27.74,0.0,0.0,57.76
2026-08-12,JB04,남원,35.4164,127.3904,21.18,16.37,26.0,1.18,0.0,72.25
2026-08-13,JB04,남원,35.4164,127.3904,18.8,14.85,22.75,0.0,0.0,50.66
2026-08-14,JB04,남원,35.4164,127.3904,21.82,16.15,27.49,0.0,0.0,44.68
2026-08-15,JB04,남원,35.4164,127.3904,19.13,14.29,23.96,0.0,0.0,50.38
2024-08-18,JB05,정읍,35.5699,126.856,21.25,16.07,26.43,0.0,0.0,49.54
2024-08-19,JB05,정읍,35.5699,126.856,18.79,14.05,23.53,5.87,0.0,52.44
2024-08-20,JB05,정읍,35.5699,126.856,24.36,19.69,29.03,7.68,0.0,49.14
2024-08-21,JB05,정읍,35.5699,126.856,14.55,8.67,20.43,0.0,0.0,60.06
2024-08-22,JB05,정읍,35.5699,126.856,16.53,13.03,20.04,0.0,0.0,75.4
2024-08-23,JB05,정읍,35.5699,126.856,17.86,12.62,23.1,0.0,0.0,56.79
2024-08-24,JB05,정읍,35.5699,126.856,23.61,19.61,27.61,0.0,0.0,61.81
2024-08-25,JB05,정읍,35.5699,126.856,18.93,12.93,24.94,0.0,0.0,57.04
2024-08-26,JB05,정읍,35.5699,126.856,22.1,16.22,27.97,11.12,0.0,66.55
2024-08-27,JB05,정읍,35.5699,126.856,20.06,15.27,24.84,0.0,0.0,55.32
2024-08-28,JB05,정읍,35.5699,126.856,22.0,16.64,27.35,0.0,0.0,62.94
2024-08-29,JB05,정읍,35.5699,126.856,20.98,15.36,26.61,0.0,0.0,67.9
2024-08-30,JB05,정읍,35.5699,126.856,18.42,11.82,25.03,0.0,0.0,51.74
2024-08-31,JB05,정읍,35.5699,126.856,23.4,21.21,25.59,0.0,0.0,51.04
2024-09-01,JB05,정읍,35.5699,126.856,22.12,17.35,26.9,0.0,0.0,55.34
2024-09-02,JB05,정읍,35.5699,126.856,15.69,11.53,19.85,0.0,0.0,50.49
2024-09-03,JB05,정읍,35.5699,126.856,17.85,12.92,22.78,0.0,0.0,41.42
2024-09-04,JB05,정읍,35.5699,126.856,17.74,12.66,22.83,0.0,0.0,63.51
2024-09-05,JB05,정읍,35.5699,126.856,20.56,14.96,26.16,0.0,0.0,89.01
2024-09-06,JB05,정읍,35.5699,126.856,12.36,10.28,14.44,0.0,0.0,63.04
2024-09-07,JB05,정읍,35.5699,126.856,16.19,10.91,21.46,0.0,0.0,51.06
2024-09-08,JB05,정읍,35.5699,126.856,14.85,10.57,19.13,0.0,0.0,53.13
2024-09-09,JB05,정읍,35.5699,126.856,15.25,10.12,20.38,0.0,0.0,69.17
2024-09-10,JB05,정읍,35.5699,126.856,13.52,10.27,16.77,0.0,0.0,62.04
2024-09-11,JB05,정읍,35.5699,126.856,13.44,7.46,19.42,0.0,0.0,51.72
2024-09-12,JB05,정읍,35.5699,126.856,18.87,16.87,20.87,0.0,0.0,49.42
2024-09-13,JB05,정읍,35.5699,126.856,17.43,13.98,20.87,0.0,0.0,49.9
2024-09-14,JB05,정읍,35.5699,126.856,14.35,7.84,20.87,0.0,0.0,79.1
2024-09-15,JB05,정읍,35.5699,126.856,13.72,7.58,19.86,0.0,0.0,55.13
2024-09-16,JB05,정읍,35.5699,126.856,13.14,6.95,19.33,2.28,0.0,67.87
2024-09-17,JB05,정읍,35.5699,126.856,13.49,9.59,17.38,0.0,0.0,46.7
2024-09-18,JB05,정읍,35.5699,126.856,15.09,10.18,20.0,0.0,0.0,61.98
2024-09-19,JB05,정읍,35.5699,126.856,14.01,8.96,19.06,0.0,0.0,64.15
2024-09-20,JB05,정읍,35.5699,126.856,16.01,11.16,20.86,0.0,0.0,56.9
2024-09-21,JB05,정읍,35.5699,126.856,15.46,10.89,20.03,0.0,0.0,66.2
2024-09-22,JB05,정읍,35.5699,126.856,9.18,4.37,13.99,0.0,0.0,53.52
2024-09-23,JB05,정읍,35.5699,126.856,13.29,9.57,17.01,0.0,0.0,58.57
2024-09-24,JB05,정읍,35.5699,126.856,11.17,5.2,17.14,13.02,0.0,82.42
2024-09-25,JB05,정읍,35.5699,126.856,13.82,9.65,17.99,0.0,0.0,60.07
2024-09-26,JB05,정읍,35.5699,126.856,14.83,9.94,19.72,0.0,0.0,66.7
2024-09-27,JB05,정읍,35.5699,126.856,14.22,10.05,18.39,0.0,0.0,64.28
2024-09-28,JB05,정읍,35.5699,126.856,10.11,4.22,16.01,0.0,0.0,57.43
2024-09-29,JB05,정읍,35.5699,126.856,11.16,7.57,14.75,21.51,0.0,82.45
2024-09-30,JB05,정읍,35.5699,126.856,7.24,4.21,10.27,0.0,0.0,57.66
2024-10-01,JB05,정읍,35.5699,126.856,9.89,3.3,16.49,12.11,0.0,68.24
2024-10-02,JB05,정읍,35.5699,126.856,17.08,13.62,20.55,0.0,0.0,48.57
2024-10-03,JB05,정읍,35.5699,126.856,14.39,9.01,19.78,2.8,0.0,63.86
2024-10-04,JB05,정읍,35.5699,126.856,13.81,9.37,18.24,0.0,0.0,61.0
2024-10-05,JB05,정읍,35.5699,126.856,8.7,4.36,13.04,0.0,0.0,62.94
2024-10-06,JB05,정읍,35.5699,126.856,11.81,6.22,17.39,6.58,0.0,72.19
2024-10-07,JB05,정읍,35.5699,126.856,13.09,6.99,19.19,0.0,0.0,61.53
2024-10-08,JB05,정읍,35.5699,126.856,10.47,5.12,15.82,1.92,0.0,58.46
2024-10-09,JB05,정읍,35.5699,126.856,8.52,5.6,11.44,0.0,0.0,53.31
2024-10-10,JB05,정읍,35.5699,126.856,9.46,5.06,13.85,0.0,0.0,78.13
2024-10-11,JB05,정읍,35.5699,126.856,9.98,6.24,13.71,0.0,0.0,58.09
2024-10-12,JB05,정읍,35.5699,126.856,8.09,4.54,11.64,0.0,0.0,56.22
2024-10-13,JB05,정읍,35.5699,126.856,10.38,5.32,15.44,0.0,0.0,64.74
2024-10-14,JB05,정읍,35.5699,126.856,9.25,5.09,13.42,0.0,0.0,52.3
2024-10-15,JB05,정읍,35.5699,126.856,6.34,4.34,8.34,0.0,0.0,74.02
2024-10-16,JB05,정읍,35.5699,126.856,8.69,4.61,12.78,0.0,0.0,38.47
2024-10-17,JB05,정읍,35.5699,126.856,8.28,2.37,14.18,0.0,0.0,40.28
2024-10-18,JB05,정읍,35.5699,126.856,6.4,0.49,12.3,0.0,0.0,43.82
2024-10-19,JB05,정읍,35.5699,126.856,12.86,9.74,15.98,2.2,0.0,55.24
2024-10-20,JB05,정읍,35.5699,126.856,8.5,2.58,14.42,0.0,0.0,47.9
2024-10-21,JB05,정읍,35.5699,126.856,7.92,2.86,12.98,0.0,0.0,60.76
2024-10-22,JB05,정읍,35.5699,126.856,6.29,1.69,10.9,0.0,0.0,68.7
2024-10-23,JB05,정읍,35.5699,126.856,11.71,7.01,16.41,0.0,0.0,60.56
2024-10-24,JB05,정읍,35.5699,126.856,4.58,-0.76,9.92,0.0,0.0,53.8
2024-10-25,JB05,정읍,35.5699,126.856,8.13,3.61,12.65,0.0,0.0,61.52
2024-10-26,JB05,정읍,35.5699,126.856,6.33,0.78,11.89,0.0,0.0,56.91
2024-10-27,JB05,정읍,35.5699,126.856,4.44,-0.07,8.94,0.0,0.0,62.84
2024-10-28,JB05,정읍,35.5699,126.856,6.1,1.7,10.5,0.0,0.0,51.26
2024-10-29,JB05,정읍,35.5699,126.856,11.14,5.8,16.47,0.0,0.0,59.85
2024-10-30,JB05,정읍,35.5699,126.856,6.85,2.73,10.97,0.0,0.0,47.61
2024-10-31,JB05,정읍,35.5699,126.856,6.11,3.54,8.68,12.06,0.0,60.69
2024-11-01,JB05,정읍,35.5699,126.856,3.44,0.55,6.32,3.02,0.0,63.89
2024-11-02,JB05,정읍,35.5699,126.856,3.82,0.1,7.55,0.0,0.0,61.67
2024-11-03,JB05,정읍,35.5699,126.856,4.45,0.52,8.38,0.0,0.0,58.13
2024-11-04,JB05,정읍,35.5699,126.856,5.23,0.63,9.84,0.0,0.0,65.05
2024-11-05,JB05,정읍,35.5699,126.856,3.65,-1.67,8.96,0.0,0.0,58.45
2024-11-06,JB05,정읍,35.5699,126.856,6.84,3.33,10.35,19.79,0.0,70.14
2024-11-07,JB05,정읍,35.5699,126.856,-0.54,-2.54,1.47,0.0,0.0,61.09
2024-11-08,JB05,정읍,35.5699,126.856,1.99,-2.9,6.87,0.0,0.0,54.69
2024-11-09,JB05,정읍,35.5699,126.856,0.97,-1.98,3.91,0.0,0.0,42.02
2024-11-10,JB05,정읍,35.5699,126.856,5.51,2.1,8.93,0.0,0.0,67.57
2024-11-11,JB05,정읍,35.5699,126.856,2.94,-1.23,7.11,0.0,0.0,53.83
2024-11-12,JB05,정읍,35.5699,126.856,5.63,-0.93,12.19,0.0,0.0,36.48
2024-11-13,JB05,정읍,35.5699,126.856,1.54,-2.97,6.04,0.65,0.0,71.59
2024-11-14,JB05,정읍,35.5699,126.856,1.09,-1.77,3.95,0.0,0.0,61.9
2024-11-15,JB05,정읍,35.5699,126.856,0.31,-4.46,5.07,0.0,0.0,40.56
2024-11-16,JB05,정읍,35.5699,126.856,5.55,0.62,10.49,0.0,0.0,52.79
2024-11-17,JB05,정읍,35.5699,126.856,5.51,0.36,10.66,0.0,0.0,52.16
2024-11-18,JB05,정읍,35.5699,126.856,1.97,-2.97,6.91,0.0,0.0,57.04
2024-11-19,JB05,정읍,35.5699,126.856,0.31,-4.63,5.25,0.0,0.0,63.72
2024-11-20,JB05,정읍,35.5699,126.856,2.32,-1.95,6.6,5.13,0.0,67.54
2024-11-21,JB05,정읍,35.5699,126.856,2.85,-1.09,6.8,0.0,0.0,56.17
2024-11-22,JB05,정읍,35.5699,126.856,-0.01,-6.19,6.17,0.0,0.0,58.15
2024-11-23,JB05,정읍,35.5699,126.856,-1.05,-6.36,4.26,0.0,0.0,51.47
2024-11-24,JB05,정읍,35.5699,126.856,2.92,-2.0,7.85,0.0,0.0,56.42
2024-11-25,JB05,정읍,35.5699,126.856,1.25,-2.88,5.38,0.0,0.0,39.9
2024-11-26,JB05,정읍,35.5699,126.856,-5.96,-9.39,-2.54,0.0,0.0,25.75
2024-11-27,JB05,정읍,35.5699,126.856,-1.31,-3.69,1.08,0.0,0.0,77.58
2024-11-28,JB05,정읍,35.5699,126.856,0.09,-4.29,4.47,7.62,0.0,73.36
2024-11-29,JB05,정읍,35.5699,126.856,1.64,-3.18,6.45,0.0,0.0,54.54
2024-11-30,JB05,정읍,35.5699,126.856,2.6,-1.53,6.73,2.17,0.0,64.45
2024-12-01,JB05,정읍,35.5699,126.856,-2.02,-7.08,3.04,0.0,0.0,53.13
2024-12-02,JB05,정읍,35.5699,126.856,-0.11,-5.65,5.42,1.93,0.0,62.97
2024-12-03,JB05,정읍,35.5699,126.856,-1.51,-7.76,4.75,0.0,0.0,50.78
2024-12-04,JB05,정읍,35.5699,126.856,-0.52,-4.66,3.61,0.0,0.0,58.35
2024-12-05,JB05,정읍,35.5699,126.856,1.57,-3.84,6.97,0.0,1.7,50.21
2024-12-06,JB05,정읍,35.5699,126.856,-1.77,-5.95,2.41,0.0,0.0,64.76
2024-12-07,JB05,정읍,35.5699,126.856,0.61,-2.42,3.64,6.21,0.0,49.43
2024-12-08,JB05,정읍,35.5699,126.856,0.95,-1.86,3.77,0.0,0.0,56.77
2024-12-09,JB05,정읍,35.5699,126.856,0.24,-6.02,6.5,0.0,0.0,32.88
2024-12-10,JB05,정읍,35.5699,126.856,2.91,0.66,5.16,0.0,0.0,70.9
2024-12-11,JB05,정읍,35.5699,126.856,2.11,-1.91,6.13,0.0,0.0,65.87
2024-12-12,JB05,정읍,35.5699,126.856,-1.57,-5.17,2.03,0.0,0.0,54.71
2024-12-13,JB05,정읍,35.5699,126.856,-0.36,-4.15,3.44,0.0,0.0,55.96
2024-12-14,JB05,정읍,35.5699,126.856,-1.53,-5.83,2.78,0.0,0.0,62.27
2024-12-15,JB05,정읍,35.5699,126.856,-0.1,-2.63,2.43,0.0,0.0,49.99
2024-12-16,JB05,정읍,35.5699,126.856,-3.45,-8.2,1.3,0.0,0.0,53.32
2024-12-17,JB05,정읍,35.5699,126.856,3.09,-0.5,6.69,20.89,0.0,85.64
2024-12-18,JB05,정읍,35.5699,126.856,-2.17,-5.28,0.94,0.0,0.0,61.89
2024-12-19,JB05,정읍,35.5699,126.856,1.68,-2.52,5.88,0.0,0.0,86.68
2024-12-20,JB05,정읍,35.5699,126.856,0.37,-4.29,5.02,0.0,0.0,50.05
2024-12-21,JB05,정읍,35.5699,126.856,3.26,-1.97,8.48,0.0,0.0,52.84
2024-12-22,JB05,정읍,35.5699,126.856,-1.7,-8.46,5.05,0.0,0.0,57.41
2024-12-23,JB05,정읍,35.5699,126.856,-0.33,-3.42,2.76,0.0,0.0,59.39
2024-12-24,JB05,정읍,35.5699,126.856,-2.89,-6.81,1.03,0.0,0.0,61.11
2024-12-25,JB05,정읍,35.5699,126.856,-3.14,-9.78,3.49,0.0,0.0,40.28
2024-12-26,JB05,정읍,35.5699,126.856,-3.36,-9.59,2.87,0.0,0.0,58.1
2024-12-27,JB05,정읍,35.5699,126.856,-1.5,-4.63,1.63,0.0,0.0,55.65
2024-12-28,JB05,정읍,35.5699,126.856,2.88,-1.48,7.25,0.0,7.21,65.07
2024-12-29,JB05,정읍,35.5699,126.856,1.09,-2.87,5.04,0.0,0.39,58.45
2024-12-30,JB05,정읍,35.5699,126.856,-1.26,-7.29,4.77,0.0,0.0,64.06
2024-12-31,JB05,정읍,35.5699,126.856,-5.88,-9.71,-2.06,0.0,0.0,60.0
2025-01-01,JB05,정읍,35.5699,126.856,2.53,-2.92,7.99,0.0,0.0,62.08
2025-01-02,JB05,정읍,35.5699,126.856,-2.03,-8.21,4.16,0.0,0.0,65.35
2025-01-03,JB05,정읍,35.5699,126.856,-1.68,-5.59,2.22,15.01,0.0,81.51
2025-01-04,JB05,정읍,35.5699,126.856,0.05,-5.56,5.66,3.36,0.56,57.83
2025-01-05,JB05,정읍,35.5699,126.856,0.43,-4.0,4.86,0.0,0.0,79.12
2025-01-06,JB05,정읍,35.5699,126.856,-0.06,-3.66,3.53,0.0,1.74,84.52
2025-01-07,JB05,정읍,35.5699,126.856,-5.25,-9.52,-0.97,0.0,0.0,60.84
2025-01-08,JB05,정읍,35.5699,126.856,-5.74,-10.14,-1.34,0.0,0.0,44.1
2025-01-09,JB05,정읍,35.5699,126.856,-1.06,-5.19,3.07,0.0,0.0,63.19
2025-01-10,JB05,정읍,35.5699,126.856,0.75,-2.57,4.08,0.0,0.0,48.35
2025-01-11,JB05,정읍,35.5699,126.856,-0.2,-6.31,5.92,0.0,0.0,61.92
2025-01-12,JB05,정읍,35.5699,126.856,-1.0,-5.33,3.34,13.66,0.0,72.13
2025-01-13,JB05,정읍,35.5699,126.856,4.44,-1.38,10.26,0.0,1.51,69.27
2025-01-14,JB05,정읍,35.5699,126.856,-0.1,-3.97,3.76,0.0,0.0,68.57
2025-01-15,JB05,정읍,35.5699,126.856,1.26,-3.44,5.96,0.0,0.0,57.57
2025-01-16,JB05,정읍,35.5699,126.856,-1.94,-4.1,0.21,0.0,0.0,49.07
2025-01-17,JB05,정읍,35.5699,126.856,0.46,-4.94,5.85,0.0,0.0,50.17
2025-01-18,JB05,정읍,35.5699,126.856,-0.49,-4.93,3.96,0.0,0.0,59.34
2025-01-19,JB05,정읍,35.5699,126.856,-4.05,-7.56,-0.54,0.0,0.0,71.43
2025-01-20,JB05,정읍,35.5699,126.856,1.2,-2.47,4.88,31.27,0.0,84.36
2025-01-21,JB05,정읍,35.5699,126.856,-1.46,-6.11,3.19,0.0,0.0,76.1
2025-01-22,JB05,정읍,35.5699,126.856,-0.04,-3.39,3.3,0.0,0.0,50.39
2025-01-23,JB05,정읍,35.5699,126.856,0.87,-1.85,3.59,2.13,0.0,76.88
2025-01-24,JB05,정읍,35.5699,126.856,0.79,-5.85,7.43,23.24,0.0,88.78
2025-01-25,JB05,정읍,35.5699,126.856,2.65,-2.43,7.74,0.0,0.0,69.38
2025-01-26,JB05,정읍,35.5699,126.856,3.82,-0.03,7.66,2.65,0.0,68.3
2025-01-27,JB05,정읍,35.5699,126.856,2.0,-1.9,5.9,0.0,0.0,74.6
2025-01-28,JB05,정읍,35.5699,126.856,1.57,-0.65,3.79,0.0,0.0,53.72
2025-01-29,JB05,정읍,35.5699,126.856,-1.39,-4.17,1.38,0.0,0.0,45.36
2025-01-30,JB05,정읍,35.5699,126.856,1.68,-1.01,4.38,0.0,0.0,62.64
2025-01-31,JB05,정읍,35.5699,126.856,0.24,-4.28,4.76,0.0,0.37,51.89
2025-02-01,JB05,정읍,35.5699,126.856,-0.45,-6.1,5.19,0.0,0.0,46.06
2025-02-02,JB05,정읍,35.5699,126.856,1.04,-5.83,7.91,6.36,0.0,58.51
2025-02-03,JB05,정읍,35.5699,126.856,4.32,-0.68,9.32,0.0,0.0,66.94
2025-02-04,JB05,정읍,35.5699,126.856,5.48,-0.48,11.45,0.0,0.0,51.31
2025-02-05,JB05,정읍,35.5699,126.856,3.85,-1.43,9.13,0.0,0.27,51.19
2025-02-06,JB05,정읍,35.5699,126.856,3.19,-1.07,7.45,1.21,0.0,60.49
2025-02-07,JB05,정읍,35.5699,126.856,6.78,2.71,10.86,0.0,0.0,59.0
2025-02-08,JB05,정읍,35.5699,126.856,2.73,-4.22,9.67,0.0,4.44,41.95
2025-02-09,JB05,정읍,35.5699,126.856,0.62,-2.51,3.75,0.0,0.0,57.3
2025-02-10,JB05,정읍,35.5699,126.856,5.39,0.19,10.58,0.0,0.0,66.85
2025-02-11,JB05,정읍,35.5699,126.856,6.05,1.11,10.98,0.0,0.0,45.35
2025-02-12,JB05,정읍,35.5699,126.856,5.4,-1.06,11.85,0.0,0.8,54.4
2025-02-13,JB05,정읍,35.5699,126.856,4.58,-0.23,9.39,0.0,0.0,49.36
2025-02-14,JB05,정읍,35.5699,126.856,1.99,-1.89,5.87,29.41,0.0,82.71
2025-02-15,JB05,정읍,35.5699,126.856,0.09,-4.66,4.83,0.0,0.0,41.94
2025-02-16,JB05,정읍,35.5699,126.856,4.44,0.91,7.98,0.0,0.0,68.22
2025-02-17,JB05,정읍,35.5699,126.856,3.55,-1.79,8.88,0.0,0.0,68.02
2025-02-18,JB05,정읍,35.5699,126.856,4.66,0.75,8.58,0.0,0.0,47.08
2025-02-19,JB05,정읍,35.5699,126.856,1.78,-3.39,6.94,0.0,3.11,56.01
2025-02-20,JB05,정읍,35.5699,126.856,2.73,-1.44,6.91,0.0,0.0,59.11
2025-02-21,JB05,정읍,35.5699,126.856,6.76,2.93,10.59,0.0,0.0,38.95
2025-02-22,JB05,정읍,35.5699,126.856,0.78,-5.65,7.21,0.0,1.47,61.0
2025-02-23,JB05,정읍,35.5699,126.856,2.45,-2.95,7.85,0.0,0.0,75.64
2025-02-24,JB05,정읍,35.5699,126.856,5.75,2.6,8.9,0.0,0.0,47.82
2025-02-25,JB05,정읍,35.5699,126.856,5.95,1.74,10.17,0.0,0.0,65.64
2025-02-26,JB05,정읍,35.5699,126.856,5.92,0.86,10.99,0.0,0.0,50.3
2025-02-27,JB05,정읍,35.5699,126.856,5.05,0.68,9.42,0.0,1.49,53.63
2025-02-28,JB05,정읍,35.5699,126.856,3.45,-3.18,10.08,0.0,0.0,61.28
2025-03-01,JB05,정읍,35.5699,126.856,8.81,4.14,13.49,0.0,0.0,48.09
2025-03-02,JB05,정읍,35.5699,126.856,3.92,-2.26,10.09,0.72,0.0,59.98
2025-03-03,JB05,정읍,35.5699,126.856,5.24,1.86,8.62,0.0,0.0,68.87
2025-03-04,JB05,정읍,35.5699,126.856,7.11,2.09,12.14,0.0,0.0,61.28
2025-03-05,JB05,정읍,35.5699,126.856,5.6,1.33,9.87,0.0,0.0,72.15
2025-03-06,JB05,정읍,35.5699,126.856,4.0,-0.28,8.27,0.0,0.0,76.82
2025-03-07,JB05,정읍,35.5699,126.856,11.41,7.79,15.04,0.0,0.0,58.59
2025-03-08,JB05,정읍,35.5699,126.856,9.85,4.48,15.22,0.0,0.0,63.5
2025-03-09,JB05,정읍,35.5699,126.856,9.97,5.49,14.44,0.0,0.0,42.28
2025-03-10,JB05,정읍,35.5699,126.856,9.4,4.67,14.13,0.0,0.0,54.74
2025-03-11,JB05,정읍,35.5699,126.856,8.35,4.46,12.23,0.0,0.0,66.52
2025-03-12,JB05,정읍,35.5699,126.856,8.19,5.62,10.77,0.0,0.0,58.16
2025-03-13,JB05,정읍,35.5699,126.856,5.76,3.76,7.76,0.0,0.0,63.58
2025-03-14,JB05,정읍,35.5699,126.856,9.12,3.67,14.57,0.0,0.0,59.94
2025-03-15,JB05,정읍,35.5699,126.856,8.22,4.18,12.27,0.0,0.0,71.97
2025-03-16,JB05,정읍,35.5699,126.856,8.81,2.68,14.93,0.0,0.0,61.81
2025-03-17,JB05,정읍,35.5699,126.856,15.04,8.72,21.36,0.0,0.0,50.02
2025-03-18,JB05,정읍,35.5699,126.856,14.75,10.34,19.16,0.0,0.0,36.41
2025-03-19,JB05,정읍,35.5699,126.856,10.49,7.18,13.8,0.0,0.0,46.38
2025-03-20,JB05,정읍,35.5699,126.856,14.24,9.14,19.35,0.0,0.0,47.77
2025-03-21,JB05,정읍,35.5699,126.856,13.87,11.35,16.39,0.0,0.0,51.68
2025-03-22,JB05,정읍,35.5699,126.856,9.3,5.37,13.23,0.0,0.0,45.4
2025-03-23,JB05,정읍,35.5699,126.856,9.53,4.9,14.16,0.0,0.0,60.95
2025-03-24,JB05,정읍,35.5699,126.856,13.62,10.74,16.49,0.0,0.0,65.11
2025-03-25,JB05,정읍,35.5699,126.856,11.86,8.31,15.42,0.0,0.0,52.69
2025-03-26,JB05,정읍,35.5699,126.856,9.4,4.36,14.43,0.0,0.0,52.77
2025-03-27,JB05,정읍,35.5699,126.856,10.15,6.83,13.47,0.0,0.0,58.57
2025-03-28,JB05,정읍,35.5699,126.856,10.76,5.05,16.47,0.0,0.0,67.59
2025-03-29,JB05,정읍,35.5699,126.856,13.17,9.35,17.0,2.57,0.0,52.57
2025-03-30,JB05,정읍,35.5699,126.856,14.51,8.94,20.08,0.0,0.0,50.36
2025-03-31,JB05,정읍,35.5699,126.856,16.21,9.96,22.46,0.0,0.0,62.74
2025-04-01,JB05,정읍,35.5699,126.856,15.58,11.15,20.02,3.79,0.0,61.73
2025-04-02,JB05,정읍,35.5699,126.856,11.12,7.81,14.44,0.0,0.0,43.49
2025-04-03,JB05,정읍,35.5699,126.856,14.99,9.95,20.02,0.0,0.0,57.37
2025-04-04,JB05,정읍,35.5699,126.856,10.42,5.09,15.74,0.0,0.0,60.62
2025-04-05,JB05,정읍,35.5699,126.856,14.7,10.91,18.49,0.0,0.0,67.57
2025-04-06,JB05,정읍,35.5699,126.856,15.37,11.46,19.28,0.0,0.0,70.58
2025-04-07,JB05,정읍,35.5699,126.856,16.67,12.79,20.55,0.0,0.0,44.83
2025-04-08,JB05,정읍,35.5699,126.856,13.41,7.3,19.52,0.0,0.0,52.04
2025-04-09,JB05,정읍,35.5699,126.856,12.9,8.98,16.81,0.0,0.0,45.2
2025-04-10,JB05,정읍,35.5699,126.856,17.2,12.86,21.54,0.0,0.0,46.26
2025-04-11,JB05,정읍,35.5699,126.856,18.63,12.6,24.66,0.0,0.0,54.05
2025-04-12,JB05,정읍,35.5699,126.856,12.82,9.33,16.32,0.0,0.0,58.21
2025-04-13,JB05,정읍,35.5699,126.856,11.41,4.38,18.43,0.0,0.0,58.66
2025-04-14,JB05,정읍,35.5699,126.856,13.97,9.76,18.17,0.0,0.0,57.97
2025-04-15,JB05,정읍,35.5699,126.856,15.65,10.26,21.03,0.0,0.0,65.04
2025-04-16,JB05,정읍,35.5699,126.856,15.87,11.12,20.63,0.0,0.0,68.03
2025-04-17,JB05,정읍,35.5699,126.856,16.88,12.56,21.21,0.0,0.0,56.91
2025-04-18,JB05,정읍,35.5699,126.856,16.4,11.96,20.83,14.47,0.0,87.42
2025-04-19,JB05,정읍,35.5699,126.856,15.08,9.85,20.32,0.0,0.0,66.29
2025-04-20,JB05,정읍,35.5699,126.856,13.25,9.83,16.66,0.0,0.0,51.79
2025-04-21,JB05,정읍,35.5699,126.856,15.13,11.16,19.1,0.0,0.0,48.67
2025-04-22,JB05,정읍,35.5699,126.856,17.02,12.94,21.11,0.0,0.0,79.12
2025-04-23,JB05,정읍,35.5699,126.856,19.33,13.89,24.76,0.0,0.0,68.45
2025-04-24,JB05,정읍,35.5699,126.856,16.1,11.34,20.86,0.0,0.0,61.71
2025-04-25,JB05,정읍,35.5699,126.856,23.89,19.25,28.53,5.91,0.0,77.22
2025-04-26,JB05,정읍,35.5699,126.856,18.71,15.37,22.06,0.0,0.0,58.15
2025-04-27,JB05,정읍,35.5699,126.856,20.4,17.16,23.63,0.0,0.0,57.08
2025-04-28,JB05,정읍,35.5699,126.856,16.12,12.14,20.11,0.0,0.0,44.12
2025-04-29,JB05,정읍,35.5699,126.856,16.79,11.25,22.34,0.0,0.0,50.09
2025-04-30,JB05,정읍,35.5699,126.856,21.06,15.45,26.67,0.0,0.0,51.88
2025-05-01,JB05,정읍,35.5699,126.856,17.83,13.02,22.65,0.0,0.0,71.28
2025-05-02,JB05,정읍,35.5699,126.856,23.2,18.96,27.44,0.0,0.0,69.86
2025-05-03,JB05,정읍,35.5699,126.856,24.0,17.79,30.21,5.41,0.0,68.89
2025-05-04,JB05,정읍,35.5699,126.856,18.31,11.84,24.77,0.0,0.0,49.84
2025-05-05,JB05,정읍,35.5699,126.856,19.28,15.61,22.96,0.0,0.0,55.75
2025-05-06,JB05,정읍,35.5699,126.856,22.14,18.62,25.67,0.0,0.0,41.95
2025-05-07,JB05,정읍,35.5699,126.856,17.56,13.78,21.34,0.0,0.0,62.86
2025-05-08,JB05,정읍,35.5699,126.856,17.61,14.45,20.78,0.0,0.0,46.84
2025-05-09,JB05,정읍,35.5699,126.856,19.05,15.2,22.89,0.0,0.0,48.1
2025-05-10,JB05,정읍,35.5699,126.856,19.69,15.79,23.59,0.0,0.0,56.46
2025-05-11,JB05,정읍,35.5699,126.856,23.24,20.0,26.47,4.03,0.0,60.55
2025-05-12,JB05,정읍,35.5699,126.856,25.04,21.48,28.6,0.0,0.0,44.88
2025-05-13,JB05,정읍,35.5699,126.856,17.54,13.9,21.17,0.0,0.0,53.94
2025-05-14,JB05,정읍,35.5699,126.856,20.66,17.97,23.34,0.0,0.0,63.02
2025-05-15,JB05,정읍,35.5699,126.856,18.1,13.99,22.21,3.12,0.0,45.28
2025-05-16,JB05,정읍,35.5699,126.856,23.64,18.74,28.54,18.91,0.0,66.95
2025-05-17,JB05,정읍,35.5699,126.856,24.96,18.43,31.48,0.0,0.0,56.86
2025-05-18,JB05,정읍,35.5699,126.856,24.32,19.9,28.73,0.0,0.0,65.8
2025-05-19,JB05,정읍,35.5699,126.856,20.61,15.64,25.57,0.0,0.0,45.83
2025-05-20,JB05,정읍,35.5699,126.856,19.72,15.94,23.5,0.0,0.0,67.61
2025-05-21,JB05,정읍,35.5699,126.856,24.04,19.05,29.02,0.0,0.0,76.52
2025-05-22,JB05,정읍,35.5699,126.856,23.36,18.56,28.17,0.0,0.0,62.75
2025-05-23,JB05,정읍,35.5699,126.856,19.14,15.5,22.77,0.0,0.0,69.07
2025-05-24,JB05,정읍,35.5699,126.856,26.61,24.49,28.72,0.0,0.0,58.87
2025-05-25,JB05,정읍,35.5699,126.856,25.19,20.14,30.25,0.0,0.0,60.1
2025-05-26,JB05,정읍,35.5699,126.856,19.61,15.23,24.0,0.0,0.0,55.84
2025-05-27,JB05,정읍,35.5699,126.856,24.59,20.16,29.01,2.05,0.0,61.68
2025-05-28,JB05,정읍,35.5699,126.856,18.42,14.78,22.06,0.0,0.0,51.83
2025-05-29,JB05,정읍,35.5699,126.856,26.11,22.92,29.31,0.0,0.0,86.49
2025-05-30,JB05,정읍,35.5699,126.856,26.84,22.19,31.49,0.0,0.0,44.3
2025-05-31,JB05,정읍,35.5699,126.856,19.68,15.15,24.21,0.0,0.0,68.94
2025-06-01,JB05,정읍,35.5699,126.856,22.2,17.48,26.91,0.0,0.0,56.69
2025-06-02,JB05,정읍,35.5699,126.856,23.49,19.93,27.05,8.97,0.0,71.83
2025-06-03,JB05,정읍,35.5699,126.856,26.23,20.98,31.47,8.21,0.0,65.53
2025-06-04,JB05,정읍,35.5699,126.856,21.67,15.77,27.58,0.0,0.0,69.53
2025-06-05,JB05,정읍,35.5699,126.856,26.47,22.26,30.67,0.0,0.0,75.42
2025-06-06,JB05,정읍,35.5699,126.856,23.63,20.62,26.64,0.0,0.0,59.44
2025-06-07,JB05,정읍,35.5699,126.856,27.73,22.96,32.49,0.0,0.0,48.93
2025-06-08,JB05,정읍,35.5699,126.856,27.85,25.05,30.66,0.0,0.0,49.13
2025-06-09,JB05,정읍,35.5699,126.856,19.0,13.54,24.46,0.0,0.0,67.05
2025-06-10,JB05,정읍,35.5699,126.856,25.27,20.11,30.44,0.0,0.0,50.36
2025-06-11,JB05,정읍,35.5699,126.856,24.62,19.11,30.13,3.45,0.0,62.81
2025-06-12,JB05,정읍,35.5699,126.856,23.14,18.72,27.56,0.0,0.0,53.56
2025-06-13,JB05,정읍,35.5699,126.856,25.24,20.13,30.35,14.4,0.0,61.33
2025-06-14,JB05,정읍,35.5699,126.856,20.75,16.27,25.23,13.77,0.0,43.65
2025-06-15,JB05,정읍,35.5699,126.856,27.65,22.78,32.52,0.0,0.0,65.24
2025-06-16,JB05,정읍,35.5699,126.856,25.1,20.18,30.02,11.03,0.0,65.39
2025-06-17,JB05,정읍,35.5699,126.856,20.86,15.65,26.07,0.0,0.0,45.59
2025-06-18,JB05,정읍,35.5699,126.856,23.17,19.64,26.7,10.86,0.0,73.22
2025-06-19,JB05,정읍,35.5699,126.856,27.38,21.67,33.09,25.26,0.0,70.69
2025-06-20,JB05,정읍,35.5699,126.856,22.5,19.21,25.78,0.0,0.0,66.48
2025-06-21,JB05,정읍,35.5699,126.856,28.02,24.06,31.99,6.74,0.0,70.75
2025-06-22,JB05,정읍,35.5699,126.856,25.79,21.13,30.44,12.86,0.0,59.9
2025-06-23,JB05,정읍,35.5699,126.856,27.09,22.31,31.87,9.29,0.0,76.25
2025-06-24,JB05,정읍,35.5699,126.856,22.45,16.49,28.41,0.0,0.0,52.94
2025-06-25,JB05,정읍,35.5699,126.856,23.69,20.29,27.09,13.51,0.0,52.63
2025-06-26,JB05,정읍,35.5699,126.856,22.71,17.38,28.03,0.0,0.0,66.34
2025-06-27,JB05,정읍,35.5699,126.856,24.75,20.89,28.61,0.0,0.0,34.18
2025-06-28,JB05,정읍,35.5699,126.856,22.25,16.71,27.8,0.0,0.0,72.06
2025-06-29,JB05,정읍,35.5699,126.856,26.06,24.04,28.08,0.0,0.0,71.25
2025-06-30,JB05,정읍,35.5699,126.856,28.89,22.89,34.89,0.0,0.0,44.93
2025-07-01,JB05,정읍,35.5699,126.856,24.89,20.38,29.41,0.0,0.0,60.28
2025-07-02,JB05,정읍,35.5699,126.856,25.02,20.44,29.6,12.97,0.0,57.8
2025-07-03,JB05,정읍,35.5699,126.856,28.25,25.56,30.95,0.42,0.0,68.06
2025-07-04,JB05,정읍,35.5699,126.856,24.94,21.89,28.0,7.96,0.0,58.13
2025-07-05,JB05,정읍,35.5699,126.856,24.84,20.98,28.7,0.0,0.0,55.6
2025-07-06,JB05,정읍,35.5699,126.856,24.0,20.09,27.9,0.0,0.0,41.61
2025-07-07,JB05,정읍,35.5699,126.856,25.73,21.49,29.96,2.97,0.0,51.73
2025-07-08,JB05,정읍,35.5699,126.856,25.45,19.05,31.86,0.0,0.0,43.46
2025-07-09,JB05,정읍,35.5699,126.856,22.76,18.57,26.95,0.0,0.0,59.52
2025-07-10,JB05,정읍,35.5699,126.856,25.5,19.1,31.9,0.0,0.0,46.48
2025-07-11,JB05,정읍,35.5699,126.856,27.47,21.59,33.36,5.82,0.0,60.55
2025-07-12,JB05,정읍,35.5699,126.856,19.72,14.6,24.84,0.0,0.0,72.41
2025-07-13,JB05,정읍,35.5699,126.856,22.85,18.1,27.6,0.0,0.0,58.85
2025-07-14,JB05,정읍,35.5699,126.856,24.82,20.28,29.36,0.0,0.0,65.41
2025-07-15,JB05,정읍,35.5699,126.856,27.42,23.75,31.08,0.0,0.0,53.77
2025-07-16,JB05,정읍,35.5699,126.856,23.07,20.34,25.79,11.5,0.0,67.11
2025-07-17,JB05,정읍,35.5699,126.856,25.36,19.31,31.41,1.8,0.0,78.27
2025-07-18,JB05,정읍,35.5699,126.856,21.5,16.28,26.71,0.0,0.0,34.34
2025-07-19,JB05,정읍,35.5699,126.856,25.19,20.03,30.36,0.0,0.0,51.54
2025-07-20,JB05,정읍,35.5699,126.856,22.71,18.57,26.85,0.0,0.0,53.09
2025-07-21,JB05,정읍,35.5699,126.856,23.22,17.41,29.03,0.0,0.0,40.51
2025-07-22,JB05,정읍,35.5699,126.856,26.86,22.57,31.15,6.69,0.0,58.11
2025-07-23,JB05,정읍,35.5699,126.856,25.09,21.65,28.53,6.26,0.0,67.78
2025-07-24,JB05,정읍,35.5699,126.856,25.1,20.61,29.59,2.45,0.0,58.95
2025-07-25,JB05,정읍,35.5699,126.856,22.05,15.98,28.12,3.39,0.0,62.04
2025-07-26,JB05,정읍,35.5699,126.856,23.42,18.62,28.22,1.25,0.0,55.26
2025-07-27,JB05,정읍,35.5699,126.856,24.83,20.72,28.93,0.0,0.0,57.53
2025-07-28,JB05,정읍,35.5699,126.856,26.63,20.86,32.4,0.0,0.0,45.96
2025-07-29,JB05,정읍,35.5699,126.856,23.3,17.46,29.15,0.0,0.0,63.54
2025-07-30,JB05,정읍,35.5699,126.856,19.82,13.21,26.43,45.44,0.0,80.08
2025-07-31,JB05,정읍,35.5699,126.856,23.09,19.58,26.61,2.71,0.0,48.69
2025-08-01,JB05,정읍,35.5699,126.856,29.15,24.1,34.21,0.0,0.0,55.07
2025-08-02,JB05,정읍,35.5699,126.856,21.46,17.8,25.13,0.0,0.0,74.78
2025-08-03,JB05,정읍,35.5699,126.856,21.34,19.18,23.5,0.0,0.0,67.28
2025-08-04,JB05,정읍,35.5699,126.856,21.93,17.58,26.28,0.0,0.0,50.23
2025-08-05,JB05,정읍,35.5699,126.856,23.92,20.15,27.69,0.0,0.0,54.09
2025-08-06,JB05,정읍,35.5699,126.856,21.69,16.28,27.09,0.0,0.0,59.51
2025-08-07,JB05,정읍,35.5699,126.856,23.92,19.61,28.24,26.02,0.0,74.91
2025-08-08,JB05,정읍,35.5699,126.856,20.42,14.79,26.05,0.0,0.0,56.36
2025-08-09,JB05,정읍,35.5699,126.856,22.12,17.25,26.99,19.99,0.0,79.31
2025-08-10,JB05,정읍,35.5699,126.856,24.99,20.48,29.5,0.0,0.0,68.04
2025-08-11,JB05,정읍,35.5699,126.856,23.99,18.48,29.5,32.44,0.0,82.4
2025-08-12,JB05,정읍,35.5699,126.856,20.88,16.78,24.97,0.0,0.0,71.75
2025-08-13,JB05,정읍,35.5699,126.856,18.77,14.09,23.46,0.0,0.0,68.67
2025-08-14,JB05,정읍,35.5699,126.856,22.57,18.93,26.2,0.0,0.0,59.94
2025-08-15,JB05,정읍,35.5699,126.856,19.23,15.36,23.1,0.0,0.0,66.0
2025-08-16,JB05,정읍,35.5699,126.856,18.79,15.38,22.2,12.08,0.0,56.95
2025-08-17,JB05,정읍,35.5699,126.856,19.82,14.03,25.61,0.0,0.0,48.07
2025-08-18,JB05,정읍,35.5699,126.856,18.64,13.72,23.56,3.21,0.0,76.06
2025-08-19,JB05,정읍,35.5699,126.856,17.1,10.95,23.25,10.26,0.0,69.46
2025-08-20,JB05,정읍,35.5699,126.856,19.35,14.06,24.64,0.0,0.0,63.21
2025-08-21,JB05,정읍,35.5699,126.856,19.4,13.95,24.85,0.0,0.0,47.86
2025-08-22,JB05,정읍,35.5699,126.856,16.33,11.89,20.77,0.0,0.0,51.08
2025-08-23,JB05,정읍,35.5699,126.856,16.87,10.75,23.0,0.0,0.0,45.13
2025-08-24,JB05,정읍,35.5699,126.856,19.94,13.59,26.3,7.19,0.0,72.53
2025-08-25,JB05,정읍,35.5699,126.856,20.18,16.32,24.04,0.0,0.0,44.39
2025-08-26,JB05,정읍,35.5699,126.856,17.48,11.4,23.55,0.0,0.0,62.37
2025-08-27,JB05,정읍,35.5699,126.856,14.16,10.98,17.33,0.0,0.0,56.28
2025-08-28,JB05,정읍,35.5699,126.856,15.59,11.36,19.82,0.0,0.0,62.01
2025-08-29,JB05,정읍,35.5699,126.856,18.93,15.54,22.31,0.0,0.0,45.72
2025-08-30,JB05,정읍,35.5699,126.856,14.17,9.59,18.76,0.0,0.0,48.35
2025-08-31,JB05,정읍,35.5699,126.856,18.36,12.25,24.48,0.0,0.0,65.7
2025-09-01,JB05,정읍,35.5699,126.856,17.39,12.08,22.7,0.0,0.0,37.93
2025-09-02,JB05,정읍,35.5699,126.856,21.16,17.26,25.06,0.0,0.0,54.45
2025-09-03,JB05,정읍,35.5699,126.856,18.17,14.89,21.45,0.0,0.0,63.25
2025-09-04,JB05,정읍,35.5699,126.856,17.72,12.81,22.64,0.0,0.0,64.94
2025-09-05,JB05,정읍,35.5699,126.856,19.53,13.93,25.13,0.0,0.0,67.39
2025-09-06,JB05,정읍,35.5699,126.856,18.88,11.43,26.32,0.0,0.0,57.11
2025-09-07,JB05,정읍,35.5699,126.856,14.39,10.18,18.6,0.0,0.0,63.11
2025-09-08,JB05,정읍,35.5699,126.856,14.69,8.88,20.5,0.79,0.0,50.21
2025-09-09,JB05,정읍,35.5699,126.856,13.14,9.34,16.94,0.0,0.0,58.1
2025-09-10,JB05,정읍,35.5699,126.856,14.46,10.55,18.36,0.0,0.0,68.14
2025-09-11,JB05,정읍,35.5699,126.856,19.26,14.6,23.92,0.0,0.0,56.17
2025-09-12,JB05,정읍,35.5699,126.856,16.67,11.74,21.6,0.0,0.0,39.11
2025-09-13,JB05,정읍,35.5699,126.856,14.74,9.86,19.61,2.53,0.0,68.08
2025-09-14,JB05,정읍,35.5699,126.856,13.27,10.7,15.84,0.0,0.0,62.59
2025-09-15,JB05,정읍,35.5699,126.856,14.59,11.09,18.08,0.0,0.0,70.16
2025-09-16,JB05,정읍,35.5699,126.856,10.77,7.99,13.55,0.0,0.0,57.73
2025-09-17,JB05,정읍,35.5699,126.856,13.24,8.03,18.44,0.0,0.0,60.79
2025-09-18,JB05,정읍,35.5699,126.856,15.55,10.75,20.35,0.0,0.0,45.06
2025-09-19,JB05,정읍,35.5699,126.856,11.52,8.51,14.53,9.27,0.0,66.15
2025-09-20,JB05,정읍,35.5699,126.856,11.67,8.34,14.99,0.0,0.0,46.8
2025-09-21,JB05,정읍,35.5699,126.856,15.0,10.69,19.32,0.0,0.0,53.57
2025-09-22,JB05,정읍,35.5699,126.856,12.35,5.79,18.91,0.0,0.0,70.84
2025-09-23,JB05,정읍,35.5699,126.856,17.07,11.73,22.41,0.0,0.0,72.27
2025-09-24,JB05,정읍,35.5699,126.856,12.1,8.38,15.83,0.0,0.0,52.3
2025-09-25,JB05,정읍,35.5699,126.856,10.38,4.66,16.1,0.0,0.0,57.7
2025-09-26,JB05,정읍,35.5699,126.856,8.96,4.43,13.5,1.77,0.0,69.99
2025-09-27,JB05,정읍,35.5699,126.856,13.26,8.2,18.32,0.0,0.0,54.64
2025-09-28,JB05,정읍,35.5699,126.856,13.88,10.0,17.76,20.44,0.0,67.41
2025-09-29,JB05,정읍,35.5699,126.856,10.45,7.56,13.34,0.0,0.0,71.01
2025-09-30,JB05,정읍,35.5699,126.856,9.03,3.07,14.98,0.0,0.0,51.02
2025-10-01,JB05,정읍,35.5699,126.856,10.27,3.45,17.1,0.0,0.0,56.56
2025-10-02,JB05,정읍,35.5699,126.856,8.9,5.16,12.65,0.0,0.0,62.75
2025-10-03,JB05,정읍,35.5699,126.856,13.34,10.28,16.39,0.0,0.0,48.29
2025-10-04,JB05,정읍,35.5699,126.856,7.43,2.67,12.2,0.0,0.0,58.53
2025-10-05,JB05,정읍,35.5699,126.856,12.14,6.68,17.6,0.0,0.0,46.1
2025-10-06,JB05,정읍,35.5699,126.856,13.8,7.23,20.37,0.0,0.0,41.32
2025-10-07,JB05,정읍,35.5699,126.856,6.66,2.67,10.65,0.0,0.0,58.17
2025-10-08,JB05,정읍,35.5699,126.856,8.28,4.53,12.02,15.74,0.0,91.59
2025-10-09,JB05,정읍,35.5699,126.856,11.05,5.63,16.46,0.0,0.0,47.09
2025-10-10,JB05,정읍,35.5699,126.856,7.22,4.23,10.22,0.0,0.0,54.15
2025-10-11,JB05,정읍,35.5699,126.856,11.39,6.74,16.04,0.0,0.0,46.3
2025-10-12,JB05,정읍,35.5699,126.856,9.61,5.35,13.87,0.0,0.0,50.85
2025-10-13,JB05,정읍,35.5699,126.856,10.14,3.84,16.45,0.0,0.0,65.85
2025-10-14,JB05,정읍,35.5699,126.856,9.82,3.23,16.41,0.0,0.0,65.0
2025-10-15,JB05,정읍,35.5699,126.856,8.15,4.5,11.8,0.0,0.0,70.67
2025-10-16,JB05,정읍,35.5699,126.856,5.6,0.28,10.92,16.26,0.0,63.1
2025-10-17,JB05,정읍,35.5699,126.856,8.72,4.54,12.9,0.0,0.0,77.39
2025-10-18,JB05,정읍,35.5699,126.856,5.7,2.29,9.11,20.68,0.0,86.24
2025-10-19,JB05,정읍,35.5699,126.856,5.2,0.41,9.99,0.0,0.0,77.92
2025-10-20,JB05,정읍,35.5699,126.856,7.48,3.76,11.2,0.0,0.0,58.9
2025-10-21,JB05,정읍,35.5699,126.856,7.4,2.42,12.38,0.0,0.0,44.23
2025-10-22,JB05,정읍,35.5699,126.856,5.95,0.78,11.12,0.0,0.0,64.73
2025-10-23,JB05,정읍,35.5699,126.856,6.64,2.38,10.9,0.0,0.0,40.62
2025-10-24,JB05,정읍,35.5699,126.856,4.74,-1.11,10.6,0.0,0.0,80.86
2025-10-25,JB05,정읍,35.5699,126.856,6.28,1.28,11.29,0.0,0.0,70.75
2025-10-26,JB05,정읍,35.5699,126.856,6.71,1.19,12.23,0.0,0.0,63.22
2025-10-27,JB05,정읍,35.5699,126.856,3.56,-0.58,7.7,0.0,0.0,46.11
2025-10-28,JB05,정읍,35.5699,126.856,1.61,-2.43,5.64,0.0,0.0,59.05
2025-10-29,JB05,정읍,35.5699,126.856,6.71,2.0,11.42,0.0,0.0,48.85
2025-10-30,JB05,정읍,35.5699,126.856,7.29,2.9,11.68,0.0,0.0,56.14
2025-10-31,JB05,정읍,35.5699,126.856,3.24,-0.68,7.15,0.0,0.0,55.13
2025-11-01,JB05,정읍,35.5699,126.856,6.38,1.43,11.33,0.0,0.0,70.12
2025-11-02,JB05,정읍,35.5699,126.856,9.32,4.2,14.43,0.0,0.0,53.13
2025-11-03,JB05,정읍,35.5699,126.856,6.42,2.64,10.2,0.0,0.0,73.26
2025-11-04,JB05,정읍,35.5699,126.856,1.26,-3.72,6.24,0.0,0.0,69.27
2025-11-05,JB05,정읍,35.5699,126.856,7.11,2.03,12.19,7.52,0.0,71.48
2025-11-06,JB05,정읍,35.5699,126.856,1.74,-2.83,6.32,0.0,0.0,55.5
2025-11-07,JB05,정읍,35.5699,126.856,-0.25,-5.17,4.68,0.0,0.0,32.75
2025-11-08,JB05,정읍,35.5699,126.856,2.73,-0.93,6.4,2.85,0.0,53.94
2025-11-09,JB05,정읍,35.5699,126.856,4.32,-1.71,10.35,0.0,0.0,68.26
2025-11-10,JB05,정읍,35.5699,126.856,5.89,2.51,9.27,0.0,0.0,67.95
2025-11-11,JB05,정읍,35.5699,126.856,2.01,-1.62,5.64,0.0,0.0,43.18
2025-11-12,JB05,정읍,35.5699,126.856,0.29,-3.48,4.05,9.16,0.0,56.11
2025-11-13,JB05,정읍,35.5699,126.856,0.4,-4.68,5.48,0.0,0.0,51.96
2025-11-14,JB05,정읍,35.5699,126.856,-1.87,-6.69,2.95,0.0,0.0,47.71
2025-11-15,JB05,정읍,35.5699,126.856,4.88,0.45,9.32,0.0,0.0,49.05
2025-11-16,JB05,정읍,35.5699,126.856,-0.01,-4.16,4.14,0.0,0.0,76.49
2025-11-17,JB05,정읍,35.5699,126.856,-1.3,-5.27,2.67,0.0,0.0,45.32
2025-11-18,JB05,정읍,35.5699,126.856,2.22,-2.28,6.72,0.0,0.0,58.18
2025-11-19,JB05,정읍,35.5699,126.856,-1.04,-5.56,3.47,0.0,0.0,62.63
2025-11-20,JB05,정읍,35.5699,126.856,2.14,-1.78,6.06,0.0,0.0,63.63
2025-11-21,JB05,정읍,35.5699,126.856,2.69,-1.7,7.08,0.0,0.0,44.83
2025-11-22,JB05,정읍,35.5699,126.856,-0.32,-5.6,4.96,0.0,0.0,58.94
2025-11-23,JB05,정읍,35.5699,126.856,4.87,-0.19,9.92,1.66,0.0,67.03
2025-11-24,JB05,정읍,35.5699,126.856,5.51,-1.38,12.39,0.0,0.0,45.16
2025-11-25,JB05,정읍,35.5699,126.856,-5.8,-11.31,-0.29,0.0,0.0,58.98
2025-11-26,JB05,정읍,35.5699,126.856,-1.99,-6.4,2.41,0.0,0.0,65.83
2025-11-27,JB05,정읍,35.5699,126.856,1.49,-3.74,6.72,0.0,0.0,69.81
2025-11-28,JB05,정읍,35.5699,126.856,2.24,-0.96,5.43,0.0,0.0,70.26
2025-11-29,JB05,정읍,35.5699,126.856,1.73,-3.08,6.54,0.0,0.0,41.67
2025-11-30,JB05,정읍,35.5699,126.856,3.48,-0.49,7.46,8.37,0.0,59.73
2025-12-01,JB05,정읍,35.5699,126.856,2.85,-1.42,7.12,0.0,0.0,64.42
2025-12-02,JB05,정읍,35.5699,126.856,4.5,2.36,6.65,0.0,0.0,60.04
2025-12-03,JB05,정읍,35.5699,126.856,1.6,-2.42,5.62,8.95,0.0,77.0
2025-12-04,JB05,정읍,35.5699,126.856,-3.61,-8.6,1.37,0.0,0.0,77.72
2025-12-05,JB05,정읍,35.5699,126.856,-2.27,-5.52,0.99,0.0,0.96,63.55
2025-12-06,JB05,정읍,35.5699,126.856,0.5,-3.86,4.87,0.0,0.0,56.88
2025-12-07,JB05,정읍,35.5699,126.856,-1.33,-7.46,4.8,0.0,0.0,70.27
2025-12-08,JB05,정읍,35.5699,126.856,2.87,-2.39,8.13,0.0,0.0,55.56
2025-12-09,JB05,정읍,35.5699,126.856,-5.5,-10.79,-0.2,0.0,0.0,56.83
2025-12-10,JB05,정읍,35.5699,126.856,1.23,-1.75,4.21,26.03,0.0,82.17
2025-12-11,JB05,정읍,35.5699,126.856,-1.45,-4.38,1.47,0.0,0.22,56.27
2025-12-12,JB05,정읍,35.5699,126.856,-0.92,-6.85,5.02,0.0,0.0,53.68
2025-12-13,JB05,정읍,35.5699,126.856,0.47,-5.16,6.09,0.0,0.7,33.21
2025-12-14,JB05,정읍,35.5699,126.856,-1.08,-6.78,4.62,0.0,3.97,50.84
2025-12-15,JB05,정읍,35.5699,126.856,-1.79,-5.05,1.48,0.0,1.72,57.42
2025-12-16,JB05,정읍,35.5699,126.856,-5.94,-10.86,-1.03,0.0,0.0,56.95
2025-12-17,JB05,정읍,35.5699,126.856,-1.38,-7.82,5.06,0.0,0.0,47.09
2025-12-18,JB05,정읍,35.5699,126.856,-2.14,-6.94,2.67,0.0,0.0,61.33
2025-12-19,JB05,정읍,35.5699,126.856,-2.02,-7.49,3.45,0.0,0.0,61.61
2025-12-20,JB05,정읍,35.5699,126.856,-0.32,-5.53,4.88,11.4,0.0,52.84
2025-12-21,JB05,정읍,35.5699,126.856,-4.91,-11.35,1.53,19.85,0.0,51.85
2025-12-22,JB05,정읍,35.5699,126.856,-1.49,-7.59,4.61,0.0,0.0,38.57
2025-12-23,JB05,정읍,35.5699,126.856,-4.12,-10.15,1.91,0.0,0.0,39.32
2025-12-24,JB05,정읍,35.5699,126.856,-0.29,-3.35,2.78,0.0,0.0,60.94
2025-12-25,JB05,정읍,35.5699,126.856,-2.37,-5.14,0.4,0.0,0.0,61.94
2025-12-26,JB05,정읍,35.5699,126.856,-0.92,-6.4,4.57,7.88,0.0,67.22
2025-12-27,JB05,정읍,35.5699,126.856,-2.33,-5.2,0.53,0.0,0.0,58.72
2025-12-28,JB05,정읍,35.5699,126.856,4.65,-0.74,10.03,0.0,0.0,68.71
2025-12-29,JB05,정읍,35.5699,126.856,-0.93,-5.84,3.97,7.4,0.0,54.88
2025-12-30,JB05,정읍,35.5699,126.856,1.14,-2.74,5.02,0.76,0.0,65.92
2025-12-31,JB05,정읍,35.5699,126.856,-1.02,-4.93,2.89,0.0,0.0,66.38
2026-01-01,JB05,정읍,35.5699,126.856,-3.49,-7.69,0.72,0.0,0.94,60.74
2026-01-02,JB05,정읍,35.5699,126.856,-5.93,-9.11,-2.75,0.0,0.07,60.6
2026-01-03,JB05,정읍,35.5699,126.856,-0.59,-4.33,3.14,0.0,0.0,55.35
2026-01-04,JB05,정읍,35.5699,126.856,0.16,-3.46,3.79,0.0,0.0,70.32
2026-01-05,JB05,정읍,35.5699,126.856,2.31,-2.5,7.12,0.0,0.0,39.93
2026-01-06,JB05,정읍,35.5699,126.856,-4.07,-8.39,0.24,0.0,0.0,71.15
2026-01-07,JB05,정읍,35.5699,126.856,-2.46,-7.86,2.95,0.0,0.0,66.06
2026-01-08,JB05,정읍,35.5699,126.856,2.21,-1.74,6.17,0.0,0.0,70.96
2026-01-09,JB05,정읍,35.5699,126.856,-0.78,-5.28,3.71,0.0,3.12,65.13
2026-01-10,JB05,정읍,35.5699,126.856,-0.59,-6.26,5.08,0.0,0.0,58.56
2026-01-11,JB05,정읍,35.5699,126.856,3.22,-1.83,8.27,38.53,0.0,92.0
2026-01-12,JB05,정읍,35.5699,126.856,1.18,-4.16,6.52,10.7,0.0,64.61
2026-01-13,JB05,정읍,35.5699,126.856,-4.24,-6.76,-1.73,0.0,0.0,33.87
2026-01-14,JB05,정읍,35.5699,126.856,-1.83,-7.3,3.64,20.57,0.0,73.02
2026-01-15,JB05,정읍,35.5699,126.856,-1.46,-4.43,1.52,3.02,0.0,70.86
2026-01-16,JB05,정읍,35.5699,126.856,0.92,-4.4,6.25,12.73,0.0,87.15
2026-01-17,JB05,정읍,35.5699,126.856,-5.83,-8.27,-3.39,0.0,0.0,43.63
2026-01-18,JB05,정읍,35.5699,126.856,-2.69,-6.17,0.79,0.0,0.0,74.4
2026-01-19,JB05,정읍,35.5699,126.856,-3.89,-6.89,-0.9,21.2,0.0,77.25
2026-01-20,JB05,정읍,35.5699,126.856,-0.13,-3.4,3.14,6.2,0.0,58.7
2026-01-21,JB05,정읍,35.5699,126.856,0.64,-3.72,5.0,9.17,0.0,68.89
2026-01-22,JB05,정읍,35.5699,126.856,1.41,-4.23,7.05,13.41,0.7,67.17
2026-01-23,JB05,정읍,35.5699,126.856,1.74,-0.82,4.3,3.61,0.0,44.99
2026-01-24,JB05,정읍,35.5699,126.856,-0.88,-5.83,4.06,0.0,0.0,52.33
2026-01-25,JB05,정읍,35.5699,126.856,2.93,-2.22,8.08,0.0,0.0,70.81
2026-01-26,JB05,정읍,35.5699,126.856,0.48,-5.77,6.73,0.0,2.11,54.24
2026-01-27,JB05,정읍,35.5699,126.856,-2.79,-9.08,3.49,0.0,0.58,71.2
2026-01-28,JB05,정읍,35.5699,126.856,0.63,-3.8,5.06,0.0,0.0,62.29
2026-01-29,JB05,정읍,35.5699,126.856,-2.2,-6.1,1.71,0.0,3.41,51.09
2026-01-30,JB05,정읍,35.5699,126.856,7.63,3.61,11.66,5.17,0.0,62.91
2026-01-31,JB05,정읍,35.5699,126.856,3.37,-1.57,8.32,0.0,0.0,60.09
2026-02-01,JB05,정읍,35.5699,126.856,2.19,-3.53,7.91,0.0,0.0,52.87
2026-02-02,JB05,정읍,35.5699,126.856,0.57,-2.59,3.74,0.0,0.0,80.7
2026-02-03,JB05,정읍,35.5699,126.856,0.19,-4.7,5.07,0.0,0.0,80.19
2026-02-04,JB05,정읍,35.5699,126.856,5.33,1.09,9.57,0.0,0.0,64.28
2026-02-05,JB05,정읍,35.5699,126.856,1.77,-1.52,5.07,19.22,0.0,75.99
2026-02-06,JB05,정읍,35.5699,126.856,4.83,2.21,7.46,0.0,0.0,78.18
2026-02-07,JB05,정읍,35.5699,126.856,2.82,-0.44,6.08,0.0,0.62,58.82
2026-02-08,JB05,정읍,35.5699,126.856,1.92,-2.55,6.4,0.0,0.0,43.45
2026-02-09,JB05,정읍,35.5699,126.856,0.74,-4.7,6.19,0.0,0.0,47.6
2026-02-10,JB05,정읍,35.5699,126.856,1.65,-3.66,6.97,0.0,0.54,53.87
2026-02-11,JB05,정읍,35.5699,126.856,4.67,0.21,9.13,1.01,0.0,54.54
2026-02-12,JB05,정읍,35.5699,126.856,0.35,-5.55,6.26,0.0,0.0,53.71
2026-02-13,JB05,정읍,35.5699,126.856,0.58,-2.77,3.92,0.0,1.44,56.11
2026-02-14,JB05,정읍,35.5699,126.856,3.11,-3.62,9.84,0.0,0.0,59.1
2026-02-15,JB05,정읍,35.5699,126.856,4.07,-0.97,9.12,0.0,0.0,68.32
2026-02-16,JB05,정읍,35.5699,126.856,3.57,-1.97,9.12,11.9,0.0,69.59
2026-02-17,JB05,정읍,35.5699,126.856,1.08,-3.12,5.27,0.0,0.0,50.48
2026-02-18,JB05,정읍,35.5699,126.856,6.52,2.32,10.72,0.0,0.0,68.73
2026-02-19,JB05,정읍,35.5699,126.856,2.32,-0.56,5.21,12.51,0.0,56.42
2026-02-20,JB05,정읍,35.5699,126.856,3.57,-2.16,9.3,0.0,0.0,46.09
2026-02-21,JB05,정읍,35.5699,126.856,3.52,-1.35,8.39,0.0,0.0,57.46
2026-02-22,JB05,정읍,35.5699,126.856,6.65,1.39,11.92,0.0,0.0,81.02
2026-02-23,JB05,정읍,35.5699,126.856,4.71,-0.05,9.47,0.0,3.52,65.83
2026-02-24,JB05,정읍,35.5699,126.856,5.35,-0.23,10.93,0.0,0.0,65.32
2026-02-25,JB05,정읍,35.5699,126.856,6.0,2.4,9.6,0.0,0.0,65.33
2026-02-26,JB05,정읍,35.5699,126.856,5.16,1.17,9.14,0.0,0.0,64.6
2026-02-27,JB05,정읍,35.5699,126.856,1.7,-3.21,6.61,0.0,0.0,59.96
2026-02-28,JB05,정읍,35.5699,126.856,7.39,2.25,12.53,0.0,0.0,54.72
2026-03-01,JB05,정읍,35.5699,126.856,3.42,0.9,5.94,0.0,0.0,65.03
2026-03-02,JB05,정읍,35.5699,126.856,8.92,5.22,12.62,0.0,0.0,42.97
2026-03-03,JB05,정읍,35.5699,126.856,4.23,-0.41,8.87,0.0,0.0,74.79
2026-03-04,JB05,정읍,35.5699,126.856,5.94,2.4,9.49,0.0,0.0,51.12
2026-03-05,JB05,정읍,35.5699,126.856,12.05,6.72,17.39,0.0,0.0,55.61
2026-03-06,JB05,정읍,35.5699,126.856,6.92,1.66,12.19,0.0,0.0,55.09
2026-03-07,JB05,정읍,35.5699,126.856,5.52,1.51,9.52,2.96,0.0,63.22
2026-03-08,JB05,정읍,35.5699,126.856,6.91,3.32,10.5,0.0,0.0,52.95
2026-03-09,JB05,정읍,35.5699,126.856,7.66,1.96,13.37,0.0,0.0,79.73
2026-03-10,JB05,정읍,35.5699,126.856,7.59,2.64,12.54,0.0,0.0,69.42
2026-03-11,JB05,정읍,35.5699,126.856,7.67,3.61,11.74,0.0,0.0,55.32
2026-03-12,JB05,정읍,35.5699,126.856,9.19,4.5,13.88,0.0,0.0,50.89
2026-03-13,JB05,정읍,35.5699,126.856,6.56,2.56,10.55,0.0,0.0,64.62
2026-03-14,JB05,정읍,35.5699,126.856,10.53,6.03,15.03,0.0,0.0,56.32
2026-03-15,JB05,정읍,35.5699,126.856,4.65,0.39,8.92,2.19,0.0,61.1
2026-03-16,JB05,정읍,35.5699,126.856,6.33,2.61,10.05,0.0,0.0,41.97
2026-03-17,JB05,정읍,35.5699,126.856,8.83,5.61,12.05,6.13,0.0,68.64
2026-03-18,JB05,정읍,35.5699,126.856,12.73,7.31,18.16,0.0,0.0,44.2
2026-03-19,JB05,정읍,35.5699,126.856,9.13,4.11,14.14,0.0,0.0,75.53
2026-03-20,JB05,정읍,35.5699,126.856,12.5,7.01,17.98,0.0,0.0,58.96
2026-03-21,JB05,정읍,35.5699,126.856,9.46,4.76,14.15,0.0,0.0,58.68
2026-03-22,JB05,정읍,35.5699,126.856,6.23,2.31,10.15,16.65,0.0,61.68
2026-03-23,JB05,정읍,35.5699,126.856,15.58,10.91,20.24,0.0,0.0,41.82
2026-03-24,JB05,정읍,35.5699,126.856,9.33,3.67,14.98,8.27,0.0,50.19
2026-03-25,JB05,정읍,35.5699,126.856,10.81,4.76,16.86,0.0,0.0,56.75
2026-03-26,JB05,정읍,35.5699,126.856,15.02,11.9,18.13,0.0,0.0,76.64
2026-03-27,JB05,정읍,35.5699,126.856,12.87,8.69,17.06,0.0,0.0,49.93
2026-03-28,JB05,정읍,35.5699,126.856,12.37,7.66,17.09,1.83,0.0,54.17
2026-03-29,JB05,정읍,35.5699,126.856,9.57,3.67,15.46,0.0,0.0,77.43
2026-03-30,JB05,정읍,35.5699,126.856,13.72,9.51,17.93,10.8,0.0,79.83
2026-03-31,JB05,정읍,35.5699,126.856,7.49,3.32,11.67,0.0,0.0,49.55
2026-04-01,JB05,정읍,35.5699,126.856,12.03,6.87,17.18,0.0,0.0,45.06
2026-04-02,JB05,정읍,35.5699,126.856,9.54,6.08,13.0,0.0,0.0,43.34
2026-04-03,JB05,정읍,35.5699,126.856,10.72,4.86,16.57,0.0,0.0,58.31
2026-04-04,JB05,정읍,35.5699,126.856,10.98,5.78,16.18,0.0,0.0,49.12
2026-04-05,JB05,정읍,35.5699,126.856,17.63,12.73,22.54,0.0,0.0,62.0
2026-04-06,JB05,정읍,35.5699,126.856,14.65,8.11,21.2,0.0,0.0,63.41
2026-04-07,JB05,정읍,35.5699,126.856,12.93,7.5,18.35,0.0,0.0,59.09
2026-04-08,JB05,정읍,35.5699,126.856,21.08,19.08,23.08,0.0,0.0,60.72
2026-04-09,JB05,정읍,35.5699,126.856,13.83,9.56,18.11,0.0,0.0,55.48
2026-04-10,JB05,정읍,35.5699,126.856,15.13,11.17,19.1,0.0,0.0,55.48
2026-04-11,JB05,정읍,35.5699,126.856,16.19,12.42,19.95,0.0,0.0,65.33
2026-04-12,JB05,정읍,35.5699,126.856,16.04,12.67,19.41,0.0,0.0,74.86
2026-04-13,JB05,정읍,35.5699,126.856,13.42,8.22,18.63,0.0,0.0,68.08
2026-04-14,JB05,정읍,35.5699,126.856,13.82,10.38,17.26,0.0,0.0,52.46
2026-04-15,JB05,정읍,35.5699,126.856,16.66,12.08,21.23,0.0,0.0,57.72
2026-04-16,JB05,정읍,35.5699,126.856,13.15,7.95,18.36,0.0,0.0,57.76
2026-04-17,JB05,정읍,35.5699,126.856,16.76,10.34,23.19,0.0,0.0,48.56
2026-04-18,JB05,정읍,35.5699,126.856,17.71,14.46,20.97,0.0,0.0,52.01
2026-04-19,JB05,정읍,35.5699,126.856,14.85,10.62,19.07,0.0,0.0,69.06
2026-04-20,JB05,정읍,35.5699,126.856,18.96,14.09,23.83,0.0,0.0,34.42
2026-04-21,JB05,정읍,35.5699,126.856,17.83,15.83,19.83,0.0,0.0,56.38
2026-04-22,JB05,정읍,35.5699,126.856,17.79,13.79,21.79,6.54,0.0,60.74
2026-04-23,JB05,정읍,35.5699,126.856,20.69,14.46,26.91,0.0,0.0,67.3
2026-04-24,JB05,정읍,35.5699,126.856,15.7,11.81,19.6,0.0,0.0,57.58
2026-04-25,JB05,정읍,35.5699,126.856,15.24,11.11,19.38,0.35,0.0,53.21
2026-04-26,JB05,정읍,35.5699,126.856,17.84,13.88,21.79,0.0,0.0,50.94
2026-04-27,JB05,정읍,35.5699,126.856,14.68,10.77,18.59,0.0,0.0,54.9
2026-04-28,JB05,정읍,35.5699,126.856,18.63,13.66,23.59,0.0,0.0,51.66
2026-04-29,JB05,정읍,35.5699,126.856,14.77,8.87,20.67,0.0,0.0,48.45
2026-04-30,JB05,정읍,35.5699,126.856,19.41,13.74,25.08,0.0,0.0,60.51
2026-05-01,JB05,정읍,35.5699,126.856,21.48,18.31,24.65,0.0,0.0,54.65
2026-05-02,JB05,정읍,35.5699,126.856,19.94,13.67,26.22,26.8,0.0,83.92
2026-05-03,JB05,정읍,35.5699,126.856,18.48,13.69,23.28,10.63,0.0,62.91
2026-05-04,JB05,정읍,35.5699,126.856,17.95,15.95,19.95,0.0,0.0,49.01
2026-05-05,JB05,정읍,35.5699,126.856,19.17,14.67,23.67,0.0,0.0,61.05
2026-05-06,JB05,정읍,35.5699,126.856,20.65,15.61,25.7,11.26,0.0,74.12
2026-05-07,JB05,정읍,35.5699,126.856,14.21,7.41,21.0,0.0,0.0,60.17
2026-05-08,JB05,정읍,35.5699,126.856,16.81,10.98,22.64,0.0,0.0,63.34
2026-05-09,JB05,정읍,35.5699,126.856,17.3,10.35,24.25,7.98,0.0,63.97
2026-05-10,JB05,정읍,35.5699,126.856,19.53,13.77,25.28,0.0,0.0,69.39
2026-05-11,JB05,정읍,35.5699,126.856,18.26,14.07,22.45,0.0,0.0,62.96
2026-05-12,JB05,정읍,35.5699,126.856,21.76,16.47,27.06,0.0,0.0,64.61
2026-05-13,JB05,정읍,35.5699,126.856,18.89,13.96,23.81,0.0,0.0,41.2
2026-05-14,JB05,정읍,35.5699,126.856,22.37,17.13,27.62,0.0,0.0,65.26
2026-05-15,JB05,정읍,35.5699,126.856,21.6,16.62,26.57,0.0,0.0,54.12
2026-05-16,JB05,정읍,35.5699,126.856,18.3,12.17,24.44,0.0,0.0,48.84
2026-05-17,JB05,정읍,35.5699,126.856,22.31,16.54,28.09,0.0,0.0,48.72
2026-05-18,JB05,정읍,35.5699,126.856,14.29,9.35,19.22,12.93,0.0,79.48
2026-05-19,JB05,정읍,35.5699,126.856,26.14,20.28,32.0,22.53,0.0,75.62
2026-05-20,JB05,정읍,35.5699,126.856,19.0,11.77,26.23,0.0,0.0,70.29
2026-05-21,JB05,정읍,35.5699,126.856,20.92,15.36,26.48,0.0,0.0,53.9
2026-05-22,JB05,정읍,35.5699,126.856,22.14,17.13,27.15,2.02,0.0,71.88
2026-05-23,JB05,정읍,35.5699,126.856,28.14,22.86,33.41,1.53,0.0,66.6
2026-05-24,JB05,정읍,35.5699,126.856,22.58,19.87,25.3,0.0,0.0,64.31
2026-05-25,JB05,정읍,35.5699,126.856,23.61,21.25,25.97,0.0,0.0,42.32
2026-05-26,JB05,정읍,35.5699,126.856,26.14,21.41,30.87,0.0,0.0,67.9
2026-05-27,JB05,정읍,35.5699,126.856,23.86,17.9,29.81,8.52,0.0,67.44
2026-05-28,JB05,정읍,35.5699,126.856,27.2,23.25,31.15,0.0,0.0,49.2
2026-05-29,JB05,정읍,35.5699,126.856,18.28,13.55,23.01,0.0,0.0,56.9
2026-05-30,JB05,정읍,35.5699,126.856,19.76,14.92,24.59,2.71,0.0,57.64
2026-05-31,JB05,정읍,35.5699,126.856,25.02,20.07,29.98,0.0,0.0,59.37
2026-06-01,JB05,정읍,35.5699,126.856,25.69,22.48,28.9,0.0,0.0,71.4
2026-06-02,JB05,정읍,35.5699,126.856,20.6,14.83,26.37,0.0,0.0,55.78
2026-06-03,JB05,정읍,35.5699,126.856,22.94,17.3,28.57,0.1,0.0,62.79
2026-06-04,JB05,정읍,35.5699,126.856,25.63,22.1,29.16,0.0,0.0,67.77
2026-06-05,JB05,정읍,35.5699,126.856,23.8,20.98,26.62,0.0,0.0,55.86
2026-06-06,JB05,정읍,35.5699,126.856,26.65,23.68,29.61,0.0,0.0,63.1
2026-06-07,JB05,정읍,35.5699,126.856,23.9,20.7,27.1,0.0,0.0,73.23
2026-06-08,JB05,정읍,35.5699,126.856,24.79,19.0,30.57,0.0,0.0,63.97
2026-06-09,JB05,정읍,35.5699,126.856,23.5,18.46,28.53,0.0,0.0,58.83
2026-06-10,JB05,정읍,35.5699,126.856,28.9,26.05,31.75,17.13,0.0,92.14
2026-06-11,JB05,정읍,35.5699,126.856,27.62,21.37,33.86,0.0,0.0,48.78
2026-06-12,JB05,정읍,35.5699,126.856,20.49,14.35,26.64,0.0,0.0,73.85
2026-06-13,JB05,정읍,35.5699,126.856,26.14,21.73,30.56,11.36,0.0,65.79
2026-06-14,JB05,정읍,35.5699,126.856,28.01,21.98,34.04,0.0,0.0,52.0
2026-06-15,JB05,정읍,35.5699,126.856,27.78,25.5,30.05,14.19,0.0,79.09
2026-06-16,JB05,정읍,35.5699,126.856,24.63,20.73,28.53,2.05,0.0,39.81
2026-06-17,JB05,정읍,35.5699,126.856,25.43,20.88,29.98,10.65,0.0,77.07
2026-06-18,JB05,정읍,35.5699,126.856,26.13,21.13,31.13,4.55,0.0,64.12
2026-06-19,JB05,정읍,35.5699,126.856,24.41,18.68,30.13,0.0,0.0,61.76
2026-06-20,JB05,정읍,35.5699,126.856,21.49,15.95,27.03,0.0,0.0,47.57
2026-06-21,JB05,정읍,35.5699,126.856,28.84,23.57,34.11,11.26,0.0,64.21
2026-06-22,JB05,정읍,35.5699,126.856,26.79,21.04,32.53,0.0,0.0,78.73
2026-06-23,JB05,정읍,35.5699,126.856,24.47,21.5,27.43,0.0,0.0,41.12
2026-06-24,JB05,정읍,35.5699,126.856,23.97,19.72,28.21,0.0,0.0,57.71
2026-06-25,JB05,정읍,35.5699,126.856,27.0,22.45,31.55,0.0,0.0,52.22
2026-06-26,JB05,정읍,35.5699,126.856,28.4,25.59,31.22,6.23,0.0,62.77
2026-06-27,JB05,정읍,35.5699,126.856,25.02,20.81,29.22,0.0,0.0,58.02
2026-06-28,JB05,정읍,35.5699,126.856,29.73,24.93,34.53,6.46,0.0,57.29
2026-06-29,JB05,정읍,35.5699,126.856,25.35,20.84,29.86,10.29,0.0,67.18
2026-06-30,JB05,정읍,35.5699,126.856,28.76,23.8,33.73,0.0,0.0,58.5
2026-07-01,JB05,정읍,35.5699,126.856,27.29,23.59,30.99,3.44,0.0,58.11
2026-07-02,JB05,정읍,35.5699,126.856,26.06,21.82,30.3,0.0,0.0,55.28
2026-07-03,JB05,정읍,35.5699,126.856,28.66,23.65,33.68,0.0,0.0,68.95
2026-07-04,JB05,정읍,35.5699,126.856,22.8,17.49,28.12,0.0,0.0,64.16
2026-07-05,JB05,정읍,35.5699,126.856,29.37,25.78,32.96,0.0,0.0,70.6
2026-07-06,JB05,정읍,35.5699,126.856,23.35,19.67,27.03,10.07,0.0,71.57
2026-07-07,JB05,정읍,35.5699,126.856,21.48,15.56,27.41,0.0,0.0,77.13
2026-07-08,JB05,정읍,35.5699,126.856,26.44,22.27,30.6,0.0,0.0,60.39
2026-07-09,JB05,정읍,35.5699,126.856,24.72,18.92,30.53,0.0,0.0,78.21
2026-07-10,JB05,정읍,35.5699,126.856,27.81,23.53,32.09,0.0,0.0,50.17
2026-07-11,JB05,정읍,35.5699,126.856,25.2,22.1,28.3,3.75,0.0,70.55
2026-07-12,JB05,정읍,35.5699,126.856,24.95,19.33,30.57,0.0,0.0,62.22
2026-07-13,JB05,정읍,35.5699,126.856,28.57,24.34,32.8,11.41,0.0,68.23
2026-07-14,JB05,정읍,35.5699,126.856,26.96,22.68,31.23,0.0,0.0,61.75
2026-07-15,JB05,정읍,35.5699,126.856,25.18,18.9,31.45,0.0,0.0,54.96
2026-07-16,JB05,정읍,35.5699,126.856,25.69,20.08,31.3,0.0,0.0,65.19
2026-07-17,JB05,정읍,35.5699,126.856,20.76,18.76,22.76,0.0,0.0,62.39
2026-07-18,JB05,정읍,35.5699,126.856,24.23,18.97,29.5,23.06,0.0,67.58
2026-07-19,JB05,정읍,35.5699,126.856,22.39,20.39,24.39,18.69,0.0,79.71
2026-07-20,JB05,정읍,35.5699,126.856,23.76,19.88,27.64,6.35,0.0,80.64
2026-07-21,JB05,정읍,35.5699,126.856,20.92,16.64,25.21,9.82,0.0,62.29
2026-07-22,JB05,정읍,35.5699,126.856,21.72,17.22,26.23,0.0,0.0,56.63
2026-07-23,JB05,정읍,35.5699,126.856,28.57,23.88,33.26,4.59,0.0,61.44
2026-07-24,JB05,정읍,35.5699,126.856,29.79,25.61,33.97,0.0,0.0,49.72
2026-07-25,JB05,정읍,35.5699,126.856,17.07,13.44,20.7,0.0,0.0,63.95
2026-07-26,JB05,정읍,35.5699,126.856,27.52,23.4,31.64,0.0,0.0,46.91
2026-07-27,JB05,정읍,35.5699,126.856,24.43,19.67,29.19,4.25,0.0,40.74
2026-07-28,JB05,정읍,35.5699,126.856,25.63,21.68,29.58,8.97,0.0,56.36
2026-07-29,JB05,정읍,35.5699,126.856,22.24,15.68,28.8,17.54,0.0,57.65
2026-07-30,JB05,정읍,35.5699,126.856,25.78,20.29,31.28,0.0,0.0,54.29
2026-07-31,JB05,정읍,35.5699,126.856,19.52,14.07,24.97,3.55,0.0,73.25
2026-08-01,JB05,정읍,35.5699,126.856,21.37,14.92,27.83,5.01,0.0,58.14
2026-08-02,JB05,정읍,35.5699,126.856,25.49,20.02,30.97,0.0,0.0,59.85
2026-08-03,JB05,정읍,35.5699,126.856,21.57,17.08,26.06,0.0,0.0,72.67
2026-08-04,JB05,정읍,35.5699,126.856,24.94,20.54,29.34,25.06,0.0,76.75
2026-08-05,JB05,정읍,35.5699,126.856,26.12,22.18,30.06,0.0,0.0,55.69
2026-08-06,JB05,정읍,35.5699,126.856,19.11,14.26,23.95,4.05,0.0,59.74
2026-08-07,JB05,정읍,35.5699,126.856,20.44,16.58,24.29,0.0,0.0,60.47
2026-08-08,JB05,정읍,35.5699,126.856,21.61,17.06,26.17,0.0,0.0,56.44
2026-08-09,JB05,정읍,35.5699,126.856,23.29,18.0,28.58,0.0,0.0,60.74
2026-08-10,JB05,정읍,35.5699,126.856,21.74,17.02,26.47,4.43,0.0,41.83
2026-08-11,JB05,정읍,35.5699,126.856,25.13,18.26,32.01,23.77,0.0,83.67
2026-08-12,JB05,정읍,35.5699,126.856,23.98,20.94,27.03,0.0,0.0,53.74
2026-08-13,JB05,정읍,35.5699,126.856,26.73,22.44,31.03,0.0,0.0,56.22
2026-08-14,JB05,정읍,35.5699,126.856,26.35,22.41,30.28,12.98,0.0,70.67
2026-08-15,JB05,정읍,35.5699,126.856,19.31,17.31,21.31,0.0,0.0,53.11
