prediction_date,grid_id,grid_lat,grid_lon,risk_score,risk_percentile,risk_level,predicted_label,risk_reason,priority_score,priority_rank,recurrence_score,importance_score,priority_weight_risk,priority_weight_recurrence,priority_weight_importance,precip_3d,precip_7d,freeze_thaw_7d,past_potholes_90d,past_potholes_total,has_repair_history,days_since_last_repair
2026-01-03,22925_7999,35.93020122,126.95815274,0.97649288,1.00000000,매우 높음,1,격자 위치의 공간 위험 패턴; 보수 후 341일 경과 영향; 최근 7일 동결·융해 6회,0.86374407,1,0.30000000,,0.83333333,0.16666667,0.00000000,25.57000000,29.00000000,6.00000000,0.00000000,2.00000000,1,341.00000000
2026-01-03,22967_7985,35.86731944,127.19074275,0.97107679,0.99835255,매우 높음,1,격자 위치의 공간 위험 패턴; 보수 후 367일 경과 영향; 최근 7일 동결·융해 6회,0.85923067,2,0.30000000,,0.83333333,0.16666667,0.00000000,24.93000000,57.05000000,6.00000000,0.00000000,3.00000000,1,367.00000000
2026-01-03,22931_7996,35.91672655,126.99137988,0.95677358,0.99670511,매우 높음,1,격자 위치의 공간 위험 패턴; 보수 후 309일 경과 영향; 최근 7일 동결·융해 6회,0.84731133,3,0.30000000,,0.83333333,0.16666667,0.00000000,25.57000000,29.00000000,6.00000000,0.00000000,2.00000000,1,309.00000000
2026-01-03,22923_8000,35.93469278,126.94707702,0.93769926,0.99505766,매우 높음,1,격자 위치의 공간 위험 패턴; 최근 7일 동결·융해 6회; 보수 후 376일 경과 영향,0.83141603,4,0.30000000,,0.83333333,0.16666667,0.00000000,25.57000000,29.00000000,6.00000000,0.00000000,3.00000000,1,376.00000000
2026-01-03,22959_7982,35.85384477,127.14643989,0.89490879,0.99341021,매우 높음,1,격자 위치의 공간 위험 패턴; 최근 7일 동결·융해 6회; 보수 후 362일 경과 영향,0.79575729,5,0.30000000,,0.83333333,0.16666667,0.00000000,24.93000000,57.05000000,6.00000000,0.00000000,1.00000000,1,362.00000000
2026-01-03,22932_8012,35.98859145,126.99691774,0.74007720,0.98846787,매우 높음,1,격자 위치의 공간 위험 패턴; 최근 7일 동결·융해 6회; 최근 90일 포트홀 0건,0.66673098,6,0.30000000,,0.83333333,0.16666667,0.00000000,25.57000000,29.00000000,6.00000000,0.00000000,3.00000000,1,304.00000000
2026-01-03,22925_8000,35.93469278,126.95815274,0.76458508,0.99176277,매우 높음,1,격자 위치의 공간 위험 패턴; 최근 7일 동결·융해 6회; 최근 90일 포트홀 0건,0.63715425,7,0.00000000,,0.83333333,0.16666667,0.00000000,25.57000000,29.00000000,6.00000000,0.00000000,0.00000000,0,0.00000000
2026-01-03,22915_7991,35.89426877,126.90277416,0.69420642,0.98517298,매우 높음,1,격자 위치의 공간 위험 패턴; 보수 후 371일 경과 영향; 최근 7일 동결·융해 6회,0.62850533,8,0.30000000,,0.83333333,0.16666667,0.00000000,25.57000000,29.00000000,6.00000000,0.00000000,2.00000000,1,371.00000000
2026-01-03,22962_7975,35.82240388,127.16305347,0.74737400,0.99011532,매우 높음,1,격자 위치의 공간 위험 패턴; 최근 7일 동결·융해 6회; 최근 90일 포트홀 0건,0.62281165,9,0.00000000,,0.83333333,0.16666667,0.00000000,24.93000000,57.05000000,6.00000000,0.00000000,0.00000000,0,0.00000000
2026-01-03,22925_8003,35.94816745,126.95815274,0.68441695,0.98352554,매우 높음,1,최근 7일 동결·융해 6회; 보수 후 610일 경과 영향; 과거 누적 포트홀 1건,0.62034744,10,0.30000000,,0.83333333,0.16666667,0.00000000,25.57000000,29.00000000,6.00000000,0.00000000,1.00000000,1,610.00000000
2026-01-03,22913_8003,35.94816745,126.89169845,0.65279555,0.98187809,매우 높음,1,격자 위치의 공간 위험 패턴; 과거 누적 포트홀 1건; 최근 7일 동결·융해 6회,0.59399629,11,0.30000000,,0.83333333,0.16666667,0.00000000,25.57000000,29.00000000,6.00000000,0.00000000,1.00000000,0,0.00000000
2026-01-03,22959_7967,35.78647143,127.14643989,0.64935821,0.98023064,매우 높음,1,격자 위치의 공간 위험 패턴; 최근 7일 동결·융해 6회; 최근 90일 포트홀 0건,0.59113183,12,0.30000000,,0.83333333,0.16666667,0.00000000,24.93000000,57.05000000,6.00000000,0.00000000,1.00000000,0,0.00000000
2026-01-03,22959_7975,35.82240388,127.14643989,0.70898926,0.98682043,매우 높음,1,격자 위치의 공간 위험 패턴; 최근 7일 동결·융해 6회; 최근 90일 포트홀 0건,0.59082442,13,0.00000000,,0.83333333,0.16666667,0.00000000,24.93000000,57.05000000,6.00000000,0.00000000,0.00000000,0,0.00000000
2026-01-03,22947_7975,35.82240388,127.07998560,0.64204454,0.97858320,매우 높음,1,최근 7일 동결·융해 6회; 과거 누적 포트홀 1건; 격자 위치의 공간 위험 패턴,0.58503712,14,0.30000000,,0.83333333,0.16666667,0.00000000,24.93000000,57.05000000,6.00000000,0.00000000,1.00000000,1,378.00000000
2026-01-03,22959_7968,35.79096299,127.14643989,0.63132119,0.97693575,매우 높음,1,격자 위치의 공간 위험 패턴; 최근 7일 동결·융해 6회; 최근 90일 포트홀 0건,0.57610099,15,0.30000000,,0.83333333,0.16666667,0.00000000,24.93000000,57.05000000,6.00000000,0.00000000,2.00000000,0,0.00000000
2026-01-03,22882_8012,35.98859145,126.72002486,0.60699213,0.97528830,매우 높음,1,보수 후 351일 경과 영향; 격자 위치의 공간 위험 패턴; 최근 7일 동결·융해 5회,0.55582677,16,0.30000000,,0.83333333,0.16666667,0.00000000,27.23000000,36.28000000,5.00000000,0.00000000,2.00000000,1,351.00000000
2026-01-03,22937_8003,35.94816745,127.02460703,0.59121370,0.97034596,매우 높음,1,격자 위치의 공간 위험 패턴; 최근 7일 동결·융해 6회; 최근 90일 포트홀 0건,0.54267809,17,0.30000000,,0.83333333,0.16666667,0.00000000,25.57000000,29.00000000,6.00000000,0.00000000,1.00000000,0,0.00000000
2026-01-03,22911_7924,35.59333453,126.88062273,0.56937265,0.96540362,매우 높음,1,최근 7일 동결·융해 7회; 과거 누적 포트홀 1건; 격자 위치의 공간 위험 패턴,0.52447721,18,0.30000000,,0.83333333,0.16666667,0.00000000,24.30000000,24.30000000,7.00000000,0.00000000,1.00000000,0,0.00000000
2026-01-03,22952_7985,35.86731944,127.10767489,0.55203182,0.95881384,매우 높음,1,격자 위치의 공간 위험 패턴; 최근 90일 포트홀 0건,0.51002653,19,0.30000000,,0.83333333,0.16666667,0.00000000,24.93000000,57.05000000,6.00000000,0.00000000,1.00000000,0,0.00000000
2026-01-03,22959_7979,35.84037010,127.14643989,0.60398918,0.97364086,매우 높음,1,최근 7일 동결·융해 6회; 격자 위치의 공간 위험 패턴; 최근 90일 포트홀 0건,0.50332434,20,0.00000000,,0.83333333,0.16666667,0.00000000,24.93000000,57.05000000,6.00000000,0.00000000,0.00000000,0,0.00000000
2026-01-03,22923_8003,35.94816745,126.94707702,0.59956127,0.97199341,매우 높음,1,격자 위치의 공간 위험 패턴; 최근 7일 동결·융해 6회; 최근 90일 포트홀 0건,0.49963441,21,0.00000000,,0.83333333,0.16666667,0.00000000,25.57000000,29.00000000,6.00000000,0.00000000,0.00000000,0,0.00000000
2026-01-03,22959_7978,35.83587855,127.14643989,0.58340496,0.96869852,매우 높음,1,최근 7일 동결·융해 6회; 최근 90일 포트홀 0건; 격자 위치의 공간 위험 패턴,0.48617078,22,0.00000000,,0.83333333,0.16666667,0.00000000,24.93000000,57.05000000,6.00000000,0.00000000,0.00000000,0,0.00000000
2026-01-03,22948_7975,35.82240388,127.08552346,0.58187675,0.96705107,매우 높음,1,최근 7일 동결·융해 6회; 격자 위치의 공간 위험 패턴; 최근 90일 포트홀 0건,0.48489730,23,0.00000000,,0.83333333,0.16666667,0.00000000,24.93000000,57.05000000,6.00000000,0.00000000,0.00000000,0,0.00000000
2026-01-03,22959_7966,35.78197988,127.14643989,0.51171291,0.95222405,매우 높음,1,최근 7일 동결·융해 6회; 격자 위치의 공간 위험 패턴; 최근 90일 포트홀 0건,0.47642742,24,0.30000000,,0.83333333,0.16666667,0.00000000,24.93000000,57.05000000,6.00000000,0.00000000,1.00000000,1,361.00000000
2026-01-03,22961_7978,35.83587855,127.15751561,0.56385809,0.96375618,매우 높음,1,최근 7일 동결·융해 6회; 최근 90일 포트홀 0건,0.46988176,25,0.00000000,,0.83333333,0.16666667,0.00000000,24.93000000,57.05000000,6.00000000,0.00000000,0.00000000,0,0.00000000
2026-01-03,22961_7975,35.82240388,127.15751561,0.55954111,0.96210873,매우 높음,1,최근 7일 동결·융해 6회; 격자 위치의 공간 위험 패턴; 최근 90일 포트홀 0건,0.46628426,26,0.00000000,,0.83333333,0.16666667,0.00000000,24.93000000,57.05000000,6.00000000,0.00000000,0.00000000,0,0.00000000
2026-01-03,22932_8003,35.94816745,126.99691774,0.55233526,0.96046129,매우 높음,1,격자 위치의 공간 위험 패턴; 최근 7일 동결·융해 6회; 최근 90일 포트홀 0건,0.46027939,27,0.00000000,,0.83333333,0.16666667,0.00000000,25.57000000,29.00000000,6.00000000,0.00000000,0.00000000,0,0.00000000
2026-01-03,22885_7995,35.91223500,126.73663844,0.49129906,0.95057661,매우 높음,0,보수 후 467일 경과 영향; 격자 위치의 공간 위험 패턴; 최근 7일 동결·융해 5회,0.45941589,28,0.30000000,,0.83333333,0.16666667,0.00000000,27.23000000,36.28000000,5.00000000,0.00000000,2.00000000,1,467.00000000
2026-01-03,22962_7976,35.82689544,127.16305347,0.54638737,0.95716639,매우 높음,1,최근 7일 동결·융해 6회; 최근 90일 포트홀 0건,0.45532280,29,0.00000000,,0.83333333,0.16666667,0.00000000,24.93000000,57.05000000,6.00000000,0.00000000,0.00000000,0,0.00000000
2026-01-03,22925_7996,35.91672655,126.95815274,0.54028195,0.95551895,매우 높음,1,최근 7일 동결·융해 6회; 격자 위치의 공간 위험 패턴; 최근 90일 포트홀 0건,0.45023494,30,0.00000000,,0.83333333,0.16666667,0.00000000,25.57000000,29.00000000,6.00000000,0.00000000,0.00000000,0,0.00000000
2026-01-03,22954_7982,35.85384477,127.11875061,0.53011811,0.95387150,매우 높음,1,격자 위치의 공간 위험 패턴; 최근 7일 동결·융해 6회; 최근 90일 포트홀 0건,0.44176509,31,0.00000000,,0.83333333,0.16666667,0.00000000,24.93000000,57.05000000,6.00000000,0.00000000,0.00000000,0,0.00000000
2026-01-03,22949_7988,35.88079411,127.09106132,0.45644021,0.94892916,높음,0,격자 위치의 공간 위험 패턴; 최근 7일 동결·융해 6회; 최근 90일 포트홀 0건,0.43036684,32,0.30000000,,0.83333333,0.16666667,0.00000000,24.93000000,57.05000000,6.00000000,0.00000000,2.00000000,1,297.00000000
2026-01-03,22959_7983,35.85833633,127.14643989,0.45290962,0.94645799,높음,0,최근 7일 동결·융해 6회; 최근 90일 포트홀 0건,0.37742469,33,0.00000000,,0.83333333,0.16666667,0.00000000,24.93000000,57.05000000,6.00000000,0.00000000,0.00000000,0,0.00000000
2026-01-03,22959_7984,35.86282788,127.14643989,0.45290962,0.94645799,높음,0,최근 7일 동결·융해 6회; 최근 90일 포트홀 0건,0.37742469,34,0.00000000,,0.83333333,0.16666667,0.00000000,24.93000000,57.05000000,6.00000000,0.00000000,0.00000000,0,0.00000000
2026-01-03,22954_7975,35.82240388,127.11875061,0.37355933,0.92915980,높음,0,과거 누적 포트홀 1건; 최근 7일 동결·융해 6회; 최근 90일 포트홀 0건,0.36129943,35,0.30000000,,0.83333333,0.16666667,0.00000000,24.93000000,57.05000000,6.00000000,0.00000000,1.00000000,1,483.00000000
2026-01-03,22952_7975,35.82240388,127.10767489,0.43050143,0.94398682,높음,0,최근 7일 동결·융해 6회; 최근 90일 포트홀 0건,0.35875118,36,0.00000000,,0.83333333,0.16666667,0.00000000,24.93000000,57.05000000,6.00000000,0.00000000,0.00000000,0,0.00000000
2026-01-03,22993_7897,35.47206252,127.33472705,0.36671335,0.92751236,높음,0,격자 위치의 공간 위험 패턴; 최근 7일 동결·융해 7회; 최근 90일 포트홀 0건,0.35559447,37,0.30000000,,0.83333333,0.16666667,0.00000000,28.16000000,28.16000000,7.00000000,0.00000000,2.00000000,1,308.00000000
2026-01-03,22960_7976,35.82689544,127.15197775,0.41253749,0.94151565,높음,0,최근 7일 동결·융해 6회; 최근 90일 포트홀 0건,0.34378125,38,0.00000000,,0.83333333,0.16666667,0.00000000,24.93000000,57.05000000,6.00000000,0.00000000,0.00000000,0,0.00000000
2026-01-03,22960_7977,35.83138699,127.15197775,0.41253749,0.94151565,높음,0,최근 7일 동결·융해 6회; 최근 90일 포트홀 0건,0.34378125,39,0.00000000,,0.83333333,0.16666667,0.00000000,24.93000000,57.05000000,6.00000000,0.00000000,0.00000000,0,0.00000000
2026-01-03,23003_7885,35.41816385,127.39010562,0.40344176,0.93904448,높음,0,최근 7일 동결·융해 7회; 과거 누적 포트홀 0건,0.33620146,40,0.00000000,,0.83333333,0.16666667,0.00000000,28.16000000,28.16000000,7.00000000,0.00000000,0.00000000,0,0.00000000
2026-01-03,22885_8012,35.98859145,126.73663844,0.40045860,0.93739703,높음,0,최근 7일 동결·융해 5회; 최근 90일 포트홀 0건,0.33371551,41,0.00000000,,0.83333333,0.16666667,0.00000000,27.23000000,36.28000000,5.00000000,0.00000000,0.00000000,0,0.00000000
2026-01-03,22959_7991,35.89426877,127.14643989,0.39956340,0.93574959,높음,0,최근 7일 동결·융해 6회; 최근 90일 포트홀 0건,0.33296949,42,0.00000000,,0.83333333,0.16666667,0.00000000,24.93000000,57.05000000,6.00000000,0.00000000,0.00000000,0,0.00000000
2026-01-03,22926_8002,35.94367589,126.96369060,0.39237401,0.93410214,높음,0,격자 위치의 공간 위험 패턴; 최근 7일 동결·융해 6회; 최근 90일 포트홀 0건,0.32697833,43,0.00000000,,0.83333333,0.16666667,0.00000000,25.57000000,29.00000000,6.00000000,0.00000000,0.00000000,0,0.00000000
2026-01-03,22931_8003,35.94816745,126.99137988,0.18742311,0.83525535,높음,0,격자 위치의 공간 위험 패턴; 최근 7일 동결·융해 6회; 보수 후 66일 경과 영향,0.32285259,44,1.00000000,,0.83333333,0.16666667,0.00000000,25.57000000,29.00000000,6.00000000,1.00000000,2.00000000,1,66.00000000
2026-01-03,22923_8001,35.93918433,126.94707702,0.38694105,0.93245470,높음,0,최근 7일 동결·융해 6회; 격자 위치의 공간 위험 패턴; 최근 90일 포트홀 0건,0.32245086,45,0.00000000,,0.83333333,0.16666667,0.00000000,25.57000000,29.00000000,6.00000000,0.00000000,0.00000000,0,0.00000000
2026-01-03,23003_7872,35.35977363,127.39010562,0.38401240,0.93080725,높음,0,최근 7일 동결·융해 7회; 과거 누적 포트홀 0건,0.32001032,46,0.00000000,,0.83333333,0.16666667,0.00000000,28.16000000,28.16000000,7.00000000,0.00000000,0.00000000,0,0.00000000
2026-01-03,22959_7988,35.88079411,127.14643989,0.36470914,0.92586491,높음,0,최근 7일 동결·융해 6회; 최근 90일 포트홀 0건,0.30392428,47,0.00000000,,0.83333333,0.16666667,0.00000000,24.93000000,57.05000000,6.00000000,0.00000000,0.00000000,0,0.00000000
2026-01-03,22924_8003,35.94816745,126.95261488,0.36152944,0.92421746,높음,0,최근 7일 동결·융해 6회; 최근 90일 포트홀 0건,0.30127452,48,0.00000000,,0.83333333,0.16666667,0.00000000,25.57000000,29.00000000,6.00000000,0.00000000,0.00000000,0,0.00000000
2026-01-03,22959_7993,35.90325189,127.14643989,0.15527932,0.79736409,보통,0,격자 위치의 공간 위험 패턴; 최근 7일 동결·융해 6회; 보수 후 63일 경과 영향,0.29606610,49,1.00000000,,0.83333333,0.16666667,0.00000000,24.93000000,57.05000000,6.00000000,1.00000000,2.00000000,1,63.00000000
2026-01-03,22915_7929,35.61579231,126.90277416,0.29465842,0.90280066,높음,0,최근 7일 동결·융해 7회,0.29554869,50,0.30000000,,0.83333333,0.16666667,0.00000000,24.30000000,24.30000000,7.00000000,0.00000000,1.00000000,0,0.00000000
2026-01-03,22959_7989,35.88528566,127.14643989,0.34510255,0.92174629,높음,0,최근 7일 동결·융해 6회; 최근 90일 포트홀 0건,0.28758546,51,0.00000000,,0.83333333,0.16666667,0.00000000,24.93000000,57.05000000,6.00000000,0.00000000,0.00000000,0,0.00000000
2026-01-03,22959_7990,35.88977722,127.14643989,0.34510255,0.92174629,높음,0,최근 7일 동결·융해 6회; 최근 90일 포트홀 0건,0.28758546,52,0.00000000,,0.83333333,0.16666667,0.00000000,24.93000000,57.05000000,6.00000000,0.00000000,0.00000000,0,0.00000000
2026-01-03,22910_7924,35.59333453,126.87508487,0.33689493,0.91927512,높음,0,최근 7일 동결·융해 7회,0.28074576,53,0.00000000,,0.83333333,0.16666667,0.00000000,24.30000000,24.30000000,7.00000000,0.00000000,0.00000000,0,0.00000000
2026-01-03,22953_7982,35.85384477,127.11321275,0.33062446,0.91762768,높음,0,최근 7일 동결·융해 6회; 최근 90일 포트홀 0건,0.27552038,54,0.00000000,,0.83333333,0.16666667,0.00000000,24.93000000,57.05000000,6.00000000,0.00000000,0.00000000,0,0.00000000
2026-01-03,22907_7929,35.61579231,126.85847130,0.32327658,0.91598023,높음,0,최근 7일 동결·융해 7회,0.26939715,55,0.00000000,,0.83333333,0.16666667,0.00000000,24.30000000,24.30000000,7.00000000,0.00000000,0.00000000,0,0.00000000
2026-01-03,22925_7997,35.92121811,126.95815274,0.31845978,0.91350906,높음,0,최근 7일 동결·융해 6회; 최근 90일 포트홀 0건,0.26538316,56,0.00000000,,0.83333333,0.16666667,0.00000000,25.57000000,29.00000000,6.00000000,0.00000000,0.00000000,0,0.00000000
2026-01-03,22925_7998,35.92570967,126.95815274,0.31845978,0.91350906,높음,0,최근 7일 동결·융해 6회; 최근 90일 포트홀 0건,0.26538316,57,0.00000000,,0.83333333,0.16666667,0.00000000,25.57000000,29.00000000,6.00000000,0.00000000,0.00000000,0,0.00000000
2026-01-03,22959_7980,35.84486166,127.14643989,0.31822878,0.91103789,높음,0,최근 7일 동결·융해 6회; 최근 90일 포트홀 0건,0.26519065,58,0.00000000,,0.83333333,0.16666667,0.00000000,24.93000000,57.05000000,6.00000000,0.00000000,0.00000000,0,0.00000000
2026-01-03,22959_7992,35.89876033,127.14643989,0.31819680,0.90939044,높음,0,최근 7일 동결·융해 6회; 최근 90일 포트홀 0건,0.26516401,59,0.00000000,,0.83333333,0.16666667,0.00000000,24.93000000,57.05000000,6.00000000,0.00000000,0.00000000,0,0.00000000
2026-01-03,22896_8007,35.96613367,126.79755487,0.11707870,0.75617792,보통,0,보수 후 52일 경과 영향; 최근 7일 동결·융해 5회,0.26423225,60,1.00000000,,0.83333333,0.16666667,0.00000000,27.23000000,36.28000000,5.00000000,1.00000000,2.00000000,1,52.00000000
2026-01-03,22885_7994,35.90774344,126.73663844,0.25224984,0.88467875,높음,0,격자 위치의 공간 위험 패턴; 최근 7일 동결·융해 5회; 최근 90일 포트홀 0건,0.26020820,61,0.30000000,,0.83333333,0.16666667,0.00000000,27.23000000,36.28000000,5.00000000,0.00000000,2.00000000,1,296.00000000
2026-01-03,22926_8001,35.93918433,126.96369060,0.30830172,0.90774300,높음,0,최근 7일 동결·융해 6회; 최근 90일 포트홀 0건,0.25691811,62,0.00000000,,0.83333333,0.16666667,0.00000000,25.57000000,29.00000000,6.00000000,0.00000000,0.00000000,0,0.00000000
2026-01-03,22907_7916,35.55740208,126.85847130,0.30673957,0.90609555,높음,0,최근 7일 동결·융해 7회; 보수이력 없음의 모델 기여,0.25561631,63,0.00000000,,0.83333333,0.16666667,0.00000000,24.30000000,24.30000000,7.00000000,0.00000000,0.00000000,0,0.00000000
2026-01-03,22931_7995,35.91223500,126.99137988,0.30572382,0.90444811,높음,0,최근 7일 동결·융해 6회; 최근 90일 포트홀 0건,0.25476986,64,0.00000000,,0.83333333,0.16666667,0.00000000,25.57000000,29.00000000,6.00000000,0.00000000,0.00000000,0,0.00000000
2026-01-03,22926_8003,35.94816745,126.96369060,0.10422724,0.73476112,보통,0,격자 위치의 공간 위험 패턴; 최근 7일 동결·융해 6회,0.25352270,65,1.00000000,,0.83333333,0.16666667,0.00000000,25.57000000,29.00000000,6.00000000,1.00000000,2.00000000,1,3.00000000
2026-01-03,22925_7995,35.91223500,126.95815274,0.28804135,0.90115321,높음,0,최근 7일 동결·융해 6회; 최근 90일 포트홀 0건,0.24003446,66,0.00000000,,0.83333333,0.16666667,0.00000000,25.57000000,29.00000000,6.00000000,0.00000000,0.00000000,0,0.00000000
2026-01-03,22967_7966,35.78197988,127.19074275,0.27861854,0.89950577,높음,0,최근 7일 동결·융해 6회; 최근 90일 포트홀 0건,0.23218211,67,0.00000000,,0.83333333,0.16666667,0.00000000,24.93000000,57.05000000,6.00000000,0.00000000,0.00000000,0,0.00000000
2026-01-03,22950_7975,35.82240388,127.09659918,0.27754036,0.89703460,높음,0,최근 7일 동결·융해 6회; 최근 90일 포트홀 0건,0.23128364,68,0.00000000,,0.83333333,0.16666667,0.00000000,24.93000000,57.05000000,6.00000000,0.00000000,0.00000000,0,0.00000000
2026-01-03,22951_7975,35.82240388,127.10213703,0.27754036,0.89703460,높음,0,최근 7일 동결·융해 6회; 최근 90일 포트홀 0건,0.23128364,69,0.00000000,,0.83333333,0.16666667,0.00000000,24.93000000,57.05000000,6.00000000,0.00000000,0.00000000,0,0.00000000
2026-01-03,22962_7978,35.83587855,127.16305347,0.07104136,0.67874794,보통,0,격자 위치의 공간 위험 패턴; 최근 7일 동결·융해 6회,0.22586780,70,1.00000000,,0.83333333,0.16666667,0.00000000,24.93000000,57.05000000,6.00000000,1.00000000,2.00000000,1,2.00000000
2026-01-03,22915_8003,35.94816745,126.90277416,0.27034631,0.89456343,높음,0,최근 7일 동결·융해 6회,0.22528860,71,0.00000000,,0.83333333,0.16666667,0.00000000,25.57000000,29.00000000,6.00000000,0.00000000,0.00000000,0,0.00000000
2026-01-03,22911_8003,35.94816745,126.88062273,0.26897398,0.89291598,높음,0,최근 7일 동결·융해 6회,0.22414499,72,0.00000000,,0.83333333,0.16666667,0.00000000,25.57000000,29.00000000,6.00000000,0.00000000,0.00000000,0,0.00000000
2026-01-03,22962_7979,35.84037010,127.16305347,0.06715380,0.66721582,보통,0,격자 위치의 공간 위험 패턴; 최근 7일 동결·융해 6회,0.22262816,73,1.00000000,,0.83333333,0.16666667,0.00000000,24.93000000,57.05000000,6.00000000,1.00000000,2.00000000,1,76.00000000
2026-01-03,22953_7975,35.82240388,127.11321275,0.26204294,0.89126853,높음,0,최근 7일 동결·융해 6회; 최근 90일 포트홀 0건,0.21836912,74,0.00000000,,0.83333333,0.16666667,0.00000000,24.93000000,57.05000000,6.00000000,0.00000000,0.00000000,0,0.00000000
2026-01-03,22917_7994,35.90774344,126.91384988,0.19965282,0.84843493,높음,0,과거 누적 포트홀 1건; 최근 7일 동결·융해 6회; 최근 90일 포트홀 0건,0.21637736,75,0.30000000,,0.83333333,0.16666667,0.00000000,25.57000000,29.00000000,6.00000000,0.00000000,1.00000000,1,170.00000000
2026-01-03,22909_7922,35.58435142,126.86954702,0.25710914,0.88962109,높음,0,최근 7일 동결·융해 7회,0.21425760,76,0.00000000,,0.83333333,0.16666667,0.00000000,24.30000000,24.30000000,7.00000000,0.00000000,0.00000000,0,0.00000000
2026-01-03,22947_7976,35.82689544,127.07998560,0.25636962,0.88797364,높음,0,최근 7일 동결·융해 6회; 최근 90일 포트홀 0건,0.21364136,77,0.00000000,,0.83333333,0.16666667,0.00000000,24.93000000,57.05000000,6.00000000,0.00000000,0.00000000,0,0.00000000
2026-01-03,22925_7994,35.90774344,126.95815274,0.25550807,0.88632619,높음,0,최근 7일 동결·융해 6회; 최근 90일 포트홀 0건,0.21292339,78,0.00000000,,0.83333333,0.16666667,0.00000000,25.57000000,29.00000000,6.00000000,0.00000000,0.00000000,0,0.00000000
2026-01-03,22954_7968,35.79096299,127.11875061,0.24767320,0.88303130,높음,0,최근 90일 포트홀 0건; 최근 7일 동결·융해 6회,0.20639433,79,0.00000000,,0.83333333,0.16666667,0.00000000,24.93000000,57.05000000,6.00000000,0.00000000,0.00000000,0,0.00000000
2026-01-03,22925_7991,35.89426877,126.95815274,0.24130574,0.88138386,높음,0,최근 7일 동결·융해 6회; 최근 90일 포트홀 0건,0.20108812,80,0.00000000,,0.83333333,0.16666667,0.00000000,25.57000000,29.00000000,6.00000000,0.00000000,0.00000000,0,0.00000000
2026-01-03,22928_8003,35.94816745,126.97476631,0.03921282,0.58154860,보통,0,최근 7일 동결·융해 6회,0.19934401,81,1.00000000,,0.83333333,0.16666667,0.00000000,25.57000000,29.00000000,6.00000000,1.00000000,1.00000000,1,23.00000000
2026-01-03,23003_7886,35.42265541,127.39010562,0.23202218,0.87973641,높음,0,최근 7일 동결·융해 7회; 과거 누적 포트홀 0건,0.19335182,82,0.00000000,,0.83333333,0.16666667,0.00000000,28.16000000,28.16000000,7.00000000,0.00000000,0.00000000,0,0.00000000
2026-01-03,22959_7976,35.82689544,127.14643989,0.23167057,0.87726524,높음,0,최근 7일 동결·융해 6회; 최근 90일 포트홀 0건,0.19305882,83,0.00000000,,0.83333333,0.16666667,0.00000000,24.93000000,57.05000000,6.00000000,0.00000000,0.00000000,0,0.00000000
2026-01-03,22959_7977,35.83138699,127.14643989,0.23167057,0.87726524,높음,0,최근 7일 동결·융해 6회; 최근 90일 포트홀 0건,0.19305882,84,0.00000000,,0.83333333,0.16666667,0.00000000,24.93000000,57.05000000,6.00000000,0.00000000,0.00000000,0,0.00000000
2026-01-03,22952_7966,35.78197988,127.10767489,0.23100646,0.87479407,높음,0,최근 7일 동결·융해 6회; 최근 90일 포트홀 0건,0.19250539,85,0.00000000,,0.83333333,0.16666667,0.00000000,24.93000000,57.05000000,6.00000000,0.00000000,0.00000000,0,0.00000000
2026-01-03,22945_7975,35.82240388,127.06890989,0.23061243,0.87232290,높음,0,최근 7일 동결·융해 6회; 최근 90일 포트홀 0건,0.19217703,86,0.00000000,,0.83333333,0.16666667,0.00000000,24.93000000,57.05000000,6.00000000,0.00000000,0.00000000,0,0.00000000
2026-01-03,22946_7975,35.82240388,127.07444775,0.23061243,0.87232290,높음,0,최근 7일 동결·융해 6회; 최근 90일 포트홀 0건,0.19217703,87,0.00000000,,0.83333333,0.16666667,0.00000000,24.93000000,57.05000000,6.00000000,0.00000000,0.00000000,0,0.00000000
2026-01-03,22885_7996,35.91672655,126.73663844,0.16487277,0.81713344,높음,0,과거 누적 포트홀 1건; 최근 7일 동결·융해 5회,0.18739397,88,0.30000000,,0.83333333,0.16666667,0.00000000,27.23000000,36.28000000,5.00000000,0.00000000,1.00000000,1,186.00000000
2026-01-03,22949_7976,35.82689544,127.09106132,0.22356793,0.86985173,높음,0,최근 7일 동결·융해 6회; 최근 90일 포트홀 0건,0.18630660,89,0.00000000,,0.83333333,0.16666667,0.00000000,24.93000000,57.05000000,6.00000000,0.00000000,0.00000000,0,0.00000000
2026-01-03,22924_8002,35.94367589,126.95261488,0.22322780,0.86820428,높음,0,최근 7일 동결·융해 6회; 최근 90일 포트홀 0건,0.18602317,90,0.00000000,,0.83333333,0.16666667,0.00000000,25.57000000,29.00000000,6.00000000,0.00000000,0.00000000,0,0.00000000
2026-01-03,22955_7975,35.82240388,127.12428846,0.22023332,0.86408567,높음,0,최근 7일 동결·융해 6회; 최근 90일 포트홀 0건,0.18352777,91,0.00000000,,0.83333333,0.16666667,0.00000000,24.93000000,57.05000000,6.00000000,0.00000000,0.00000000,0,0.00000000
2026-01-03,22956_7975,35.82240388,127.12982632,0.22023332,0.86408567,높음,0,최근 7일 동결·융해 6회; 최근 90일 포트홀 0건,0.18352777,92,0.00000000,,0.83333333,0.16666667,0.00000000,24.93000000,57.05000000,6.00000000,0.00000000,0.00000000,0,0.00000000
2026-01-03,22957_7975,35.82240388,127.13536418,0.22023332,0.86408567,높음,0,최근 7일 동결·융해 6회; 최근 90일 포트홀 0건,0.18352777,93,0.00000000,,0.83333333,0.16666667,0.00000000,24.93000000,57.05000000,6.00000000,0.00000000,0.00000000,0,0.00000000
2026-01-03,22958_7975,35.82240388,127.14090204,0.22023332,0.86408567,높음,0,최근 7일 동결·융해 6회; 최근 90일 포트홀 0건,0.18352777,94,0.00000000,,0.83333333,0.16666667,0.00000000,24.93000000,57.05000000,6.00000000,0.00000000,0.00000000,0,0.00000000
2026-01-03,22972_7975,35.82240388,127.21843204,0.01785852,0.41186161,낮음,0,최근 7일 동결·융해 6회; 과거 누적 포트홀 1건,0.18154877,95,1.00000000,,0.83333333,0.16666667,0.00000000,24.93000000,57.05000000,6.00000000,1.00000000,1.00000000,0,0.00000000
2026-01-03,22916_7907,35.51697808,126.90831202,0.15682103,0.80065898,높음,0,최근 7일 동결·융해 7회; 과거 누적 포트홀 1건,0.18068419,96,0.30000000,,0.83333333,0.16666667,0.00000000,24.30000000,24.30000000,7.00000000,0.00000000,1.00000000,1,339.00000000
2026-01-03,22916_7993,35.90325189,126.90831202,0.21462445,0.85996705,높음,0,최근 7일 동결·융해 6회,0.17885370,97,0.00000000,,0.83333333,0.16666667,0.00000000,25.57000000,29.00000000,6.00000000,0.00000000,0.00000000,0,0.00000000
2026-01-03,22912_8003,35.94816745,126.88616059,0.20956142,0.85831960,높음,0,최근 7일 동결·융해 6회,0.17463452,98,0.00000000,,0.83333333,0.16666667,0.00000000,25.57000000,29.00000000,6.00000000,0.00000000,0.00000000,0,0.00000000
2026-01-03,23003_7888,35.43163852,127.39010562,0.00826560,0.29983526,낮음,0,최근 7일 동결·융해 7회,0.17355467,99,1.00000000,,0.83333333,0.16666667,0.00000000,28.16000000,28.16000000,7.00000000,1.00000000,1.00000000,1,13.00000000
2026-01-03,22950_7988,35.88079411,127.09659918,0.20804039,0.85667216,높음,0,최근 7일 동결·융해 6회; 최근 90일 포트홀 0건,0.17336700,100,0.00000000,,0.83333333,0.16666667,0.00000000,24.93000000,57.05000000,6.00000000,0.00000000,0.00000000,0,0.00000000
2026-01-03,22925_7988,35.88079411,126.95815274,0.20761327,0.85502471,높음,0,최근 7일 동결·융해 6회; 최근 90일 포트홀 0건,0.17301106,101,0.00000000,,0.83333333,0.16666667,0.00000000,25.57000000,29.00000000,6.00000000,0.00000000,0.00000000,0,0.00000000
2026-01-03,22952_7967,35.78647143,127.10767489,0.20336698,0.85337727,높음,0,최근 7일 동결·융해 6회; 최근 90일 포트홀 0건,0.16947248,102,0.00000000,,0.83333333,0.16666667,0.00000000,24.93000000,57.05000000,6.00000000,0.00000000,0.00000000,0,0.00000000
2026-01-03,23003_7873,35.36426518,127.39010562,0.00293127,0.22405272,낮음,0,"누적강수 영향(3일 28.2mm, 7일 28.2mm)",0.16910939,103,1.00000000,,0.83333333,0.16666667,0.00000000,28.16000000,28.16000000,7.00000000,1.00000000,2.00000000,1,546.00000000
2026-01-03,22885_8022,36.03350701,126.73663844,0.00240206,0.21252059,낮음,0,과거 누적 포트홀 1건; 최근 7일 동결·융해 5회,0.16866838,104,1.00000000,,0.83333333,0.16666667,0.00000000,27.23000000,36.28000000,5.00000000,1.00000000,1.00000000,1,27.00000000
2026-01-03,22964_7982,35.85384477,127.17412918,0.20239127,0.85172982,높음,0,최근 7일 동결·융해 6회; 최근 90일 포트홀 0건,0.16865939,105,0.00000000,,0.83333333,0.16666667,0.00000000,24.93000000,57.05000000,6.00000000,0.00000000,0.00000000,0,0.00000000
2026-01-03,22999_7889,35.43613008,127.36795419,0.00208511,0.19769357,낮음,0,모델상 두드러진 양(+) 기여 요인 없음,0.16840426,106,1.00000000,,0.83333333,0.16666667,0.00000000,28.16000000,28.16000000,7.00000000,1.00000000,2.00000000,1,719.00000000
2026-01-03,22910_7923,35.58884298,126.87508487,0.20177107,0.85008237,높음,0,최근 7일 동결·융해 7회,0.16814255,107,0.00000000,,0.83333333,0.16666667,0.00000000,24.30000000,24.30000000,7.00000000,0.00000000,0.00000000,0,0.00000000
2026-01-03,22898_7929,35.61579231,126.80863058,0.00138264,0.14003295,낮음,0,최근 7일 동결·융해 7회,0.16781886,108,1.00000000,,0.83333333,0.16666667,0.00000000,24.30000000,24.30000000,7.00000000,1.00000000,2.00000000,1,33.00000000
2026-01-03,22895_8007,35.96613367,126.79201701,0.00104258,0.11861614,낮음,0,최근 7일 동결·융해 5회,0.16753548,109,1.00000000,,0.83333333,0.16666667,0.00000000,27.23000000,36.28000000,5.00000000,2.00000000,2.00000000,0,0.00000000
2026-01-03,22914_7928,35.61130075,126.89723630,0.00052776,0.08072488,낮음,0,최근 7일 동결·융해 7회,0.16710647,110,1.00000000,,0.83333333,0.16666667,0.00000000,24.30000000,24.30000000,7.00000000,2.00000000,2.00000000,1,23.00000000
2026-01-03,22893_8017,36.01104923,126.78094130,0.00002306,0.00164745,낮음,0,최근 7일 동결·융해 5회; 보수 후 47일 경과 영향,0.16668588,111,1.00000000,,0.83333333,0.16666667,0.00000000,27.23000000,36.28000000,5.00000000,1.00000000,2.00000000,1,47.00000000
2026-01-03,22916_7992,35.89876033,126.90831202,0.19921848,0.84678748,높음,0,최근 7일 동결·융해 6회,0.16601539,112,0.00000000,,0.83333333,0.16666667,0.00000000,25.57000000,29.00000000,6.00000000,0.00000000,0.00000000,0,0.00000000
2026-01-03,22925_7993,35.90325189,126.95815274,0.19680166,0.84514003,높음,0,최근 7일 동결·융해 6회; 최근 90일 포트홀 0건,0.16400139,113,0.00000000,,0.83333333,0.16666667,0.00000000,25.57000000,29.00000000,6.00000000,0.00000000,0.00000000,0,0.00000000
2026-01-03,22925_7990,35.88977722,126.95815274,0.19387478,0.84349259,높음,0,최근 7일 동결·융해 6회; 최근 90일 포트홀 0건,0.16156231,114,0.00000000,,0.83333333,0.16666667,0.00000000,25.57000000,29.00000000,6.00000000,0.00000000,0.00000000,0,0.00000000
2026-01-03,22914_8003,35.94816745,126.89723630,0.19130778,0.84184514,높음,0,최근 7일 동결·융해 6회,0.15942315,115,0.00000000,,0.83333333,0.16666667,0.00000000,25.57000000,29.00000000,6.00000000,0.00000000,0.00000000,0,0.00000000
2026-01-03,22960_7974,35.81791232,127.15197775,0.19072889,0.84019769,높음,0,"최근 7일 동결·융해 6회; 최근 90일 포트홀 0건; 누적강수 영향(3일 24.9mm, 7일 57.0mm)",0.15894074,116,0.00000000,,0.83333333,0.16666667,0.00000000,24.93000000,57.05000000,6.00000000,0.00000000,0.00000000,0,0.00000000
2026-01-03,22927_8000,35.93469278,126.96922845,0.18993765,0.83772652,높음,0,최근 7일 동결·융해 6회; 최근 90일 포트홀 0건,0.15828138,117,0.00000000,,0.83333333,0.16666667,0.00000000,25.57000000,29.00000000,6.00000000,0.00000000,0.00000000,0,0.00000000
2026-01-03,22928_8000,35.93469278,126.97476631,0.18993765,0.83772652,높음,0,최근 7일 동결·융해 6회; 최근 90일 포트홀 0건,0.15828138,118,0.00000000,,0.83333333,0.16666667,0.00000000,25.57000000,29.00000000,6.00000000,0.00000000,0.00000000,0,0.00000000
2026-01-03,22925_8002,35.94367589,126.95815274,0.12339460,0.76771005,보통,0,최근 7일 동결·융해 6회; 최근 90일 포트홀 0건,0.15282883,119,0.30000000,,0.83333333,0.16666667,0.00000000,25.57000000,29.00000000,6.00000000,0.00000000,1.00000000,1,278.00000000
2026-01-03,22916_8003,35.94816745,126.90831202,0.18337522,0.83360791,높음,0,최근 7일 동결·융해 6회,0.15281268,120,0.00000000,,0.83333333,0.16666667,0.00000000,25.57000000,29.00000000,6.00000000,0.00000000,0.00000000,0,0.00000000
2026-01-03,22925_7992,35.89876033,126.95815274,0.18237789,0.83196046,높음,0,최근 7일 동결·융해 6회; 최근 90일 포트홀 0건,0.15198158,121,0.00000000,,0.83333333,0.16666667,0.00000000,25.57000000,29.00000000,6.00000000,0.00000000,0.00000000,0,0.00000000
2026-01-03,22928_7999,35.93020122,126.97476631,0.18111223,0.83031301,높음,0,최근 7일 동결·융해 6회; 최근 90일 포트홀 0건,0.15092686,122,0.00000000,,0.83333333,0.16666667,0.00000000,25.57000000,29.00000000,6.00000000,0.00000000,0.00000000,0,0.00000000
2026-01-03,22959_7969,35.79545455,127.14643989,0.17980228,0.82619440,높음,0,최근 7일 동결·융해 6회; 최근 90일 포트홀 0건,0.14983523,123,0.00000000,,0.83333333,0.16666667,0.00000000,24.93000000,57.05000000,6.00000000,0.00000000,0.00000000,0,0.00000000
2026-01-03,22959_7971,35.80443766,127.14643989,0.17980228,0.82619440,높음,0,최근 7일 동결·융해 6회; 최근 90일 포트홀 0건,0.14983523,124,0.00000000,,0.83333333,0.16666667,0.00000000,24.93000000,57.05000000,6.00000000,0.00000000,0.00000000,0,0.00000000
2026-01-03,22959_7973,35.81342077,127.14643989,0.17980228,0.82619440,높음,0,최근 7일 동결·융해 6회; 최근 90일 포트홀 0건,0.14983523,125,0.00000000,,0.83333333,0.16666667,0.00000000,24.93000000,57.05000000,6.00000000,0.00000000,0.00000000,0,0.00000000
2026-01-03,22959_7974,35.81791232,127.14643989,0.17980228,0.82619440,높음,0,최근 7일 동결·융해 6회; 최근 90일 포트홀 0건,0.14983523,126,0.00000000,,0.83333333,0.16666667,0.00000000,24.93000000,57.05000000,6.00000000,0.00000000,0.00000000,0,0.00000000
2026-01-03,22963_7979,35.84037010,127.16859132,0.17410704,0.82207578,높음,0,최근 7일 동결·융해 6회; 최근 90일 포트홀 0건,0.14508920,127,0.00000000,,0.83333333,0.16666667,0.00000000,24.93000000,57.05000000,6.00000000,0.00000000,0.00000000,0,0.00000000
2026-01-03,22952_7984,35.86282788,127.10767489,0.17234321,0.82042834,높음,0,최근 7일 동결·융해 6회; 최근 90일 포트홀 0건,0.14361935,128,0.00000000,,0.83333333,0.16666667,0.00000000,24.93000000,57.05000000,6.00000000,0.00000000,0.00000000,0,0.00000000
2026-01-03,22960_7958,35.74604743,127.15197775,0.16517612,0.81878089,높음,0,최근 7일 동결·융해 6회; 최근 90일 포트홀 0건,0.13764677,129,0.00000000,,0.83333333,0.16666667,0.00000000,24.93000000,57.05000000,6.00000000,0.00000000,0.00000000,0,0.00000000
2026-01-03,22959_7959,35.75053899,127.14643989,0.16388960,0.81054366,높음,0,최근 7일 동결·융해 6회; 최근 90일 포트홀 0건,0.13657467,130,0.00000000,,0.83333333,0.16666667,0.00000000,24.93000000,57.05000000,6.00000000,0.00000000,0.00000000,0,0.00000000
2026-01-03,22959_7960,35.75503054,127.14643989,0.16388960,0.81054366,높음,0,최근 7일 동결·융해 6회; 최근 90일 포트홀 0건,0.13657467,131,0.00000000,,0.83333333,0.16666667,0.00000000,24.93000000,57.05000000,6.00000000,0.00000000,0.00000000,0,0.00000000
2026-01-03,22959_7961,35.75952210,127.14643989,0.16388960,0.81054366,높음,0,최근 7일 동결·융해 6회; 최근 90일 포트홀 0건,0.13657467,132,0.00000000,,0.83333333,0.16666667,0.00000000,24.93000000,57.05000000,6.00000000,0.00000000,0.00000000,0,0.00000000
2026-01-03,22959_7962,35.76401365,127.14643989,0.16388960,0.81054366,높음,0,최근 7일 동결·융해 6회; 최근 90일 포트홀 0건,0.13657467,133,0.00000000,,0.83333333,0.16666667,0.00000000,24.93000000,57.05000000,6.00000000,0.00000000,0.00000000,0,0.00000000
2026-01-03,22959_7963,35.76850521,127.14643989,0.16388960,0.81054366,높음,0,최근 7일 동결·융해 6회; 최근 90일 포트홀 0건,0.13657467,134,0.00000000,,0.83333333,0.16666667,0.00000000,24.93000000,57.05000000,6.00000000,0.00000000,0.00000000,0,0.00000000
2026-01-03,22959_7964,35.77299677,127.14643989,0.16388960,0.81054366,높음,0,최근 7일 동결·융해 6회; 최근 90일 포트홀 0건,0.13657467,135,0.00000000,,0.83333333,0.16666667,0.00000000,24.93000000,57.05000000,6.00000000,0.00000000,0.00000000,0,0.00000000
2026-01-03,22959_7965,35.77748832,127.14643989,0.16388960,0.81054366,높음,0,최근 7일 동결·융해 6회; 최근 90일 포트홀 0건,0.13657467,136,0.00000000,,0.83333333,0.16666667,0.00000000,24.93000000,57.05000000,6.00000000,0.00000000,0.00000000,0,0.00000000
2026-01-03,23003_7889,35.43613008,127.39010562,0.16114961,0.80395387,높음,0,과거 누적 포트홀 0건; 최근 7일 동결·융해 7회,0.13429133,137,0.00000000,,0.83333333,0.16666667,0.00000000,28.16000000,28.16000000,7.00000000,0.00000000,0.00000000,0,0.00000000
2026-01-03,22907_7924,35.59333453,126.85847130,0.15959804,0.80230643,높음,0,최근 7일 동결·융해 7회,0.13299836,138,0.00000000,,0.83333333,0.16666667,0.00000000,24.30000000,24.30000000,7.00000000,0.00000000,0.00000000,0,0.00000000
2026-01-03,22966_7985,35.86731944,127.18520490,0.15586565,0.79901153,보통,0,최근 90일 포트홀 0건,0.12988804,139,0.00000000,,0.83333333,0.16666667,0.00000000,24.93000000,57.05000000,6.00000000,0.00000000,0.00000000,0,0.00000000
2026-01-03,22999_7885,35.41816385,127.36795419,0.15202247,0.79571664,보통,0,최근 7일 동결·융해 7회; 과거 누적 포트홀 0건,0.12668538,140,0.00000000,,0.83333333,0.16666667,0.00000000,28.16000000,28.16000000,7.00000000,0.00000000,0.00000000,0,0.00000000
2026-01-03,22917_7906,35.51248653,126.91384988,0.15154158,0.79406919,보통,0,최근 7일 동결·융해 7회,0.12628464,141,0.00000000,,0.83333333,0.16666667,0.00000000,24.30000000,24.30000000,7.00000000,0.00000000,0.00000000,0,0.00000000
2026-01-03,22932_7994,35.90774344,126.99691774,0.14797433,0.79242175,보통,0,최근 7일 동결·융해 6회; 최근 90일 포트홀 0건,0.12331194,142,0.00000000,,0.83333333,0.16666667,0.00000000,25.57000000,29.00000000,6.00000000,0.00000000,0.00000000,0,0.00000000
2026-01-03,22949_7963,35.76850521,127.09106132,0.14718989,0.79077430,보통,0,최근 7일 동결·융해 6회; 최근 90일 포트홀 0건,0.12265824,143,0.00000000,,0.83333333,0.16666667,0.00000000,24.93000000,57.05000000,6.00000000,0.00000000,0.00000000,0,0.00000000
2026-01-03,22954_7981,35.84935322,127.11875061,0.14292617,0.78912685,보통,0,최근 7일 동결·융해 6회; 최근 90일 포트홀 0건,0.11910515,144,0.00000000,,0.83333333,0.16666667,0.00000000,24.93000000,57.05000000,6.00000000,0.00000000,0.00000000,0,0.00000000
2026-01-03,22959_7972,35.80892921,127.14643989,0.07769266,0.69028007,보통,0,최근 7일 동결·융해 6회; 최근 90일 포트홀 0건,0.11474388,145,0.30000000,,0.83333333,0.16666667,0.00000000,24.93000000,57.05000000,6.00000000,0.00000000,1.00000000,0,0.00000000
2026-01-03,22933_8003,35.94816745,127.00245560,0.13197732,0.78500824,보통,0,최근 7일 동결·융해 6회; 최근 90일 포트홀 0건,0.10998110,146,0.00000000,,0.83333333,0.16666667,0.00000000,25.57000000,29.00000000,6.00000000,0.00000000,0.00000000,0,0.00000000
2026-01-03,22934_8003,35.94816745,127.00799346,0.13197732,0.78500824,보통,0,최근 7일 동결·융해 6회; 최근 90일 포트홀 0건,0.10998110,147,0.00000000,,0.83333333,0.16666667,0.00000000,25.57000000,29.00000000,6.00000000,0.00000000,0.00000000,0,0.00000000
2026-01-03,22935_8003,35.94816745,127.01353131,0.13197732,0.78500824,보통,0,최근 7일 동결·융해 6회; 최근 90일 포트홀 0건,0.10998110,148,0.00000000,,0.83333333,0.16666667,0.00000000,25.57000000,29.00000000,6.00000000,0.00000000,0.00000000,0,0.00000000
2026-01-03,22936_8003,35.94816745,127.01906917,0.13197732,0.78500824,보통,0,최근 7일 동결·융해 6회; 최근 90일 포트홀 0건,0.10998110,149,0.00000000,,0.83333333,0.16666667,0.00000000,25.57000000,29.00000000,6.00000000,0.00000000,0.00000000,0,0.00000000
2026-01-03,22938_8003,35.94816745,127.03014489,0.13181074,0.78006590,보통,0,최근 7일 동결·융해 6회; 최근 90일 포트홀 0건,0.10984229,150,0.00000000,,0.83333333,0.16666667,0.00000000,25.57000000,29.00000000,6.00000000,0.00000000,0.00000000,0,0.00000000
2026-01-03,22939_8003,35.94816745,127.03568274,0.13181074,0.78006590,보통,0,최근 7일 동결·융해 6회; 최근 90일 포트홀 0건,0.10984229,151,0.00000000,,0.83333333,0.16666667,0.00000000,25.57000000,29.00000000,6.00000000,0.00000000,0.00000000,0,0.00000000
2026-01-03,22925_8012,35.98859145,126.95815274,0.12991446,0.77759473,보통,0,최근 7일 동결·융해 6회; 최근 90일 포트홀 0건,0.10826205,152,0.00000000,,0.83333333,0.16666667,0.00000000,25.57000000,29.00000000,6.00000000,0.00000000,0.00000000,0,0.00000000
2026-01-03,23007_7880,35.39570607,127.41225705,0.12897429,0.77594728,보통,0,최근 7일 동결·융해 7회; 과거 누적 포트홀 0건,0.10747857,153,0.00000000,,0.83333333,0.16666667,0.00000000,28.16000000,28.16000000,7.00000000,0.00000000,0.00000000,0,0.00000000
2026-01-03,22929_8003,35.94816745,126.98030417,0.12489511,0.77347611,보통,0,최근 7일 동결·융해 6회; 최근 90일 포트홀 0건,0.10407926,154,0.00000000,,0.83333333,0.16666667,0.00000000,25.57000000,29.00000000,6.00000000,0.00000000,0.00000000,0,0.00000000
2026-01-03,22930_8003,35.94816745,126.98584203,0.12489511,0.77347611,보통,0,최근 7일 동결·융해 6회; 최근 90일 포트홀 0건,0.10407926,155,0.00000000,,0.83333333,0.16666667,0.00000000,25.57000000,29.00000000,6.00000000,0.00000000,0.00000000,0,0.00000000
2026-01-03,22997_7885,35.41816385,127.35687848,0.12414116,0.77100494,보통,0,최근 7일 동결·융해 7회; 과거 누적 포트홀 0건,0.10345097,156,0.00000000,,0.83333333,0.16666667,0.00000000,28.16000000,28.16000000,7.00000000,0.00000000,0.00000000,0,0.00000000
2026-01-03,22927_8003,35.94816745,126.96922845,0.12390236,0.76935750,보통,0,최근 7일 동결·융해 6회; 최근 90일 포트홀 0건,0.10325197,157,0.00000000,,0.83333333,0.16666667,0.00000000,25.57000000,29.00000000,6.00000000,0.00000000,0.00000000,0,0.00000000
2026-01-03,22885_8007,35.96613367,126.73663844,0.06333690,0.65403624,보통,0,보수 후 648일 경과 영향; 최근 7일 동결·융해 5회; 최근 90일 포트홀 0건,0.10278075,158,0.30000000,,0.83333333,0.16666667,0.00000000,27.23000000,36.28000000,5.00000000,0.00000000,2.00000000,1,648.00000000
2026-01-03,23003_7871,35.35528207,127.39010562,0.06268738,0.65238880,보통,0,최근 7일 동결·융해 7회; 최근 90일 포트홀 0건,0.10223949,159,0.30000000,,0.83333333,0.16666667,0.00000000,28.16000000,28.16000000,7.00000000,0.00000000,1.00000000,1,397.00000000
2026-01-03,22956_7979,35.84037010,127.12982632,0.12120058,0.76606260,보통,0,최근 7일 동결·융해 6회; 최근 90일 포트홀 0건,0.10100048,160,0.00000000,,0.83333333,0.16666667,0.00000000,24.93000000,57.05000000,6.00000000,0.00000000,0.00000000,0,0.00000000
2026-01-03,22967_7976,35.82689544,127.19074275,0.12104119,0.76441516,보통,0,최근 7일 동결·융해 6회; 최근 90일 포트홀 0건,0.10086767,161,0.00000000,,0.83333333,0.16666667,0.00000000,24.93000000,57.05000000,6.00000000,0.00000000,0.00000000,0,0.00000000
2026-01-03,23007_7890,35.44062163,127.41225705,0.12030031,0.76276771,보통,0,최근 7일 동결·융해 7회; 과거 누적 포트홀 0건,0.10025026,162,0.00000000,,0.83333333,0.16666667,0.00000000,28.16000000,28.16000000,7.00000000,0.00000000,0.00000000,0,0.00000000
2026-01-03,22913_7926,35.60231764,126.89169845,0.11855706,0.76029654,보통,0,최근 7일 동결·융해 7회,0.09879755,163,0.00000000,,0.83333333,0.16666667,0.00000000,24.30000000,24.30000000,7.00000000,0.00000000,0.00000000,0,0.00000000
2026-01-03,22913_7927,35.60680920,126.89169845,0.11855706,0.76029654,보통,0,최근 7일 동결·융해 7회,0.09879755,164,0.00000000,,0.83333333,0.16666667,0.00000000,24.30000000,24.30000000,7.00000000,0.00000000,0.00000000,0,0.00000000
2026-01-03,22911_7919,35.57087675,126.88062273,0.11732986,0.75782537,보통,0,최근 7일 동결·융해 7회,0.09777488,165,0.00000000,,0.83333333,0.16666667,0.00000000,24.30000000,24.30000000,7.00000000,0.00000000,0.00000000,0,0.00000000
2026-01-03,22915_7930,35.62028387,126.90277416,0.11311243,0.75453048,보통,0,최근 7일 동결·융해 7회,0.09426036,166,0.00000000,,0.83333333,0.16666667,0.00000000,24.30000000,24.30000000,7.00000000,0.00000000,0.00000000,0,0.00000000
2026-01-03,22885_7999,35.93020122,126.73663844,0.11220023,0.75288303,보통,0,최근 7일 동결·융해 5회,0.09350019,167,0.00000000,,0.83333333,0.16666667,0.00000000,27.23000000,36.28000000,5.00000000,0.00000000,0.00000000,0,0.00000000
2026-01-03,22907_7906,35.51248653,126.85847130,0.05118163,0.62438221,보통,0,최근 7일 동결·융해 7회,0.09265135,168,0.30000000,,0.83333333,0.16666667,0.00000000,24.30000000,24.30000000,7.00000000,0.00000000,2.00000000,1,634.00000000
2026-01-03,22957_7978,35.83587855,127.13536418,0.11023638,0.75041186,보통,0,최근 7일 동결·융해 6회; 최근 90일 포트홀 0건,0.09186366,169,0.00000000,,0.83333333,0.16666667,0.00000000,24.93000000,57.05000000,6.00000000,0.00000000,0.00000000,0,0.00000000
2026-01-03,22958_7978,35.83587855,127.14090204,0.11023638,0.75041186,보통,0,최근 7일 동결·융해 6회; 최근 90일 포트홀 0건,0.09186366,170,0.00000000,,0.83333333,0.16666667,0.00000000,24.93000000,57.05000000,6.00000000,0.00000000,0.00000000,0,0.00000000
2026-01-03,22962_7972,35.80892921,127.16305347,0.10962777,0.74794069,보통,0,최근 7일 동결·융해 6회; 최근 90일 포트홀 0건,0.09135647,171,0.00000000,,0.83333333,0.16666667,0.00000000,24.93000000,57.05000000,6.00000000,0.00000000,0.00000000,0,0.00000000
2026-01-03,22902_7924,35.59333453,126.83078201,0.10780811,0.74546952,보통,0,최근 7일 동결·융해 7회; 최근 90일 포트홀 0건,0.08984009,172,0.00000000,,0.83333333,0.16666667,0.00000000,24.30000000,24.30000000,7.00000000,0.00000000,0.00000000,0,0.00000000
2026-01-03,22903_7924,35.59333453,126.83631987,0.10780811,0.74546952,보통,0,최근 7일 동결·융해 7회; 최근 90일 포트홀 0건,0.08984009,173,0.00000000,,0.83333333,0.16666667,0.00000000,24.30000000,24.30000000,7.00000000,0.00000000,0.00000000,0,0.00000000
2026-01-03,22960_7975,35.82240388,127.15197775,0.04757325,0.60296540,보통,0,격자 위치의 공간 위험 패턴; 최근 90일 포트홀 0건,0.08964438,174,0.30000000,,0.83333333,0.16666667,0.00000000,24.93000000,57.05000000,6.00000000,0.00000000,2.00000000,1,197.00000000
2026-01-03,22953_7967,35.78647143,127.11321275,0.10707693,0.74299835,보통,0,최근 7일 동결·융해 6회; 최근 90일 포트홀 0건,0.08923077,175,0.00000000,,0.83333333,0.16666667,0.00000000,24.93000000,57.05000000,6.00000000,0.00000000,0.00000000,0,0.00000000
2026-01-03,22909_7919,35.57087675,126.86954702,0.10490189,0.74135091,보통,0,최근 7일 동결·융해 7회,0.08741824,176,0.00000000,,0.83333333,0.16666667,0.00000000,24.30000000,24.30000000,7.00000000,0.00000000,0.00000000,0,0.00000000
2026-01-03,22885_7993,35.90325189,126.73663844,0.10485467,0.73970346,보통,0,최근 7일 동결·융해 5회; 최근 90일 포트홀 0건,0.08737889,177,0.00000000,,0.83333333,0.16666667,0.00000000,27.23000000,36.28000000,5.00000000,0.00000000,0.00000000,0,0.00000000
2026-01-03,22959_7986,35.87181100,127.14643989,0.10468292,0.73723229,보통,0,최근 7일 동결·융해 6회; 최근 90일 포트홀 0건,0.08723577,178,0.00000000,,0.83333333,0.16666667,0.00000000,24.93000000,57.05000000,6.00000000,0.00000000,0.00000000,0,0.00000000
2026-01-03,22959_7987,35.87630255,127.14643989,0.10468292,0.73723229,보통,0,최근 7일 동결·융해 6회; 최근 90일 포트홀 0건,0.08723577,179,0.00000000,,0.83333333,0.16666667,0.00000000,24.93000000,57.05000000,6.00000000,0.00000000,0.00000000,0,0.00000000
2026-01-03,22885_7991,35.89426877,126.73663844,0.10206526,0.73311367,보통,0,최근 7일 동결·융해 5회; 최근 90일 포트홀 0건,0.08505438,180,0.00000000,,0.83333333,0.16666667,0.00000000,27.23000000,36.28000000,5.00000000,0.00000000,0.00000000,0,0.00000000
2026-01-03,22915_7919,35.57087675,126.90277416,0.10135522,0.73146623,보통,0,최근 7일 동결·융해 7회,0.08446268,181,0.00000000,,0.83333333,0.16666667,0.00000000,24.30000000,24.30000000,7.00000000,0.00000000,0.00000000,0,0.00000000
2026-01-03,22922_7999,35.93020122,126.94153917,0.10094949,0.72981878,보통,0,최근 7일 동결·융해 6회,0.08412457,182,0.00000000,,0.83333333,0.16666667,0.00000000,25.57000000,29.00000000,6.00000000,0.00000000,0.00000000,0,0.00000000
2026-01-03,22885_8010,35.97960834,126.73663844,0.04012752,0.58484349,보통,0,보수 후 592일 경과 영향; 최근 90일 포트홀 0건,0.08343960,183,0.30000000,,0.83333333,0.16666667,0.00000000,27.23000000,36.28000000,5.00000000,0.00000000,2.00000000,1,592.00000000
2026-01-03,22885_8011,35.98409989,126.73663844,0.09863833,0.72817133,보통,0,최근 7일 동결·융해 5회,0.08219860,184,0.00000000,,0.83333333,0.16666667,0.00000000,27.23000000,36.28000000,5.00000000,0.00000000,0.00000000,0,0.00000000
2026-01-03,23008_7885,35.41816385,127.41779491,0.09764408,0.72652389,보통,0,과거 누적 포트홀 0건,0.08137006,185,0.00000000,,0.83333333,0.16666667,0.00000000,28.16000000,28.16000000,7.00000000,0.00000000,0.00000000,0,0.00000000
2026-01-03,22907_7922,35.58435142,126.85847130,0.09712299,0.72487644,보통,0,최근 7일 동결·융해 7회,0.08093582,186,0.00000000,,0.83333333,0.16666667,0.00000000,24.30000000,24.30000000,7.00000000,0.00000000,0.00000000,0,0.00000000
2026-01-03,22885_8000,35.93469278,126.73663844,0.09654656,0.72322900,보통,0,최근 7일 동결·융해 5회,0.08045547,187,0.00000000,,0.83333333,0.16666667,0.00000000,27.23000000,36.28000000,5.00000000,0.00000000,0.00000000,0,0.00000000
2026-01-03,22912_7925,35.59782609,126.88616059,0.09572691,0.72158155,보통,0,최근 7일 동결·융해 7회,0.07977242,188,0.00000000,,0.83333333,0.16666667,0.00000000,24.30000000,24.30000000,7.00000000,0.00000000,0.00000000,0,0.00000000
2026-01-03,22899_8007,35.96613367,126.81416844,0.09550720,0.71993410,보통,0,최근 7일 동결·융해 5회,0.07958933,189,0.00000000,,0.83333333,0.16666667,0.00000000,27.23000000,36.28000000,5.00000000,0.00000000,0.00000000,0,0.00000000
2026-01-03,22897_8007,35.96613367,126.80309273,0.09428377,0.71828666,보통,0,최근 7일 동결·융해 5회,0.07856982,190,0.00000000,,0.83333333,0.16666667,0.00000000,27.23000000,36.28000000,5.00000000,0.00000000,0.00000000,0,0.00000000
2026-01-03,22954_7969,35.79545455,127.11875061,0.09282963,0.71581549,보통,0,최근 90일 포트홀 0건,0.07735802,191,0.00000000,,0.83333333,0.16666667,0.00000000,24.93000000,57.05000000,6.00000000,0.00000000,0.00000000,0,0.00000000
2026-01-03,22954_7970,35.79994610,127.11875061,0.09282963,0.71581549,보통,0,최근 90일 포트홀 0건,0.07735802,192,0.00000000,,0.83333333,0.16666667,0.00000000,24.93000000,57.05000000,6.00000000,0.00000000,0.00000000,0,0.00000000
2026-01-03,22910_7919,35.57087675,126.87508487,0.09206887,0.71334432,보통,0,최근 7일 동결·융해 7회,0.07672406,193,0.00000000,,0.83333333,0.16666667,0.00000000,24.30000000,24.30000000,7.00000000,0.00000000,0.00000000,0,0.00000000
2026-01-03,22913_7919,35.57087675,126.89169845,0.09145430,0.71169687,보통,0,최근 7일 동결·융해 7회,0.07621192,194,0.00000000,,0.83333333,0.16666667,0.00000000,24.30000000,24.30000000,7.00000000,0.00000000,0.00000000,0,0.00000000
2026-01-03,22885_8013,35.99308300,126.73663844,0.09076380,0.71004942,보통,0,최근 7일 동결·융해 5회; 과거 누적 포트홀 0건; 최근 90일 포트홀 0건,0.07563650,195,0.00000000,,0.83333333,0.16666667,0.00000000,27.23000000,36.28000000,5.00000000,0.00000000,0.00000000,0,0.00000000
2026-01-03,22904_7919,35.57087675,126.84185773,0.02880992,0.51894563,보통,0,최근 7일 동결·융해 7회,0.07400827,196,0.30000000,,0.83333333,0.16666667,0.00000000,24.30000000,24.30000000,7.00000000,0.00000000,1.00000000,1,680.00000000
2026-01-03,23003_7887,35.42714696,127.39010562,0.02876390,0.51729819,보통,0,최근 90일 포트홀 0건,0.07396992,197,0.30000000,,0.83333333,0.16666667,0.00000000,28.16000000,28.16000000,7.00000000,0.00000000,1.00000000,1,530.00000000
2026-01-03,22885_7992,35.89876033,126.73663844,0.08862994,0.70840198,보통,0,최근 7일 동결·융해 5회; 최근 90일 포트홀 0건,0.07385828,198,0.00000000,,0.83333333,0.16666667,0.00000000,27.23000000,36.28000000,5.00000000,0.00000000,0.00000000,0,0.00000000
2026-01-03,22899_7928,35.61130075,126.81416844,0.02837453,0.51565074,보통,0,최근 7일 동결·융해 7회; 과거 누적 포트홀 1건,0.07364544,199,0.30000000,,0.83333333,0.16666667,0.00000000,24.30000000,24.30000000,7.00000000,0.00000000,1.00000000,0,0.00000000
2026-01-03,22953_7983,35.85833633,127.11321275,0.08745738,0.70675453,보통,0,최근 7일 동결·융해 6회; 최근 90일 포트홀 0건,0.07288115,200,0.00000000,,0.83333333,0.16666667,0.00000000,24.93000000,57.05000000,6.00000000,0.00000000,0.00000000,0,0.00000000
2026-01-03,23001_7887,35.42714696,127.37902991,0.08699487,0.70428336,보통,0,과거 누적 포트홀 0건,0.07249572,201,0.00000000,,0.83333333,0.16666667,0.00000000,28.16000000,28.16000000,7.00000000,0.00000000,0.00000000,0,0.00000000
2026-01-03,23002_7887,35.42714696,127.38456777,0.08699487,0.70428336,보통,0,과거 누적 포트홀 0건,0.07249572,202,0.00000000,,0.83333333,0.16666667,0.00000000,28.16000000,28.16000000,7.00000000,0.00000000,0.00000000,0,0.00000000
2026-01-03,22904_7916,35.55740208,126.84185773,0.02671123,0.49258649,낮음,0,최근 7일 동결·융해 7회,0.07225936,203,0.30000000,,0.83333333,0.16666667,0.00000000,24.30000000,24.30000000,7.00000000,0.00000000,1.00000000,1,654.00000000
2026-01-03,22909_7921,35.57985986,126.86954702,0.08644820,0.70181219,보통,0,최근 7일 동결·융해 7회,0.07204017,204,0.00000000,,0.83333333,0.16666667,0.00000000,24.30000000,24.30000000,7.00000000,0.00000000,0.00000000,0,0.00000000
2026-01-03,22965_7968,35.79096299,127.17966704,0.08614770,0.70016474,보통,0,최근 7일 동결·융해 6회; 최근 90일 포트홀 0건,0.07178975,205,0.00000000,,0.83333333,0.16666667,0.00000000,24.93000000,57.05000000,6.00000000,0.00000000,0.00000000,0,0.00000000
2026-01-03,23003_7897,35.47206252,127.39010562,0.08359399,0.69851730,보통,0,최근 7일 동결·융해 7회; 과거 누적 포트홀 0건; 최근 90일 포트홀 0건,0.06966165,206,0.00000000,,0.83333333,0.16666667,0.00000000,28.16000000,28.16000000,7.00000000,0.00000000,0.00000000,0,0.00000000
2026-01-03,22993_7885,35.41816385,127.33472705,0.08231775,0.69686985,보통,0,최근 7일 동결·융해 7회,0.06859812,207,0.00000000,,0.83333333,0.16666667,0.00000000,28.16000000,28.16000000,7.00000000,0.00000000,0.00000000,0,0.00000000
2026-01-03,22996_7885,35.41816385,127.35134062,0.02180945,0.45634267,낮음,0,격자 위치의 공간 위험 패턴; 최근 90일 포트홀 0건,0.06817454,208,0.30000000,,0.83333333,0.16666667,0.00000000,28.16000000,28.16000000,7.00000000,0.00000000,2.00000000,1,278.00000000
2026-01-03,22895_7995,35.91223500,126.79201701,0.08160407,0.69522241,보통,0,최근 7일 동결·융해 5회; 최근 90일 포트홀 0건,0.06800339,209,0.00000000,,0.83333333,0.16666667,0.00000000,27.23000000,36.28000000,5.00000000,0.00000000,0.00000000,0,0.00000000
2026-01-03,22929_7998,35.92570967,126.98030417,0.08154909,0.69275124,보통,0,최근 7일 동결·융해 6회; 최근 90일 포트홀 0건,0.06795758,210,0.00000000,,0.83333333,0.16666667,0.00000000,25.57000000,29.00000000,6.00000000,0.00000000,0.00000000,0,0.00000000
2026-01-03,22930_7997,35.92121811,126.98584203,0.08154909,0.69275124,보통,0,최근 7일 동결·융해 6회; 최근 90일 포트홀 0건,0.06795758,211,0.00000000,,0.83333333,0.16666667,0.00000000,25.57000000,29.00000000,6.00000000,0.00000000,0.00000000,0,0.00000000
2026-01-03,22885_8008,35.97062522,126.73663844,0.07580598,0.68780890,보통,0,최근 7일 동결·융해 5회,0.06317165,212,0.00000000,,0.83333333,0.16666667,0.00000000,27.23000000,36.28000000,5.00000000,0.00000000,0.00000000,0,0.00000000
2026-01-03,22885_8009,35.97511678,126.73663844,0.07580598,0.68780890,보통,0,최근 7일 동결·융해 5회,0.06317165,213,0.00000000,,0.83333333,0.16666667,0.00000000,27.23000000,36.28000000,5.00000000,0.00000000,0.00000000,0,0.00000000
2026-01-03,22882_8011,35.98409989,126.72002486,0.07551697,0.68533773,보통,0,최근 7일 동결·융해 5회,0.06293081,214,0.00000000,,0.83333333,0.16666667,0.00000000,27.23000000,36.28000000,5.00000000,0.00000000,0.00000000,0,0.00000000
2026-01-03,22898_7919,35.57087675,126.80863058,0.07469065,0.68369028,보통,0,최근 7일 동결·융해 7회,0.06224221,215,0.00000000,,0.83333333,0.16666667,0.00000000,24.30000000,24.30000000,7.00000000,0.00000000,0.00000000,0,0.00000000
2026-01-03,22912_7919,35.57087675,126.88616059,0.07340860,0.68204283,보통,0,최근 7일 동결·융해 7회,0.06117383,216,0.00000000,,0.83333333,0.16666667,0.00000000,24.30000000,24.30000000,7.00000000,0.00000000,0.00000000,0,0.00000000
2026-01-03,23007_7885,35.41816385,127.41225705,0.01217658,0.35749588,낮음,0,최근 90일 포트홀 0건,0.06014715,217,0.30000000,,0.83333333,0.16666667,0.00000000,28.16000000,28.16000000,7.00000000,0.00000000,2.00000000,1,240.00000000
2026-01-03,22885_7990,35.88977722,126.73663844,0.07189890,0.68039539,보통,0,최근 7일 동결·융해 5회; 최근 90일 포트홀 0건,0.05991575,218,0.00000000,,0.83333333,0.16666667,0.00000000,27.23000000,36.28000000,5.00000000,0.00000000,0.00000000,0,0.00000000
2026-01-03,22916_8014,35.99757456,126.90831202,0.01163169,0.35584843,낮음,0,최근 7일 동결·융해 6회,0.05969308,219,0.30000000,,0.83333333,0.16666667,0.00000000,25.57000000,29.00000000,6.00000000,0.00000000,1.00000000,1,715.00000000
2026-01-03,23001_7885,35.41816385,127.37902991,0.07040870,0.67627677,보통,0,최근 7일 동결·융해 7회; 과거 누적 포트홀 0건,0.05867392,220,0.00000000,,0.83333333,0.16666667,0.00000000,28.16000000,28.16000000,7.00000000,0.00000000,0.00000000,0,0.00000000
2026-01-03,23002_7885,35.41816385,127.38456777,0.07040870,0.67627677,보통,0,최근 7일 동결·융해 7회; 과거 누적 포트홀 0건,0.05867392,221,0.00000000,,0.83333333,0.16666667,0.00000000,28.16000000,28.16000000,7.00000000,0.00000000,0.00000000,0,0.00000000
2026-01-03,22903_7923,35.58884298,126.83631987,0.06821758,0.67380560,보통,0,최근 7일 동결·융해 7회; 최근 90일 포트홀 0건,0.05684798,222,0.00000000,,0.83333333,0.16666667,0.00000000,24.30000000,24.30000000,7.00000000,0.00000000,0.00000000,0,0.00000000
2026-01-03,22907_7902,35.49452030,126.85847130,0.06798644,0.67133443,보통,0,최근 7일 동결·융해 7회,0.05665537,223,0.00000000,,0.83333333,0.16666667,0.00000000,24.30000000,24.30000000,7.00000000,0.00000000,0.00000000,0,0.00000000
2026-01-03,22907_7905,35.50799497,126.85847130,0.06798644,0.67133443,보통,0,최근 7일 동결·융해 7회,0.05665537,224,0.00000000,,0.83333333,0.16666667,0.00000000,24.30000000,24.30000000,7.00000000,0.00000000,0.00000000,0,0.00000000
2026-01-03,22934_7991,35.89426877,127.00799346,0.06722531,0.66886326,보통,0,최근 7일 동결·융해 6회; 최근 90일 포트홀 0건,0.05602110,225,0.00000000,,0.83333333,0.16666667,0.00000000,25.57000000,29.00000000,6.00000000,0.00000000,0.00000000,0,0.00000000
2026-01-03,22918_7995,35.91223500,126.91938774,0.06655909,0.66474465,보통,0,최근 7일 동결·융해 6회; 최근 90일 포트홀 0건,0.05546591,226,0.00000000,,0.83333333,0.16666667,0.00000000,25.57000000,29.00000000,6.00000000,0.00000000,0.00000000,0,0.00000000
2026-01-03,22919_7996,35.91672655,126.92492559,0.06655909,0.66474465,보통,0,최근 7일 동결·융해 6회,0.05546591,227,0.00000000,,0.83333333,0.16666667,0.00000000,25.57000000,29.00000000,6.00000000,0.00000000,0.00000000,0,0.00000000
2026-01-03,22885_7997,35.92121811,126.73663844,0.06596545,0.66144975,보통,0,최근 7일 동결·융해 5회,0.05497121,228,0.00000000,,0.83333333,0.16666667,0.00000000,27.23000000,36.28000000,5.00000000,0.00000000,0.00000000,0,0.00000000
2026-01-03,22885_7998,35.92570967,126.73663844,0.06596545,0.66144975,보통,0,최근 7일 동결·융해 5회,0.05497121,229,0.00000000,,0.83333333,0.16666667,0.00000000,27.23000000,36.28000000,5.00000000,0.00000000,0.00000000,0,0.00000000
2026-01-03,22909_7916,35.55740208,126.86954702,0.00515212,0.24876442,낮음,0,최근 7일 동결·융해 7회; 최근 90일 포트홀 0건,0.05429343,230,0.30000000,,0.83333333,0.16666667,0.00000000,24.30000000,24.30000000,7.00000000,0.00000000,2.00000000,1,641.00000000
2026-01-03,22963_7975,35.82240388,127.16859132,0.06378151,0.65733114,보통,0,최근 7일 동결·융해 6회; 최근 90일 포트홀 0건,0.05315126,231,0.00000000,,0.83333333,0.16666667,0.00000000,24.93000000,57.05000000,6.00000000,0.00000000,0.00000000,0,0.00000000
2026-01-03,22964_7975,35.82240388,127.17412918,0.06378151,0.65733114,보통,0,최근 7일 동결·융해 6회; 최근 90일 포트홀 0건,0.05315126,232,0.00000000,,0.83333333,0.16666667,0.00000000,24.93000000,57.05000000,6.00000000,0.00000000,0.00000000,0,0.00000000
2026-01-03,22965_7975,35.82240388,127.17966704,0.06378151,0.65733114,보통,0,최근 7일 동결·융해 6회; 최근 90일 포트홀 0건,0.05315126,233,0.00000000,,0.83333333,0.16666667,0.00000000,24.93000000,57.05000000,6.00000000,0.00000000,0.00000000,0,0.00000000
2026-01-03,22901_7925,35.59782609,126.82524416,0.00166053,0.16639209,낮음,0,최근 7일 동결·융해 7회; 과거 누적 포트홀 1건,0.05138378,234,0.30000000,,0.83333333,0.16666667,0.00000000,24.30000000,24.30000000,7.00000000,0.00000000,1.00000000,1,105.00000000
2026-01-03,22904_7922,35.58435142,126.84185773,0.00077414,0.09225700,낮음,0,최근 7일 동결·융해 7회; 최근 90일 포트홀 0건,0.05064512,235,0.30000000,,0.83333333,0.16666667,0.00000000,24.30000000,24.30000000,7.00000000,0.00000000,2.00000000,1,112.00000000
2026-01-03,22966_7975,35.82240388,127.18520490,0.06052153,0.65074135,보통,0,최근 7일 동결·융해 6회; 최근 90일 포트홀 0건,0.05043461,236,0.00000000,,0.83333333,0.16666667,0.00000000,24.93000000,57.05000000,6.00000000,0.00000000,0.00000000,0,0.00000000
2026-01-03,23008_7891,35.44511319,127.41779491,0.00048051,0.07907743,낮음,0,최근 90일 포트홀 0건,0.05040042,237,0.30000000,,0.83333333,0.16666667,0.00000000,28.16000000,28.16000000,7.00000000,0.00000000,1.00000000,1,632.00000000
2026-01-03,22931_8010,35.97960834,126.99137988,0.05837159,0.64909390,보통,0,최근 90일 포트홀 0건,0.04864299,238,0.00000000,,0.83333333,0.16666667,0.00000000,25.57000000,29.00000000,6.00000000,0.00000000,0.00000000,0,0.00000000
2026-01-03,22935_7990,35.88977722,127.01353131,0.05813445,0.64744646,보통,0,최근 7일 동결·융해 6회; 최근 90일 포트홀 0건,0.04844538,239,0.00000000,,0.83333333,0.16666667,0.00000000,25.57000000,29.00000000,6.00000000,0.00000000,0.00000000,0,0.00000000
2026-01-03,22918_7994,35.90774344,126.91938774,0.05703736,0.64579901,보통,0,최근 7일 동결·융해 6회; 최근 90일 포트홀 0건,0.04753113,240,0.00000000,,0.83333333,0.16666667,0.00000000,25.57000000,29.00000000,6.00000000,0.00000000,0.00000000,0,0.00000000
2026-01-03,23000_7889,35.43613008,127.37349205,0.05671715,0.64415157,보통,0,최근 7일 동결·융해 7회; 과거 누적 포트홀 0건,0.04726429,241,0.00000000,,0.83333333,0.16666667,0.00000000,28.16000000,28.16000000,7.00000000,0.00000000,0.00000000,0,0.00000000
2026-01-03,22882_8007,35.96613367,126.72002486,0.05533857,0.64250412,보통,0,최근 7일 동결·융해 5회,0.04611548,242,0.00000000,,0.83333333,0.16666667,0.00000000,27.23000000,36.28000000,5.00000000,0.00000000,0.00000000,0,0.00000000
2026-01-03,22966_7967,35.78647143,127.18520490,0.05522069,0.64085667,보통,0,최근 7일 동결·융해 6회; 최근 90일 포트홀 0건,0.04601724,243,0.00000000,,0.83333333,0.16666667,0.00000000,24.93000000,57.05000000,6.00000000,0.00000000,0.00000000,0,0.00000000
2026-01-03,22964_7980,35.84486166,127.17412918,0.05431183,0.63838550,보통,0,최근 7일 동결·융해 6회; 최근 90일 포트홀 0건,0.04525986,244,0.00000000,,0.83333333,0.16666667,0.00000000,24.93000000,57.05000000,6.00000000,0.00000000,0.00000000,0,0.00000000
2026-01-03,22964_7981,35.84935322,127.17412918,0.05431183,0.63838550,보통,0,최근 7일 동결·융해 6회; 최근 90일 포트홀 0건,0.04525986,245,0.00000000,,0.83333333,0.16666667,0.00000000,24.93000000,57.05000000,6.00000000,0.00000000,0.00000000,0,0.00000000
2026-01-03,22925_8007,35.96613367,126.95815274,0.05369391,0.63591433,보통,0,최근 7일 동결·융해 6회; 최근 90일 포트홀 0건,0.04474493,246,0.00000000,,0.83333333,0.16666667,0.00000000,25.57000000,29.00000000,6.00000000,0.00000000,0.00000000,0,0.00000000
2026-01-03,22994_7885,35.41816385,127.34026491,0.05302032,0.63426689,보통,0,최근 7일 동결·융해 7회,0.04418360,247,0.00000000,,0.83333333,0.16666667,0.00000000,28.16000000,28.16000000,7.00000000,0.00000000,0.00000000,0,0.00000000
2026-01-03,22933_7993,35.90325189,127.00245560,0.05260093,0.63261944,보통,0,최근 7일 동결·융해 6회; 최근 90일 포트홀 0건,0.04383411,248,0.00000000,,0.83333333,0.16666667,0.00000000,25.57000000,29.00000000,6.00000000,0.00000000,0.00000000,0,0.00000000
2026-01-03,22885_8002,35.94367589,126.73663844,0.05243358,0.63097199,보통,0,최근 7일 동결·융해 5회,0.04369465,249,0.00000000,,0.83333333,0.16666667,0.00000000,27.23000000,36.28000000,5.00000000,0.00000000,0.00000000,0,0.00000000
2026-01-03,22994_7895,35.46307941,127.34026491,0.05206949,0.62767710,보통,0,최근 7일 동결·융해 7회,0.04339125,250,0.00000000,,0.83333333,0.16666667,0.00000000,28.16000000,28.16000000,7.00000000,0.00000000,0.00000000,0,0.00000000
2026-01-03,22995_7894,35.45858785,127.34580276,0.05206949,0.62767710,보통,0,최근 7일 동결·융해 7회,0.04339125,251,0.00000000,,0.83333333,0.16666667,0.00000000,28.16000000,28.16000000,7.00000000,0.00000000,0.00000000,0,0.00000000
2026-01-03,22995_7895,35.46307941,127.34580276,0.05206949,0.62767710,보통,0,최근 7일 동결·융해 7회,0.04339125,252,0.00000000,,0.83333333,0.16666667,0.00000000,28.16000000,28.16000000,7.00000000,0.00000000,0.00000000,0,0.00000000
2026-01-03,22961_7973,35.81342077,127.15751561,0.05021580,0.62273476,보통,0,최근 7일 동결·융해 6회; 최근 90일 포트홀 0건,0.04184650,253,0.00000000,,0.83333333,0.16666667,0.00000000,24.93000000,57.05000000,6.00000000,0.00000000,0.00000000,0,0.00000000
2026-01-03,22950_7986,35.87181100,127.09659918,0.04981463,0.62026359,보통,0,최근 7일 동결·융해 6회; 최근 90일 포트홀 0건,0.04151219,254,0.00000000,,0.83333333,0.16666667,0.00000000,24.93000000,57.05000000,6.00000000,0.00000000,0.00000000,0,0.00000000
2026-01-03,22951_7986,35.87181100,127.10213703,0.04981463,0.62026359,보통,0,최근 7일 동결·융해 6회; 최근 90일 포트홀 0건,0.04151219,255,0.00000000,,0.83333333,0.16666667,0.00000000,24.93000000,57.05000000,6.00000000,0.00000000,0.00000000,0,0.00000000
2026-01-03,22906_7922,35.58435142,126.85293344,0.04887057,0.61779242,보통,0,최근 7일 동결·융해 7회,0.04072547,256,0.00000000,,0.83333333,0.16666667,0.00000000,24.30000000,24.30000000,7.00000000,0.00000000,0.00000000,0,0.00000000
2026-01-03,22917_8003,35.94816745,126.91384988,0.04884525,0.61285008,보통,0,최근 7일 동결·융해 6회,0.04070438,257,0.00000000,,0.83333333,0.16666667,0.00000000,25.57000000,29.00000000,6.00000000,0.00000000,0.00000000,0,0.00000000
2026-01-03,22919_8003,35.94816745,126.92492559,0.04884525,0.61285008,보통,0,최근 7일 동결·융해 6회,0.04070438,258,0.00000000,,0.83333333,0.16666667,0.00000000,25.57000000,29.00000000,6.00000000,0.00000000,0.00000000,0,0.00000000
2026-01-03,22920_8003,35.94816745,126.93046345,0.04884525,0.61285008,보통,0,최근 7일 동결·융해 6회,0.04070438,259,0.00000000,,0.83333333,0.16666667,0.00000000,25.57000000,29.00000000,6.00000000,0.00000000,0.00000000,0,0.00000000
2026-01-03,22921_8003,35.94816745,126.93600131,0.04884525,0.61285008,보통,0,최근 7일 동결·융해 6회,0.04070438,260,0.00000000,,0.83333333,0.16666667,0.00000000,25.57000000,29.00000000,6.00000000,0.00000000,0.00000000,0,0.00000000
2026-01-03,22922_8003,35.94816745,126.94153917,0.04884525,0.61285008,보통,0,최근 7일 동결·융해 6회,0.04070438,261,0.00000000,,0.83333333,0.16666667,0.00000000,25.57000000,29.00000000,6.00000000,0.00000000,0.00000000,0,0.00000000
2026-01-03,22934_7992,35.89876033,127.00799346,0.04811271,0.60790774,보통,0,최근 7일 동결·융해 6회; 최근 90일 포트홀 0건,0.04009393,262,0.00000000,,0.83333333,0.16666667,0.00000000,25.57000000,29.00000000,6.00000000,0.00000000,0.00000000,0,0.00000000
2026-01-03,22996_7892,35.44960474,127.35134062,0.04800363,0.60543657,보통,0,최근 7일 동결·융해 7회,0.04000302,263,0.00000000,,0.83333333,0.16666667,0.00000000,28.16000000,28.16000000,7.00000000,0.00000000,0.00000000,0,0.00000000
2026-01-03,22996_7893,35.45409630,127.35134062,0.04800363,0.60543657,보통,0,최근 7일 동결·융해 7회,0.04000302,264,0.00000000,,0.83333333,0.16666667,0.00000000,28.16000000,28.16000000,7.00000000,0.00000000,0.00000000,0,0.00000000
2026-01-03,22896_7907,35.51697808,126.79755487,0.04659352,0.60131796,보통,0,최근 7일 동결·융해 7회,0.03882794,265,0.00000000,,0.83333333,0.16666667,0.00000000,24.30000000,24.30000000,7.00000000,0.00000000,0.00000000,0,0.00000000
2026-01-03,22914_7919,35.57087675,126.89723630,0.04571871,0.59967051,보통,0,최근 7일 동결·융해 7회,0.03809892,266,0.00000000,,0.83333333,0.16666667,0.00000000,24.30000000,24.30000000,7.00000000,0.00000000,0.00000000,0,0.00000000
2026-01-03,22897_7907,35.51697808,126.80309273,0.04492571,0.59802306,보통,0,최근 7일 동결·융해 7회,0.03743809,267,0.00000000,,0.83333333,0.16666667,0.00000000,24.30000000,24.30000000,7.00000000,0.00000000,0.00000000,0,0.00000000
2026-01-03,23003_7891,35.44511319,127.39010562,0.04458380,0.59637562,보통,0,과거 누적 포트홀 0건; 최근 7일 동결·융해 7회,0.03715317,268,0.00000000,,0.83333333,0.16666667,0.00000000,28.16000000,28.16000000,7.00000000,0.00000000,0.00000000,0,0.00000000
2026-01-03,22916_7919,35.57087675,126.90831202,0.04395973,0.59472817,보통,0,최근 7일 동결·융해 7회,0.03663311,269,0.00000000,,0.83333333,0.16666667,0.00000000,24.30000000,24.30000000,7.00000000,0.00000000,0.00000000,0,0.00000000
2026-01-03,22925_7986,35.87181100,126.95815274,0.04369688,0.59225700,보통,0,최근 7일 동결·융해 6회; 최근 90일 포트홀 0건,0.03641407,270,0.00000000,,0.83333333,0.16666667,0.00000000,25.57000000,29.00000000,6.00000000,0.00000000,0.00000000,0,0.00000000
2026-01-03,22925_7987,35.87630255,126.95815274,0.04369688,0.59225700,보통,0,최근 7일 동결·융해 6회; 최근 90일 포트홀 0건,0.03641407,271,0.00000000,,0.83333333,0.16666667,0.00000000,25.57000000,29.00000000,6.00000000,0.00000000,0.00000000,0,0.00000000
2026-01-03,22955_7981,35.84935322,127.12428846,0.04232107,0.58896211,보통,0,최근 7일 동결·융해 6회; 최근 90일 포트홀 0건,0.03526756,272,0.00000000,,0.83333333,0.16666667,0.00000000,24.93000000,57.05000000,6.00000000,0.00000000,0.00000000,0,0.00000000
2026-01-03,22956_7980,35.84486166,127.12982632,0.04232107,0.58896211,보통,0,최근 7일 동결·융해 6회; 최근 90일 포트홀 0건,0.03526756,273,0.00000000,,0.83333333,0.16666667,0.00000000,24.93000000,57.05000000,6.00000000,0.00000000,0.00000000,0,0.00000000
2026-01-03,22965_7983,35.85833633,127.17966704,0.04139832,0.58649094,보통,0,최근 7일 동결·융해 6회; 최근 90일 포트홀 0건,0.03449860,274,0.00000000,,0.83333333,0.16666667,0.00000000,24.93000000,57.05000000,6.00000000,0.00000000,0.00000000,0,0.00000000
2026-01-03,22966_7984,35.86282788,127.18520490,0.03923445,0.58319605,보통,0,최근 7일 동결·융해 6회; 최근 90일 포트홀 0건,0.03269538,275,0.00000000,,0.83333333,0.16666667,0.00000000,24.93000000,57.05000000,6.00000000,0.00000000,0.00000000,0,0.00000000
2026-01-03,22925_8014,35.99757456,126.95815274,0.03904884,0.57990115,보통,0,최근 7일 동결·융해 6회; 과거 누적 포트홀 0건; 최근 90일 포트홀 0건,0.03254070,276,0.00000000,,0.83333333,0.16666667,0.00000000,25.57000000,29.00000000,6.00000000,0.00000000,0.00000000,0,0.00000000
2026-01-03,22925_7985,35.86731944,126.95815274,0.03732331,0.57825371,보통,0,최근 90일 포트홀 0건,0.03110276,277,0.00000000,,0.83333333,0.16666667,0.00000000,25.57000000,29.00000000,6.00000000,0.00000000,0.00000000,0,0.00000000
2026-01-03,22907_7925,35.59782609,126.85847130,0.03702969,0.57660626,보통,0,최근 7일 동결·융해 7회,0.03085807,278,0.00000000,,0.83333333,0.16666667,0.00000000,24.30000000,24.30000000,7.00000000,0.00000000,0.00000000,0,0.00000000
2026-01-03,22899_7919,35.57087675,126.81416844,0.03590428,0.57166392,보통,0,최근 7일 동결·융해 7회,0.02992024,279,0.00000000,,0.83333333,0.16666667,0.00000000,24.30000000,24.30000000,7.00000000,0.00000000,0.00000000,0,0.00000000
2026-01-03,22900_7919,35.57087675,126.81970630,0.03590428,0.57166392,보통,0,최근 7일 동결·융해 7회,0.02992024,280,0.00000000,,0.83333333,0.16666667,0.00000000,24.30000000,24.30000000,7.00000000,0.00000000,0.00000000,0,0.00000000
2026-01-03,22901_7919,35.57087675,126.82524416,0.03590428,0.57166392,보통,0,최근 7일 동결·융해 7회,0.02992024,281,0.00000000,,0.83333333,0.16666667,0.00000000,24.30000000,24.30000000,7.00000000,0.00000000,0.00000000,0,0.00000000
2026-01-03,22902_7919,35.57087675,126.83078201,0.03590428,0.57166392,보통,0,최근 7일 동결·융해 7회,0.02992024,282,0.00000000,,0.83333333,0.16666667,0.00000000,24.30000000,24.30000000,7.00000000,0.00000000,0.00000000,0,0.00000000
2026-01-03,22903_7919,35.57087675,126.83631987,0.03590428,0.57166392,보통,0,최근 7일 동결·융해 7회,0.02992024,283,0.00000000,,0.83333333,0.16666667,0.00000000,24.30000000,24.30000000,7.00000000,0.00000000,0.00000000,0,0.00000000
2026-01-03,22907_7917,35.56189364,126.85847130,0.03574640,0.56342669,보통,0,최근 7일 동결·융해 7회,0.02978866,284,0.00000000,,0.83333333,0.16666667,0.00000000,24.30000000,24.30000000,7.00000000,0.00000000,0.00000000,0,0.00000000
2026-01-03,22907_7918,35.56638520,126.85847130,0.03574640,0.56342669,보통,0,최근 7일 동결·융해 7회,0.02978866,285,0.00000000,,0.83333333,0.16666667,0.00000000,24.30000000,24.30000000,7.00000000,0.00000000,0.00000000,0,0.00000000
2026-01-03,22907_7919,35.57087675,126.85847130,0.03574640,0.56342669,보통,0,최근 7일 동결·융해 7회,0.02978866,286,0.00000000,,0.83333333,0.16666667,0.00000000,24.30000000,24.30000000,7.00000000,0.00000000,0.00000000,0,0.00000000
2026-01-03,22908_7917,35.56189364,126.86400916,0.03574640,0.56342669,보통,0,최근 7일 동결·융해 7회,0.02978866,287,0.00000000,,0.83333333,0.16666667,0.00000000,24.30000000,24.30000000,7.00000000,0.00000000,0.00000000,0,0.00000000
2026-01-03,22908_7919,35.57087675,126.86400916,0.03574640,0.56342669,보통,0,최근 7일 동결·융해 7회,0.02978866,288,0.00000000,,0.83333333,0.16666667,0.00000000,24.30000000,24.30000000,7.00000000,0.00000000,0.00000000,0,0.00000000
2026-01-03,22998_7891,35.44511319,127.36241634,0.03468364,0.55848435,보통,0,최근 7일 동결·융해 7회; 과거 누적 포트홀 0건,0.02890303,289,0.00000000,,0.83333333,0.16666667,0.00000000,28.16000000,28.16000000,7.00000000,0.00000000,0.00000000,0,0.00000000
2026-01-03,22898_8008,35.97062522,126.80863058,0.03391721,0.55683690,보통,0,최근 7일 동결·융해 5회,0.02826434,290,0.00000000,,0.83333333,0.16666667,0.00000000,27.23000000,36.28000000,5.00000000,0.00000000,0.00000000,0,0.00000000
2026-01-03,23002_7886,35.42265541,127.38456777,0.03382688,0.55518946,보통,0,최근 7일 동결·융해 7회; 과거 누적 포트홀 0건,0.02818907,291,0.00000000,,0.83333333,0.16666667,0.00000000,28.16000000,28.16000000,7.00000000,0.00000000,0.00000000,0,0.00000000
2026-01-03,22931_8011,35.98409989,126.99137988,0.03355138,0.55354201,보통,0,최근 7일 동결·융해 6회; 최근 90일 포트홀 0건,0.02795948,292,0.00000000,,0.83333333,0.16666667,0.00000000,25.57000000,29.00000000,6.00000000,0.00000000,0.00000000,0,0.00000000
2026-01-03,22925_8013,35.99308300,126.95815274,0.03275330,0.55189456,보통,0,최근 7일 동결·융해 6회; 과거 누적 포트홀 0건; 최근 90일 포트홀 0건,0.02729442,293,0.00000000,,0.83333333,0.16666667,0.00000000,25.57000000,29.00000000,6.00000000,0.00000000,0.00000000,0,0.00000000
2026-01-03,22999_7890,35.44062163,127.36795419,0.03237605,0.55024712,보통,0,최근 7일 동결·융해 7회; 과거 누적 포트홀 0건,0.02698004,294,0.00000000,,0.83333333,0.16666667,0.00000000,28.16000000,28.16000000,7.00000000,0.00000000,0.00000000,0,0.00000000
2026-01-03,23003_7867,35.33731585,127.39010562,0.03204785,0.54612850,보통,0,최근 7일 동결·융해 7회; 과거 누적 포트홀 0건,0.02670654,295,0.00000000,,0.83333333,0.16666667,0.00000000,28.16000000,28.16000000,7.00000000,0.00000000,0.00000000,0,0.00000000
2026-01-03,23003_7868,35.34180740,127.39010562,0.03204785,0.54612850,보통,0,최근 7일 동결·융해 7회; 과거 누적 포트홀 0건,0.02670654,296,0.00000000,,0.83333333,0.16666667,0.00000000,28.16000000,28.16000000,7.00000000,0.00000000,0.00000000,0,0.00000000
2026-01-03,23003_7869,35.34629896,127.39010562,0.03204785,0.54612850,보통,0,최근 7일 동결·융해 7회; 과거 누적 포트홀 0건,0.02670654,297,0.00000000,,0.83333333,0.16666667,0.00000000,28.16000000,28.16000000,7.00000000,0.00000000,0.00000000,0,0.00000000
2026-01-03,23003_7870,35.35079051,127.39010562,0.03204785,0.54612850,보통,0,최근 7일 동결·융해 7회; 과거 누적 포트홀 0건,0.02670654,298,0.00000000,,0.83333333,0.16666667,0.00000000,28.16000000,28.16000000,7.00000000,0.00000000,0.00000000,0,0.00000000
2026-01-03,22968_7975,35.82240388,127.19628061,0.03121523,0.53871499,보통,0,최근 7일 동결·융해 6회; 최근 90일 포트홀 0건,0.02601269,299,0.00000000,,0.83333333,0.16666667,0.00000000,24.93000000,57.05000000,6.00000000,0.00000000,0.00000000,0,0.00000000
2026-01-03,22969_7975,35.82240388,127.20181847,0.03121523,0.53871499,보통,0,최근 7일 동결·융해 6회; 최근 90일 포트홀 0건,0.02601269,300,0.00000000,,0.83333333,0.16666667,0.00000000,24.93000000,57.05000000,6.00000000,0.00000000,0.00000000,0,0.00000000
2026-01-03,22970_7975,35.82240388,127.20735633,0.03121523,0.53871499,보통,0,최근 7일 동결·융해 6회; 최근 90일 포트홀 0건,0.02601269,301,0.00000000,,0.83333333,0.16666667,0.00000000,24.93000000,57.05000000,6.00000000,0.00000000,0.00000000,0,0.00000000
2026-01-03,22971_7975,35.82240388,127.21289418,0.03121523,0.53871499,보통,0,최근 7일 동결·융해 6회; 최근 90일 포트홀 0건,0.02601269,302,0.00000000,,0.83333333,0.16666667,0.00000000,24.93000000,57.05000000,6.00000000,0.00000000,0.00000000,0,0.00000000
2026-01-03,22973_7975,35.82240388,127.22396990,0.03121523,0.53871499,보통,0,최근 7일 동결·융해 6회; 최근 90일 포트홀 0건,0.02601269,303,0.00000000,,0.83333333,0.16666667,0.00000000,24.93000000,57.05000000,6.00000000,0.00000000,0.00000000,0,0.00000000
2026-01-03,22883_8010,35.97960834,126.72556272,0.02974248,0.53377265,보통,0,모델상 두드러진 양(+) 기여 요인 없음,0.02478540,304,0.00000000,,0.83333333,0.16666667,0.00000000,27.23000000,36.28000000,5.00000000,0.00000000,0.00000000,0,0.00000000
2026-01-03,22989_7885,35.41816385,127.31257562,0.02933940,0.53047776,보통,0,최근 7일 동결·융해 7회,0.02444950,305,0.00000000,,0.83333333,0.16666667,0.00000000,28.16000000,28.16000000,7.00000000,0.00000000,0.00000000,0,0.00000000
2026-01-03,22990_7885,35.41816385,127.31811348,0.02933940,0.53047776,보통,0,최근 7일 동결·융해 7회,0.02444950,306,0.00000000,,0.83333333,0.16666667,0.00000000,28.16000000,28.16000000,7.00000000,0.00000000,0.00000000,0,0.00000000
2026-01-03,22991_7885,35.41816385,127.32365133,0.02933940,0.53047776,보통,0,최근 7일 동결·융해 7회,0.02444950,307,0.00000000,,0.83333333,0.16666667,0.00000000,28.16000000,28.16000000,7.00000000,0.00000000,0.00000000,0,0.00000000
2026-01-03,22908_7920,35.57536831,126.86400916,0.02906317,0.52635914,보통,0,최근 7일 동결·융해 7회,0.02421930,308,0.00000000,,0.83333333,0.16666667,0.00000000,24.30000000,24.30000000,7.00000000,0.00000000,0.00000000,0,0.00000000
2026-01-03,22908_7921,35.57985986,126.86400916,0.02906317,0.52635914,보통,0,최근 7일 동결·융해 7회,0.02421930,309,0.00000000,,0.83333333,0.16666667,0.00000000,24.30000000,24.30000000,7.00000000,0.00000000,0.00000000,0,0.00000000
2026-01-03,22950_7964,35.77299677,127.09659918,0.02900712,0.52224053,보통,0,최근 7일 동결·융해 6회; 최근 90일 포트홀 0건,0.02417260,310,0.00000000,,0.83333333,0.16666667,0.00000000,24.93000000,57.05000000,6.00000000,0.00000000,0.00000000,0,0.00000000
2026-01-03,22950_7965,35.77748832,127.09659918,0.02900712,0.52224053,보통,0,최근 7일 동결·융해 6회; 최근 90일 포트홀 0건,0.02417260,311,0.00000000,,0.83333333,0.16666667,0.00000000,24.93000000,57.05000000,6.00000000,0.00000000,0.00000000,0,0.00000000
2026-01-03,22951_7965,35.77748832,127.10213703,0.02900712,0.52224053,보통,0,최근 7일 동결·융해 6회; 최근 90일 포트홀 0건,0.02417260,312,0.00000000,,0.83333333,0.16666667,0.00000000,24.93000000,57.05000000,6.00000000,0.00000000,0.00000000,0,0.00000000
2026-01-03,22920_7997,35.92121811,126.93046345,0.02826679,0.51317957,보통,0,최근 7일 동결·융해 6회,0.02355566,313,0.00000000,,0.83333333,0.16666667,0.00000000,25.57000000,29.00000000,6.00000000,0.00000000,0.00000000,0,0.00000000
2026-01-03,22921_7998,35.92570967,126.93600131,0.02826679,0.51317957,보통,0,최근 7일 동결·융해 6회,0.02355566,314,0.00000000,,0.83333333,0.16666667,0.00000000,25.57000000,29.00000000,6.00000000,0.00000000,0.00000000,0,0.00000000
2026-01-03,22955_7971,35.80443766,127.12428846,0.02819028,0.50658979,보통,0,최근 7일 동결·융해 6회; 최근 90일 포트홀 0건,0.02349190,315,0.00000000,,0.83333333,0.16666667,0.00000000,24.93000000,57.05000000,6.00000000,0.00000000,0.00000000,0,0.00000000
2026-01-03,22956_7971,35.80443766,127.12982632,0.02819028,0.50658979,보통,0,최근 7일 동결·융해 6회; 최근 90일 포트홀 0건,0.02349190,316,0.00000000,,0.83333333,0.16666667,0.00000000,24.93000000,57.05000000,6.00000000,0.00000000,0.00000000,0,0.00000000
2026-01-03,22956_7972,35.80892921,127.12982632,0.02819028,0.50658979,보통,0,최근 7일 동결·융해 6회; 최근 90일 포트홀 0건,0.02349190,317,0.00000000,,0.83333333,0.16666667,0.00000000,24.93000000,57.05000000,6.00000000,0.00000000,0.00000000,0,0.00000000
2026-01-03,22957_7973,35.81342077,127.13536418,0.02819028,0.50658979,보통,0,최근 7일 동결·융해 6회; 최근 90일 포트홀 0건,0.02349190,318,0.00000000,,0.83333333,0.16666667,0.00000000,24.93000000,57.05000000,6.00000000,0.00000000,0.00000000,0,0.00000000
2026-01-03,22958_7973,35.81342077,127.14090204,0.02819028,0.50658979,보통,0,최근 7일 동결·융해 6회; 최근 90일 포트홀 0건,0.02349190,319,0.00000000,,0.83333333,0.16666667,0.00000000,24.93000000,57.05000000,6.00000000,0.00000000,0.00000000,0,0.00000000
2026-01-03,22958_7974,35.81791232,127.14090204,0.02819028,0.50658979,보통,0,최근 7일 동결·융해 6회; 최근 90일 포트홀 0건,0.02349190,320,0.00000000,,0.83333333,0.16666667,0.00000000,24.93000000,57.05000000,6.00000000,0.00000000,0.00000000,0,0.00000000
2026-01-03,22911_7913,35.54392742,126.88062273,0.02812230,0.50000000,낮음,0,최근 7일 동결·융해 7회,0.02343525,321,0.00000000,,0.83333333,0.16666667,0.00000000,24.30000000,24.30000000,7.00000000,0.00000000,0.00000000,0,0.00000000
2026-01-03,22911_7914,35.54841897,126.88062273,0.02812230,0.50000000,낮음,0,최근 7일 동결·융해 7회,0.02343525,322,0.00000000,,0.83333333,0.16666667,0.00000000,24.30000000,24.30000000,7.00000000,0.00000000,0.00000000,0,0.00000000
2026-01-03,22883_8007,35.96613367,126.72556272,0.02777957,0.49670511,낮음,0,최근 7일 동결·융해 5회,0.02314964,323,0.00000000,,0.83333333,0.16666667,0.00000000,27.23000000,36.28000000,5.00000000,0.00000000,0.00000000,0,0.00000000
2026-01-03,22884_8007,35.96613367,126.73110058,0.02777957,0.49670511,낮음,0,최근 7일 동결·융해 5회,0.02314964,324,0.00000000,,0.83333333,0.16666667,0.00000000,27.23000000,36.28000000,5.00000000,0.00000000,0.00000000,0,0.00000000
2026-01-03,23008_7890,35.44062163,127.41779491,0.02707536,0.49423394,낮음,0,과거 누적 포트홀 0건,0.02256280,325,0.00000000,,0.83333333,0.16666667,0.00000000,28.16000000,28.16000000,7.00000000,0.00000000,0.00000000,0,0.00000000
2026-01-03,23005_7887,35.42714696,127.40118134,0.02657665,0.49093904,낮음,0,과거 누적 포트홀 0건,0.02214721,326,0.00000000,,0.83333333,0.16666667,0.00000000,28.16000000,28.16000000,7.00000000,0.00000000,0.00000000,0,0.00000000
2026-01-03,22881_8012,35.98859145,126.71448701,0.02647598,0.48929160,낮음,0,최근 7일 동결·융해 5회; 최근 90일 포트홀 0건,0.02206332,327,0.00000000,,0.83333333,0.16666667,0.00000000,27.23000000,36.28000000,5.00000000,0.00000000,0.00000000,0,0.00000000
2026-01-03,23003_7898,35.47655408,127.39010562,0.02644944,0.48434926,낮음,0,최근 7일 동결·융해 7회; 과거 누적 포트홀 0건,0.02204120,328,0.00000000,,0.83333333,0.16666667,0.00000000,28.16000000,28.16000000,7.00000000,0.00000000,0.00000000,0,0.00000000
2026-01-03,23003_7899,35.48104563,127.39010562,0.02644944,0.48434926,낮음,0,최근 7일 동결·융해 7회; 과거 누적 포트홀 0건,0.02204120,329,0.00000000,,0.83333333,0.16666667,0.00000000,28.16000000,28.16000000,7.00000000,0.00000000,0.00000000,0,0.00000000
2026-01-03,23003_7900,35.48553719,127.39010562,0.02644944,0.48434926,낮음,0,최근 7일 동결·융해 7회; 과거 누적 포트홀 0건,0.02204120,330,0.00000000,,0.83333333,0.16666667,0.00000000,28.16000000,28.16000000,7.00000000,0.00000000,0.00000000,0,0.00000000
2026-01-03,23003_7901,35.49002875,127.39010562,0.02644944,0.48434926,낮음,0,최근 7일 동결·융해 7회; 과거 누적 포트홀 0건,0.02204120,331,0.00000000,,0.83333333,0.16666667,0.00000000,28.16000000,28.16000000,7.00000000,0.00000000,0.00000000,0,0.00000000
2026-01-03,23003_7902,35.49452030,127.39010562,0.02644944,0.48434926,낮음,0,최근 7일 동결·융해 7회; 과거 누적 포트홀 0건,0.02204120,332,0.00000000,,0.83333333,0.16666667,0.00000000,28.16000000,28.16000000,7.00000000,0.00000000,0.00000000,0,0.00000000
2026-01-03,22958_7977,35.83138699,127.14090204,0.02564481,0.47940692,낮음,0,최근 7일 동결·융해 6회; 최근 90일 포트홀 0건,0.02137067,333,0.00000000,,0.83333333,0.16666667,0.00000000,24.93000000,57.05000000,6.00000000,0.00000000,0.00000000,0,0.00000000
2026-01-03,22889_8012,35.98859145,126.75878987,0.02444465,0.47775947,낮음,0,최근 7일 동결·융해 5회; 최근 90일 포트홀 0건,0.02037054,334,0.00000000,,0.83333333,0.16666667,0.00000000,27.23000000,36.28000000,5.00000000,0.00000000,0.00000000,0,0.00000000
2026-01-03,22915_7908,35.52146964,126.90277416,0.02424982,0.47611203,낮음,0,최근 7일 동결·융해 7회,0.02020818,335,0.00000000,,0.83333333,0.16666667,0.00000000,24.30000000,24.30000000,7.00000000,0.00000000,0.00000000,0,0.00000000
2026-01-03,22899_7927,35.60680920,126.81416844,0.02388320,0.47281713,낮음,0,최근 7일 동결·융해 7회,0.01990267,336,0.00000000,,0.83333333,0.16666667,0.00000000,24.30000000,24.30000000,7.00000000,0.00000000,0.00000000,0,0.00000000
2026-01-03,22900_7927,35.60680920,126.81970630,0.02388320,0.47281713,낮음,0,최근 7일 동결·융해 7회,0.01990267,337,0.00000000,,0.83333333,0.16666667,0.00000000,24.30000000,24.30000000,7.00000000,0.00000000,0.00000000,0,0.00000000
2026-01-03,22901_7926,35.60231764,126.82524416,0.02388320,0.47281713,낮음,0,최근 7일 동결·융해 7회,0.01990267,338,0.00000000,,0.83333333,0.16666667,0.00000000,24.30000000,24.30000000,7.00000000,0.00000000,0.00000000,0,0.00000000
2026-01-03,22916_7931,35.62477542,126.90831202,0.02344727,0.46952224,낮음,0,최근 7일 동결·융해 7회,0.01953939,339,0.00000000,,0.83333333,0.16666667,0.00000000,24.30000000,24.30000000,7.00000000,0.00000000,0.00000000,0,0.00000000
2026-01-03,22923_8005,35.95715056,126.94707702,0.02327482,0.46705107,낮음,0,최근 7일 동결·융해 6회,0.01939568,340,0.00000000,,0.83333333,0.16666667,0.00000000,25.57000000,29.00000000,6.00000000,0.00000000,0.00000000,0,0.00000000
2026-01-03,22923_8006,35.96164211,126.94707702,0.02327482,0.46705107,낮음,0,최근 7일 동결·융해 6회,0.01939568,341,0.00000000,,0.83333333,0.16666667,0.00000000,25.57000000,29.00000000,6.00000000,0.00000000,0.00000000,0,0.00000000
2026-01-03,22910_7914,35.54841897,126.87508487,0.02295572,0.46457990,낮음,0,최근 7일 동결·융해 7회,0.01912977,342,0.00000000,,0.83333333,0.16666667,0.00000000,24.30000000,24.30000000,7.00000000,0.00000000,0.00000000,0,0.00000000
2026-01-03,22997_7892,35.44960474,127.35687848,0.02271389,0.46293245,낮음,0,최근 7일 동결·융해 7회; 과거 누적 포트홀 0건,0.01892824,343,0.00000000,,0.83333333,0.16666667,0.00000000,28.16000000,28.16000000,7.00000000,0.00000000,0.00000000,0,0.00000000
2026-01-03,22969_7988,35.88079411,127.20181847,0.02265953,0.46128501,낮음,0,최근 7일 동결·융해 6회; 최근 90일 포트홀 0건,0.01888294,344,0.00000000,,0.83333333,0.16666667,0.00000000,24.93000000,57.05000000,6.00000000,0.00000000,0.00000000,0,0.00000000
2026-01-03,22926_8004,35.95265900,126.96369060,0.02258791,0.45881384,낮음,0,최근 7일 동결·융해 6회; 최근 90일 포트홀 0건,0.01882326,345,0.00000000,,0.83333333,0.16666667,0.00000000,25.57000000,29.00000000,6.00000000,0.00000000,0.00000000,0,0.00000000
2026-01-03,22926_8005,35.95715056,126.96369060,0.02258791,0.45881384,낮음,0,최근 7일 동결·융해 6회; 최근 90일 포트홀 0건,0.01882326,346,0.00000000,,0.83333333,0.16666667,0.00000000,25.57000000,29.00000000,6.00000000,0.00000000,0.00000000,0,0.00000000
2026-01-03,22913_7911,35.53494430,126.89169845,0.02169911,0.45469522,낮음,0,최근 7일 동결·융해 7회,0.01808259,347,0.00000000,,0.83333333,0.16666667,0.00000000,24.30000000,24.30000000,7.00000000,0.00000000,0.00000000,0,0.00000000
2026-01-03,23004_7885,35.41816385,127.39564348,0.02167947,0.45222405,낮음,0,최근 7일 동결·융해 7회; 과거 누적 포트홀 0건,0.01806623,348,0.00000000,,0.83333333,0.16666667,0.00000000,28.16000000,28.16000000,7.00000000,0.00000000,0.00000000,0,0.00000000
2026-01-03,23006_7885,35.41816385,127.40671920,0.02167947,0.45222405,낮음,0,최근 7일 동결·융해 7회; 과거 누적 포트홀 0건,0.01806623,349,0.00000000,,0.83333333,0.16666667,0.00000000,28.16000000,28.16000000,7.00000000,0.00000000,0.00000000,0,0.00000000
2026-01-03,23003_7893,35.45409630,127.39010562,0.02150853,0.44728171,낮음,0,최근 7일 동결·융해 7회; 과거 누적 포트홀 0건,0.01792378,350,0.00000000,,0.83333333,0.16666667,0.00000000,28.16000000,28.16000000,7.00000000,0.00000000,0.00000000,0,0.00000000
2026-01-03,23003_7894,35.45858785,127.39010562,0.02150853,0.44728171,낮음,0,최근 7일 동결·융해 7회; 과거 누적 포트홀 0건,0.01792378,351,0.00000000,,0.83333333,0.16666667,0.00000000,28.16000000,28.16000000,7.00000000,0.00000000,0.00000000,0,0.00000000
2026-01-03,23003_7895,35.46307941,127.39010562,0.02150853,0.44728171,낮음,0,최근 7일 동결·융해 7회; 과거 누적 포트홀 0건,0.01792378,352,0.00000000,,0.83333333,0.16666667,0.00000000,28.16000000,28.16000000,7.00000000,0.00000000,0.00000000,0,0.00000000
2026-01-03,23003_7896,35.46757097,127.39010562,0.02150853,0.44728171,낮음,0,최근 7일 동결·융해 7회; 과거 누적 포트홀 0건,0.01792378,353,0.00000000,,0.83333333,0.16666667,0.00000000,28.16000000,28.16000000,7.00000000,0.00000000,0.00000000,0,0.00000000
2026-01-03,22885_8004,35.95265900,126.73663844,0.02085959,0.44151565,낮음,0,최근 7일 동결·융해 5회,0.01738299,354,0.00000000,,0.83333333,0.16666667,0.00000000,27.23000000,36.28000000,5.00000000,0.00000000,0.00000000,0,0.00000000
2026-01-03,22885_8005,35.95715056,126.73663844,0.02085959,0.44151565,낮음,0,최근 7일 동결·융해 5회,0.01738299,355,0.00000000,,0.83333333,0.16666667,0.00000000,27.23000000,36.28000000,5.00000000,0.00000000,0.00000000,0,0.00000000
2026-01-03,22885_8006,35.96164211,126.73663844,0.02085959,0.44151565,낮음,0,최근 7일 동결·융해 5회,0.01738299,356,0.00000000,,0.83333333,0.16666667,0.00000000,27.23000000,36.28000000,5.00000000,0.00000000,0.00000000,0,0.00000000
2026-01-03,22925_8004,35.95265900,126.95815274,0.02072575,0.43657331,낮음,0,최근 7일 동결·융해 6회; 최근 90일 포트홀 0건,0.01727146,357,0.00000000,,0.83333333,0.16666667,0.00000000,25.57000000,29.00000000,6.00000000,0.00000000,0.00000000,0,0.00000000
2026-01-03,22925_8005,35.95715056,126.95815274,0.02072575,0.43657331,낮음,0,최근 7일 동결·융해 6회; 최근 90일 포트홀 0건,0.01727146,358,0.00000000,,0.83333333,0.16666667,0.00000000,25.57000000,29.00000000,6.00000000,0.00000000,0.00000000,0,0.00000000
2026-01-03,22925_8006,35.96164211,126.95815274,0.02072575,0.43657331,낮음,0,최근 7일 동결·융해 6회; 최근 90일 포트홀 0건,0.01727146,359,0.00000000,,0.83333333,0.16666667,0.00000000,25.57000000,29.00000000,6.00000000,0.00000000,0.00000000,0,0.00000000
2026-01-03,23000_7888,35.43163852,127.37349205,0.02041476,0.43327842,낮음,0,최근 7일 동결·융해 7회; 과거 누적 포트홀 0건,0.01701230,360,0.00000000,,0.83333333,0.16666667,0.00000000,28.16000000,28.16000000,7.00000000,0.00000000,0.00000000,0,0.00000000
2026-01-03,22907_7930,35.62028387,126.85847130,0.02007070,0.42833608,낮음,0,최근 7일 동결·융해 7회,0.01672558,361,0.00000000,,0.83333333,0.16666667,0.00000000,24.30000000,24.30000000,7.00000000,0.00000000,0.00000000,0,0.00000000
2026-01-03,22907_7931,35.62477542,126.85847130,0.02007070,0.42833608,낮음,0,최근 7일 동결·융해 7회,0.01672558,362,0.00000000,,0.83333333,0.16666667,0.00000000,24.30000000,24.30000000,7.00000000,0.00000000,0.00000000,0,0.00000000
2026-01-03,22907_7932,35.62926698,126.85847130,0.02007070,0.42833608,낮음,0,최근 7일 동결·융해 7회,0.01672558,363,0.00000000,,0.83333333,0.16666667,0.00000000,24.30000000,24.30000000,7.00000000,0.00000000,0.00000000,0,0.00000000
2026-01-03,22907_7934,35.63825009,126.85847130,0.02007070,0.42833608,낮음,0,최근 7일 동결·융해 7회,0.01672558,364,0.00000000,,0.83333333,0.16666667,0.00000000,24.30000000,24.30000000,7.00000000,0.00000000,0.00000000,0,0.00000000
2026-01-03,22907_7936,35.64723320,126.85847130,0.02007070,0.42833608,낮음,0,최근 7일 동결·융해 7회,0.01672558,365,0.00000000,,0.83333333,0.16666667,0.00000000,24.30000000,24.30000000,7.00000000,0.00000000,0.00000000,0,0.00000000
2026-01-03,22896_7931,35.62477542,126.79755487,0.01924808,0.42339374,낮음,0,최근 7일 동결·융해 7회; 최근 90일 포트홀 0건,0.01604007,366,0.00000000,,0.83333333,0.16666667,0.00000000,24.30000000,24.30000000,7.00000000,0.00000000,0.00000000,0,0.00000000
2026-01-03,22918_8012,35.98859145,126.91938774,0.01898914,0.42174629,낮음,0,최근 7일 동결·융해 6회; 최근 90일 포트홀 0건,0.01582428,367,0.00000000,,0.83333333,0.16666667,0.00000000,25.57000000,29.00000000,6.00000000,0.00000000,0.00000000,0,0.00000000
2026-01-03,22897_7930,35.62028387,126.80309273,0.01854006,0.41927512,낮음,0,최근 7일 동결·융해 7회; 최근 90일 포트홀 0건,0.01545005,368,0.00000000,,0.83333333,0.16666667,0.00000000,24.30000000,24.30000000,7.00000000,0.00000000,0.00000000,0,0.00000000
2026-01-03,22897_7931,35.62477542,126.80309273,0.01854006,0.41927512,낮음,0,최근 7일 동결·융해 7회; 최근 90일 포트홀 0건,0.01545005,369,0.00000000,,0.83333333,0.16666667,0.00000000,24.30000000,24.30000000,7.00000000,0.00000000,0.00000000,0,0.00000000
2026-01-03,22906_7926,35.60231764,126.85293344,0.01803633,0.41515651,낮음,0,최근 7일 동결·융해 7회,0.01503028,370,0.00000000,,0.83333333,0.16666667,0.00000000,24.30000000,24.30000000,7.00000000,0.00000000,0.00000000,0,0.00000000
2026-01-03,22906_7927,35.60680920,126.85293344,0.01803633,0.41515651,낮음,0,최근 7일 동결·융해 7회,0.01503028,371,0.00000000,,0.83333333,0.16666667,0.00000000,24.30000000,24.30000000,7.00000000,0.00000000,0.00000000,0,0.00000000
2026-01-03,22906_7928,35.61130075,126.85293344,0.01803633,0.41515651,낮음,0,최근 7일 동결·융해 7회,0.01503028,372,0.00000000,,0.83333333,0.16666667,0.00000000,24.30000000,24.30000000,7.00000000,0.00000000,0.00000000,0,0.00000000
2026-01-03,22905_7917,35.56189364,126.84739559,0.01739933,0.40691928,낮음,0,최근 7일 동결·융해 7회,0.01449944,373,0.00000000,,0.83333333,0.16666667,0.00000000,24.30000000,24.30000000,7.00000000,0.00000000,0.00000000,0,0.00000000
2026-01-03,22905_7919,35.57087675,126.84739559,0.01739933,0.40691928,낮음,0,최근 7일 동결·융해 7회,0.01449944,374,0.00000000,,0.83333333,0.16666667,0.00000000,24.30000000,24.30000000,7.00000000,0.00000000,0.00000000,0,0.00000000
2026-01-03,22906_7917,35.56189364,126.85293344,0.01739933,0.40691928,낮음,0,최근 7일 동결·융해 7회,0.01449944,375,0.00000000,,0.83333333,0.16666667,0.00000000,24.30000000,24.30000000,7.00000000,0.00000000,0.00000000,0,0.00000000
2026-01-03,22906_7918,35.56638520,126.85293344,0.01739933,0.40691928,낮음,0,최근 7일 동결·융해 7회,0.01449944,376,0.00000000,,0.83333333,0.16666667,0.00000000,24.30000000,24.30000000,7.00000000,0.00000000,0.00000000,0,0.00000000
2026-01-03,22906_7919,35.57087675,126.85293344,0.01739933,0.40691928,낮음,0,최근 7일 동결·융해 7회,0.01449944,377,0.00000000,,0.83333333,0.16666667,0.00000000,24.30000000,24.30000000,7.00000000,0.00000000,0.00000000,0,0.00000000
2026-01-03,22912_7911,35.53494430,126.88616059,0.01695363,0.40115321,낮음,0,최근 7일 동결·융해 7회,0.01412802,378,0.00000000,,0.83333333,0.16666667,0.00000000,24.30000000,24.30000000,7.00000000,0.00000000,0.00000000,0,0.00000000
2026-01-03,22912_7912,35.53943586,126.88616059,0.01695363,0.40115321,낮음,0,최근 7일 동결·융해 7회,0.01412802,379,0.00000000,,0.83333333,0.16666667,0.00000000,24.30000000,24.30000000,7.00000000,0.00000000,0.00000000,0,0.00000000
2026-01-03,22886_8007,35.96613367,126.74217629,0.01680272,0.39373970,낮음,0,최근 7일 동결·융해 5회,0.01400226,380,0.00000000,,0.83333333,0.16666667,0.00000000,27.23000000,36.28000000,5.00000000,0.00000000,0.00000000,0,0.00000000
2026-01-03,22887_8007,35.96613367,126.74771415,0.01680272,0.39373970,낮음,0,최근 7일 동결·융해 5회,0.01400226,381,0.00000000,,0.83333333,0.16666667,0.00000000,27.23000000,36.28000000,5.00000000,0.00000000,0.00000000,0,0.00000000
2026-01-03,22889_8007,35.96613367,126.75878987,0.01680272,0.39373970,낮음,0,최근 7일 동결·융해 5회,0.01400226,382,0.00000000,,0.83333333,0.16666667,0.00000000,27.23000000,36.28000000,5.00000000,0.00000000,0.00000000,0,0.00000000
2026-01-03,22890_8007,35.96613367,126.76432772,0.01680272,0.39373970,낮음,0,최근 7일 동결·융해 5회,0.01400226,383,0.00000000,,0.83333333,0.16666667,0.00000000,27.23000000,36.28000000,5.00000000,0.00000000,0.00000000,0,0.00000000
2026-01-03,22892_8007,35.96613367,126.77540344,0.01680272,0.39373970,낮음,0,최근 7일 동결·융해 5회,0.01400226,384,0.00000000,,0.83333333,0.16666667,0.00000000,27.23000000,36.28000000,5.00000000,0.00000000,0.00000000,0,0.00000000
2026-01-03,22893_8007,35.96613367,126.78094130,0.01680272,0.39373970,낮음,0,최근 7일 동결·융해 5회,0.01400226,385,0.00000000,,0.83333333,0.16666667,0.00000000,27.23000000,36.28000000,5.00000000,0.00000000,0.00000000,0,0.00000000
2026-01-03,22894_8007,35.96613367,126.78647915,0.01680272,0.39373970,낮음,0,최근 7일 동결·융해 5회,0.01400226,386,0.00000000,,0.83333333,0.16666667,0.00000000,27.23000000,36.28000000,5.00000000,0.00000000,0.00000000,0,0.00000000
2026-01-03,22993_7873,35.36426518,127.33472705,0.01673366,0.38714992,낮음,0,모델상 두드러진 양(+) 기여 요인 없음,0.01394472,387,0.00000000,,0.83333333,0.16666667,0.00000000,28.16000000,28.16000000,7.00000000,0.00000000,0.00000000,0,0.00000000
2026-01-03,22933_8014,35.99757456,127.00245560,0.01624094,0.38467875,낮음,0,최근 7일 동결·융해 6회; 과거 누적 포트홀 0건; 최근 90일 포트홀 0건,0.01353411,388,0.00000000,,0.83333333,0.16666667,0.00000000,25.57000000,29.00000000,6.00000000,0.00000000,0.00000000,0,0.00000000
2026-01-03,22934_8014,35.99757456,127.00799346,0.01624094,0.38467875,낮음,0,최근 7일 동결·융해 6회; 과거 누적 포트홀 0건; 최근 90일 포트홀 0건,0.01353411,389,0.00000000,,0.83333333,0.16666667,0.00000000,25.57000000,29.00000000,6.00000000,0.00000000,0.00000000,0,0.00000000
2026-01-03,22925_8010,35.97960834,126.95815274,0.01623432,0.38220758,낮음,0,최근 90일 포트홀 0건,0.01352860,390,0.00000000,,0.83333333,0.16666667,0.00000000,25.57000000,29.00000000,6.00000000,0.00000000,0.00000000,0,0.00000000
2026-01-03,22894_7996,35.91672655,126.78647915,0.01559339,0.38056013,낮음,0,최근 7일 동결·융해 5회,0.01299449,391,0.00000000,,0.83333333,0.16666667,0.00000000,27.23000000,36.28000000,5.00000000,0.00000000,0.00000000,0,0.00000000
2026-01-03,22895_7996,35.91672655,126.79201701,0.01551106,0.37891269,낮음,0,최근 7일 동결·융해 5회,0.01292588,392,0.00000000,,0.83333333,0.16666667,0.00000000,27.23000000,36.28000000,5.00000000,0.00000000,0.00000000,0,0.00000000
2026-01-03,22882_8003,35.94816745,126.72002486,0.01535571,0.37726524,낮음,0,최근 7일 동결·융해 5회,0.01279642,393,0.00000000,,0.83333333,0.16666667,0.00000000,27.23000000,36.28000000,5.00000000,0.00000000,0.00000000,0,0.00000000
2026-01-03,22905_7921,35.57985986,126.84739559,0.01409615,0.37397035,낮음,0,최근 7일 동결·융해 7회,0.01174679,394,0.00000000,,0.83333333,0.16666667,0.00000000,24.30000000,24.30000000,7.00000000,0.00000000,0.00000000,0,0.00000000
2026-01-03,22906_7920,35.57536831,126.85293344,0.01409615,0.37397035,낮음,0,최근 7일 동결·융해 7회,0.01174679,395,0.00000000,,0.83333333,0.16666667,0.00000000,24.30000000,24.30000000,7.00000000,0.00000000,0.00000000,0,0.00000000
2026-01-03,22906_7921,35.57985986,126.85293344,0.01409615,0.37397035,낮음,0,최근 7일 동결·융해 7회,0.01174679,396,0.00000000,,0.83333333,0.16666667,0.00000000,24.30000000,24.30000000,7.00000000,0.00000000,0.00000000,0,0.00000000
2026-01-03,22896_7919,35.57087675,126.79755487,0.01389172,0.37067545,낮음,0,최근 7일 동결·융해 7회,0.01157643,397,0.00000000,,0.83333333,0.16666667,0.00000000,24.30000000,24.30000000,7.00000000,0.00000000,0.00000000,0,0.00000000
2026-01-03,22906_7901,35.49002875,126.85293344,0.01370635,0.36738056,낮음,0,최근 7일 동결·융해 7회,0.01142196,398,0.00000000,,0.83333333,0.16666667,0.00000000,24.30000000,24.30000000,7.00000000,0.00000000,0.00000000,0,0.00000000
2026-01-03,22906_7903,35.49901186,126.85293344,0.01370635,0.36738056,낮음,0,최근 7일 동결·융해 7회,0.01142196,399,0.00000000,,0.83333333,0.16666667,0.00000000,24.30000000,24.30000000,7.00000000,0.00000000,0.00000000,0,0.00000000
2026-01-03,22906_7904,35.50350341,126.85293344,0.01370635,0.36738056,낮음,0,최근 7일 동결·융해 7회,0.01142196,400,0.00000000,,0.83333333,0.16666667,0.00000000,24.30000000,24.30000000,7.00000000,0.00000000,0.00000000,0,0.00000000
2026-01-03,22933_8013,35.99308300,127.00245560,0.01357060,0.36408567,낮음,0,최근 7일 동결·융해 6회; 과거 누적 포트홀 0건; 최근 90일 포트홀 0건,0.01130884,401,0.00000000,,0.83333333,0.16666667,0.00000000,25.57000000,29.00000000,6.00000000,0.00000000,0.00000000,0,0.00000000
2026-01-03,22897_7919,35.57087675,126.80309273,0.01337802,0.36243822,낮음,0,최근 7일 동결·융해 7회,0.01114835,402,0.00000000,,0.83333333,0.16666667,0.00000000,24.30000000,24.30000000,7.00000000,0.00000000,0.00000000,0,0.00000000
2026-01-03,22968_7976,35.82689544,127.19628061,0.01278144,0.35996705,낮음,0,최근 7일 동결·융해 6회; 최근 90일 포트홀 0건,0.01065120,403,0.00000000,,0.83333333,0.16666667,0.00000000,24.93000000,57.05000000,6.00000000,0.00000000,0.00000000,0,0.00000000
2026-01-03,22973_7976,35.82689544,127.22396990,0.01278144,0.35996705,낮음,0,최근 7일 동결·융해 6회; 최근 90일 포트홀 0건,0.01065120,404,0.00000000,,0.83333333,0.16666667,0.00000000,24.93000000,57.05000000,6.00000000,0.00000000,0.00000000,0,0.00000000
2026-01-03,22891_7999,35.93020122,126.76986558,0.01153890,0.35420099,낮음,0,최근 7일 동결·융해 5회,0.00961575,405,0.00000000,,0.83333333,0.16666667,0.00000000,27.23000000,36.28000000,5.00000000,0.00000000,0.00000000,0,0.00000000
2026-01-03,22928_8007,35.96613367,126.97476631,0.01148042,0.35255354,낮음,0,최근 7일 동결·융해 6회; 최근 90일 포트홀 0건,0.00956702,406,0.00000000,,0.83333333,0.16666667,0.00000000,25.57000000,29.00000000,6.00000000,0.00000000,0.00000000,0,0.00000000
2026-01-03,22898_7908,35.52146964,126.80863058,0.01141395,0.35090610,낮음,0,최근 7일 동결·융해 7회,0.00951162,407,0.00000000,,0.83333333,0.16666667,0.00000000,24.30000000,24.30000000,7.00000000,0.00000000,0.00000000,0,0.00000000
2026-01-03,23003_7875,35.37324829,127.39010562,0.01126278,0.34266886,낮음,0,최근 7일 동결·융해 7회; 과거 누적 포트홀 0건,0.00938565,408,0.00000000,,0.83333333,0.16666667,0.00000000,28.16000000,28.16000000,7.00000000,0.00000000,0.00000000,0,0.00000000
2026-01-03,23003_7876,35.37773985,127.39010562,0.01126278,0.34266886,낮음,0,최근 7일 동결·융해 7회; 과거 누적 포트홀 0건,0.00938565,409,0.00000000,,0.83333333,0.16666667,0.00000000,28.16000000,28.16000000,7.00000000,0.00000000,0.00000000,0,0.00000000
2026-01-03,23003_7878,35.38672296,127.39010562,0.01126278,0.34266886,낮음,0,최근 7일 동결·융해 7회; 과거 누적 포트홀 0건,0.00938565,410,0.00000000,,0.83333333,0.16666667,0.00000000,28.16000000,28.16000000,7.00000000,0.00000000,0.00000000,0,0.00000000
2026-01-03,23003_7879,35.39121452,127.39010562,0.01126278,0.34266886,낮음,0,최근 7일 동결·융해 7회; 과거 누적 포트홀 0건,0.00938565,411,0.00000000,,0.83333333,0.16666667,0.00000000,28.16000000,28.16000000,7.00000000,0.00000000,0.00000000,0,0.00000000
2026-01-03,23003_7880,35.39570607,127.39010562,0.01126278,0.34266886,낮음,0,최근 7일 동결·융해 7회; 과거 누적 포트홀 0건,0.00938565,412,0.00000000,,0.83333333,0.16666667,0.00000000,28.16000000,28.16000000,7.00000000,0.00000000,0.00000000,0,0.00000000
2026-01-03,23003_7881,35.40019763,127.39010562,0.01126278,0.34266886,낮음,0,최근 7일 동결·융해 7회; 과거 누적 포트홀 0건,0.00938565,413,0.00000000,,0.83333333,0.16666667,0.00000000,28.16000000,28.16000000,7.00000000,0.00000000,0.00000000,0,0.00000000
2026-01-03,23003_7882,35.40468918,127.39010562,0.01126278,0.34266886,낮음,0,최근 7일 동결·융해 7회; 과거 누적 포트홀 0건,0.00938565,414,0.00000000,,0.83333333,0.16666667,0.00000000,28.16000000,28.16000000,7.00000000,0.00000000,0.00000000,0,0.00000000
2026-01-03,23003_7883,35.40918074,127.39010562,0.01126278,0.34266886,낮음,0,최근 7일 동결·융해 7회; 과거 누적 포트홀 0건,0.00938565,415,0.00000000,,0.83333333,0.16666667,0.00000000,28.16000000,28.16000000,7.00000000,0.00000000,0.00000000,0,0.00000000
2026-01-03,23003_7884,35.41367230,127.39010562,0.01126278,0.34266886,낮음,0,최근 7일 동결·융해 7회; 과거 누적 포트홀 0건,0.00938565,416,0.00000000,,0.83333333,0.16666667,0.00000000,28.16000000,28.16000000,7.00000000,0.00000000,0.00000000,0,0.00000000
2026-01-03,22925_8008,35.97062522,126.95815274,0.01111874,0.33360791,낮음,0,최근 7일 동결·융해 6회; 최근 90일 포트홀 0건,0.00926562,417,0.00000000,,0.83333333,0.16666667,0.00000000,25.57000000,29.00000000,6.00000000,0.00000000,0.00000000,0,0.00000000
2026-01-03,22925_8009,35.97511678,126.95815274,0.01111874,0.33360791,낮음,0,최근 7일 동결·융해 6회; 최근 90일 포트홀 0건,0.00926562,418,0.00000000,,0.83333333,0.16666667,0.00000000,25.57000000,29.00000000,6.00000000,0.00000000,0.00000000,0,0.00000000
2026-01-03,22994_7873,35.36426518,127.34026491,0.01051069,0.33113674,낮음,0,모델상 두드러진 양(+) 기여 요인 없음,0.00875891,419,0.00000000,,0.83333333,0.16666667,0.00000000,28.16000000,28.16000000,7.00000000,0.00000000,0.00000000,0,0.00000000
2026-01-03,22914_7909,35.52596119,126.89723630,0.01044647,0.32866557,낮음,0,최근 7일 동결·융해 7회,0.00870539,420,0.00000000,,0.83333333,0.16666667,0.00000000,24.30000000,24.30000000,7.00000000,0.00000000,0.00000000,0,0.00000000
2026-01-03,22914_7910,35.53045275,126.89723630,0.01044647,0.32866557,낮음,0,최근 7일 동결·융해 7회,0.00870539,421,0.00000000,,0.83333333,0.16666667,0.00000000,24.30000000,24.30000000,7.00000000,0.00000000,0.00000000,0,0.00000000
2026-01-03,22888_8003,35.94816745,126.75325201,0.01032919,0.32619440,낮음,0,최근 7일 동결·융해 5회,0.00860766,422,0.00000000,,0.83333333,0.16666667,0.00000000,27.23000000,36.28000000,5.00000000,0.00000000,0.00000000,0,0.00000000
2026-01-03,22907_7909,35.52596119,126.85847130,0.01020887,0.32125206,낮음,0,최근 7일 동결·융해 7회,0.00850739,423,0.00000000,,0.83333333,0.16666667,0.00000000,24.30000000,24.30000000,7.00000000,0.00000000,0.00000000,0,0.00000000
2026-01-03,22907_7910,35.53045275,126.85847130,0.01020887,0.32125206,낮음,0,최근 7일 동결·융해 7회,0.00850739,424,0.00000000,,0.83333333,0.16666667,0.00000000,24.30000000,24.30000000,7.00000000,0.00000000,0.00000000,0,0.00000000
2026-01-03,22907_7913,35.54392742,126.85847130,0.01020887,0.32125206,낮음,0,최근 7일 동결·융해 7회,0.00850739,425,0.00000000,,0.83333333,0.16666667,0.00000000,24.30000000,24.30000000,7.00000000,0.00000000,0.00000000,0,0.00000000
2026-01-03,22907_7914,35.54841897,126.85847130,0.01020887,0.32125206,낮음,0,최근 7일 동결·융해 7회,0.00850739,426,0.00000000,,0.83333333,0.16666667,0.00000000,24.30000000,24.30000000,7.00000000,0.00000000,0.00000000,0,0.00000000
2026-01-03,22907_7915,35.55291053,126.85847130,0.01020887,0.32125206,낮음,0,최근 7일 동결·융해 7회,0.00850739,427,0.00000000,,0.83333333,0.16666667,0.00000000,24.30000000,24.30000000,7.00000000,0.00000000,0.00000000,0,0.00000000
2026-01-03,22884_8008,35.97062522,126.73110058,0.01011290,0.31548600,낮음,0,최근 7일 동결·융해 5회,0.00842741,428,0.00000000,,0.83333333,0.16666667,0.00000000,27.23000000,36.28000000,5.00000000,0.00000000,0.00000000,0,0.00000000
2026-01-03,22884_8009,35.97511678,126.73110058,0.01011290,0.31548600,낮음,0,최근 7일 동결·융해 5회,0.00842741,429,0.00000000,,0.83333333,0.16666667,0.00000000,27.23000000,36.28000000,5.00000000,0.00000000,0.00000000,0,0.00000000
2026-01-03,23004_7886,35.42265541,127.39564348,0.01008287,0.31301483,낮음,0,최근 7일 동결·융해 7회; 과거 누적 포트홀 0건,0.00840239,430,0.00000000,,0.83333333,0.16666667,0.00000000,28.16000000,28.16000000,7.00000000,0.00000000,0.00000000,0,0.00000000
2026-01-03,22891_8000,35.93469278,126.76986558,0.00977442,0.31136738,낮음,0,최근 7일 동결·융해 5회,0.00814535,431,0.00000000,,0.83333333,0.16666667,0.00000000,27.23000000,36.28000000,5.00000000,0.00000000,0.00000000,0,0.00000000
2026-01-03,22906_7933,35.63375853,126.85293344,0.00968845,0.30889621,낮음,0,최근 7일 동결·융해 7회,0.00807371,432,0.00000000,,0.83333333,0.16666667,0.00000000,24.30000000,24.30000000,7.00000000,0.00000000,0.00000000,0,0.00000000
2026-01-03,22906_7936,35.64723320,126.85293344,0.00968845,0.30889621,낮음,0,최근 7일 동결·융해 7회,0.00807371,433,0.00000000,,0.83333333,0.16666667,0.00000000,24.30000000,24.30000000,7.00000000,0.00000000,0.00000000,0,0.00000000
2026-01-03,22925_8011,35.98409989,126.95815274,0.00915707,0.30642504,낮음,0,최근 7일 동결·융해 6회; 최근 90일 포트홀 0건,0.00763089,434,0.00000000,,0.83333333,0.16666667,0.00000000,25.57000000,29.00000000,6.00000000,0.00000000,0.00000000,0,0.00000000
2026-01-03,22890_8014,35.99757456,126.76432772,0.00902038,0.30477759,낮음,0,최근 7일 동결·융해 5회; 보수이력 없음의 모델 기여; 최근 90일 포트홀 0건,0.00751698,435,0.00000000,,0.83333333,0.16666667,0.00000000,27.23000000,36.28000000,5.00000000,0.00000000,0.00000000,0,0.00000000
2026-01-03,22924_8004,35.95265900,126.95261488,0.00893147,0.30313015,낮음,0,최근 7일 동결·융해 6회,0.00744290,436,0.00000000,,0.83333333,0.16666667,0.00000000,25.57000000,29.00000000,6.00000000,0.00000000,0.00000000,0,0.00000000
2026-01-03,22887_8010,35.97960834,126.74771415,0.00827548,0.30148270,낮음,0,모델상 두드러진 양(+) 기여 요인 없음,0.00689623,437,0.00000000,,0.83333333,0.16666667,0.00000000,27.23000000,36.28000000,5.00000000,0.00000000,0.00000000,0,0.00000000
2026-01-03,22968_7964,35.77299677,127.19628061,0.00744563,0.29571664,낮음,0,최근 7일 동결·융해 6회; 최근 90일 포트홀 0건,0.00620469,438,0.00000000,,0.83333333,0.16666667,0.00000000,24.93000000,57.05000000,6.00000000,0.00000000,0.00000000,0,0.00000000
2026-01-03,22968_7965,35.77748832,127.19628061,0.00744563,0.29571664,낮음,0,최근 7일 동결·융해 6회; 최근 90일 포트홀 0건,0.00620469,439,0.00000000,,0.83333333,0.16666667,0.00000000,24.93000000,57.05000000,6.00000000,0.00000000,0.00000000,0,0.00000000
2026-01-03,22969_7964,35.77299677,127.20181847,0.00744563,0.29571664,낮음,0,최근 7일 동결·융해 6회; 최근 90일 포트홀 0건,0.00620469,440,0.00000000,,0.83333333,0.16666667,0.00000000,24.93000000,57.05000000,6.00000000,0.00000000,0.00000000,0,0.00000000
2026-01-03,22970_7963,35.76850521,127.20735633,0.00744563,0.29571664,낮음,0,최근 7일 동결·융해 6회; 최근 90일 포트홀 0건,0.00620469,441,0.00000000,,0.83333333,0.16666667,0.00000000,24.93000000,57.05000000,6.00000000,0.00000000,0.00000000,0,0.00000000
2026-01-03,22921_8007,35.96613367,126.93600131,0.00738091,0.29159802,낮음,0,최근 7일 동결·융해 6회,0.00615076,442,0.00000000,,0.83333333,0.16666667,0.00000000,25.57000000,29.00000000,6.00000000,0.00000000,0.00000000,0,0.00000000
2026-01-03,22993_7872,35.35977363,127.33472705,0.00737298,0.28995058,낮음,0,최근 7일 동결·융해 7회,0.00614415,443,0.00000000,,0.83333333,0.16666667,0.00000000,28.16000000,28.16000000,7.00000000,0.00000000,0.00000000,0,0.00000000
2026-01-03,22875_7995,35.91223500,126.68125986,0.00734549,0.28747941,낮음,0,최근 7일 동결·융해 5회; 최근 90일 포트홀 0건,0.00612124,444,0.00000000,,0.83333333,0.16666667,0.00000000,27.23000000,36.28000000,5.00000000,0.00000000,0.00000000,0,0.00000000
2026-01-03,22876_7995,35.91223500,126.68679772,0.00734549,0.28747941,낮음,0,최근 7일 동결·융해 5회; 최근 90일 포트홀 0건,0.00612124,445,0.00000000,,0.83333333,0.16666667,0.00000000,27.23000000,36.28000000,5.00000000,0.00000000,0.00000000,0,0.00000000
2026-01-03,22917_7919,35.57087675,126.91384988,0.00710610,0.28171334,낮음,0,최근 7일 동결·융해 7회,0.00592175,446,0.00000000,,0.83333333,0.16666667,0.00000000,24.30000000,24.30000000,7.00000000,0.00000000,0.00000000,0,0.00000000
2026-01-03,22918_7919,35.57087675,126.91938774,0.00710610,0.28171334,낮음,0,최근 7일 동결·융해 7회,0.00592175,447,0.00000000,,0.83333333,0.16666667,0.00000000,24.30000000,24.30000000,7.00000000,0.00000000,0.00000000,0,0.00000000
2026-01-03,22919_7919,35.57087675,126.92492559,0.00710610,0.28171334,낮음,0,최근 7일 동결·융해 7회,0.00592175,448,0.00000000,,0.83333333,0.16666667,0.00000000,24.30000000,24.30000000,7.00000000,0.00000000,0.00000000,0,0.00000000
2026-01-03,22920_7919,35.57087675,126.93046345,0.00710610,0.28171334,낮음,0,최근 7일 동결·융해 7회,0.00592175,449,0.00000000,,0.83333333,0.16666667,0.00000000,24.30000000,24.30000000,7.00000000,0.00000000,0.00000000,0,0.00000000
2026-01-03,22921_7919,35.57087675,126.93600131,0.00710610,0.28171334,낮음,0,최근 7일 동결·융해 7회,0.00592175,450,0.00000000,,0.83333333,0.16666667,0.00000000,24.30000000,24.30000000,7.00000000,0.00000000,0.00000000,0,0.00000000
2026-01-03,22892_7998,35.92570967,126.77540344,0.00666616,0.27512356,낮음,0,최근 7일 동결·융해 5회,0.00555513,451,0.00000000,,0.83333333,0.16666667,0.00000000,27.23000000,36.28000000,5.00000000,0.00000000,0.00000000,0,0.00000000
2026-01-03,22893_7998,35.92570967,126.78094130,0.00666616,0.27512356,낮음,0,최근 7일 동결·융해 5회,0.00555513,452,0.00000000,,0.83333333,0.16666667,0.00000000,27.23000000,36.28000000,5.00000000,0.00000000,0.00000000,0,0.00000000
2026-01-03,22894_7997,35.92121811,126.78647915,0.00666616,0.27512356,낮음,0,최근 7일 동결·융해 5회,0.00555513,453,0.00000000,,0.83333333,0.16666667,0.00000000,27.23000000,36.28000000,5.00000000,0.00000000,0.00000000,0,0.00000000
2026-01-03,22963_7970,35.79994610,127.16859132,0.00647531,0.26935750,낮음,0,최근 7일 동결·융해 6회; 최근 90일 포트홀 0건,0.00539609,454,0.00000000,,0.83333333,0.16666667,0.00000000,24.93000000,57.05000000,6.00000000,0.00000000,0.00000000,0,0.00000000
2026-01-03,22963_7971,35.80443766,127.16859132,0.00647531,0.26935750,낮음,0,최근 7일 동결·융해 6회; 최근 90일 포트홀 0건,0.00539609,455,0.00000000,,0.83333333,0.16666667,0.00000000,24.93000000,57.05000000,6.00000000,0.00000000,0.00000000,0,0.00000000
2026-01-03,22964_7970,35.79994610,127.17412918,0.00647531,0.26935750,낮음,0,최근 7일 동결·융해 6회; 최근 90일 포트홀 0건,0.00539609,456,0.00000000,,0.83333333,0.16666667,0.00000000,24.93000000,57.05000000,6.00000000,0.00000000,0.00000000,0,0.00000000
2026-01-03,22965_7969,35.79545455,127.17966704,0.00647531,0.26935750,낮음,0,최근 7일 동결·융해 6회; 최근 90일 포트홀 0건,0.00539609,457,0.00000000,,0.83333333,0.16666667,0.00000000,24.93000000,57.05000000,6.00000000,0.00000000,0.00000000,0,0.00000000
2026-01-03,22890_8013,35.99308300,126.76432772,0.00587273,0.26523888,낮음,0,최근 7일 동결·융해 5회; 보수이력 없음의 모델 기여; 최근 90일 포트홀 0건,0.00489394,458,0.00000000,,0.83333333,0.16666667,0.00000000,27.23000000,36.28000000,5.00000000,0.00000000,0.00000000,0,0.00000000
2026-01-03,23006_7889,35.43613008,127.40671920,0.00545063,0.26359143,낮음,0,과거 누적 포트홀 0건; 최근 7일 동결·융해 7회,0.00454219,459,0.00000000,,0.83333333,0.16666667,0.00000000,28.16000000,28.16000000,7.00000000,0.00000000,0.00000000,0,0.00000000
2026-01-03,22899_7909,35.52596119,126.81416844,0.00529861,0.25782537,낮음,0,최근 7일 동결·융해 7회,0.00441551,460,0.00000000,,0.83333333,0.16666667,0.00000000,24.30000000,24.30000000,7.00000000,0.00000000,0.00000000,0,0.00000000
2026-01-03,22899_7910,35.53045275,126.81416844,0.00529861,0.25782537,낮음,0,최근 7일 동결·융해 7회,0.00441551,461,0.00000000,,0.83333333,0.16666667,0.00000000,24.30000000,24.30000000,7.00000000,0.00000000,0.00000000,0,0.00000000
2026-01-03,22900_7911,35.53494430,126.81970630,0.00529861,0.25782537,낮음,0,최근 7일 동결·융해 7회,0.00441551,462,0.00000000,,0.83333333,0.16666667,0.00000000,24.30000000,24.30000000,7.00000000,0.00000000,0.00000000,0,0.00000000
2026-01-03,22901_7912,35.53943586,126.82524416,0.00529861,0.25782537,낮음,0,최근 7일 동결·융해 7회,0.00441551,463,0.00000000,,0.83333333,0.16666667,0.00000000,24.30000000,24.30000000,7.00000000,0.00000000,0.00000000,0,0.00000000
2026-01-03,22902_7913,35.54392742,126.83078201,0.00529861,0.25782537,낮음,0,최근 7일 동결·융해 7회,0.00441551,464,0.00000000,,0.83333333,0.16666667,0.00000000,24.30000000,24.30000000,7.00000000,0.00000000,0.00000000,0,0.00000000
2026-01-03,22903_7914,35.54841897,126.83631987,0.00529861,0.25782537,낮음,0,최근 7일 동결·융해 7회,0.00441551,465,0.00000000,,0.83333333,0.16666667,0.00000000,24.30000000,24.30000000,7.00000000,0.00000000,0.00000000,0,0.00000000
2026-01-03,22996_7876,35.37773985,127.35134062,0.00519629,0.25123558,낮음,0,모델상 두드러진 양(+) 기여 요인 없음,0.00433024,466,0.00000000,,0.83333333,0.16666667,0.00000000,28.16000000,28.16000000,7.00000000,0.00000000,0.00000000,0,0.00000000
2026-01-03,22996_7884,35.41367230,127.35134062,0.00519629,0.25123558,낮음,0,모델상 두드러진 양(+) 기여 요인 없음,0.00433024,467,0.00000000,,0.83333333,0.16666667,0.00000000,28.16000000,28.16000000,7.00000000,0.00000000,0.00000000,0,0.00000000
2026-01-03,22889_8002,35.94367589,126.75878987,0.00508525,0.24629325,낮음,0,최근 7일 동결·융해 5회,0.00423771,468,0.00000000,,0.83333333,0.16666667,0.00000000,27.23000000,36.28000000,5.00000000,0.00000000,0.00000000,0,0.00000000
2026-01-03,22890_8002,35.94367589,126.76432772,0.00508525,0.24629325,낮음,0,최근 7일 동결·융해 5회,0.00423771,469,0.00000000,,0.83333333,0.16666667,0.00000000,27.23000000,36.28000000,5.00000000,0.00000000,0.00000000,0,0.00000000
2026-01-03,22906_7908,35.52146964,126.85293344,0.00490248,0.24217463,낮음,0,최근 7일 동결·융해 7회,0.00408540,470,0.00000000,,0.83333333,0.16666667,0.00000000,24.30000000,24.30000000,7.00000000,0.00000000,0.00000000,0,0.00000000
2026-01-03,22906_7910,35.53045275,126.85293344,0.00490248,0.24217463,낮음,0,최근 7일 동결·융해 7회,0.00408540,471,0.00000000,,0.83333333,0.16666667,0.00000000,24.30000000,24.30000000,7.00000000,0.00000000,0.00000000,0,0.00000000
2026-01-03,22906_7912,35.53943586,126.85293344,0.00490248,0.24217463,낮음,0,최근 7일 동결·융해 7회,0.00408540,472,0.00000000,,0.83333333,0.16666667,0.00000000,24.30000000,24.30000000,7.00000000,0.00000000,0.00000000,0,0.00000000
2026-01-03,22968_7986,35.87181100,127.19628061,0.00482859,0.23723229,낮음,0,최근 7일 동결·융해 6회; 최근 90일 포트홀 0건,0.00402383,473,0.00000000,,0.83333333,0.16666667,0.00000000,24.93000000,57.05000000,6.00000000,0.00000000,0.00000000,0,0.00000000
2026-01-03,22968_7987,35.87630255,127.19628061,0.00482859,0.23723229,낮음,0,최근 7일 동결·융해 6회; 최근 90일 포트홀 0건,0.00402383,474,0.00000000,,0.83333333,0.16666667,0.00000000,24.93000000,57.05000000,6.00000000,0.00000000,0.00000000,0,0.00000000
2026-01-03,22969_7987,35.87630255,127.20181847,0.00482859,0.23723229,낮음,0,최근 7일 동결·융해 6회; 최근 90일 포트홀 0건,0.00402383,475,0.00000000,,0.83333333,0.16666667,0.00000000,24.93000000,57.05000000,6.00000000,0.00000000,0.00000000,0,0.00000000
2026-01-03,22917_8013,35.99308300,126.91384988,0.00437071,0.23393740,낮음,0,최근 7일 동결·융해 6회; 최근 90일 포트홀 0건,0.00364226,476,0.00000000,,0.83333333,0.16666667,0.00000000,25.57000000,29.00000000,6.00000000,0.00000000,0.00000000,0,0.00000000
2026-01-03,22927_8006,35.96164211,126.96922845,0.00431329,0.23228995,낮음,0,최근 7일 동결·융해 6회; 최근 90일 포트홀 0건,0.00359441,477,0.00000000,,0.83333333,0.16666667,0.00000000,25.57000000,29.00000000,6.00000000,0.00000000,0.00000000,0,0.00000000
2026-01-03,22917_7931,35.62477542,126.91384988,0.00355466,0.23064250,낮음,0,최근 7일 동결·융해 7회; 최근 90일 포트홀 0건,0.00296222,478,0.00000000,,0.83333333,0.16666667,0.00000000,24.30000000,24.30000000,7.00000000,0.00000000,0.00000000,0,0.00000000
2026-01-03,23006_7888,35.43163852,127.40671920,0.00317654,0.22899506,낮음,0,과거 누적 포트홀 0건; 최근 7일 동결·융해 7회,0.00264712,479,0.00000000,,0.83333333,0.16666667,0.00000000,28.16000000,28.16000000,7.00000000,0.00000000,0.00000000,0,0.00000000
2026-01-03,22882_8004,35.95265900,126.72002486,0.00301270,0.22734761,낮음,0,최근 7일 동결·융해 5회,0.00251058,480,0.00000000,,0.83333333,0.16666667,0.00000000,27.23000000,36.28000000,5.00000000,0.00000000,0.00000000,0,0.00000000
2026-01-03,22890_8001,35.93918433,126.76432772,0.00293873,0.22570016,낮음,0,최근 7일 동결·융해 5회,0.00244894,481,0.00000000,,0.83333333,0.16666667,0.00000000,27.23000000,36.28000000,5.00000000,0.00000000,0.00000000,0,0.00000000
2026-01-03,22880_8014,35.99757456,126.70894915,0.00290137,0.22240527,낮음,0,최근 7일 동결·융해 5회; 최근 90일 포트홀 0건,0.00241781,482,0.00000000,,0.83333333,0.16666667,0.00000000,27.23000000,36.28000000,5.00000000,0.00000000,0.00000000,0,0.00000000
2026-01-03,22888_8011,35.98409989,126.75325201,0.00285995,0.22075783,낮음,0,최근 7일 동결·융해 5회,0.00238329,483,0.00000000,,0.83333333,0.16666667,0.00000000,27.23000000,36.28000000,5.00000000,0.00000000,0.00000000,0,0.00000000
2026-01-03,22886_8009,35.97511678,126.74217629,0.00280723,0.21828666,낮음,0,최근 7일 동결·융해 5회,0.00233936,484,0.00000000,,0.83333333,0.16666667,0.00000000,27.23000000,36.28000000,5.00000000,0.00000000,0.00000000,0,0.00000000
2026-01-03,22888_8008,35.97062522,126.75325201,0.00280723,0.21828666,낮음,0,최근 7일 동결·융해 5회,0.00233936,485,0.00000000,,0.83333333,0.16666667,0.00000000,27.23000000,36.28000000,5.00000000,0.00000000,0.00000000,0,0.00000000
2026-01-03,22922_8006,35.96164211,126.94153917,0.00276591,0.21581549,낮음,0,최근 7일 동결·융해 6회,0.00230492,486,0.00000000,,0.83333333,0.16666667,0.00000000,25.57000000,29.00000000,6.00000000,0.00000000,0.00000000,0,0.00000000
2026-01-03,22999_7880,35.39570607,127.36795419,0.00270848,0.21416804,낮음,0,최근 7일 동결·융해 7회; 과거 누적 포트홀 0건,0.00225707,487,0.00000000,,0.83333333,0.16666667,0.00000000,28.16000000,28.16000000,7.00000000,0.00000000,0.00000000,0,0.00000000
2026-01-03,22929_8008,35.97062522,126.98030417,0.00231709,0.21004942,낮음,0,최근 7일 동결·융해 6회; 최근 90일 포트홀 0건,0.00193090,488,0.00000000,,0.83333333,0.16666667,0.00000000,25.57000000,29.00000000,6.00000000,0.00000000,0.00000000,0,0.00000000
2026-01-03,22930_8009,35.97511678,126.98584203,0.00231709,0.21004942,낮음,0,최근 7일 동결·융해 6회; 최근 90일 포트홀 0건,0.00193090,489,0.00000000,,0.83333333,0.16666667,0.00000000,25.57000000,29.00000000,6.00000000,0.00000000,0.00000000,0,0.00000000
2026-01-03,22997_7877,35.38223140,127.35687848,0.00219531,0.20428336,낮음,0,최근 7일 동결·융해 7회; 과거 누적 포트홀 0건,0.00182942,490,0.00000000,,0.83333333,0.16666667,0.00000000,28.16000000,28.16000000,7.00000000,0.00000000,0.00000000,0,0.00000000
2026-01-03,22997_7878,35.38672296,127.35687848,0.00219531,0.20428336,낮음,0,최근 7일 동결·융해 7회; 과거 누적 포트홀 0건,0.00182942,491,0.00000000,,0.83333333,0.16666667,0.00000000,28.16000000,28.16000000,7.00000000,0.00000000,0.00000000,0,0.00000000
2026-01-03,22998_7878,35.38672296,127.36241634,0.00219531,0.20428336,낮음,0,최근 7일 동결·융해 7회; 과거 누적 포트홀 0건,0.00182942,492,0.00000000,,0.83333333,0.16666667,0.00000000,28.16000000,28.16000000,7.00000000,0.00000000,0.00000000,0,0.00000000
2026-01-03,22998_7879,35.39121452,127.36241634,0.00219531,0.20428336,낮음,0,최근 7일 동결·융해 7회; 과거 누적 포트홀 0건,0.00182942,493,0.00000000,,0.83333333,0.16666667,0.00000000,28.16000000,28.16000000,7.00000000,0.00000000,0.00000000,0,0.00000000
2026-01-03,22998_7884,35.41367230,127.36241634,0.00219531,0.20428336,낮음,0,최근 7일 동결·융해 7회; 과거 누적 포트홀 0건,0.00182942,494,0.00000000,,0.83333333,0.16666667,0.00000000,28.16000000,28.16000000,7.00000000,0.00000000,0.00000000,0,0.00000000
2026-01-03,22920_8010,35.97960834,126.93046345,0.00215794,0.19934102,낮음,0,모델상 두드러진 양(+) 기여 요인 없음,0.00179828,495,0.00000000,,0.83333333,0.16666667,0.00000000,25.57000000,29.00000000,6.00000000,0.00000000,0.00000000,0,0.00000000
2026-01-03,22892_7919,35.57087675,126.77540344,0.00199156,0.19439868,낮음,0,최근 7일 동결·융해 7회,0.00165963,496,0.00000000,,0.83333333,0.16666667,0.00000000,24.30000000,24.30000000,7.00000000,0.00000000,0.00000000,0,0.00000000
2026-01-03,22893_7919,35.57087675,126.78094130,0.00199156,0.19439868,낮음,0,최근 7일 동결·융해 7회,0.00165963,497,0.00000000,,0.83333333,0.16666667,0.00000000,24.30000000,24.30000000,7.00000000,0.00000000,0.00000000,0,0.00000000
2026-01-03,22894_7919,35.57087675,126.78647915,0.00199156,0.19439868,낮음,0,최근 7일 동결·융해 7회,0.00165963,498,0.00000000,,0.83333333,0.16666667,0.00000000,24.30000000,24.30000000,7.00000000,0.00000000,0.00000000,0,0.00000000
2026-01-03,22895_7919,35.57087675,126.79201701,0.00198090,0.19110379,낮음,0,최근 7일 동결·융해 7회,0.00165075,499,0.00000000,,0.83333333,0.16666667,0.00000000,24.30000000,24.30000000,7.00000000,0.00000000,0.00000000,0,0.00000000
2026-01-03,22994_7874,35.36875674,127.34026491,0.00193775,0.18780890,낮음,0,최근 7일 동결·융해 7회,0.00161479,500,0.00000000,,0.83333333,0.16666667,0.00000000,28.16000000,28.16000000,7.00000000,0.00000000,0.00000000,0,0.00000000
2026-01-03,22995_7875,35.37324829,127.34580276,0.00193775,0.18780890,낮음,0,최근 7일 동결·융해 7회,0.00161479,501,0.00000000,,0.83333333,0.16666667,0.00000000,28.16000000,28.16000000,7.00000000,0.00000000,0.00000000,0,0.00000000
2026-01-03,22995_7884,35.41367230,127.34580276,0.00193775,0.18780890,낮음,0,최근 7일 동결·융해 7회,0.00161479,502,0.00000000,,0.83333333,0.16666667,0.00000000,28.16000000,28.16000000,7.00000000,0.00000000,0.00000000,0,0.00000000
2026-01-03,22880_8013,35.99308300,126.70894915,0.00190462,0.18451400,낮음,0,최근 7일 동결·융해 5회; 최근 90일 포트홀 0건,0.00158718,503,0.00000000,,0.83333333,0.16666667,0.00000000,27.23000000,36.28000000,5.00000000,0.00000000,0.00000000,0,0.00000000
2026-01-03,23000_7880,35.39570607,127.37349205,0.00181551,0.18121911,낮음,0,최근 7일 동결·융해 7회; 과거 누적 포트홀 0건,0.00151292,504,0.00000000,,0.83333333,0.16666667,0.00000000,28.16000000,28.16000000,7.00000000,0.00000000,0.00000000,0,0.00000000
2026-01-03,23000_7881,35.40019763,127.37349205,0.00181551,0.18121911,낮음,0,최근 7일 동결·융해 7회; 과거 누적 포트홀 0건,0.00151292,505,0.00000000,,0.83333333,0.16666667,0.00000000,28.16000000,28.16000000,7.00000000,0.00000000,0.00000000,0,0.00000000
2026-01-03,23000_7884,35.41367230,127.37349205,0.00181551,0.18121911,낮음,0,최근 7일 동결·융해 7회; 과거 누적 포트홀 0건,0.00151292,506,0.00000000,,0.83333333,0.16666667,0.00000000,28.16000000,28.16000000,7.00000000,0.00000000,0.00000000,0,0.00000000
2026-01-03,22886_8006,35.96164211,126.74217629,0.00176942,0.17545305,낮음,0,최근 7일 동결·융해 5회,0.00147452,507,0.00000000,,0.83333333,0.16666667,0.00000000,27.23000000,36.28000000,5.00000000,0.00000000,0.00000000,0,0.00000000
2026-01-03,22887_8005,35.95715056,126.74771415,0.00176942,0.17545305,낮음,0,최근 7일 동결·융해 5회,0.00147452,508,0.00000000,,0.83333333,0.16666667,0.00000000,27.23000000,36.28000000,5.00000000,0.00000000,0.00000000,0,0.00000000
2026-01-03,22887_8006,35.96164211,126.74771415,0.00176942,0.17545305,낮음,0,최근 7일 동결·융해 5회,0.00147452,509,0.00000000,,0.83333333,0.16666667,0.00000000,27.23000000,36.28000000,5.00000000,0.00000000,0.00000000,0,0.00000000
2026-01-03,22888_8004,35.95265900,126.75325201,0.00176942,0.17545305,낮음,0,최근 7일 동결·융해 5회,0.00147452,510,0.00000000,,0.83333333,0.16666667,0.00000000,27.23000000,36.28000000,5.00000000,0.00000000,0.00000000,0,0.00000000
2026-01-03,23013_7897,35.47206252,127.44548420,0.00175060,0.17133443,낮음,0,최근 90일 포트홀 0건,0.00145883,511,0.00000000,,0.83333333,0.16666667,0.00000000,28.16000000,28.16000000,7.00000000,0.00000000,0.00000000,0,0.00000000
2026-01-03,23001_7882,35.40468918,127.37902991,0.00173448,0.16886326,낮음,0,최근 7일 동결·융해 7회; 과거 누적 포트홀 0건,0.00144540,512,0.00000000,,0.83333333,0.16666667,0.00000000,28.16000000,28.16000000,7.00000000,0.00000000,0.00000000,0,0.00000000
2026-01-03,23002_7883,35.40918074,127.38456777,0.00173448,0.16886326,낮음,0,최근 7일 동결·융해 7회; 과거 누적 포트홀 0건,0.00144540,513,0.00000000,,0.83333333,0.16666667,0.00000000,28.16000000,28.16000000,7.00000000,0.00000000,0.00000000,0,0.00000000
2026-01-03,22885_8015,36.00206612,126.73663844,0.00165030,0.15733114,낮음,0,최근 7일 동결·융해 5회,0.00137525,514,0.00000000,,0.83333333,0.16666667,0.00000000,27.23000000,36.28000000,5.00000000,0.00000000,0.00000000,0,0.00000000
2026-01-03,22885_8016,36.00655767,126.73663844,0.00165030,0.15733114,낮음,0,최근 7일 동결·융해 5회,0.00137525,515,0.00000000,,0.83333333,0.16666667,0.00000000,27.23000000,36.28000000,5.00000000,0.00000000,0.00000000,0,0.00000000
2026-01-03,22885_8017,36.01104923,126.73663844,0.00165030,0.15733114,낮음,0,최근 7일 동결·융해 5회,0.00137525,516,0.00000000,,0.83333333,0.16666667,0.00000000,27.23000000,36.28000000,5.00000000,0.00000000,0.00000000,0,0.00000000
2026-01-03,22885_8018,36.01554078,126.73663844,0.00165030,0.15733114,낮음,0,최근 7일 동결·융해 5회,0.00137525,517,0.00000000,,0.83333333,0.16666667,0.00000000,27.23000000,36.28000000,5.00000000,0.00000000,0.00000000,0,0.00000000
2026-01-03,22885_8019,36.02003234,126.73663844,0.00165030,0.15733114,낮음,0,최근 7일 동결·융해 5회,0.00137525,518,0.00000000,,0.83333333,0.16666667,0.00000000,27.23000000,36.28000000,5.00000000,0.00000000,0.00000000,0,0.00000000
2026-01-03,22885_8020,36.02452390,126.73663844,0.00165030,0.15733114,낮음,0,최근 7일 동결·융해 5회,0.00137525,519,0.00000000,,0.83333333,0.16666667,0.00000000,27.23000000,36.28000000,5.00000000,0.00000000,0.00000000,0,0.00000000
2026-01-03,22885_8021,36.02901545,126.73663844,0.00165030,0.15733114,낮음,0,최근 7일 동결·융해 5회,0.00137525,520,0.00000000,,0.83333333,0.16666667,0.00000000,27.23000000,36.28000000,5.00000000,0.00000000,0.00000000,0,0.00000000
2026-01-03,22885_8023,36.03799856,126.73663844,0.00165030,0.15733114,낮음,0,최근 7일 동결·융해 5회,0.00137525,521,0.00000000,,0.83333333,0.16666667,0.00000000,27.23000000,36.28000000,5.00000000,0.00000000,0.00000000,0,0.00000000
2026-01-03,22885_8024,36.04249012,126.73663844,0.00165030,0.15733114,낮음,0,최근 7일 동결·융해 5회,0.00137525,522,0.00000000,,0.83333333,0.16666667,0.00000000,27.23000000,36.28000000,5.00000000,0.00000000,0.00000000,0,0.00000000
2026-01-03,22885_8025,36.04698167,126.73663844,0.00165030,0.15733114,낮음,0,최근 7일 동결·융해 5회,0.00137525,523,0.00000000,,0.83333333,0.16666667,0.00000000,27.23000000,36.28000000,5.00000000,0.00000000,0.00000000,0,0.00000000
2026-01-03,22883_8005,35.95715056,126.72556272,0.00147175,0.14662273,낮음,0,최근 7일 동결·융해 5회,0.00122646,524,0.00000000,,0.83333333,0.16666667,0.00000000,27.23000000,36.28000000,5.00000000,0.00000000,0.00000000,0,0.00000000
2026-01-03,22884_8005,35.95715056,126.73110058,0.00147175,0.14662273,낮음,0,최근 7일 동결·융해 5회,0.00122646,525,0.00000000,,0.83333333,0.16666667,0.00000000,27.23000000,36.28000000,5.00000000,0.00000000,0.00000000,0,0.00000000
2026-01-03,22884_8006,35.96164211,126.73110058,0.00147175,0.14662273,낮음,0,최근 7일 동결·융해 5회,0.00122646,526,0.00000000,,0.83333333,0.16666667,0.00000000,27.23000000,36.28000000,5.00000000,0.00000000,0.00000000,0,0.00000000
2026-01-03,22921_8008,35.97062522,126.93600131,0.00147132,0.14250412,낮음,0,최근 7일 동결·융해 6회,0.00122610,527,0.00000000,,0.83333333,0.16666667,0.00000000,25.57000000,29.00000000,6.00000000,0.00000000,0.00000000,0,0.00000000
2026-01-03,22921_8009,35.97511678,126.93600131,0.00147132,0.14250412,낮음,0,최근 7일 동결·융해 6회,0.00122610,528,0.00000000,,0.83333333,0.16666667,0.00000000,25.57000000,29.00000000,6.00000000,0.00000000,0.00000000,0,0.00000000
2026-01-03,22918_8011,35.98409989,126.91938774,0.00120966,0.13756178,낮음,0,최근 7일 동결·융해 6회,0.00100805,529,0.00000000,,0.83333333,0.16666667,0.00000000,25.57000000,29.00000000,6.00000000,0.00000000,0.00000000,0,0.00000000
2026-01-03,22919_8011,35.98409989,126.92492559,0.00120966,0.13756178,낮음,0,최근 7일 동결·융해 6회,0.00100805,530,0.00000000,,0.83333333,0.16666667,0.00000000,25.57000000,29.00000000,6.00000000,0.00000000,0.00000000,0,0.00000000
2026-01-03,22990_7884,35.41367230,127.31811348,0.00113671,0.13426689,낮음,0,최근 7일 동결·융해 7회,0.00094726,531,0.00000000,,0.83333333,0.16666667,0.00000000,28.16000000,28.16000000,7.00000000,0.00000000,0.00000000,0,0.00000000
2026-01-03,22992_7884,35.41367230,127.32918919,0.00113671,0.13426689,낮음,0,최근 7일 동결·융해 7회,0.00094726,532,0.00000000,,0.83333333,0.16666667,0.00000000,28.16000000,28.16000000,7.00000000,0.00000000,0.00000000,0,0.00000000
2026-01-03,23009_7885,35.41816385,127.42333277,0.00108265,0.12602965,낮음,0,모델상 두드러진 양(+) 기여 요인 없음,0.00090221,533,0.00000000,,0.83333333,0.16666667,0.00000000,28.16000000,28.16000000,7.00000000,0.00000000,0.00000000,0,0.00000000
2026-01-03,23010_7885,35.41816385,127.42887063,0.00108265,0.12602965,낮음,0,모델상 두드러진 양(+) 기여 요인 없음,0.00090221,534,0.00000000,,0.83333333,0.16666667,0.00000000,28.16000000,28.16000000,7.00000000,0.00000000,0.00000000,0,0.00000000
2026-01-03,23011_7885,35.41816385,127.43440849,0.00108265,0.12602965,낮음,0,모델상 두드러진 양(+) 기여 요인 없음,0.00090221,535,0.00000000,,0.83333333,0.16666667,0.00000000,28.16000000,28.16000000,7.00000000,0.00000000,0.00000000,0,0.00000000
2026-01-03,23013_7885,35.41816385,127.44548420,0.00108265,0.12602965,낮음,0,모델상 두드러진 양(+) 기여 요인 없음,0.00090221,536,0.00000000,,0.83333333,0.16666667,0.00000000,28.16000000,28.16000000,7.00000000,0.00000000,0.00000000,0,0.00000000
2026-01-03,23014_7885,35.41816385,127.45102206,0.00108265,0.12602965,낮음,0,모델상 두드러진 양(+) 기여 요인 없음,0.00090221,537,0.00000000,,0.83333333,0.16666667,0.00000000,28.16000000,28.16000000,7.00000000,0.00000000,0.00000000,0,0.00000000
2026-01-03,23016_7885,35.41816385,127.46209777,0.00108265,0.12602965,낮음,0,모델상 두드러진 양(+) 기여 요인 없음,0.00090221,538,0.00000000,,0.83333333,0.16666667,0.00000000,28.16000000,28.16000000,7.00000000,0.00000000,0.00000000,0,0.00000000
2026-01-03,23017_7885,35.41816385,127.46763563,0.00108265,0.12602965,낮음,0,모델상 두드러진 양(+) 기여 요인 없음,0.00090221,539,0.00000000,,0.83333333,0.16666667,0.00000000,28.16000000,28.16000000,7.00000000,0.00000000,0.00000000,0,0.00000000
2026-01-03,23018_7885,35.41816385,127.47317349,0.00108265,0.12602965,낮음,0,모델상 두드러진 양(+) 기여 요인 없음,0.00090221,540,0.00000000,,0.83333333,0.16666667,0.00000000,28.16000000,28.16000000,7.00000000,0.00000000,0.00000000,0,0.00000000
2026-01-03,23008_7878,35.38672296,127.41779491,0.00098950,0.11614498,낮음,0,과거 누적 포트홀 0건,0.00082458,541,0.00000000,,0.83333333,0.16666667,0.00000000,28.16000000,28.16000000,7.00000000,0.00000000,0.00000000,0,0.00000000
2026-01-03,23008_7879,35.39121452,127.41779491,0.00098950,0.11614498,낮음,0,과거 누적 포트홀 0건,0.00082458,542,0.00000000,,0.83333333,0.16666667,0.00000000,28.16000000,28.16000000,7.00000000,0.00000000,0.00000000,0,0.00000000
2026-01-03,22915_8015,36.00206612,126.90277416,0.00092272,0.11285008,낮음,0,최근 7일 동결·융해 6회,0.00076894,543,0.00000000,,0.83333333,0.16666667,0.00000000,25.57000000,29.00000000,6.00000000,0.00000000,0.00000000,0,0.00000000
2026-01-03,22915_8016,36.00655767,126.90277416,0.00092272,0.11285008,낮음,0,최근 7일 동결·융해 6회,0.00076894,544,0.00000000,,0.83333333,0.16666667,0.00000000,25.57000000,29.00000000,6.00000000,0.00000000,0.00000000,0,0.00000000
2026-01-03,23012_7873,35.36426518,127.43994634,0.00086119,0.10955519,낮음,0,모델상 두드러진 양(+) 기여 요인 없음,0.00071766,545,0.00000000,,0.83333333,0.16666667,0.00000000,28.16000000,28.16000000,7.00000000,0.00000000,0.00000000,0,0.00000000
2026-01-03,23013_7873,35.36426518,127.44548420,0.00086119,0.10955519,낮음,0,모델상 두드러진 양(+) 기여 요인 없음,0.00071766,546,0.00000000,,0.83333333,0.16666667,0.00000000,28.16000000,28.16000000,7.00000000,0.00000000,0.00000000,0,0.00000000
2026-01-03,22871_8007,35.96613367,126.65910843,0.00081197,0.10049423,낮음,0,최근 7일 동결·융해 5회,0.00067664,547,0.00000000,,0.83333333,0.16666667,0.00000000,27.23000000,36.28000000,5.00000000,0.00000000,0.00000000,0,0.00000000
2026-01-03,22872_8007,35.96613367,126.66464629,0.00081197,0.10049423,낮음,0,최근 7일 동결·융해 5회,0.00067664,548,0.00000000,,0.83333333,0.16666667,0.00000000,27.23000000,36.28000000,5.00000000,0.00000000,0.00000000,0,0.00000000
2026-01-03,22873_8007,35.96613367,126.67018415,0.00081197,0.10049423,낮음,0,최근 7일 동결·융해 5회,0.00067664,549,0.00000000,,0.83333333,0.16666667,0.00000000,27.23000000,36.28000000,5.00000000,0.00000000,0.00000000,0,0.00000000
2026-01-03,22874_8007,35.96613367,126.67572200,0.00081197,0.10049423,낮음,0,최근 7일 동결·융해 5회,0.00067664,550,0.00000000,,0.83333333,0.16666667,0.00000000,27.23000000,36.28000000,5.00000000,0.00000000,0.00000000,0,0.00000000
2026-01-03,22876_8007,35.96613367,126.68679772,0.00081197,0.10049423,낮음,0,최근 7일 동결·융해 5회,0.00067664,551,0.00000000,,0.83333333,0.16666667,0.00000000,27.23000000,36.28000000,5.00000000,0.00000000,0.00000000,0,0.00000000
2026-01-03,22877_8007,35.96613367,126.69233558,0.00081197,0.10049423,낮음,0,최근 7일 동결·융해 5회,0.00067664,552,0.00000000,,0.83333333,0.16666667,0.00000000,27.23000000,36.28000000,5.00000000,0.00000000,0.00000000,0,0.00000000
2026-01-03,22879_8007,35.96613367,126.70341129,0.00081197,0.10049423,낮음,0,최근 7일 동결·융해 5회,0.00067664,553,0.00000000,,0.83333333,0.16666667,0.00000000,27.23000000,36.28000000,5.00000000,0.00000000,0.00000000,0,0.00000000
2026-01-03,22880_8007,35.96613367,126.70894915,0.00081197,0.10049423,낮음,0,최근 7일 동결·융해 5회,0.00067664,554,0.00000000,,0.83333333,0.16666667,0.00000000,27.23000000,36.28000000,5.00000000,0.00000000,0.00000000,0,0.00000000
2026-01-03,22881_8007,35.96613367,126.71448701,0.00081197,0.10049423,낮음,0,최근 7일 동결·융해 5회,0.00067664,555,0.00000000,,0.83333333,0.16666667,0.00000000,27.23000000,36.28000000,5.00000000,0.00000000,0.00000000,0,0.00000000
2026-01-03,22925_8015,36.00206612,126.95815274,0.00070742,0.08649094,낮음,0,최근 7일 동결·융해 6회; 최근 90일 포트홀 0건,0.00058952,556,0.00000000,,0.83333333,0.16666667,0.00000000,25.57000000,29.00000000,6.00000000,0.00000000,0.00000000,0,0.00000000
2026-01-03,22925_8017,36.01104923,126.95815274,0.00070742,0.08649094,낮음,0,최근 7일 동결·융해 6회; 최근 90일 포트홀 0건,0.00058952,557,0.00000000,,0.83333333,0.16666667,0.00000000,25.57000000,29.00000000,6.00000000,0.00000000,0.00000000,0,0.00000000
2026-01-03,22925_8018,36.01554078,126.95815274,0.00070742,0.08649094,낮음,0,최근 7일 동결·융해 6회; 최근 90일 포트홀 0건,0.00058952,558,0.00000000,,0.83333333,0.16666667,0.00000000,25.57000000,29.00000000,6.00000000,0.00000000,0.00000000,0,0.00000000
2026-01-03,22925_8019,36.02003234,126.95815274,0.00070742,0.08649094,낮음,0,최근 7일 동결·융해 6회; 최근 90일 포트홀 0건,0.00058952,559,0.00000000,,0.83333333,0.16666667,0.00000000,25.57000000,29.00000000,6.00000000,0.00000000,0.00000000,0,0.00000000
2026-01-03,22925_8020,36.02452390,126.95815274,0.00070742,0.08649094,낮음,0,최근 7일 동결·융해 6회; 최근 90일 포트홀 0건,0.00058952,560,0.00000000,,0.83333333,0.16666667,0.00000000,25.57000000,29.00000000,6.00000000,0.00000000,0.00000000,0,0.00000000
2026-01-03,22925_8021,36.02901545,126.95815274,0.00070742,0.08649094,낮음,0,최근 7일 동결·융해 6회; 최근 90일 포트홀 0건,0.00058952,561,0.00000000,,0.83333333,0.16666667,0.00000000,25.57000000,29.00000000,6.00000000,0.00000000,0.00000000,0,0.00000000
2026-01-03,23009_7892,35.44960474,127.42333277,0.00045852,0.07248764,낮음,0,모델상 두드러진 양(+) 기여 요인 없음,0.00038210,562,0.00000000,,0.83333333,0.16666667,0.00000000,28.16000000,28.16000000,7.00000000,0.00000000,0.00000000,0,0.00000000
2026-01-03,23010_7893,35.45409630,127.42887063,0.00045852,0.07248764,낮음,0,모델상 두드러진 양(+) 기여 요인 없음,0.00038210,563,0.00000000,,0.83333333,0.16666667,0.00000000,28.16000000,28.16000000,7.00000000,0.00000000,0.00000000,0,0.00000000
2026-01-03,23010_7894,35.45858785,127.42887063,0.00045852,0.07248764,낮음,0,모델상 두드러진 양(+) 기여 요인 없음,0.00038210,564,0.00000000,,0.83333333,0.16666667,0.00000000,28.16000000,28.16000000,7.00000000,0.00000000,0.00000000,0,0.00000000
2026-01-03,23011_7894,35.45858785,127.43440849,0.00045852,0.07248764,낮음,0,모델상 두드러진 양(+) 기여 요인 없음,0.00038210,565,0.00000000,,0.83333333,0.16666667,0.00000000,28.16000000,28.16000000,7.00000000,0.00000000,0.00000000,0,0.00000000
2026-01-03,23011_7895,35.46307941,127.43440849,0.00045852,0.07248764,낮음,0,모델상 두드러진 양(+) 기여 요인 없음,0.00038210,566,0.00000000,,0.83333333,0.16666667,0.00000000,28.16000000,28.16000000,7.00000000,0.00000000,0.00000000,0,0.00000000
2026-01-03,23012_7896,35.46757097,127.43994634,0.00045852,0.07248764,낮음,0,모델상 두드러진 양(+) 기여 요인 없음,0.00038210,567,0.00000000,,0.83333333,0.16666667,0.00000000,28.16000000,28.16000000,7.00000000,0.00000000,0.00000000,0,0.00000000
2026-01-03,23013_7896,35.46757097,127.44548420,0.00045852,0.07248764,낮음,0,모델상 두드러진 양(+) 기여 요인 없음,0.00038210,568,0.00000000,,0.83333333,0.16666667,0.00000000,28.16000000,28.16000000,7.00000000,0.00000000,0.00000000,0,0.00000000
2026-01-03,23013_7872,35.35977363,127.44548420,0.00040371,0.06589786,낮음,0,모델상 두드러진 양(+) 기여 요인 없음,0.00033643,569,0.00000000,,0.83333333,0.16666667,0.00000000,28.16000000,28.16000000,7.00000000,0.00000000,0.00000000,0,0.00000000
2026-01-03,23004_7884,35.41367230,127.39564348,0.00039053,0.06013180,낮음,0,최근 7일 동결·융해 7회; 과거 누적 포트홀 0건,0.00032544,570,0.00000000,,0.83333333,0.16666667,0.00000000,28.16000000,28.16000000,7.00000000,0.00000000,0.00000000,0,0.00000000
2026-01-03,23005_7882,35.40468918,127.40118134,0.00039053,0.06013180,낮음,0,최근 7일 동결·융해 7회; 과거 누적 포트홀 0건,0.00032544,571,0.00000000,,0.83333333,0.16666667,0.00000000,28.16000000,28.16000000,7.00000000,0.00000000,0.00000000,0,0.00000000
2026-01-03,23005_7883,35.40918074,127.40118134,0.00039053,0.06013180,낮음,0,최근 7일 동결·융해 7회; 과거 누적 포트홀 0건,0.00032544,572,0.00000000,,0.83333333,0.16666667,0.00000000,28.16000000,28.16000000,7.00000000,0.00000000,0.00000000,0,0.00000000
2026-01-03,23005_7884,35.41367230,127.40118134,0.00039053,0.06013180,낮음,0,최근 7일 동결·융해 7회; 과거 누적 포트홀 0건,0.00032544,573,0.00000000,,0.83333333,0.16666667,0.00000000,28.16000000,28.16000000,7.00000000,0.00000000,0.00000000,0,0.00000000
2026-01-03,23006_7880,35.39570607,127.40671920,0.00039053,0.06013180,낮음,0,최근 7일 동결·융해 7회; 과거 누적 포트홀 0건,0.00032544,574,0.00000000,,0.83333333,0.16666667,0.00000000,28.16000000,28.16000000,7.00000000,0.00000000,0.00000000,0,0.00000000
2026-01-03,23006_7881,35.40019763,127.40671920,0.00039053,0.06013180,낮음,0,최근 7일 동결·융해 7회; 과거 누적 포트홀 0건,0.00032544,575,0.00000000,,0.83333333,0.16666667,0.00000000,28.16000000,28.16000000,7.00000000,0.00000000,0.00000000,0,0.00000000
2026-01-03,22934_8015,36.00206612,127.00799346,0.00033012,0.05354201,낮음,0,최근 7일 동결·융해 6회; 최근 90일 포트홀 0건,0.00027510,576,0.00000000,,0.83333333,0.16666667,0.00000000,25.57000000,29.00000000,6.00000000,0.00000000,0.00000000,0,0.00000000
2026-01-03,22935_8016,36.00655767,127.01353131,0.00033012,0.05354201,낮음,0,최근 7일 동결·융해 6회; 최근 90일 포트홀 0건,0.00027510,577,0.00000000,,0.83333333,0.16666667,0.00000000,25.57000000,29.00000000,6.00000000,0.00000000,0.00000000,0,0.00000000
2026-01-03,22875_8008,35.97062522,126.68125986,0.00029759,0.05107084,낮음,0,최근 7일 동결·융해 5회,0.00024799,578,0.00000000,,0.83333333,0.16666667,0.00000000,27.23000000,36.28000000,5.00000000,0.00000000,0.00000000,0,0.00000000
2026-01-03,22876_7996,35.91672655,126.68679772,0.00028963,0.04942339,낮음,0,최근 7일 동결·융해 5회,0.00024136,579,0.00000000,,0.83333333,0.16666667,0.00000000,27.23000000,36.28000000,5.00000000,0.00000000,0.00000000,0,0.00000000
2026-01-03,22879_7999,35.93020122,126.70341129,0.00021785,0.04777595,낮음,0,최근 7일 동결·융해 5회,0.00018154,580,0.00000000,,0.83333333,0.16666667,0.00000000,27.23000000,36.28000000,5.00000000,0.00000000,0.00000000,0,0.00000000
2026-01-03,22879_8000,35.93469278,126.70341129,0.00018674,0.04612850,낮음,0,최근 7일 동결·융해 5회,0.00015562,581,0.00000000,,0.83333333,0.16666667,0.00000000,27.23000000,36.28000000,5.00000000,0.00000000,0.00000000,0,0.00000000
2026-01-03,22877_7997,35.92121811,126.69233558,0.00013179,0.04283361,낮음,0,최근 7일 동결·융해 5회,0.00010982,582,0.00000000,,0.83333333,0.16666667,0.00000000,27.23000000,36.28000000,5.00000000,0.00000000,0.00000000,0,0.00000000
2026-01-03,22877_7998,35.92570967,126.69233558,0.00013179,0.04283361,낮음,0,최근 7일 동결·융해 5회,0.00010982,583,0.00000000,,0.83333333,0.16666667,0.00000000,27.23000000,36.28000000,5.00000000,0.00000000,0.00000000,0,0.00000000
2026-01-03,22878_7998,35.92570967,126.69787343,0.00013179,0.04283361,낮음,0,최근 7일 동결·융해 5회,0.00010982,584,0.00000000,,0.83333333,0.16666667,0.00000000,27.23000000,36.28000000,5.00000000,0.00000000,0.00000000,0,0.00000000
2026-01-03,22891_8015,36.00206612,126.76986558,0.00010756,0.03706755,낮음,0,최근 7일 동결·융해 5회,0.00008963,585,0.00000000,,0.83333333,0.16666667,0.00000000,27.23000000,36.28000000,5.00000000,0.00000000,0.00000000,0,0.00000000
2026-01-03,22892_8016,36.00655767,126.77540344,0.00010756,0.03706755,낮음,0,최근 7일 동결·융해 5회,0.00008963,586,0.00000000,,0.83333333,0.16666667,0.00000000,27.23000000,36.28000000,5.00000000,0.00000000,0.00000000,0,0.00000000
2026-01-03,22894_8017,36.01104923,126.78647915,0.00010756,0.03706755,낮음,0,최근 7일 동결·융해 5회,0.00008963,587,0.00000000,,0.83333333,0.16666667,0.00000000,27.23000000,36.28000000,5.00000000,0.00000000,0.00000000,0,0.00000000
2026-01-03,22894_8019,36.02003234,126.78647915,0.00010756,0.03706755,낮음,0,최근 7일 동결·융해 5회,0.00008963,588,0.00000000,,0.83333333,0.16666667,0.00000000,27.23000000,36.28000000,5.00000000,0.00000000,0.00000000,0,0.00000000
2026-01-03,22895_8019,36.02003234,126.79201701,0.00010698,0.03212521,낮음,0,최근 7일 동결·융해 5회,0.00008915,589,0.00000000,,0.83333333,0.16666667,0.00000000,27.23000000,36.28000000,5.00000000,0.00000000,0.00000000,0,0.00000000
2026-01-03,22895_8020,36.02452390,126.79201701,0.00010698,0.03212521,낮음,0,최근 7일 동결·융해 5회,0.00008915,590,0.00000000,,0.83333333,0.16666667,0.00000000,27.23000000,36.28000000,5.00000000,0.00000000,0.00000000,0,0.00000000
2026-01-03,22881_8002,35.94367589,126.71448701,0.00009671,0.02965404,낮음,0,최근 7일 동결·융해 5회,0.00008059,591,0.00000000,,0.83333333,0.16666667,0.00000000,27.23000000,36.28000000,5.00000000,0.00000000,0.00000000,0,0.00000000
2026-01-03,22875_8019,36.02003234,126.68125986,0.00007037,0.02224053,낮음,0,최근 7일 동결·융해 5회,0.00005864,592,0.00000000,,0.83333333,0.16666667,0.00000000,27.23000000,36.28000000,5.00000000,0.00000000,0.00000000,0,0.00000000
2026-01-03,22875_8020,36.02452390,126.68125986,0.00007037,0.02224053,낮음,0,최근 7일 동결·융해 5회,0.00005864,593,0.00000000,,0.83333333,0.16666667,0.00000000,27.23000000,36.28000000,5.00000000,0.00000000,0.00000000,0,0.00000000
2026-01-03,22876_8018,36.01554078,126.68679772,0.00007037,0.02224053,낮음,0,최근 7일 동결·융해 5회,0.00005864,594,0.00000000,,0.83333333,0.16666667,0.00000000,27.23000000,36.28000000,5.00000000,0.00000000,0.00000000,0,0.00000000
2026-01-03,22877_8017,36.01104923,126.69233558,0.00007037,0.02224053,낮음,0,최근 7일 동결·융해 5회,0.00005864,595,0.00000000,,0.83333333,0.16666667,0.00000000,27.23000000,36.28000000,5.00000000,0.00000000,0.00000000,0,0.00000000
2026-01-03,22877_8018,36.01554078,126.69233558,0.00007037,0.02224053,낮음,0,최근 7일 동결·융해 5회,0.00005864,596,0.00000000,,0.83333333,0.16666667,0.00000000,27.23000000,36.28000000,5.00000000,0.00000000,0.00000000,0,0.00000000
2026-01-03,22878_8016,36.00655767,126.69787343,0.00007037,0.02224053,낮음,0,최근 7일 동결·융해 5회,0.00005864,597,0.00000000,,0.83333333,0.16666667,0.00000000,27.23000000,36.28000000,5.00000000,0.00000000,0.00000000,0,0.00000000
2026-01-03,22879_8015,36.00206612,126.70341129,0.00007037,0.02224053,낮음,0,최근 7일 동결·융해 5회,0.00005864,598,0.00000000,,0.83333333,0.16666667,0.00000000,27.23000000,36.28000000,5.00000000,0.00000000,0.00000000,0,0.00000000
2026-01-03,22879_8016,36.00655767,126.70341129,0.00007037,0.02224053,낮음,0,최근 7일 동결·융해 5회,0.00005864,599,0.00000000,,0.83333333,0.16666667,0.00000000,27.23000000,36.28000000,5.00000000,0.00000000,0.00000000,0,0.00000000
2026-01-03,22880_8001,35.93918433,126.70894915,0.00005577,0.01482702,낮음,0,최근 7일 동결·융해 5회,0.00004647,600,0.00000000,,0.83333333,0.16666667,0.00000000,27.23000000,36.28000000,5.00000000,0.00000000,0.00000000,0,0.00000000
2026-01-03,23009_7877,35.38223140,127.42333277,0.00002317,0.00823723,낮음,0,모델상 두드러진 양(+) 기여 요인 없음,0.00001931,601,0.00000000,,0.83333333,0.16666667,0.00000000,28.16000000,28.16000000,7.00000000,0.00000000,0.00000000,0,0.00000000
2026-01-03,23010_7876,35.37773985,127.42887063,0.00002317,0.00823723,낮음,0,모델상 두드러진 양(+) 기여 요인 없음,0.00001931,602,0.00000000,,0.83333333,0.16666667,0.00000000,28.16000000,28.16000000,7.00000000,0.00000000,0.00000000,0,0.00000000
2026-01-03,23011_7875,35.37324829,127.43440849,0.00002317,0.00823723,낮음,0,모델상 두드러진 양(+) 기여 요인 없음,0.00001931,603,0.00000000,,0.83333333,0.16666667,0.00000000,28.16000000,28.16000000,7.00000000,0.00000000,0.00000000,0,0.00000000
2026-01-03,23011_7884,35.41367230,127.43440849,0.00002317,0.00823723,낮음,0,모델상 두드러진 양(+) 기여 요인 없음,0.00001931,604,0.00000000,,0.83333333,0.16666667,0.00000000,28.16000000,28.16000000,7.00000000,0.00000000,0.00000000,0,0.00000000
2026-01-03,23012_7874,35.36875674,127.43994634,0.00002317,0.00823723,낮음,0,모델상 두드러진 양(+) 기여 요인 없음,0.00001931,605,0.00000000,,0.83333333,0.16666667,0.00000000,28.16000000,28.16000000,7.00000000,0.00000000,0.00000000,0,0.00000000
2026-01-03,23012_7884,35.41367230,127.43994634,0.00002317,0.00823723,낮음,0,모델상 두드러진 양(+) 기여 요인 없음,0.00001931,606,0.00000000,,0.83333333,0.16666667,0.00000000,28.16000000,28.16000000,7.00000000,0.00000000,0.00000000,0,0.00000000
2026-01-03,23015_7884,35.41367230,127.45655992,0.00002317,0.00823723,낮음,0,모델상 두드러진 양(+) 기여 요인 없음,0.00001931,607,0.00000000,,0.83333333,0.16666667,0.00000000,28.16000000,28.16000000,7.00000000,0.00000000,0.00000000,0,0.00000000
